Team,Mean Wins,Mean Losses,Max Wins,Min Wins,St.Dev,Win Division (%),Make Wild Card (%),Make Playoffs (%),Win League (%),Win WS (%),Division,date,Wins to Date,Losses to Date,Wins RoS,Losses RoS,Projected Wins,Projected Losses
ARI,84.0,78.0,119.0,47.0,9.777026104571474,13.61,32.22,45.83,6.12,2.86,NL West,2025-03-18 17:16:38.720494,,,,,,
ATH,75.0,87.0,113.0,36.0,9.928705014711792,5.34,9.54,14.89,1.66,0.68,AL West,2025-03-18 17:16:38.720494,,,,,,
ATL,92.0,70.0,127.0,56.0,9.789380756655634,42.48,35.09,77.57,17.03,9.6,NL East,2025-03-18 17:16:38.720494,,,,,,
BAL,88.0,74.0,125.0,54.0,9.848925182163894,27.21,31.19,58.39,11.73,5.78,AL East,2025-03-18 17:16:38.720494,,,,,,
BOS,83.0,79.0,122.0,45.0,9.982246682107226,14.18,24.7,38.88,6.25,2.84,AL East,2025-03-18 17:16:38.720494,,,,,,
CHC,85.0,77.0,128.0,48.0,9.842969074522662,36.27,16.27,52.54,7.31,3.55,NL Central,2025-03-18 17:16:38.720494,,,,,,
CHW,64.0,98.0,104.0,32.0,9.604708422497476,0.86,1.0,1.86,0.1,0.03,AL Central,2025-03-18 17:16:38.720494,,,,,,
CIN,78.0,84.0,116.0,36.0,9.814837978781298,14.2,12.03,26.22,2.6,1.16,NL Central,2025-03-18 17:16:38.720494,,,,,,
CLE,80.0,82.0,117.0,37.0,9.901492298006714,16.38,14.41,30.79,3.77,1.55,AL Central,2025-03-18 17:16:38.720494,,,,,,
COL,62.0,100.0,98.0,28.0,9.441618183219262,0.11,1.18,1.29,0.07,0.01,NL West,2025-03-18 17:16:38.720494,,,,,,
DET,82.0,80.0,118.0,40.0,9.966601299067433,22.44,16.1,38.54,5.33,2.39,AL Central,2025-03-18 17:16:38.720494,,,,,,
HOU,86.0,76.0,125.0,44.0,9.969375642437932,28.32,25.3,53.62,10.06,4.78,AL West,2025-03-18 17:16:38.720494,,,,,,
KCR,80.0,82.0,117.0,42.0,9.777066021614049,17.89,14.67,32.55,4.08,1.77,AL Central,2025-03-18 17:16:38.720494,,,,,,
LAA,76.0,86.0,113.0,40.0,9.87024551859422,6.33,11.68,18.02,1.94,0.69,AL West,2025-03-18 17:16:38.720494,,,,,,
LAD,96.0,66.0,134.0,54.0,9.644187322680756,65.13,22.69,87.82,26.29,15.49,NL West,2025-03-18 17:16:38.720494,,,,,,
MIA,67.0,95.0,107.0,29.0,9.78757209824676,0.73,3.64,4.37,0.24,0.1,NL East,2025-03-18 17:16:38.720494,,,,,,
MIL,80.0,82.0,115.0,37.0,9.904665923586371,20.46,14.12,34.58,3.82,1.78,NL Central,2025-03-18 17:16:38.720494,,,,,,
MIN,86.0,76.0,124.0,49.0,9.774604482261136,42.42,16.66,59.08,10.66,5.12,AL Central,2025-03-18 17:16:38.720494,,,,,,
NYM,88.0,74.0,126.0,52.0,9.819328763126729,27.37,38.25,65.61,11.07,5.7,NL East,2025-03-18 17:16:38.720494,,,,,,
NYY,87.0,75.0,123.0,50.0,9.827801833672911,28.21,32.09,60.3,12.04,6.13,AL East,2025-03-18 17:16:38.720494,,,,,,
PHI,88.0,74.0,129.0,43.0,9.743793751580212,28.19,38.27,66.47,11.34,5.63,NL East,2025-03-18 17:16:38.720494,,,,,,
PIT,75.0,87.0,114.0,37.0,9.88120971100035,10.89,9.32,20.21,1.76,0.71,NL Central,2025-03-18 17:16:38.720494,,,,,,
SDP,83.0,79.0,120.0,46.0,9.885971405053274,12.72,31.72,44.44,5.52,2.8,NL West,2025-03-18 17:16:38.720494,,,,,,
SEA,85.0,77.0,123.0,49.0,9.775043932596612,25.39,25.64,51.02,8.31,3.84,AL West,2025-03-18 17:16:38.720494,,,,,,
SFG,80.0,82.0,119.0,43.0,9.931196044296168,8.43,24.98,33.41,3.3,1.51,NL West,2025-03-18 17:16:38.720494,,,,,,
STL,79.0,83.0,116.0,39.0,9.866933353184752,18.18,13.68,31.86,3.0,1.29,NL Central,2025-03-18 17:16:38.720494,,,,,,
TBR,81.0,81.0,121.0,44.0,9.921302764754614,11.41,23.36,34.77,4.55,2.14,AL East,2025-03-18 17:16:38.720494,,,,,,
TEX,87.0,75.0,125.0,51.0,9.8535727034539,34.62,25.02,59.64,11.51,5.91,AL West,2025-03-18 17:16:38.720494,,,,,,
TOR,84.0,78.0,123.0,41.0,9.925220917466389,19.0,28.64,47.64,8.0,3.94,AL East,2025-03-18 17:16:38.720494,,,,,,
WSN,70.0,92.0,109.0,35.0,9.680127758514928,1.23,6.55,7.78,0.52,0.21,NL East,2025-03-18 17:16:38.720494,,,,,,
ARI,84.0,78.0,119.0,47.0,9.86316162991697,14.15,31.96,46.11,6.16,2.91,NL West,2025-03-26 09:18:34.722819,,,,,,
ATH,74.0,88.0,113.0,36.0,10.012893780625689,5.15,8.91,14.06,1.54,0.6,AL West,2025-03-26 09:18:34.722819,,,,,,
ATL,93.0,69.0,127.0,56.0,9.86131274143809,43.15,35.82,78.97,17.75,10.03,NL East,2025-03-26 09:18:34.722819,,,,,,
BAL,87.0,75.0,125.0,52.0,9.938835128911562,25.75,31.18,56.93,11.42,5.61,AL East,2025-03-26 09:18:34.722819,,,,,,
BOS,83.0,79.0,122.0,45.0,10.065117569585771,14.04,24.91,38.95,6.25,2.92,AL East,2025-03-26 09:18:34.722819,,,,,,
CHC,85.0,77.0,126.0,47.0,9.929929691855072,35.91,16.34,52.24,7.17,3.42,NL Central,2025-03-26 09:18:34.722819,,,,,,
CHW,64.0,98.0,105.0,32.0,9.699465282753431,1.0,1.06,2.06,0.12,0.06,AL Central,2025-03-26 09:18:34.722819,,,,,,
CIN,78.0,84.0,117.0,36.0,9.906540131366205,14.17,11.95,26.11,2.57,1.21,NL Central,2025-03-26 09:18:34.722819,,,,,,
CLE,81.0,81.0,118.0,38.0,9.998658446813598,18.32,15.4,33.72,4.43,1.86,AL Central,2025-03-26 09:18:34.722819,,,,,,
COL,61.0,101.0,98.0,26.0,9.488449031888804,0.1,0.97,1.07,0.04,0.01,NL West,2025-03-26 09:18:34.722819,,,,,,
DET,81.0,81.0,118.0,40.0,10.058454572419116,21.27,15.73,37.0,5.12,2.34,AL Central,2025-03-26 09:18:34.722819,,,,,,
HOU,85.0,77.0,125.0,43.0,10.06096568869159,26.85,24.5,51.35,9.26,4.38,AL West,2025-03-26 09:18:34.722819,,,,,,
KCR,80.0,82.0,117.0,43.0,9.86266107811059,17.92,15.05,32.98,4.06,1.73,AL Central,2025-03-26 09:18:34.722819,,,,,,
LAA,75.0,87.0,114.0,40.0,9.952657552614648,6.07,10.9,16.98,1.77,0.68,AL West,2025-03-26 09:18:34.722819,,,,,,
LAD,96.0,66.0,135.0,54.0,9.735382238174656,64.69,22.54,87.22,25.49,14.99,NL West,2025-03-26 09:18:34.722819,,,,,,
MIA,67.0,95.0,107.0,29.0,9.852201585625652,0.6,3.52,4.12,0.24,0.09,NL East,2025-03-26 09:18:34.722819,,,,,,
MIL,80.0,82.0,115.0,37.0,9.989854268051896,20.61,14.24,34.86,3.88,1.8,NL Central,2025-03-26 09:18:34.722819,,,,,,
MIN,86.0,76.0,124.0,49.0,9.850549561640364,41.5,16.8,58.3,10.46,5.05,AL Central,2025-03-26 09:18:34.722819,,,,,,
NYM,88.0,74.0,126.0,52.0,9.8950613622134,26.43,39.23,65.66,11.02,5.68,NL East,2025-03-26 09:18:34.722819,,,,,,
NYY,88.0,74.0,124.0,51.0,9.91011003024389,27.74,32.23,59.98,11.88,6.14,AL East,2025-03-26 09:18:34.722819,,,,,,
PHI,89.0,73.0,129.0,43.0,9.804719492352458,28.62,39.35,67.97,11.99,6.06,NL East,2025-03-26 09:18:34.722819,,,,,,
PIT,75.0,87.0,114.0,37.0,9.96961630016213,10.85,9.31,20.16,1.66,0.64,NL Central,2025-03-26 09:18:34.722819,,,,,,
SDP,82.0,80.0,120.0,44.0,9.959405735189732,12.23,29.75,41.98,5.12,2.53,NL West,2025-03-26 09:18:34.722819,,,,,,
SEA,86.0,76.0,123.0,49.0,9.850113512762707,28.06,25.5,53.55,9.11,4.19,AL West,2025-03-26 09:18:34.722819,,,,,,
SFG,80.0,82.0,119.0,43.0,10.00715675188578,8.82,24.7,33.53,3.29,1.47,NL West,2025-03-26 09:18:34.722819,,,,,,
STL,79.0,83.0,116.0,39.0,9.955761425264113,18.46,13.69,32.15,3.12,1.32,NL Central,2025-03-26 09:18:34.722819,,,,,,
TBR,81.0,81.0,121.0,44.0,10.006386735419277,11.65,23.61,35.25,4.66,2.17,AL East,2025-03-26 09:18:34.722819,,,,,,
TEX,87.0,75.0,124.0,51.0,9.946555096510266,33.88,24.22,58.09,10.96,5.45,AL West,2025-03-26 09:18:34.722819,,,,,,
TOR,85.0,77.0,127.0,43.0,10.008784816283931,20.81,30.0,50.8,8.96,4.46,AL East,2025-03-26 09:18:34.722819,,,,,,
WSN,70.0,92.0,109.0,35.0,9.756900196531276,1.21,6.64,7.84,0.5,0.2,NL East,2025-03-26 09:18:34.722819,,,,,,
ARI,85.0,77.0,118.0,47.0,9.706359689446948,15.98,32.8,48.77,6.93,3.21,NL West,2025-05-29 21:07:39.707919,,,,,,
LAD,,,,,,62.63,23.49,86.12,24.92,14.27,,,34.0,22.0,61.0,45.0,95.0,67.0
ATL,,,,,,39.41,35.85,75.27,16.11,8.91,,,25.0,28.0,66.0,43.0,91.0,71.0
PHI,,,,,,30.04,37.62,67.66,11.87,6.13,,,35.0,19.0,54.0,54.0,89.0,73.0
NYM,,,,,,28.79,38.11,66.9,11.64,5.95,,,34.0,22.0,55.0,51.0,89.0,73.0
NYY,,,,,,27.48,32.75,60.22,11.89,6.26,,,35.0,20.0,53.0,54.0,88.0,74.0
MIN,,,,,,45.87,16.52,62.39,11.91,5.92,,,30.0,25.0,57.0,50.0,87.0,75.0
SEA,,,,,,36.48,24.7,61.18,11.74,5.78,,,30.0,24.0,57.0,51.0,87.0,75.0
BAL,,,,,,22.77,31.03,53.8,10.16,5.04,,,19.0,36.0,67.0,40.0,86.0,76.0
ARI,,,,,,15.98,32.8,48.77,6.93,3.21,,,27.0,29.0,58.0,48.0,85.0,77.0
HOU,,,,,,26.06,23.46,49.52,8.62,4.14,,,30.0,25.0,55.0,52.0,85.0,77.0
TOR,,,,,,21.59,31.24,52.83,9.69,4.78,,,27.0,28.0,58.0,49.0,85.0,77.0
CHC,,,,,,34.68,16.7,51.38,7.28,3.35,,,35.0,21.0,49.0,57.0,84.0,78.0
TEX,,,,,,26.53,23.15,49.69,7.89,3.89,,,27.0,30.0,57.0,48.0,84.0,78.0
BOS,,,,,,15.38,26.77,42.14,7.0,3.45,,,27.0,31.0,56.0,48.0,83.0,79.0
SDP,,,,,,11.19,28.21,39.4,4.72,2.3,,,31.0,23.0,51.0,57.0,82.0,80.0
TBR,,,,,,12.78,25.39,38.17,5.32,2.51,,,28.0,27.0,54.0,53.0,82.0,80.0
SFG,,,,,,10.04,26.05,36.09,3.85,1.8,,,31.0,25.0,50.0,56.0,81.0,81.0
MIL,,,,,,21.86,14.67,36.52,4.08,1.88,,,29.0,28.0,52.0,53.0,81.0,81.0
DET,,,,,,19.03,15.04,34.06,4.61,2.05,,,37.0,20.0,44.0,61.0,81.0,81.0
CLE,,,,,,17.71,15.17,32.88,4.19,1.8,,,30.0,25.0,50.0,57.0,80.0,82.0
KCR,,,,,,16.45,14.68,31.13,3.74,1.59,,,30.0,27.0,50.0,55.0,80.0,82.0
CIN,,,,,,15.59,12.88,28.46,2.96,1.31,,,28.0,29.0,51.0,54.0,79.0,83.0
STL,,,,,,17.14,13.33,30.47,3.08,1.33,,,32.0,24.0,46.0,60.0,78.0,84.0
PIT,,,,,,10.73,9.39,20.12,1.75,0.78,,,21.0,36.0,54.0,51.0,75.0,87.0
ATH,,,,,,5.5,9.3,14.81,1.59,0.66,,,23.0,33.0,52.0,54.0,75.0,87.0
LAA,,,,,,5.42,9.57,14.99,1.57,0.62,,,25.0,30.0,50.0,57.0,75.0,87.0
WSN,,,,,,1.23,6.59,7.81,0.51,0.21,,,25.0,30.0,45.0,62.0,70.0,92.0
MIA,,,,,,0.54,2.93,3.47,0.22,0.05,,,22.0,32.0,44.0,64.0,66.0,96.0
CHW,,,,,,0.95,1.26,2.2,0.1,0.03,,,18.0,38.0,46.0,60.0,64.0,98.0
COL,,,,,,0.17,1.4,1.56,0.08,0.02,,,9.0,47.0,54.0,52.0,63.0,99.0
LAD,,,,,,74.0,19.48,93.47,27.96,16.0,,2025-05-30 15:59:32.841803,34.0,22.0,63.0,43.0,97.0,65.0
NYY,,,,,,64.17,22.48,86.65,18.77,9.35,,2025-05-30 15:59:32.841803,35.0,20.0,58.0,49.0,93.0,69.0
PHI,,,,,,51.35,35.66,87.02,15.38,8.0,,2025-05-30 15:59:32.841803,36.0,20.0,57.0,49.0,93.0,69.0
NYM,,,,,,37.66,43.36,81.02,14.61,7.49,,2025-05-30 15:59:32.841803,34.0,22.0,58.0,48.0,92.0,70.0
DET,,,,,,44.66,30.34,75.0,9.62,3.92,,2025-05-30 15:59:32.841803,37.0,20.0,53.0,52.0,90.0,72.0
CHC,,,,,,58.17,17.2,75.38,10.06,4.64,,2025-05-30 15:59:32.841803,35.0,21.0,55.0,51.0,90.0,72.0
SEA,,,,,,46.37,22.49,68.86,13.54,6.84,,2025-05-30 15:59:32.841803,30.0,25.0,57.0,50.0,87.0,75.0
MIN,,,,,,32.72,32.95,65.67,12.13,6.1,,2025-05-30 15:59:32.841803,30.0,25.0,57.0,49.0,87.0,74.0
HOU,,,,,,32.98,24.71,57.69,9.41,4.29,,2025-05-30 15:59:32.841803,30.0,26.0,56.0,50.0,86.0,76.0
SDP,,,,,,11.71,36.7,48.41,5.27,2.34,,2025-05-30 15:59:32.841803,31.0,23.0,54.0,54.0,85.0,77.0
ATL,,,,,,10.7,37.18,47.87,9.3,5.32,,2025-05-30 15:59:32.841803,26.0,29.0,59.0,46.0,85.0,75.0
SFG,,,,,,8.94,31.83,40.77,4.28,1.88,,2025-05-30 15:59:32.841803,31.0,25.0,53.0,53.0,84.0,78.0
TOR,,,,,,16.02,32.85,48.87,8.17,4.17,,2025-05-30 15:59:32.841803,28.0,28.0,56.0,49.0,84.0,77.0
STL,,,,,,23.2,20.84,44.04,3.91,1.58,,2025-05-30 15:59:32.841803,32.0,24.0,52.0,54.0,84.0,78.0
ARI,,,,,,5.36,28.67,34.02,4.45,2.27,,2025-05-30 15:59:32.841803,27.0,29.0,56.0,50.0,83.0,79.0
CLE,,,,,,12.16,26.57,38.73,4.95,2.23,,2025-05-30 15:59:32.841803,30.0,25.0,53.0,53.0,83.0,78.0
TBR,,,,,,10.93,29.2,40.12,5.36,2.44,,2025-05-30 15:59:32.841803,29.0,27.0,54.0,52.0,83.0,79.0
KCR,,,,,,10.45,23.7,34.14,4.0,1.72,,2025-05-30 15:59:32.841803,30.0,27.0,52.0,53.0,82.0,80.0
TEX,,,,,,17.12,19.91,37.04,6.27,3.04,,2025-05-30 15:59:32.841803,27.0,30.0,55.0,50.0,82.0,80.0
MIL,,,,,,11.87,15.28,27.14,2.77,1.43,,2025-05-30 15:59:32.841803,29.0,28.0,52.0,53.0,81.0,81.0
BOS,,,,,,7.27,20.14,27.41,4.6,2.4,,2025-05-30 15:59:32.841803,27.0,31.0,54.0,50.0,81.0,81.0
CIN,,,,,,6.21,9.05,15.27,1.54,0.73,,2025-05-30 15:59:32.841803,28.0,29.0,50.0,55.0,78.0,84.0
BAL,,,,,,1.62,7.58,9.2,2.04,1.19,,2025-05-30 15:59:32.841803,19.0,36.0,56.0,50.0,75.0,86.0
LAA,,,,,,2.67,4.81,7.48,0.75,0.3,,2025-05-30 15:59:32.841803,25.0,30.0,49.0,58.0,74.0,88.0
WSN,,,,,,0.26,3.15,3.4,0.23,0.06,,2025-05-30 15:59:32.841803,26.0,30.0,46.0,59.0,72.0,89.0
ATH,,,,,,0.86,2.23,3.09,0.39,0.16,,2025-05-30 15:59:32.841803,23.0,34.0,48.0,57.0,71.0,91.0
PIT,,,,,,0.55,1.3,1.85,0.2,0.09,,2025-05-30 15:59:32.841803,21.0,36.0,49.0,56.0,70.0,92.0
MIA,,,,,,0.04,0.32,0.36,0.03,0.01,,2025-05-30 15:59:32.841803,22.0,32.0,44.0,63.0,66.0,95.0
CHW,,,,,,0.01,0.03,0.04,0.01,0.0,,2025-05-30 15:59:32.841803,18.0,38.0,42.0,64.0,60.0,102.0
COL,,,,,,0.0,0.0,0.0,0.0,0.0,,2025-05-30 15:59:32.841803,9.0,47.0,41.0,65.0,50.0,112.0
LAD,,,,,,74.48,19.56,94.05,28.21,16.2,,2025-05-31 11:02:34.603281,35.0,22.0,62.0,43.0,97.0,65.0
PHI,,,,,,49.3,36.44,85.73,15.7,7.96,,2025-05-31 11:02:34.603281,36.0,21.0,57.0,48.0,93.0,69.0
NYM,,,,,,40.78,41.38,82.16,14.6,7.46,,2025-05-31 11:02:34.603281,35.0,22.0,57.0,48.0,92.0,70.0
NYY,,,,,,61.5,23.85,85.36,18.3,9.04,,2025-05-31 11:02:34.603281,35.0,21.0,57.0,49.0,92.0,70.0
CHC,,,,,,55.48,17.09,72.58,9.5,4.32,,2025-05-31 11:02:34.603281,35.0,22.0,55.0,50.0,90.0,72.0
DET,,,,,,46.63,30.48,77.12,9.73,4.08,,2025-05-31 11:02:34.603281,38.0,20.0,52.0,52.0,90.0,72.0
MIN,,,,,,34.38,33.15,67.53,12.52,5.96,,2025-05-31 11:02:34.603281,31.0,25.0,57.0,48.0,88.0,73.0
SEA,,,,,,41.92,23.52,65.44,12.46,6.43,,2025-05-31 11:02:34.603281,30.0,26.0,57.0,49.0,87.0,75.0
SDP,,,,,,12.47,38.59,51.07,5.39,2.51,,2025-05-31 11:02:34.603281,32.0,23.0,54.0,53.0,86.0,76.0
HOU,,,,,,35.79,24.12,59.91,9.82,4.7,,2025-05-31 11:02:34.603281,31.0,26.0,55.0,50.0,86.0,76.0
ATL,,,,,,9.55,35.88,45.43,8.75,4.95,,2025-05-31 11:02:34.603281,26.0,30.0,59.0,45.0,85.0,75.0
TOR,,,,,,17.77,33.36,51.13,9.11,4.68,,2025-05-31 11:02:34.603281,29.0,28.0,55.0,49.0,84.0,77.0
SFG,,,,,,8.86,34.17,43.04,4.55,2.12,,2025-05-31 11:02:34.603281,32.0,25.0,52.0,53.0,84.0,78.0
STL,,,,,,22.49,19.49,41.98,3.65,1.56,,2025-05-31 11:02:34.603281,32.0,25.0,51.0,54.0,83.0,79.0
MIL,,,,,,14.5,15.27,29.77,3.24,1.55,,2025-05-31 11:02:34.603281,30.0,28.0,52.0,52.0,82.0,80.0
TBR,,,,,,10.58,26.82,37.4,5.14,2.31,,2025-05-31 11:02:34.603281,29.0,28.0,53.0,52.0,82.0,80.0
ARI,,,,,,4.18,26.85,31.03,4.21,2.1,,2025-05-31 11:02:34.603281,27.0,30.0,55.0,50.0,82.0,80.0
CLE,,,,,,10.12,25.2,35.32,4.44,1.91,,2025-05-31 11:02:34.603281,30.0,26.0,52.0,53.0,82.0,79.0
TEX,,,,,,18.06,19.41,37.46,6.09,3.08,,2025-05-31 11:02:34.603281,28.0,30.0,54.0,50.0,82.0,80.0
BOS,,,,,,8.11,21.04,29.15,5.03,2.56,,2025-05-31 11:02:34.603281,28.0,31.0,53.0,50.0,81.0,81.0
KCR,,,,,,8.86,23.34,32.2,3.83,1.71,,2025-05-31 11:02:34.603281,30.0,28.0,51.0,53.0,81.0,81.0
CIN,,,,,,6.92,10.17,17.08,1.74,0.78,,2025-05-31 11:02:34.603281,29.0,29.0,50.0,54.0,79.0,83.0
BAL,,,,,,2.04,8.29,10.33,2.19,1.26,,2025-05-31 11:02:34.603281,20.0,36.0,56.0,49.0,76.0,85.0
LAA,,,,,,3.28,5.57,8.85,1.0,0.41,,2025-05-31 11:02:34.603281,26.0,30.0,48.0,58.0,74.0,88.0
WSN,,,,,,0.34,3.55,3.9,0.29,0.12,,2025-05-31 11:02:34.603281,27.0,30.0,45.0,59.0,72.0,89.0
ATH,,,,,,0.95,1.8,2.75,0.35,0.17,,2025-05-31 11:02:34.603281,23.0,35.0,48.0,56.0,71.0,91.0
PIT,,,,,,0.61,1.18,1.79,0.14,0.06,,2025-05-31 11:02:34.603281,21.0,37.0,49.0,55.0,70.0,92.0
MIA,,,,,,0.03,0.36,0.39,0.02,0.01,,2025-05-31 11:02:34.603281,22.0,33.0,43.0,63.0,65.0,96.0
CHW,,,,,,0.0,0.05,0.05,0.0,0.0,,2025-05-31 11:02:34.603281,18.0,39.0,41.0,64.0,59.0,103.0
COL,,,,,,0.0,0.01,0.01,0.0,0.0,,2025-05-31 11:02:34.603281,9.0,48.0,41.0,64.0,50.0,112.0
LAD,,,,,,75.55,18.91,94.46,28.13,16.38,,2025-06-02 09:39:15.516039,36.0,23.0,61.0,42.0,97.0,65.0
NYM,,,,,,47.68,37.3,84.97,15.69,8.02,,2025-06-02 09:39:15.516039,37.0,22.0,56.0,47.0,93.0,69.0
PHI,,,,,,42.3,39.62,81.92,14.24,7.56,,2025-06-02 09:39:15.516039,36.0,23.0,56.0,47.0,92.0,70.0
NYY,,,,,,60.75,24.93,85.69,18.55,9.28,,2025-06-02 09:39:15.516039,36.0,22.0,56.0,48.0,92.0,70.0
CHC,,,,,,59.24,17.94,77.18,10.54,4.88,,2025-06-02 09:39:15.516039,37.0,22.0,54.0,49.0,91.0,71.0
DET,,,,,,47.85,28.79,76.65,9.17,3.6,,2025-06-02 09:39:15.516039,39.0,21.0,51.0,51.0,90.0,72.0
SEA,,,,,,46.91,22.87,69.77,13.14,6.49,,2025-06-02 09:39:15.516039,32.0,26.0,56.0,48.0,88.0,74.0
MIN,,,,,,29.43,31.89,61.32,11.8,5.92,,2025-06-02 09:39:15.516039,31.0,27.0,56.0,47.0,87.0,74.0
SDP,,,,,,11.98,39.12,51.11,5.68,2.71,,2025-06-02 09:39:15.516039,33.0,24.0,53.0,52.0,86.0,76.0
HOU,,,,,,33.48,25.24,58.72,9.47,4.46,,2025-06-02 09:39:15.516039,32.0,27.0,54.0,49.0,86.0,76.0
ATL,,,,,,9.59,33.86,43.45,8.53,4.84,,2025-06-02 09:39:15.516039,27.0,31.0,58.0,44.0,85.0,75.0
TOR,,,,,,19.97,35.3,55.27,9.43,4.58,,2025-06-02 09:39:15.516039,31.0,28.0,54.0,48.0,85.0,76.0
SFG,,,,,,8.34,33.89,42.23,4.32,2.0,,2025-06-02 09:39:15.516039,33.0,26.0,51.0,52.0,84.0,78.0
STL,,,,,,20.25,21.81,42.06,3.59,1.52,,2025-06-02 09:39:15.516039,33.0,26.0,51.0,52.0,84.0,78.0
MIL,,,,,,15.62,18.59,34.22,3.69,1.62,,2025-06-02 09:39:15.516039,32.0,28.0,51.0,51.0,83.0,79.0
CLE,,,,,,13.62,27.48,41.11,5.08,2.18,,2025-06-02 09:39:15.516039,32.0,26.0,51.0,52.0,83.0,78.0
TEX,,,,,,17.06,20.2,37.26,5.92,2.78,,2025-06-02 09:39:15.516039,29.0,31.0,53.0,49.0,82.0,80.0
ARI,,,,,,4.12,25.93,30.05,3.92,1.98,,2025-06-02 09:39:15.516039,28.0,31.0,54.0,49.0,82.0,80.0
TBR,,,,,,9.63,26.11,35.74,5.29,2.44,,2025-06-02 09:39:15.516039,30.0,29.0,52.0,51.0,82.0,80.0
BOS,,,,,,7.62,21.0,28.62,5.03,2.5,,2025-06-02 09:39:15.516039,29.0,32.0,52.0,49.0,81.0,81.0
KCR,,,,,,9.09,22.07,31.16,3.86,1.79,,2025-06-02 09:39:15.516039,31.0,29.0,50.0,52.0,81.0,81.0
CIN,,,,,,4.47,8.42,12.89,1.24,0.6,,2025-06-02 09:39:15.516039,29.0,31.0,49.0,53.0,78.0,84.0
BAL,,,,,,2.02,8.97,11.0,2.4,1.26,,2025-06-02 09:39:15.516039,22.0,36.0,55.0,48.0,77.0,84.0
WSN,,,,,,0.41,3.35,3.75,0.26,0.1,,2025-06-02 09:39:15.516039,28.0,31.0,45.0,57.0,73.0,88.0
LAA,,,,,,2.04,3.85,5.9,0.64,0.29,,2025-06-02 09:39:15.516039,26.0,32.0,47.0,57.0,73.0,89.0
ATH,,,,,,0.51,1.25,1.75,0.2,0.12,,2025-06-02 09:39:15.516039,23.0,37.0,47.0,55.0,70.0,92.0
PIT,,,,,,0.41,0.94,1.35,0.14,0.04,,2025-06-02 09:39:15.516039,22.0,38.0,47.0,55.0,69.0,93.0
MIA,,,,,,0.02,0.33,0.35,0.03,0.02,,2025-06-02 09:39:15.516039,23.0,34.0,43.0,61.0,66.0,95.0
CHW,,,,,,0.01,0.03,0.03,0.0,0.0,,2025-06-02 09:39:15.516039,18.0,41.0,41.0,62.0,59.0,103.0
COL,,,,,,0.0,0.0,0.0,0.0,0.0,,2025-06-02 09:39:15.516039,9.0,50.0,40.0,63.0,49.0,113.0
LAD,,,,,,74.13,19.24,93.38,28.32,16.59,,2025-06-03 08:12:42.266895,36.0,24.0,60.0,42.0,96.0,66.0
NYM,,,,,,49.59,37.52,87.12,15.95,8.4,,2025-06-03 08:12:42.266895,38.0,22.0,55.0,47.0,93.0,69.0
PHI,,,,,,40.86,41.39,82.25,14.41,7.58,,2025-06-03 08:12:42.266895,36.0,23.0,56.0,47.0,92.0,70.0
NYY,,,,,,60.58,24.16,84.73,18.64,9.0,,2025-06-03 08:12:42.266895,36.0,22.0,56.0,48.0,92.0,70.0
CHC,,,,,,58.73,18.22,76.95,10.25,4.83,,2025-06-03 08:12:42.266895,37.0,22.0,54.0,49.0,91.0,71.0
DET,,,,,,48.85,28.97,77.83,9.5,3.84,,2025-06-03 08:12:42.266895,40.0,21.0,50.0,51.0,90.0,72.0
SEA,,,,,,47.32,22.95,70.27,13.49,6.73,,2025-06-03 08:12:42.266895,32.0,26.0,56.0,48.0,88.0,74.0
MIN,,,,,,30.59,33.45,64.04,11.58,5.74,,2025-06-03 08:12:42.266895,32.0,27.0,55.0,47.0,87.0,74.0
SDP,,,,,,13.73,39.19,52.92,5.5,2.44,,2025-06-03 08:12:42.266895,34.0,24.0,52.0,52.0,86.0,76.0
HOU,,,,,,32.91,26.35,59.25,9.81,4.56,,2025-06-03 08:12:42.266895,32.0,27.0,54.0,49.0,86.0,76.0
TOR,,,,,,20.65,34.27,54.92,9.8,4.79,,2025-06-03 08:12:42.266895,31.0,28.0,54.0,48.0,85.0,76.0
ATL,,,,,,9.16,34.07,43.23,8.5,4.75,,2025-06-03 08:12:42.266895,27.0,31.0,58.0,44.0,85.0,75.0
STL,,,,,,19.9,21.79,41.69,3.69,1.65,,2025-06-03 08:12:42.266895,33.0,26.0,51.0,52.0,84.0,78.0
SFG,,,,,,7.85,31.66,39.51,3.91,1.7,,2025-06-03 08:12:42.266895,33.0,27.0,50.0,52.0,83.0,79.0
MIL,,,,,,17.03,20.04,37.08,3.94,1.94,,2025-06-03 08:12:42.266895,33.0,28.0,50.0,51.0,83.0,79.0
CLE,,,,,,12.29,27.37,39.66,4.78,2.02,,2025-06-03 08:12:42.266895,32.0,26.0,51.0,52.0,83.0,78.0
TBR,,,,,,10.23,26.44,36.67,5.22,2.25,,2025-06-03 08:12:42.266895,30.0,29.0,52.0,51.0,82.0,80.0
ARI,,,,,,4.28,24.75,29.03,3.98,1.91,,2025-06-03 08:12:42.266895,28.0,31.0,54.0,49.0,82.0,80.0
TEX,,,,,,16.88,20.32,37.19,5.93,2.86,,2025-06-03 08:12:42.266895,29.0,31.0,53.0,49.0,82.0,80.0
BOS,,,,,,6.39,19.33,25.72,4.32,2.15,,2025-06-03 08:12:42.266895,29.0,33.0,52.0,48.0,81.0,81.0
KCR,,,,,,8.25,22.41,30.66,3.52,1.65,,2025-06-03 08:12:42.266895,31.0,29.0,50.0,52.0,81.0,81.0
BAL,,,,,,2.15,8.89,11.05,2.5,1.44,,2025-06-03 08:12:42.266895,22.0,36.0,55.0,48.0,77.0,84.0
CIN,,,,,,3.91,7.49,11.39,1.06,0.51,,2025-06-03 08:12:42.266895,29.0,32.0,48.0,53.0,77.0,85.0
LAA,,,,,,2.44,4.12,6.57,0.69,0.33,,2025-06-03 08:12:42.266895,27.0,32.0,47.0,56.0,74.0,88.0
WSN,,,,,,0.37,3.4,3.77,0.33,0.15,,2025-06-03 08:12:42.266895,28.0,31.0,44.0,58.0,72.0,89.0
PIT,,,,,,0.43,0.97,1.41,0.14,0.08,,2025-06-03 08:12:42.266895,22.0,38.0,48.0,54.0,70.0,92.0
ATH,,,,,,0.46,0.98,1.44,0.21,0.1,,2025-06-03 08:12:42.266895,23.0,38.0,46.0,55.0,69.0,93.0
MIA,,,,,,0.01,0.26,0.27,0.03,0.01,,2025-06-03 08:12:42.266895,23.0,35.0,42.0,61.0,65.0,96.0
CHW,,,,,,0.01,0.01,0.01,0.0,0.0,,2025-06-03 08:12:42.266895,18.0,42.0,40.0,62.0,58.0,104.0
COL,,,,,,0.0,0.0,0.0,0.0,0.0,,2025-06-03 08:12:42.266895,10.0,50.0,40.0,62.0,50.0,112.0
LAD,,,,,,74.13,19.24,93.38,28.27,16.55,,2025-06-03 14:02:52.221792,36.0,24.0,60.0,42.0,96.0,66.0
NYM,,,,,,49.59,37.52,87.12,15.98,8.46,,2025-06-03 14:02:52.221792,38.0,22.0,55.0,47.0,93.0,69.0
NYY,,,,,,60.58,24.16,84.73,18.66,9.01,,2025-06-03 14:02:52.221792,36.0,22.0,56.0,48.0,92.0,70.0
PHI,,,,,,40.86,41.39,82.25,14.51,7.66,,2025-06-03 14:02:52.221792,36.0,23.0,56.0,47.0,92.0,70.0
CHC,,,,,,58.73,18.22,76.95,10.21,4.77,,2025-06-03 14:02:52.221792,37.0,22.0,54.0,49.0,91.0,71.0
DET,,,,,,48.85,28.97,77.83,9.48,3.84,,2025-06-03 14:02:52.221792,40.0,21.0,50.0,51.0,90.0,72.0
SEA,,,,,,47.32,22.95,70.27,13.53,6.78,,2025-06-03 14:02:52.221792,32.0,26.0,56.0,48.0,88.0,74.0
MIN,,,,,,30.59,33.45,64.04,11.58,5.69,,2025-06-03 14:02:52.221792,32.0,27.0,55.0,47.0,87.0,74.0
HOU,,,,,,32.91,26.35,59.25,9.76,4.57,,2025-06-03 14:02:52.221792,32.0,27.0,54.0,49.0,86.0,76.0
SDP,,,,,,13.73,39.19,52.92,5.59,2.5,,2025-06-03 14:02:52.221792,34.0,24.0,52.0,52.0,86.0,76.0
ATL,,,,,,9.16,34.07,43.23,8.46,4.69,,2025-06-03 14:02:52.221792,27.0,31.0,58.0,44.0,85.0,75.0
TOR,,,,,,20.65,34.27,54.92,9.94,4.92,,2025-06-03 14:02:52.221792,31.0,28.0,54.0,48.0,85.0,76.0
STL,,,,,,19.9,21.79,41.69,3.68,1.62,,2025-06-03 14:02:52.221792,33.0,26.0,51.0,52.0,84.0,78.0
CLE,,,,,,12.29,27.37,39.66,4.78,2.02,,2025-06-03 14:02:52.221792,32.0,26.0,51.0,52.0,83.0,78.0
MIL,,,,,,17.03,20.04,37.08,3.91,1.92,,2025-06-03 14:02:52.221792,33.0,28.0,50.0,51.0,83.0,79.0
SFG,,,,,,7.85,31.66,39.51,3.91,1.71,,2025-06-03 14:02:52.221792,33.0,27.0,50.0,52.0,83.0,79.0
TEX,,,,,,16.88,20.32,37.19,5.91,2.83,,2025-06-03 14:02:52.221792,29.0,31.0,53.0,49.0,82.0,80.0
ARI,,,,,,4.28,24.75,29.03,3.94,1.85,,2025-06-03 14:02:52.221792,28.0,31.0,54.0,49.0,82.0,80.0
TBR,,,,,,10.23,26.44,36.67,5.13,2.23,,2025-06-03 14:02:52.221792,30.0,29.0,52.0,51.0,82.0,80.0
BOS,,,,,,6.39,19.33,25.72,4.3,2.15,,2025-06-03 14:02:52.221792,29.0,33.0,52.0,48.0,81.0,81.0
KCR,,,,,,8.25,22.41,30.66,3.51,1.65,,2025-06-03 14:02:52.221792,31.0,29.0,50.0,52.0,81.0,81.0
BAL,,,,,,2.15,8.89,11.05,2.5,1.43,,2025-06-03 14:02:52.221792,22.0,36.0,55.0,48.0,77.0,84.0
CIN,,,,,,3.91,7.49,11.39,1.06,0.51,,2025-06-03 14:02:52.221792,29.0,32.0,48.0,53.0,77.0,85.0
LAA,,,,,,2.44,4.12,6.57,0.69,0.33,,2025-06-03 14:02:52.221792,27.0,32.0,47.0,56.0,74.0,88.0
WSN,,,,,,0.37,3.4,3.77,0.32,0.14,,2025-06-03 14:02:52.221792,28.0,31.0,44.0,58.0,72.0,89.0
PIT,,,,,,0.43,0.97,1.41,0.12,0.08,,2025-06-03 14:02:52.221792,22.0,38.0,48.0,54.0,70.0,92.0
ATH,,,,,,0.46,0.98,1.44,0.21,0.1,,2025-06-03 14:02:52.221792,23.0,38.0,46.0,55.0,69.0,93.0
MIA,,,,,,0.01,0.26,0.27,0.03,0.01,,2025-06-03 14:02:52.221792,23.0,35.0,42.0,61.0,65.0,96.0
CHW,,,,,,0.01,0.01,0.01,0.0,0.0,,2025-06-03 14:02:52.221792,18.0,42.0,40.0,62.0,58.0,104.0
COL,,,,,,0.0,0.0,0.0,0.0,0.0,,2025-06-03 14:02:52.221792,10.0,50.0,40.0,62.0,50.0,112.0
LAD,,,,,,74.99,19.39,94.38,28.32,16.46,,2025-06-04 14:04:08.640133,37.0,24.0,60.0,41.0,97.0,65.0
NYY,,,,,,63.9,22.86,86.77,19.37,9.66,,2025-06-04 14:04:08.640133,37.0,22.0,56.0,47.0,93.0,69.0
NYM,,,,,,46.61,39.61,86.22,15.52,8.08,,2025-06-04 14:04:08.640133,38.0,23.0,55.0,46.0,93.0,69.0
PHI,,,,,,44.83,39.5,84.33,14.85,7.63,,2025-06-04 14:04:08.640133,37.0,23.0,55.0,47.0,92.0,70.0
CHC,,,,,,61.8,17.24,79.04,10.5,5.04,,2025-06-04 14:04:08.640133,38.0,22.0,53.0,49.0,91.0,71.0
DET,,,,,,45.26,31.15,76.41,9.45,3.75,,2025-06-04 14:04:08.640133,40.0,22.0,50.0,50.0,90.0,72.0
MIN,,,,,,34.03,32.59,66.62,11.96,5.97,,2025-06-04 14:04:08.640133,33.0,27.0,55.0,46.0,88.0,73.0
HOU,,,,,,36.95,25.14,62.09,10.38,4.81,,2025-06-04 14:04:08.640133,33.0,27.0,54.0,48.0,87.0,75.0
SEA,,,,,,44.22,23.09,67.31,12.89,6.49,,2025-06-04 14:04:08.640133,32.0,27.0,55.0,48.0,87.0,75.0
SDP,,,,,,14.32,41.92,56.24,6.19,2.77,,2025-06-04 14:04:08.640133,35.0,24.0,51.0,52.0,86.0,76.0
TOR,,,,,,17.11,35.58,52.69,9.04,4.49,,2025-06-04 14:04:08.640133,31.0,29.0,54.0,47.0,85.0,76.0
ATL,,,,,,8.28,32.48,40.76,8.16,4.88,,2025-06-04 14:04:08.640133,27.0,32.0,57.0,44.0,84.0,76.0
TBR,,,,,,10.94,28.88,39.83,5.45,2.35,,2025-06-04 14:04:08.640133,31.0,29.0,52.0,50.0,83.0,79.0
CLE,,,,,,11.36,25.68,37.04,4.59,2.04,,2025-06-04 14:04:08.640133,32.0,27.0,51.0,51.0,83.0,78.0
ARI,,,,,,4.42,28.34,32.77,4.01,2.08,,2025-06-04 14:04:08.640133,29.0,31.0,54.0,48.0,83.0,79.0
MIL,,,,,,15.19,18.55,33.74,3.71,1.67,,2025-06-04 14:04:08.640133,33.0,29.0,50.0,50.0,83.0,79.0
STL,,,,,,18.28,20.79,39.07,3.44,1.42,,2025-06-04 14:04:08.640133,33.0,27.0,50.0,52.0,83.0,79.0
SFG,,,,,,6.26,29.68,35.95,3.71,1.58,,2025-06-04 14:04:08.640133,33.0,28.0,50.0,51.0,83.0,79.0
KCR,,,,,,9.35,23.43,32.77,3.72,1.59,,2025-06-04 14:04:08.640133,32.0,29.0,50.0,51.0,82.0,80.0
TEX,,,,,,15.56,18.52,34.08,5.62,2.67,,2025-06-04 14:04:08.640133,29.0,32.0,52.0,49.0,81.0,81.0
BOS,,,,,,5.56,17.68,23.24,4.06,2.05,,2025-06-04 14:04:08.640133,29.0,34.0,51.0,48.0,80.0,82.0
CIN,,,,,,4.35,8.67,13.02,1.23,0.52,,2025-06-04 14:04:08.640133,30.0,32.0,48.0,52.0,78.0,84.0
BAL,,,,,,2.48,9.9,12.38,2.55,1.47,,2025-06-04 14:04:08.640133,23.0,36.0,54.0,48.0,77.0,84.0
LAA,,,,,,2.92,4.58,7.5,0.73,0.29,,2025-06-04 14:04:08.640133,28.0,32.0,46.0,56.0,74.0,88.0
WSN,,,,,,0.27,2.8,3.07,0.22,0.1,,2025-06-04 14:04:08.640133,28.0,32.0,44.0,57.0,72.0,89.0
PIT,,,,,,0.38,0.85,1.23,0.14,0.06,,2025-06-04 14:04:08.640133,22.0,39.0,47.0,54.0,69.0,93.0
ATH,,,,,,0.36,0.91,1.26,0.18,0.08,,2025-06-04 14:04:08.640133,23.0,39.0,46.0,54.0,69.0,93.0
MIA,,,,,,0.01,0.18,0.19,0.01,0.0,,2025-06-04 14:04:08.640133,23.0,36.0,42.0,60.0,65.0,96.0
CHW,,,,,,0.01,0.01,0.01,0.0,0.0,,2025-06-04 14:04:08.640133,19.0,42.0,40.0,61.0,59.0,103.0
COL,,,,,,0.0,0.0,0.0,0.0,0.0,,2025-06-04 14:04:08.640133,11.0,50.0,39.0,62.0,50.0,112.0
LAD,,,,,,72.88,20.87,93.75,27.83,15.88,,2025-06-05 14:02:59.414777,37.0,25.0,59.0,41.0,96.0,66.0
NYM,,,,,,52.03,36.31,88.34,16.41,8.67,,2025-06-05 14:02:59.414777,39.0,23.0,55.0,45.0,94.0,68.0
NYY,,,,,,60.32,25.08,85.41,19.02,9.34,,2025-06-05 14:02:59.414777,37.0,23.0,55.0,47.0,92.0,70.0
PHI,,,,,,40.69,41.82,82.5,14.49,7.64,,2025-06-05 14:02:59.414777,37.0,24.0,55.0,46.0,92.0,70.0
CHC,,,,,,60.43,17.0,77.43,10.03,4.87,,2025-06-05 14:02:59.414777,38.0,23.0,52.0,49.0,90.0,72.0
DET,,,,,,46.73,31.45,78.18,9.89,4.0,,2025-06-05 14:02:59.414777,41.0,22.0,49.0,50.0,90.0,72.0
MIN,,,,,,33.91,34.54,68.46,12.55,5.9,,2025-06-05 14:02:59.414777,34.0,27.0,54.0,46.0,88.0,73.0
SEA,,,,,,43.71,20.66,64.37,12.22,6.24,,2025-06-05 14:02:59.414777,32.0,28.0,55.0,47.0,87.0,75.0
HOU,,,,,,36.96,22.36,59.33,9.4,4.47,,2025-06-05 14:02:59.414777,33.0,28.0,53.0,48.0,86.0,76.0
SDP,,,,,,13.39,40.01,53.4,6.07,2.72,,2025-06-05 14:02:59.414777,35.0,25.0,51.0,51.0,86.0,76.0
TOR,,,,,,19.65,35.58,55.22,9.59,4.64,,2025-06-05 14:02:59.414777,32.0,29.0,53.0,47.0,85.0,76.0
ATL,,,,,,6.88,31.37,38.26,7.46,4.3,,2025-06-05 14:02:59.414777,27.0,33.0,57.0,43.0,84.0,76.0
TBR,,,,,,11.7,29.01,40.71,5.62,2.65,,2025-06-05 14:02:59.414777,32.0,29.0,51.0,50.0,83.0,79.0
CLE,,,,,,11.99,28.44,40.43,5.01,2.14,,2025-06-05 14:02:59.414777,33.0,27.0,50.0,51.0,83.0,78.0
ARI,,,,,,5.75,29.53,35.27,4.81,2.48,,2025-06-05 14:02:59.414777,30.0,31.0,53.0,48.0,83.0,79.0
MIL,,,,,,17.3,19.68,36.99,3.79,1.65,,2025-06-05 14:02:59.414777,34.0,29.0,49.0,50.0,83.0,79.0
STL,,,,,,17.53,19.28,36.81,3.36,1.5,,2025-06-05 14:02:59.414777,33.0,27.0,50.0,51.0,83.0,78.0
SFG,,,,,,7.98,31.8,39.77,4.23,1.91,,2025-06-05 14:02:59.414777,34.0,28.0,49.0,51.0,83.0,79.0
BOS,,,,,,5.93,18.89,24.83,4.3,2.27,,2025-06-05 14:02:59.414777,30.0,34.0,51.0,47.0,81.0,81.0
TEX,,,,,,16.08,16.28,32.36,5.15,2.58,,2025-06-05 14:02:59.414777,29.0,33.0,52.0,48.0,81.0,81.0
KCR,,,,,,7.37,22.59,29.95,3.56,1.47,,2025-06-05 14:02:59.414777,32.0,29.0,49.0,51.0,81.0,80.0
BAL,,,,,,2.4,10.38,12.78,2.74,1.52,,2025-06-05 14:02:59.414777,24.0,36.0,54.0,47.0,78.0,83.0
CIN,,,,,,4.21,7.71,11.93,1.16,0.56,,2025-06-05 14:02:59.414777,30.0,33.0,47.0,52.0,77.0,85.0
LAA,,,,,,2.82,4.01,6.83,0.74,0.35,,2025-06-05 14:02:59.414777,28.0,33.0,46.0,55.0,74.0,88.0
WSN,,,,,,0.39,3.58,3.98,0.21,0.08,,2025-06-05 14:02:59.414777,29.0,32.0,44.0,56.0,73.0,88.0
PIT,,,,,,0.52,0.89,1.41,0.15,0.09,,2025-06-05 14:02:59.414777,23.0,39.0,47.0,53.0,70.0,92.0
ATH,,,,,,0.43,0.71,1.14,0.18,0.08,,2025-06-05 14:02:59.414777,23.0,40.0,46.0,53.0,69.0,93.0
MIA,,,,,,0.01,0.15,0.16,0.01,0.0,,2025-06-05 14:02:59.414777,23.0,37.0,41.0,60.0,64.0,97.0
CHW,,,,,,0.0,0.01,0.01,0.0,0.0,,2025-06-05 14:02:59.414777,19.0,43.0,39.0,61.0,58.0,104.0
COL,,,,,,0.0,0.0,0.0,0.0,0.0,,2025-06-05 14:02:59.414777,12.0,50.0,39.0,61.0,51.0,111.0
LAD,,,,,,76.24,18.67,94.91,28.63,16.48,,2025-06-06 14:01:18.629268,38.0,25.0,59.0,40.0,97.0,65.0
NYM,,,,,,51.46,35.2,86.67,15.89,8.24,,2025-06-06 14:01:18.629268,39.0,24.0,54.0,45.0,93.0,69.0
NYY,,,,,,59.75,26.82,86.57,19.16,9.42,,2025-06-06 14:01:18.629268,38.0,23.0,54.0,47.0,92.0,70.0
CHC,,,,,,60.69,17.77,78.46,10.49,4.75,,2025-06-06 14:01:18.629268,39.0,23.0,52.0,48.0,91.0,71.0
PHI,,,,,,41.33,39.63,80.96,13.96,7.05,,2025-06-06 14:01:18.629268,37.0,25.0,54.0,46.0,91.0,71.0
DET,,,,,,45.06,30.34,75.4,9.31,3.75,,2025-06-06 14:01:18.629268,41.0,23.0,49.0,49.0,90.0,72.0
HOU,,,,,,40.38,21.26,61.64,9.81,4.7,,2025-06-06 14:01:18.629268,34.0,28.0,53.0,47.0,87.0,75.0
MIN,,,,,,33.91,31.92,65.83,11.86,5.64,,2025-06-06 14:01:18.629268,34.0,28.0,53.0,46.0,87.0,74.0
TOR,,,,,,19.84,38.12,57.96,10.32,5.11,,2025-06-06 14:01:18.629268,33.0,29.0,53.0,46.0,86.0,75.0
SEA,,,,,,41.32,20.39,61.71,11.54,5.78,,2025-06-06 14:01:18.629268,32.0,29.0,54.0,47.0,86.0,76.0
SDP,,,,,,11.2,39.89,51.09,5.5,2.61,,2025-06-06 14:01:18.629268,35.0,26.0,50.0,51.0,85.0,77.0
TBR,,,,,,12.16,31.99,44.14,5.93,2.93,,2025-06-06 14:01:18.629268,33.0,29.0,51.0,49.0,84.0,78.0
SFG,,,,,,7.31,34.58,41.88,4.27,1.89,,2025-06-06 14:01:18.629268,35.0,28.0,49.0,50.0,84.0,78.0
ARI,,,,,,5.25,33.11,38.36,4.9,2.49,,2025-06-06 14:01:18.629268,31.0,31.0,53.0,47.0,84.0,78.0
MIL,,,,,,16.33,19.98,36.31,4.06,1.99,,2025-06-06 14:01:18.629268,34.0,29.0,49.0,50.0,83.0,79.0
STL,,,,,,18.52,20.91,39.44,3.55,1.55,,2025-06-06 14:01:18.629268,34.0,28.0,49.0,51.0,83.0,79.0
CLE,,,,,,11.62,26.02,37.65,4.93,2.08,,2025-06-06 14:01:18.629268,33.0,28.0,50.0,50.0,83.0,78.0
ATL,,,,,,6.85,27.82,34.67,7.08,4.16,,2025-06-06 14:01:18.629268,27.0,34.0,56.0,43.0,83.0,77.0
KCR,,,,,,9.41,22.55,31.96,3.86,1.79,,2025-06-06 14:01:18.629268,33.0,30.0,49.0,50.0,82.0,80.0
BOS,,,,,,5.56,18.98,24.55,4.12,2.14,,2025-06-06 14:01:18.629268,30.0,34.0,51.0,47.0,81.0,81.0
TEX,,,,,,14.36,14.82,29.18,4.92,2.38,,2025-06-06 14:01:18.629268,29.0,34.0,51.0,48.0,80.0,82.0
BAL,,,,,,2.7,12.0,14.69,3.15,1.82,,2025-06-06 14:01:18.629268,25.0,36.0,53.0,47.0,78.0,83.0
CIN,,,,,,3.98,8.29,12.26,1.27,0.55,,2025-06-06 14:01:18.629268,30.0,33.0,47.0,52.0,77.0,85.0
LAA,,,,,,3.37,3.97,7.34,0.94,0.41,,2025-06-06 14:01:18.629268,28.0,33.0,46.0,55.0,74.0,88.0
WSN,,,,,,0.36,3.01,3.36,0.21,0.08,,2025-06-06 14:01:18.629268,29.0,33.0,43.0,56.0,72.0,89.0
PIT,,,,,,0.48,0.98,1.47,0.17,0.07,,2025-06-06 14:01:18.629268,23.0,40.0,46.0,53.0,69.0,93.0
ATH,,,,,,0.57,0.8,1.38,0.14,0.09,,2025-06-06 14:01:18.629268,24.0,40.0,45.0,53.0,69.0,93.0
MIA,,,,,,0.01,0.14,0.14,0.01,0.01,,2025-06-06 14:01:18.629268,23.0,37.0,41.0,60.0,64.0,97.0
CHW,,,,,,0.0,0.01,0.01,0.0,0.0,,2025-06-06 14:01:18.629268,20.0,43.0,39.0,60.0,59.0,103.0
COL,,,,,,0.0,0.0,0.0,0.0,0.0,,2025-06-06 14:01:18.629268,12.0,50.0,39.0,61.0,51.0,111.0
LAD,,,,,,74.79,19.58,94.37,28.41,16.34,,2025-06-07 13:55:14.845606,38.0,25.0,58.0,40.0,96.0,65.0
NYY,,,,,,60.25,26.38,86.63,18.76,9.45,,2025-06-07 13:55:14.845606,38.0,23.0,54.0,46.0,92.0,69.0
NYM,,,,,,51.12,34.78,85.91,15.53,8.05,,2025-06-07 13:55:14.845606,39.0,24.0,53.0,45.0,92.0,69.0
PHI,,,,,,41.43,39.55,80.98,14.7,7.78,,2025-06-07 13:55:14.845606,37.0,25.0,54.0,45.0,91.0,70.0
CHC,,,,,,60.76,17.84,78.59,10.42,4.97,,2025-06-07 13:55:14.845606,39.0,23.0,51.0,48.0,90.0,71.0
DET,,,,,,45.8,30.66,76.47,9.8,3.89,,2025-06-07 13:55:14.845606,41.0,23.0,48.0,49.0,89.0,72.0
MIN,,,,,,33.47,32.77,66.23,12.52,6.21,,2025-06-07 13:55:14.845606,34.0,28.0,53.0,45.0,87.0,73.0
HOU,,,,,,41.36,21.17,62.53,10.17,4.79,,2025-06-07 13:55:14.845606,34.0,28.0,52.0,47.0,86.0,75.0
SEA,,,,,,40.67,20.62,61.3,11.21,5.6,,2025-06-07 13:55:14.845606,32.0,29.0,54.0,46.0,86.0,75.0
SDP,,,,,,11.02,39.56,50.58,5.52,2.51,,2025-06-07 13:55:14.845606,35.0,26.0,50.0,50.0,85.0,76.0
TOR,,,,,,20.5,38.21,58.7,10.11,4.83,,2025-06-07 13:55:14.845606,33.0,29.0,52.0,46.0,85.0,75.0
TBR,,,,,,11.33,32.23,43.56,6.0,2.77,,2025-06-07 13:55:14.845606,33.0,29.0,50.0,49.0,83.0,78.0
SFG,,,,,,7.99,34.69,42.68,4.23,1.98,,2025-06-07 13:55:14.845606,35.0,28.0,48.0,50.0,83.0,78.0
CLE,,,,,,11.74,25.84,37.58,4.78,2.04,,2025-06-07 13:55:14.845606,33.0,28.0,50.0,49.0,83.0,77.0
ARI,,,,,,6.21,32.15,38.35,4.91,2.56,,2025-06-07 13:55:14.845606,31.0,31.0,52.0,47.0,83.0,78.0
MIL,,,,,,16.55,20.27,36.82,3.74,1.6,,2025-06-07 13:55:14.845606,34.0,29.0,49.0,49.0,83.0,78.0
STL,,,,,,18.59,21.95,40.54,3.67,1.59,,2025-06-07 13:55:14.845606,34.0,28.0,49.0,50.0,83.0,78.0
ATL,,,,,,7.04,27.77,34.82,7.29,4.3,,2025-06-07 13:55:14.845606,27.0,34.0,56.0,42.0,83.0,76.0
KCR,,,,,,8.98,22.02,31.0,3.69,1.65,,2025-06-07 13:55:14.845606,33.0,30.0,48.0,50.0,81.0,80.0
BOS,,,,,,5.36,19.16,24.51,4.16,2.05,,2025-06-07 13:55:14.845606,30.0,34.0,50.0,47.0,80.0,81.0
TEX,,,,,,14.36,14.39,28.75,4.81,2.37,,2025-06-07 13:55:14.845606,29.0,34.0,51.0,47.0,80.0,81.0
BAL,,,,,,2.57,11.77,14.34,3.09,1.6,,2025-06-07 13:55:14.845606,25.0,36.0,52.0,47.0,77.0,83.0
CIN,,,,,,3.77,7.91,11.68,1.17,0.53,,2025-06-07 13:55:14.845606,30.0,33.0,47.0,51.0,77.0,84.0
LAA,,,,,,3.15,3.91,7.06,0.73,0.29,,2025-06-07 13:55:14.845606,28.0,33.0,46.0,54.0,74.0,87.0
WSN,,,,,,0.4,2.94,3.33,0.25,0.07,,2025-06-07 13:55:14.845606,29.0,33.0,43.0,55.0,72.0,88.0
PIT,,,,,,0.32,0.92,1.23,0.14,0.07,,2025-06-07 13:55:14.845606,23.0,40.0,46.0,52.0,69.0,92.0
ATH,,,,,,0.46,0.85,1.31,0.17,0.08,,2025-06-07 13:55:14.845606,24.0,40.0,45.0,52.0,69.0,92.0
MIA,,,,,,0.01,0.11,0.11,0.01,0.01,,2025-06-07 13:55:14.845606,23.0,37.0,41.0,59.0,64.0,96.0
CHW,,,,,,0.01,0.01,0.01,0.01,0.01,,2025-06-07 13:55:14.845606,20.0,43.0,39.0,59.0,59.0,102.0
COL,,,,,,0.0,0.0,0.0,0.0,0.0,,2025-06-07 13:55:14.845606,12.0,50.0,38.0,61.0,50.0,111.0
LAD,,,,,,70.62,22.21,92.83,27.93,16.2,,2025-06-08 13:55:45.870009,38.0,27.0,58.0,39.0,96.0,66.0
NYM,,,,,,59.16,29.68,88.84,16.75,8.53,,2025-06-08 13:55:45.870009,41.0,24.0,53.0,44.0,94.0,68.0
NYY,,,,,,58.77,28.62,87.38,19.04,9.58,,2025-06-08 13:55:45.870009,39.0,24.0,54.0,45.0,93.0,69.0
CHC,,,,,,58.44,19.72,78.16,10.84,5.08,,2025-06-08 13:55:45.870009,40.0,24.0,51.0,47.0,91.0,71.0
PHI,,,,,,34.73,41.34,76.07,13.56,7.17,,2025-06-08 13:55:45.870009,37.0,27.0,53.0,45.0,90.0,72.0
DET,,,,,,50.28,26.57,76.84,9.53,3.69,,2025-06-08 13:55:45.870009,42.0,24.0,48.0,48.0,90.0,72.0
TOR,,,,,,23.3,41.91,65.2,11.21,5.56,,2025-06-08 13:55:45.870009,35.0,29.0,52.0,45.0,87.0,74.0
HOU,,,,,,48.09,20.0,68.09,11.38,5.16,,2025-06-08 13:55:45.870009,36.0,28.0,51.0,47.0,87.0,75.0
MIN,,,,,,30.63,30.87,61.5,11.24,5.7,,2025-06-08 13:55:45.870009,34.0,30.0,52.0,45.0,86.0,75.0
SDP,,,,,,12.53,38.47,51.0,5.34,2.6,,2025-06-08 13:55:45.870009,36.0,27.0,49.0,50.0,85.0,77.0
SFG,,,,,,11.84,37.87,49.71,5.27,2.34,,2025-06-08 13:55:45.870009,37.0,28.0,48.0,49.0,85.0,77.0
SEA,,,,,,33.56,22.12,55.68,10.85,5.4,,2025-06-08 13:55:45.870009,32.0,31.0,53.0,46.0,85.0,77.0
STL,,,,,,21.37,24.47,45.84,4.1,1.7,,2025-06-08 13:55:45.870009,36.0,28.0,48.0,50.0,84.0,78.0
TBR,,,,,,10.62,33.58,44.2,5.97,2.68,,2025-06-08 13:55:45.870009,34.0,30.0,49.0,49.0,83.0,79.0
ARI,,,,,,5.02,26.77,31.79,4.25,2.2,,2025-06-08 13:55:45.870009,31.0,33.0,52.0,46.0,83.0,79.0
MIL,,,,,,15.14,21.64,36.78,3.73,1.66,,2025-06-08 13:55:45.870009,35.0,30.0,48.0,49.0,83.0,79.0
CLE,,,,,,10.93,23.26,34.19,4.22,1.83,,2025-06-08 13:55:45.870009,33.0,30.0,49.0,49.0,82.0,79.0
ATL,,,,,,5.73,23.59,29.32,6.25,3.81,,2025-06-08 13:55:45.870009,27.0,36.0,55.0,42.0,82.0,78.0
BOS,,,,,,5.2,20.46,25.66,4.35,2.19,,2025-06-08 13:55:45.870009,31.0,35.0,50.0,46.0,81.0,81.0
KCR,,,,,,8.17,18.93,27.1,3.16,1.41,,2025-06-08 13:55:45.870009,33.0,32.0,48.0,49.0,81.0,81.0
TEX,,,,,,13.99,14.92,28.91,4.67,2.39,,2025-06-08 13:55:45.870009,30.0,35.0,50.0,47.0,80.0,82.0
BAL,,,,,,2.11,12.29,14.4,3.1,1.66,,2025-06-08 13:55:45.870009,26.0,37.0,52.0,46.0,78.0,83.0
CIN,,,,,,4.61,10.12,14.72,1.51,0.72,,2025-06-08 13:55:45.870009,32.0,33.0,46.0,51.0,78.0,84.0
LAA,,,,,,3.77,5.5,9.28,1.07,0.45,,2025-06-08 13:55:45.870009,30.0,33.0,45.0,54.0,75.0,87.0
WSN,,,,,,0.34,2.79,3.14,0.28,0.11,,2025-06-08 13:55:45.870009,30.0,34.0,42.0,55.0,72.0,89.0
PIT,,,,,,0.46,1.23,1.7,0.17,0.08,,2025-06-08 13:55:45.870009,25.0,40.0,46.0,51.0,71.0,91.0
ATH,,,,,,0.57,0.97,1.55,0.24,0.11,,2025-06-08 13:55:45.870009,25.0,41.0,44.0,52.0,69.0,93.0
MIA,,,,,,0.03,0.1,0.12,0.01,0.01,,2025-06-08 13:55:45.870009,24.0,38.0,40.0,59.0,64.0,97.0
CHW,,,,,,0.0,0.01,0.01,0.0,0.0,,2025-06-08 13:55:45.870009,22.0,43.0,38.0,59.0,60.0,102.0
COL,,,,,,0.0,0.0,0.0,0.0,0.0,,2025-06-08 13:55:45.870009,12.0,52.0,38.0,60.0,50.0,112.0
LAD,,,,,,72.91,21.41,94.32,28.36,16.34,,2025-06-09 14:01:59.552954,39.0,27.0,57.0,39.0,96.0,66.0
NYM,,,,,,63.67,26.92,90.59,18.3,9.04,,2025-06-09 14:01:59.552954,42.0,24.0,52.0,44.0,94.0,68.0
NYY,,,,,,56.95,28.76,85.72,18.41,9.41,,2025-06-09 14:01:59.552954,39.0,25.0,53.0,45.0,92.0,70.0
CHC,,,,,,57.12,19.89,77.0,10.17,4.71,,2025-06-09 14:01:59.552954,40.0,25.0,50.0,47.0,90.0,72.0
PHI,,,,,,31.14,43.84,74.99,13.19,6.87,,2025-06-09 14:01:59.552954,37.0,28.0,53.0,44.0,90.0,72.0
DET,,,,,,50.18,28.62,78.81,9.75,3.83,,2025-06-09 14:01:59.552954,43.0,24.0,47.0,48.0,90.0,72.0
HOU,,,,,,43.97,19.86,63.83,10.57,4.88,,2025-06-09 14:01:59.552954,36.0,29.0,51.0,46.0,87.0,75.0
MIN,,,,,,31.42,32.23,63.65,11.97,5.92,,2025-06-09 14:01:59.552954,35.0,30.0,52.0,44.0,87.0,74.0
TOR,,,,,,22.88,39.37,62.25,10.82,5.27,,2025-06-09 14:01:59.552954,35.0,30.0,51.0,45.0,86.0,75.0
SDP,,,,,,13.18,42.49,55.67,6.15,2.86,,2025-06-09 14:01:59.552954,37.0,27.0,49.0,49.0,86.0,76.0
SFG,,,,,,9.99,38.05,48.04,4.17,1.85,,2025-06-09 14:01:59.552954,38.0,28.0,47.0,49.0,85.0,77.0
SEA,,,,,,36.54,20.47,57.01,10.85,5.58,,2025-06-09 14:01:59.552954,33.0,31.0,52.0,46.0,85.0,77.0
TBR,,,,,,12.22,33.1,45.32,6.25,2.8,,2025-06-09 14:01:59.552954,35.0,30.0,49.0,48.0,84.0,78.0
STL,,,,,,21.6,23.96,45.56,4.0,1.77,,2025-06-09 14:01:59.552954,36.0,29.0,48.0,49.0,84.0,78.0
CLE,,,,,,10.82,25.27,36.09,4.35,2.17,,2025-06-09 14:01:59.552954,34.0,30.0,49.0,48.0,83.0,78.0
MIL,,,,,,15.34,19.4,34.74,3.69,1.82,,2025-06-09 14:01:59.552954,35.0,31.0,48.0,48.0,83.0,79.0
ARI,,,,,,3.92,26.61,30.53,4.03,2.0,,2025-06-09 14:01:59.552954,31.0,34.0,51.0,46.0,82.0,80.0
ATL,,,,,,4.83,22.24,27.07,5.92,3.63,,2025-06-09 14:01:59.552954,27.0,37.0,55.0,41.0,82.0,78.0
BOS,,,,,,5.88,21.08,26.96,4.63,2.4,,2025-06-09 14:01:59.552954,32.0,35.0,49.0,46.0,81.0,81.0
KCR,,,,,,7.58,19.82,27.4,3.44,1.57,,2025-06-09 14:01:59.552954,34.0,32.0,47.0,49.0,81.0,81.0
TEX,,,,,,14.77,14.38,29.16,4.88,2.42,,2025-06-09 14:01:59.552954,31.0,35.0,49.0,47.0,80.0,82.0
CIN,,,,,,5.36,10.97,16.32,1.6,0.68,,2025-06-09 14:01:59.552954,33.0,33.0,46.0,50.0,79.0,83.0
BAL,,,,,,2.05,10.38,12.44,2.66,1.43,,2025-06-09 14:01:59.552954,26.0,38.0,51.0,46.0,77.0,84.0
LAA,,,,,,4.14,5.7,9.84,1.19,0.48,,2025-06-09 14:01:59.552954,30.0,34.0,46.0,52.0,76.0,86.0
WSN,,,,,,0.34,2.65,2.99,0.18,0.07,,2025-06-09 14:01:59.552954,30.0,35.0,42.0,54.0,72.0,89.0
PIT,,,,,,0.59,1.46,2.04,0.24,0.1,,2025-06-09 14:01:59.552954,26.0,40.0,45.0,51.0,71.0,91.0
ATH,,,,,,0.57,0.95,1.52,0.21,0.11,,2025-06-09 14:01:59.552954,26.0,41.0,44.0,51.0,70.0,92.0
MIA,,,,,,0.01,0.12,0.13,0.01,0.0,,2025-06-09 14:01:59.552954,24.0,39.0,40.0,58.0,64.0,97.0
CHW,,,,,,0.0,0.01,0.01,0.0,0.0,,2025-06-09 14:01:59.552954,22.0,44.0,38.0,58.0,60.0,102.0
COL,,,,,,0.0,0.0,0.0,0.0,0.0,,2025-06-09 14:01:59.552954,12.0,53.0,38.0,59.0,50.0,112.0
LAD,,,,,,74.77,20.14,94.91,29.06,17.08,,2025-06-10 14:02:59.042706,40.0,27.0,56.0,39.0,96.0,66.0
NYM,,,,,,61.94,28.95,90.89,17.85,8.87,,2025-06-10 14:02:59.042706,42.0,24.0,52.0,44.0,94.0,68.0
NYY,,,,,,54.58,30.54,85.12,18.97,9.53,,2025-06-10 14:02:59.042706,39.0,25.0,53.0,45.0,92.0,70.0
CHC,,,,,,57.23,18.54,75.77,10.02,4.72,,2025-06-10 14:02:59.042706,40.0,26.0,50.0,46.0,90.0,72.0
PHI,,,,,,32.77,43.64,76.4,13.3,7.07,,2025-06-10 14:02:59.042706,38.0,28.0,52.0,44.0,90.0,72.0
DET,,,,,,50.48,27.98,78.46,10.04,4.2,,2025-06-10 14:02:59.042706,43.0,24.0,47.0,48.0,90.0,72.0
TOR,,,,,,24.77,40.23,65.0,11.17,5.71,,2025-06-10 14:02:59.042706,36.0,30.0,51.0,44.0,87.0,74.0
MIN,,,,,,32.3,31.55,63.85,11.88,5.8,,2025-06-10 14:02:59.042706,35.0,30.0,52.0,44.0,87.0,74.0
HOU,,,,,,45.16,19.23,64.38,10.44,4.77,,2025-06-10 14:02:59.042706,36.0,29.0,51.0,46.0,87.0,75.0
SDP,,,,,,11.38,41.66,53.03,5.46,2.56,,2025-06-10 14:02:59.042706,37.0,28.0,49.0,48.0,86.0,76.0
SFG,,,,,,9.5,39.01,48.52,4.33,1.94,,2025-06-10 14:02:59.042706,38.0,28.0,47.0,49.0,85.0,77.0
SEA,,,,,,33.87,20.54,54.4,10.24,5.2,,2025-06-10 14:02:59.042706,33.0,32.0,52.0,45.0,85.0,77.0
TBR,,,,,,13.51,35.88,49.39,6.87,3.12,,2025-06-10 14:02:59.042706,36.0,30.0,48.0,48.0,84.0,78.0
ARI,,,,,,4.35,28.62,32.97,4.29,2.09,,2025-06-10 14:02:59.042706,32.0,34.0,51.0,45.0,83.0,79.0
STL,,,,,,20.89,21.65,42.54,3.72,1.58,,2025-06-10 14:02:59.042706,36.0,30.0,47.0,49.0,83.0,79.0
MIL,,,,,,14.42,17.85,32.27,3.56,1.62,,2025-06-10 14:02:59.042706,35.0,32.0,47.0,48.0,82.0,80.0
CLE,,,,,,9.5,23.41,32.92,4.12,1.88,,2025-06-10 14:02:59.042706,34.0,31.0,48.0,48.0,82.0,79.0
ATL,,,,,,5.06,24.06,29.12,6.27,3.63,,2025-06-10 14:02:59.042706,28.0,37.0,54.0,41.0,82.0,78.0
BOS,,,,,,5.23,19.55,24.79,4.22,2.0,,2025-06-10 14:02:59.042706,32.0,36.0,49.0,45.0,81.0,81.0
TEX,,,,,,15.29,14.61,29.89,4.88,2.33,,2025-06-10 14:02:59.042706,31.0,35.0,50.0,46.0,81.0,81.0
KCR,,,,,,7.72,19.89,27.61,3.29,1.38,,2025-06-10 14:02:59.042706,34.0,32.0,47.0,49.0,81.0,81.0
CIN,,,,,,6.6,11.36,17.95,1.69,0.7,,2025-06-10 14:02:59.042706,34.0,33.0,45.0,50.0,79.0,83.0
BAL,,,,,,1.91,9.9,11.8,2.44,1.34,,2025-06-10 14:02:59.042706,26.0,38.0,51.0,46.0,77.0,84.0
LAA,,,,,,5.17,5.96,11.13,1.26,0.6,,2025-06-10 14:02:59.042706,31.0,34.0,45.0,52.0,76.0,86.0
PIT,,,,,,0.85,1.8,2.65,0.27,0.14,,2025-06-10 14:02:59.042706,27.0,40.0,45.0,50.0,72.0,90.0
WSN,,,,,,0.22,2.69,2.9,0.16,0.07,,2025-06-10 14:02:59.042706,30.0,35.0,42.0,54.0,72.0,89.0
ATH,,,,,,0.53,0.73,1.25,0.2,0.07,,2025-06-10 14:02:59.042706,26.0,42.0,43.0,51.0,69.0,93.0
MIA,,,,,,0.01,0.07,0.07,0.01,0.01,,2025-06-10 14:02:59.042706,24.0,40.0,39.0,58.0,63.0,98.0
CHW,,,,,,0.0,0.01,0.01,0.0,0.0,,2025-06-10 14:02:59.042706,22.0,44.0,38.0,58.0,60.0,102.0
COL,,,,,,0.0,0.0,0.0,0.0,0.0,,2025-06-10 14:02:59.042706,12.0,53.0,38.0,59.0,50.0,112.0
LAD,,,,,,71.5,22.58,94.08,28.94,16.62,,2025-06-11 14:02:52.460882,40.0,28.0,56.0,38.0,96.0,66.0
NYM,,,,,,66.48,25.12,91.61,18.55,9.36,,2025-06-11 14:02:52.460882,43.0,24.0,52.0,43.0,95.0,67.0
NYY,,,,,,57.58,30.04,87.63,19.12,9.62,,2025-06-11 14:02:52.460882,40.0,25.0,52.0,45.0,92.0,70.0
DET,,,,,,55.81,25.8,81.61,10.6,4.62,,2025-06-11 14:02:52.460882,44.0,24.0,47.0,47.0,91.0,71.0
CHC,,,,,,58.6,18.76,77.36,10.44,4.81,,2025-06-11 14:02:52.460882,41.0,26.0,49.0,46.0,90.0,72.0
PHI,,,,,,29.24,44.42,73.67,12.55,6.31,,2025-06-11 14:02:52.460882,38.0,29.0,51.0,44.0,89.0,73.0
TOR,,,,,,24.91,43.06,67.97,11.73,5.56,,2025-06-11 14:02:52.460882,37.0,30.0,50.0,44.0,87.0,74.0
MIN,,,,,,28.68,32.82,61.5,11.34,5.68,,2025-06-11 14:02:52.460882,35.0,31.0,51.0,44.0,86.0,75.0
HOU,,,,,,42.13,18.91,61.03,9.96,4.76,,2025-06-11 14:02:52.460882,36.0,30.0,50.0,46.0,86.0,76.0
SDP,,,,,,12.46,43.09,55.55,5.91,2.63,,2025-06-11 14:02:52.460882,38.0,28.0,48.0,48.0,86.0,76.0
SFG,,,,,,11.16,39.65,50.81,4.55,1.95,,2025-06-11 14:02:52.460882,39.0,28.0,46.0,49.0,85.0,77.0
TBR,,,,,,10.97,34.3,45.27,5.79,2.64,,2025-06-11 14:02:52.460882,36.0,31.0,48.0,47.0,84.0,78.0
SEA,,,,,,33.05,19.41,52.46,10.27,5.37,,2025-06-11 14:02:52.460882,33.0,33.0,51.0,45.0,84.0,78.0
MIL,,,,,,15.26,19.27,34.52,3.54,1.67,,2025-06-11 14:02:52.460882,36.0,32.0,47.0,47.0,83.0,79.0
ARI,,,,,,4.87,30.25,35.12,4.81,2.4,,2025-06-11 14:02:52.460882,33.0,34.0,50.0,45.0,83.0,79.0
STL,,,,,,18.12,20.88,38.99,3.35,1.39,,2025-06-11 14:02:52.460882,36.0,31.0,47.0,48.0,83.0,79.0
CLE,,,,,,8.37,21.86,30.23,3.79,1.71,,2025-06-11 14:02:52.460882,34.0,32.0,48.0,47.0,82.0,79.0
ATL,,,,,,4.05,20.2,24.25,5.1,3.03,,2025-06-11 14:02:52.460882,28.0,38.0,53.0,41.0,81.0,79.0
BOS,,,,,,4.98,22.61,27.58,4.64,2.46,,2025-06-11 14:02:52.460882,33.0,36.0,48.0,45.0,81.0,81.0
TEX,,,,,,18.11,15.1,33.22,5.61,2.95,,2025-06-11 14:02:52.460882,32.0,35.0,49.0,46.0,81.0,81.0
CIN,,,,,,7.33,12.29,19.62,1.85,0.91,,2025-06-11 14:02:52.460882,35.0,33.0,45.0,49.0,80.0,82.0
KCR,,,,,,7.14,19.2,26.35,3.25,1.39,,2025-06-11 14:02:52.460882,34.0,33.0,46.0,49.0,80.0,82.0
BAL,,,,,,1.55,9.44,11.0,2.3,1.27,,2025-06-11 14:02:52.460882,26.0,39.0,51.0,45.0,77.0,84.0
LAA,,,,,,6.3,6.78,13.08,1.43,0.62,,2025-06-11 14:02:52.460882,32.0,34.0,45.0,51.0,77.0,85.0
WSN,,,,,,0.21,2.12,2.33,0.17,0.07,,2025-06-11 14:02:52.460882,30.0,36.0,42.0,53.0,72.0,89.0
PIT,,,,,,0.69,1.29,1.98,0.23,0.1,,2025-06-11 14:02:52.460882,27.0,41.0,44.0,50.0,71.0,91.0
ATH,,,,,,0.4,0.65,1.05,0.18,0.06,,2025-06-11 14:02:52.460882,26.0,43.0,43.0,50.0,69.0,93.0
MIA,,,,,,0.01,0.11,0.12,0.01,0.01,,2025-06-11 14:02:52.460882,25.0,40.0,39.0,57.0,64.0,97.0
CHW,,,,,,0.01,0.02,0.03,0.0,0.0,,2025-06-11 14:02:52.460882,23.0,44.0,38.0,57.0,61.0,101.0
COL,,,,,,0.0,0.0,0.0,0.0,0.0,,2025-06-11 14:02:52.460882,12.0,54.0,37.0,59.0,49.0,113.0
LAD,,,,,,73.0,22.0,95.0,28.8,16.75,,2025-06-12 14:02:48.200275,41.0,28.0,55.0,38.0,96.0,66.0
NYM,,,,,,66.5,26.05,92.54,18.51,9.75,,2025-06-12 14:02:48.200275,44.0,24.0,51.0,43.0,95.0,67.0
NYY,,,,,,58.9,29.79,88.69,18.98,9.25,,2025-06-12 14:02:48.200275,41.0,25.0,52.0,44.0,93.0,69.0
CHC,,,,,,58.63,16.93,75.56,10.18,4.84,,2025-06-12 14:02:48.200275,41.0,27.0,49.0,45.0,90.0,72.0
PHI,,,,,,29.29,45.99,75.28,13.08,6.93,,2025-06-12 14:02:48.200275,39.0,29.0,51.0,43.0,90.0,72.0
DET,,,,,,52.9,27.14,80.03,10.65,4.32,,2025-06-12 14:02:48.200275,44.0,25.0,46.0,47.0,90.0,72.0
TOR,,,,,,25.21,44.92,70.14,11.97,5.78,,2025-06-12 14:02:48.200275,38.0,30.0,50.0,43.0,88.0,73.0
MIN,,,,,,31.23,32.58,63.81,11.82,5.79,,2025-06-12 14:02:48.200275,36.0,31.0,51.0,43.0,87.0,74.0
HOU,,,,,,46.45,17.35,63.8,10.29,4.9,,2025-06-12 14:02:48.200275,37.0,30.0,50.0,45.0,87.0,75.0
SDP,,,,,,10.94,42.82,53.76,5.46,2.64,,2025-06-12 14:02:48.200275,38.0,29.0,48.0,47.0,86.0,76.0
SFG,,,,,,10.88,41.16,52.03,4.41,1.81,,2025-06-12 14:02:48.200275,40.0,28.0,45.0,49.0,85.0,77.0
ARI,,,,,,5.18,33.29,38.48,5.12,2.45,,2025-06-12 14:02:48.200275,34.0,34.0,50.0,44.0,84.0,78.0
SEA,,,,,,29.99,19.07,49.06,9.42,4.75,,2025-06-12 14:02:48.200275,33.0,34.0,51.0,44.0,84.0,78.0
TBR,,,,,,8.75,34.05,42.8,5.86,2.74,,2025-06-12 14:02:48.200275,36.0,32.0,47.0,47.0,83.0,79.0
STL,,,,,,18.01,18.66,36.67,3.4,1.55,,2025-06-12 14:02:48.200275,36.0,32.0,47.0,47.0,83.0,79.0
MIL,,,,,,15.67,16.78,32.45,3.45,1.62,,2025-06-12 14:02:48.200275,36.0,33.0,46.0,47.0,82.0,80.0
BOS,,,,,,5.51,23.62,29.13,4.76,2.49,,2025-06-12 14:02:48.200275,34.0,36.0,48.0,44.0,82.0,80.0
ATL,,,,,,4.08,22.41,26.49,5.46,3.07,,2025-06-12 14:02:48.200275,29.0,38.0,53.0,40.0,82.0,78.0
CLE,,,,,,9.5,22.77,32.27,4.17,1.9,,2025-06-12 14:02:48.200275,35.0,32.0,47.0,47.0,82.0,79.0
TEX,,,,,,16.59,13.67,30.26,4.87,2.35,,2025-06-12 14:02:48.200275,32.0,36.0,49.0,45.0,81.0,81.0
KCR,,,,,,6.38,16.88,23.26,2.85,1.23,,2025-06-12 14:02:48.200275,34.0,34.0,46.0,48.0,80.0,82.0
CIN,,,,,,6.97,10.72,17.69,1.83,0.85,,2025-06-12 14:02:48.200275,35.0,34.0,44.0,49.0,79.0,83.0
BAL,,,,,,1.63,10.34,11.97,2.67,1.4,,2025-06-12 14:02:48.200275,27.0,39.0,50.0,45.0,77.0,84.0
LAA,,,,,,6.58,7.32,13.89,1.56,0.65,,2025-06-12 14:02:48.200275,33.0,34.0,44.0,51.0,77.0,85.0
PIT,,,,,,0.73,1.26,1.99,0.18,0.1,,2025-06-12 14:02:48.200275,28.0,41.0,43.0,50.0,71.0,91.0
WSN,,,,,,0.14,1.88,2.01,0.1,0.03,,2025-06-12 14:02:48.200275,30.0,37.0,41.0,53.0,71.0,90.0
ATH,,,,,,0.38,0.48,0.86,0.12,0.05,,2025-06-12 14:02:48.200275,26.0,44.0,42.0,50.0,68.0,94.0
MIA,,,,,,0.01,0.06,0.06,0.01,0.0,,2025-06-12 14:02:48.200275,25.0,41.0,38.0,57.0,63.0,98.0
CHW,,,,,,0.0,0.01,0.01,0.01,0.01,,2025-06-12 14:02:48.200275,23.0,45.0,37.0,57.0,60.0,102.0
COL,,,,,,0.0,0.0,0.0,0.0,0.0,,2025-06-12 14:02:48.200275,12.0,55.0,37.0,58.0,49.0,113.0
LAD,,,,,,73.41,21.34,94.75,28.68,16.61,,2025-06-13 14:00:45.923664,41.0,28.0,55.0,38.0,96.0,66.0
NYM,,,,,,68.7,24.81,93.51,19.16,9.84,,2025-06-13 14:00:45.923664,45.0,24.0,51.0,42.0,96.0,66.0
NYY,,,,,,60.62,29.79,90.41,19.34,9.46,,2025-06-13 14:00:45.923664,42.0,25.0,51.0,44.0,93.0,69.0
DET,,,,,,57.3,24.93,82.23,10.47,4.35,,2025-06-13 14:00:45.923664,45.0,25.0,46.0,46.0,91.0,71.0
PHI,,,,,,27.34,48.54,75.88,12.67,6.62,,2025-06-13 14:00:45.923664,39.0,29.0,51.0,43.0,90.0,72.0
CHC,,,,,,61.15,16.54,77.69,9.87,4.84,,2025-06-13 14:00:45.923664,42.0,27.0,48.0,45.0,90.0,72.0
TOR,,,,,,24.23,45.65,69.88,11.87,5.8,,2025-06-13 14:00:45.923664,38.0,30.0,50.0,43.0,88.0,73.0
HOU,,,,,,46.72,18.04,64.75,10.87,5.08,,2025-06-13 14:00:45.923664,38.0,30.0,49.0,45.0,87.0,75.0
MIN,,,,,,27.4,32.77,60.17,11.04,5.42,,2025-06-13 14:00:45.923664,36.0,32.0,50.0,43.0,86.0,75.0
SDP,,,,,,11.04,42.13,53.17,5.81,2.56,,2025-06-13 14:00:45.923664,38.0,29.0,48.0,47.0,86.0,76.0
SFG,,,,,,10.08,39.52,49.6,4.86,2.05,,2025-06-13 14:00:45.923664,40.0,29.0,45.0,48.0,85.0,77.0
ARI,,,,,,5.47,32.61,38.07,4.92,2.38,,2025-06-13 14:00:45.923664,34.0,34.0,50.0,44.0,84.0,78.0
SEA,,,,,,28.99,19.71,48.7,9.39,4.73,,2025-06-13 14:00:45.923664,33.0,34.0,51.0,44.0,84.0,78.0
TBR,,,,,,8.76,33.66,42.41,5.94,2.91,,2025-06-13 14:00:45.923664,36.0,32.0,47.0,47.0,83.0,79.0
MIL,,,,,,16.12,18.84,34.97,3.52,1.69,,2025-06-13 14:00:45.923664,37.0,33.0,46.0,46.0,83.0,79.0
STL,,,,,,15.55,18.83,34.38,3.12,1.33,,2025-06-13 14:00:45.923664,36.0,33.0,46.0,47.0,82.0,80.0
BOS,,,,,,5.22,25.32,30.55,5.19,2.65,,2025-06-13 14:00:45.923664,34.0,36.0,48.0,44.0,82.0,80.0
ATL,,,,,,3.88,23.06,26.95,5.39,3.21,,2025-06-13 14:00:45.923664,29.0,38.0,53.0,40.0,82.0,78.0
CLE,,,,,,9.91,22.59,32.5,4.0,1.76,,2025-06-13 14:00:45.923664,35.0,32.0,47.0,47.0,82.0,79.0
TEX,,,,,,17.2,15.6,32.79,5.45,2.73,,2025-06-13 14:00:45.923664,33.0,36.0,48.0,45.0,81.0,81.0
KCR,,,,,,5.38,15.64,21.02,2.73,1.17,,2025-06-13 14:00:45.923664,34.0,35.0,46.0,47.0,80.0,82.0
CIN,,,,,,6.67,10.88,17.55,1.71,0.73,,2025-06-13 14:00:45.923664,35.0,34.0,44.0,49.0,79.0,83.0
BAL,,,,,,1.17,8.74,9.91,2.05,1.19,,2025-06-13 14:00:45.923664,27.0,40.0,50.0,44.0,77.0,84.0
LAA,,,,,,6.79,7.16,13.95,1.58,0.71,,2025-06-13 14:00:45.923664,33.0,34.0,44.0,51.0,77.0,85.0
PIT,,,,,,0.52,1.15,1.67,0.14,0.06,,2025-06-13 14:00:45.923664,28.0,42.0,43.0,49.0,71.0,91.0
WSN,,,,,,0.08,1.64,1.72,0.13,0.06,,2025-06-13 14:00:45.923664,30.0,38.0,41.0,52.0,71.0,90.0
ATH,,,,,,0.3,0.4,0.7,0.08,0.02,,2025-06-13 14:00:45.923664,26.0,44.0,42.0,50.0,68.0,94.0
MIA,,,,,,0.0,0.1,0.1,0.03,0.02,,2025-06-13 14:00:45.923664,25.0,41.0,39.0,56.0,64.0,97.0
CHW,,,,,,0.0,0.01,0.01,0.0,0.0,,2025-06-13 14:00:45.923664,23.0,46.0,37.0,56.0,60.0,102.0
COL,,,,,,0.0,0.0,0.0,0.0,0.0,,2025-06-13 14:00:45.923664,13.0,55.0,36.0,58.0,49.0,113.0
LAD,,,,,,70.98,22.93,93.92,28.18,16.66,,2025-06-14 13:55:57.592298,41.0,29.0,55.0,37.0,96.0,66.0
NYM,,,,,,64.27,28.05,92.31,18.2,9.52,,2025-06-14 13:55:57.592298,45.0,25.0,50.0,42.0,95.0,67.0
NYY,,,,,,59.08,29.68,88.77,19.46,9.38,,2025-06-14 13:55:57.592298,42.0,26.0,51.0,43.0,93.0,69.0
DET,,,,,,62.31,22.29,84.59,10.71,4.26,,2025-06-14 13:55:57.592298,46.0,25.0,45.0,46.0,91.0,71.0
PHI,,,,,,31.75,46.95,78.7,13.58,7.29,,2025-06-14 13:55:57.592298,40.0,29.0,50.0,43.0,90.0,72.0
CHC,,,,,,59.59,16.14,75.74,10.27,4.96,,2025-06-14 13:55:57.592298,42.0,28.0,48.0,44.0,90.0,72.0
TOR,,,,,,23.38,44.24,67.62,11.72,5.93,,2025-06-14 13:55:57.592298,38.0,31.0,49.0,43.0,87.0,74.0
HOU,,,,,,48.43,19.28,67.7,11.45,5.17,,2025-06-14 13:55:57.592298,39.0,30.0,48.0,45.0,87.0,75.0
MIN,,,,,,24.68,31.86,56.54,10.26,4.98,,2025-06-14 13:55:57.592298,36.0,33.0,50.0,42.0,86.0,75.0
SFG,,,,,,11.83,40.98,52.82,4.74,2.15,,2025-06-14 13:55:57.592298,41.0,29.0,45.0,47.0,86.0,76.0
SDP,,,,,,10.68,39.08,49.76,5.29,2.43,,2025-06-14 13:55:57.592298,38.0,30.0,47.0,47.0,85.0,77.0
ARI,,,,,,6.5,34.2,40.7,5.21,2.71,,2025-06-14 13:55:57.592298,35.0,34.0,49.0,44.0,84.0,78.0
SEA,,,,,,28.54,21.32,49.86,9.46,4.7,,2025-06-14 13:55:57.592298,34.0,34.0,50.0,44.0,84.0,78.0
TBR,,,,,,10.39,35.75,46.14,6.23,2.8,,2025-06-14 13:55:57.592298,37.0,32.0,47.0,46.0,84.0,78.0
MIL,,,,,,19.12,18.95,38.07,4.18,1.93,,2025-06-14 13:55:57.592298,38.0,33.0,45.0,46.0,83.0,79.0
STL,,,,,,14.28,16.76,31.04,2.9,1.28,,2025-06-14 13:55:57.592298,36.0,34.0,46.0,46.0,82.0,80.0
BOS,,,,,,5.9,26.11,32.01,5.27,2.52,,2025-06-14 13:55:57.592298,35.0,36.0,47.0,44.0,82.0,80.0
ATL,,,,,,3.89,23.76,27.64,5.6,3.34,,2025-06-14 13:55:57.592298,30.0,38.0,52.0,40.0,82.0,78.0
CLE,,,,,,8.24,21.69,29.94,3.79,1.58,,2025-06-14 13:55:57.592298,35.0,33.0,47.0,46.0,82.0,79.0
TEX,,,,,,17.32,17.12,34.45,5.64,2.74,,2025-06-14 13:55:57.592298,34.0,36.0,47.0,45.0,81.0,81.0
CIN,,,,,,6.25,9.64,15.9,1.61,0.71,,2025-06-14 13:55:57.592298,35.0,35.0,44.0,48.0,79.0,83.0
KCR,,,,,,4.77,14.08,18.85,2.42,1.12,,2025-06-14 13:55:57.592298,34.0,36.0,45.0,47.0,79.0,83.0
BAL,,,,,,1.26,9.15,10.41,2.02,1.09,,2025-06-14 13:55:57.592298,28.0,40.0,49.0,44.0,77.0,84.0
LAA,,,,,,5.3,6.86,12.16,1.41,0.52,,2025-06-14 13:55:57.592298,33.0,35.0,44.0,50.0,77.0,85.0
PIT,,,,,,0.75,1.24,1.99,0.21,0.1,,2025-06-14 13:55:57.592298,29.0,42.0,42.0,49.0,71.0,91.0
WSN,,,,,,0.08,1.23,1.31,0.06,0.04,,2025-06-14 13:55:57.592298,30.0,39.0,40.0,52.0,70.0,91.0
ATH,,,,,,0.4,0.56,0.97,0.17,0.07,,2025-06-14 13:55:57.592298,27.0,44.0,42.0,49.0,69.0,93.0
MIA,,,,,,0.01,0.08,0.09,0.0,0.0,,2025-06-14 13:55:57.592298,26.0,41.0,38.0,56.0,64.0,97.0
CHW,,,,,,0.0,0.01,0.01,0.0,0.0,,2025-06-14 13:55:57.592298,23.0,47.0,36.0,56.0,59.0,103.0
COL,,,,,,0.0,0.0,0.0,0.0,0.0,,2025-06-14 13:55:57.592298,13.0,56.0,36.0,57.0,49.0,113.0
LAD,,,,,,73.53,21.23,94.77,28.64,16.78,,2025-06-15 13:55:27.097291,42.0,29.0,54.0,37.0,96.0,66.0
NYM,,,,,,59.51,31.57,91.09,17.82,9.19,,2025-06-15 13:55:27.097291,45.0,26.0,49.0,42.0,94.0,68.0
NYY,,,,,,56.8,30.39,87.19,18.91,9.23,,2025-06-15 13:55:27.097291,42.0,27.0,50.0,43.0,92.0,70.0
PHI,,,,,,35.75,44.48,80.23,14.06,7.41,,2025-06-15 13:55:27.097291,41.0,29.0,50.0,42.0,91.0,71.0
DET,,,,,,61.59,20.87,82.47,10.82,4.36,,2025-06-15 13:55:27.097291,46.0,26.0,45.0,45.0,91.0,71.0
CHC,,,,,,60.45,16.5,76.95,9.88,4.82,,2025-06-15 13:55:27.097291,43.0,28.0,47.0,44.0,90.0,72.0
HOU,,,,,,49.0,21.38,70.38,11.11,4.96,,2025-06-15 13:55:27.097291,40.0,30.0,48.0,44.0,88.0,74.0
TOR,,,,,,21.57,42.19,63.75,10.82,5.42,,2025-06-15 13:55:27.097291,38.0,32.0,49.0,42.0,87.0,74.0
SDP,,,,,,9.18,37.52,46.69,5.07,2.34,,2025-06-15 13:55:27.097291,38.0,31.0,47.0,46.0,85.0,77.0
SFG,,,,,,10.67,39.45,50.11,4.52,1.92,,2025-06-15 13:55:27.097291,41.0,30.0,44.0,47.0,85.0,77.0
MIN,,,,,,25.25,28.84,54.1,9.7,4.63,,2025-06-15 13:55:27.097291,36.0,34.0,49.0,42.0,85.0,76.0
ARI,,,,,,6.62,35.98,42.6,5.38,2.7,,2025-06-15 13:55:27.097291,36.0,34.0,49.0,43.0,85.0,77.0
SEA,,,,,,28.93,23.61,52.54,10.3,5.3,,2025-06-15 13:55:27.097291,35.0,34.0,50.0,43.0,85.0,77.0
TBR,,,,,,12.7,37.05,49.74,6.73,3.07,,2025-06-15 13:55:27.097291,38.0,32.0,46.0,46.0,84.0,78.0
MIL,,,,,,16.38,18.0,34.38,3.48,1.5,,2025-06-15 13:55:27.097291,38.0,34.0,45.0,45.0,83.0,79.0
ATL,,,,,,4.66,24.98,29.64,6.09,3.57,,2025-06-15 13:55:27.097291,31.0,38.0,52.0,39.0,83.0,77.0
BOS,,,,,,7.15,27.82,34.97,5.8,2.83,,2025-06-15 13:55:27.097291,36.0,36.0,47.0,43.0,83.0,79.0
STL,,,,,,15.72,17.48,33.2,3.08,1.41,,2025-06-15 13:55:27.097291,37.0,34.0,45.0,46.0,82.0,80.0
TEX,,,,,,17.42,19.18,36.6,6.07,3.0,,2025-06-15 13:55:27.097291,35.0,36.0,47.0,44.0,82.0,80.0
CLE,,,,,,8.79,19.07,27.87,3.45,1.64,,2025-06-15 13:55:27.097291,35.0,34.0,46.0,46.0,81.0,80.0
CIN,,,,,,6.92,10.76,17.68,1.69,0.78,,2025-06-15 13:55:27.097291,36.0,35.0,43.0,48.0,79.0,83.0
KCR,,,,,,4.36,12.01,16.36,2.17,0.97,,2025-06-15 13:55:27.097291,34.0,37.0,45.0,46.0,79.0,83.0
BAL,,,,,,1.79,10.68,12.47,2.67,1.48,,2025-06-15 13:55:27.097291,29.0,40.0,49.0,43.0,78.0,83.0
LAA,,,,,,4.36,6.3,10.66,1.34,0.54,,2025-06-15 13:55:27.097291,33.0,36.0,43.0,50.0,76.0,86.0
PIT,,,,,,0.53,1.03,1.56,0.22,0.09,,2025-06-15 13:55:27.097291,29.0,43.0,42.0,48.0,71.0,91.0
WSN,,,,,,0.07,0.92,1.0,0.06,0.03,,2025-06-15 13:55:27.097291,30.0,40.0,40.0,51.0,70.0,91.0
ATH,,,,,,0.29,0.6,0.89,0.1,0.06,,2025-06-15 13:55:27.097291,28.0,44.0,41.0,49.0,69.0,93.0
MIA,,,,,,0.01,0.1,0.1,0.03,0.01,,2025-06-15 13:55:27.097291,27.0,41.0,38.0,55.0,65.0,96.0
CHW,,,,,,0.0,0.01,0.01,0.0,0.0,,2025-06-15 13:55:27.097291,23.0,48.0,36.0,55.0,59.0,103.0
COL,,,,,,0.0,0.0,0.0,0.0,0.0,,2025-06-15 13:55:27.097291,13.0,57.0,36.0,56.0,49.0,113.0
LAD,,,,,,75.91,19.43,95.34,29.59,17.38,,2025-06-16 14:04:10.132597,43.0,29.0,54.0,36.0,97.0,65.0
NYM,,,,,,56.38,33.9,90.28,17.69,9.29,,2025-06-16 14:04:10.132597,45.0,27.0,49.0,41.0,94.0,68.0
NYY,,,,,,53.83,31.7,85.53,18.59,9.13,,2025-06-16 14:04:10.132597,42.0,28.0,50.0,42.0,92.0,70.0
CHC,,,,,,64.09,15.46,79.54,10.27,4.92,,2025-06-16 14:04:10.132597,44.0,28.0,47.0,43.0,91.0,71.0
PHI,,,,,,39.68,43.09,82.77,14.21,7.33,,2025-06-16 14:04:10.132597,42.0,29.0,49.0,42.0,91.0,71.0
DET,,,,,,62.51,18.84,81.35,10.83,4.42,,2025-06-16 14:04:10.132597,46.0,27.0,44.0,45.0,90.0,72.0
HOU,,,,,,49.45,23.46,72.91,12.04,5.61,,2025-06-16 14:04:10.132597,41.0,30.0,47.0,44.0,88.0,74.0
TOR,,,,,,21.24,41.28,62.52,10.52,5.06,,2025-06-16 14:04:10.132597,38.0,33.0,48.0,42.0,86.0,75.0
SFG,,,,,,9.78,41.77,51.54,4.91,2.16,,2025-06-16 14:04:10.132597,41.0,31.0,45.0,45.0,86.0,76.0
SDP,,,,,,8.8,40.69,49.49,4.87,2.27,,2025-06-16 14:04:10.132597,39.0,31.0,46.0,46.0,85.0,77.0
SEA,,,,,,29.44,25.86,55.3,10.76,5.17,,2025-06-16 14:04:10.132597,36.0,34.0,49.0,43.0,85.0,77.0
TBR,,,,,,15.54,38.23,53.77,7.31,3.33,,2025-06-16 14:04:10.132597,39.0,32.0,46.0,45.0,85.0,77.0
MIN,,,,,,25.07,26.83,51.91,9.27,4.49,,2025-06-16 14:04:10.132597,36.0,35.0,49.0,41.0,85.0,76.0
ARI,,,,,,5.51,33.97,39.48,5.28,2.71,,2025-06-16 14:04:10.132597,36.0,35.0,48.0,43.0,84.0,78.0
BOS,,,,,,7.4,27.44,34.84,5.29,2.5,,2025-06-16 14:04:10.132597,37.0,36.0,46.0,43.0,83.0,79.0
MIL,,,,,,16.25,19.54,35.79,3.69,1.8,,2025-06-16 14:04:10.132597,39.0,34.0,44.0,45.0,83.0,79.0
STL,,,,,,12.38,17.54,29.93,2.37,1.06,,2025-06-16 14:04:10.132597,37.0,35.0,45.0,45.0,82.0,80.0
ATL,,,,,,3.89,21.7,25.59,5.21,3.21,,2025-06-16 14:04:10.132597,31.0,39.0,51.0,39.0,82.0,78.0
TEX,,,,,,17.72,20.44,38.16,6.17,2.98,,2025-06-16 14:04:10.132597,36.0,36.0,46.0,44.0,82.0,80.0
CLE,,,,,,8.12,17.2,25.31,3.2,1.45,,2025-06-16 14:04:10.132597,35.0,35.0,46.0,45.0,81.0,80.0
CIN,,,,,,6.9,11.4,18.3,1.76,0.78,,2025-06-16 14:04:10.132597,37.0,35.0,43.0,47.0,80.0,82.0
BAL,,,,,,1.99,11.04,13.03,2.8,1.44,,2025-06-16 14:04:10.132597,30.0,40.0,48.0,43.0,78.0,83.0
KCR,,,,,,4.3,10.66,14.95,1.91,0.89,,2025-06-16 14:04:10.132597,34.0,38.0,44.0,46.0,78.0,84.0
LAA,,,,,,3.06,6.22,9.29,1.17,0.48,,2025-06-16 14:04:10.132597,33.0,37.0,43.0,49.0,76.0,86.0
PIT,,,,,,0.38,0.77,1.15,0.14,0.06,,2025-06-16 14:04:10.132597,29.0,44.0,41.0,48.0,70.0,92.0
ATH,,,,,,0.32,0.79,1.11,0.14,0.07,,2025-06-16 14:04:10.132597,29.0,44.0,41.0,48.0,70.0,92.0
WSN,,,,,,0.05,0.66,0.71,0.03,0.02,,2025-06-16 14:04:10.132597,30.0,41.0,39.0,51.0,69.0,92.0
MIA,,,,,,0.01,0.1,0.1,0.0,0.0,,2025-06-16 14:04:10.132597,28.0,41.0,37.0,55.0,65.0,96.0
CHW,,,,,,0.0,0.01,0.01,0.0,0.0,,2025-06-16 14:04:10.132597,23.0,49.0,36.0,54.0,59.0,103.0
COL,,,,,,0.0,0.0,0.0,0.0,0.0,,2025-06-16 14:04:10.132597,14.0,57.0,35.0,56.0,49.0,113.0
LAD,,,,,,77.4,18.6,96.0,29.45,17.5,,2025-06-17 14:03:15.684392,44.0,29.0,53.0,36.0,97.0,65.0
NYM,,,,,,54.92,35.5,90.42,17.71,9.1,,2025-06-17 14:03:15.684392,45.0,27.0,49.0,41.0,94.0,68.0
PHI,,,,,,41.3,42.72,84.02,14.49,7.53,,2025-06-17 14:03:15.684392,43.0,29.0,49.0,41.0,92.0,70.0
CHC,,,,,,63.17,15.89,79.05,10.46,4.71,,2025-06-17 14:03:15.684392,44.0,28.0,47.0,43.0,91.0,71.0
NYY,,,,,,50.84,33.68,84.52,17.93,8.91,,2025-06-17 14:03:15.684392,42.0,29.0,49.0,42.0,91.0,71.0
DET,,,,,,62.54,18.91,81.45,11.07,4.64,,2025-06-17 14:03:15.684392,46.0,27.0,44.0,45.0,90.0,72.0
HOU,,,,,,48.97,21.97,70.94,11.46,5.1,,2025-06-17 14:03:15.684392,41.0,31.0,47.0,43.0,88.0,74.0
TOR,,,,,,21.64,40.16,61.8,10.64,5.3,,2025-06-17 14:03:15.684392,38.0,33.0,48.0,42.0,86.0,75.0
SDP,,,,,,7.87,39.25,47.12,4.61,2.17,,2025-06-17 14:03:15.684392,39.0,32.0,46.0,45.0,85.0,77.0
SFG,,,,,,9.57,42.05,51.62,4.59,1.94,,2025-06-17 14:03:15.684392,41.0,31.0,44.0,46.0,85.0,77.0
SEA,,,,,,28.22,24.41,52.63,10.17,5.21,,2025-06-17 14:03:15.684392,36.0,35.0,49.0,42.0,85.0,77.0
TBR,,,,,,17.61,38.7,56.32,7.69,3.45,,2025-06-17 14:03:15.684392,40.0,32.0,45.0,45.0,85.0,77.0
MIN,,,,,,24.79,27.28,52.06,9.71,4.75,,2025-06-17 14:03:15.684392,36.0,35.0,49.0,41.0,85.0,76.0
ARI,,,,,,5.16,33.83,38.98,5.03,2.45,,2025-06-17 14:03:15.684392,36.0,35.0,48.0,43.0,84.0,78.0
BOS,,,,,,8.24,29.2,37.44,5.67,2.58,,2025-06-17 14:03:15.684392,38.0,36.0,45.0,43.0,83.0,79.0
MIL,,,,,,16.95,19.76,36.71,3.58,1.73,,2025-06-17 14:03:15.684392,39.0,34.0,44.0,45.0,83.0,79.0
STL,,,,,,12.73,17.62,30.35,2.6,1.23,,2025-06-17 14:03:15.684392,37.0,35.0,45.0,45.0,82.0,80.0
ATL,,,,,,3.77,21.43,25.2,5.29,3.19,,2025-06-17 14:03:15.684392,31.0,39.0,51.0,39.0,82.0,78.0
TEX,,,,,,18.18,19.88,38.05,6.22,3.06,,2025-06-17 14:03:15.684392,36.0,36.0,46.0,44.0,82.0,80.0
CLE,,,,,,8.02,17.35,25.36,3.3,1.55,,2025-06-17 14:03:15.684392,35.0,35.0,46.0,45.0,81.0,80.0
CIN,,,,,,6.82,11.84,18.66,1.94,0.88,,2025-06-17 14:03:15.684392,37.0,35.0,43.0,47.0,80.0,82.0
KCR,,,,,,4.66,10.85,15.5,2.2,1.03,,2025-06-17 14:03:15.684392,34.0,38.0,44.0,46.0,78.0,84.0
BAL,,,,,,1.67,9.97,11.63,2.43,1.23,,2025-06-17 14:03:15.684392,30.0,41.0,47.0,43.0,77.0,84.0
LAA,,,,,,4.23,6.66,10.88,1.3,0.58,,2025-06-17 14:03:15.684392,34.0,37.0,43.0,48.0,77.0,85.0
PIT,,,,,,0.33,0.78,1.1,0.15,0.07,,2025-06-17 14:03:15.684392,29.0,44.0,42.0,47.0,71.0,91.0
ATH,,,,,,0.41,0.98,1.4,0.2,0.08,,2025-06-17 14:03:15.684392,30.0,44.0,41.0,47.0,71.0,91.0
WSN,,,,,,0.01,0.66,0.66,0.1,0.04,,2025-06-17 14:03:15.684392,30.0,42.0,39.0,50.0,69.0,92.0
MIA,,,,,,0.01,0.08,0.09,0.01,0.01,,2025-06-17 14:03:15.684392,28.0,42.0,37.0,54.0,65.0,96.0
CHW,,,,,,0.0,0.01,0.01,0.0,0.0,,2025-06-17 14:03:15.684392,23.0,49.0,36.0,54.0,59.0,103.0
COL,,,,,,0.0,0.0,0.0,0.0,0.0,,2025-06-17 14:03:15.684392,15.0,57.0,35.0,55.0,50.0,112.0
LAD,,,,,,80.79,16.09,96.89,30.06,17.52,,2025-06-18 14:03:25.225178,45.0,29.0,52.0,36.0,97.0,65.0
NYM,,,,,,55.02,34.17,89.19,16.86,8.61,,2025-06-18 14:03:25.225178,45.0,28.0,48.0,41.0,93.0,69.0
PHI,,,,,,40.04,42.43,82.47,13.96,7.41,,2025-06-18 14:03:25.225178,43.0,30.0,48.0,41.0,91.0,71.0
CHC,,,,,,65.36,16.21,81.58,10.64,4.88,,2025-06-18 14:03:25.225178,45.0,28.0,46.0,43.0,91.0,71.0
NYY,,,,,,48.69,33.81,82.5,17.55,8.81,,2025-06-18 14:03:25.225178,42.0,30.0,49.0,41.0,91.0,71.0
DET,,,,,,65.65,17.94,83.59,11.53,4.74,,2025-06-18 14:03:25.225178,47.0,27.0,44.0,44.0,91.0,71.0
HOU,,,,,,49.7,22.23,71.94,11.67,5.35,,2025-06-18 14:03:25.225178,42.0,31.0,46.0,43.0,88.0,74.0
TOR,,,,,,24.92,40.48,65.4,11.47,5.5,,2025-06-18 14:03:25.225178,39.0,33.0,48.0,41.0,87.0,74.0
SEA,,,,,,30.42,25.45,55.87,10.43,5.38,,2025-06-18 14:03:25.225178,37.0,35.0,48.0,42.0,85.0,77.0
SFG,,,,,,8.28,40.8,49.08,4.63,2.14,,2025-06-18 14:03:25.225178,41.0,32.0,44.0,45.0,85.0,77.0
TBR,,,,,,16.45,37.27,53.72,7.25,3.4,,2025-06-18 14:03:25.225178,40.0,33.0,45.0,44.0,85.0,77.0
MIN,,,,,,20.59,27.12,47.71,8.87,4.34,,2025-06-18 14:03:25.225178,36.0,36.0,48.0,41.0,84.0,77.0
SDP,,,,,,6.55,38.59,45.13,4.71,2.09,,2025-06-18 14:03:25.225178,39.0,33.0,45.0,45.0,84.0,78.0
ARI,,,,,,4.38,33.15,37.52,4.67,2.37,,2025-06-18 14:03:25.225178,36.0,36.0,48.0,42.0,84.0,78.0
BOS,,,,,,7.83,26.45,34.28,5.21,2.38,,2025-06-18 14:03:25.225178,38.0,37.0,45.0,42.0,83.0,79.0
MIL,,,,,,14.0,20.47,34.47,3.41,1.54,,2025-06-18 14:03:25.225178,39.0,35.0,44.0,44.0,83.0,79.0
STL,,,,,,13.11,19.57,32.67,2.71,1.24,,2025-06-18 14:03:25.225178,38.0,35.0,44.0,45.0,82.0,80.0
ATL,,,,,,4.92,23.49,28.42,6.17,3.69,,2025-06-18 14:03:25.225178,32.0,39.0,50.0,39.0,82.0,78.0
TEX,,,,,,14.95,19.66,34.62,5.79,2.77,,2025-06-18 14:03:25.225178,36.0,37.0,46.0,43.0,82.0,80.0
CLE,,,,,,8.65,19.26,27.91,3.68,1.73,,2025-06-18 14:03:25.225178,36.0,35.0,45.0,45.0,81.0,80.0
CIN,,,,,,7.3,13.76,21.06,2.0,0.86,,2025-06-18 14:03:25.225178,38.0,35.0,42.0,47.0,80.0,82.0
KCR,,,,,,5.12,11.87,16.98,2.23,1.01,,2025-06-18 14:03:25.225178,35.0,38.0,44.0,45.0,79.0,83.0
BAL,,,,,,2.11,10.26,12.37,2.73,1.52,,2025-06-18 14:03:25.225178,31.0,41.0,47.0,42.0,78.0,83.0
LAA,,,,,,4.58,7.4,11.97,1.39,0.56,,2025-06-18 14:03:25.225178,35.0,37.0,42.0,48.0,77.0,85.0
PIT,,,,,,0.23,0.71,0.94,0.11,0.06,,2025-06-18 14:03:25.225178,29.0,45.0,41.0,47.0,70.0,92.0
ATH,,,,,,0.34,0.8,1.15,0.19,0.09,,2025-06-18 14:03:25.225178,30.0,45.0,40.0,47.0,70.0,92.0
WSN,,,,,,0.01,0.47,0.48,0.03,0.01,,2025-06-18 14:03:25.225178,30.0,43.0,38.0,50.0,68.0,93.0
MIA,,,,,,0.01,0.1,0.1,0.01,0.0,,2025-06-18 14:03:25.225178,29.0,42.0,36.0,54.0,65.0,96.0
CHW,,,,,,0.0,0.0,0.0,0.0,0.0,,2025-06-18 14:03:25.225178,23.0,50.0,35.0,54.0,58.0,104.0
COL,,,,,,0.0,0.0,0.0,0.0,0.0,,2025-06-18 14:03:25.225178,16.0,57.0,35.0,54.0,51.0,111.0
LAD,,,,,,84.25,13.31,97.56,29.75,17.48,,2025-06-19 14:01:14.006034,46.0,29.0,52.0,35.0,98.0,64.0
NYM,,,,,,51.31,37.08,88.39,17.0,8.65,,2025-06-19 14:01:14.006034,45.0,29.0,48.0,40.0,93.0,69.0
PHI,,,,,,43.4,41.68,85.08,14.79,7.56,,2025-06-19 14:01:14.006034,44.0,30.0,48.0,40.0,92.0,70.0
CHC,,,,,,64.7,16.24,80.94,10.21,4.82,,2025-06-19 14:01:14.006034,45.0,28.0,46.0,42.0,91.0,70.0
NYY,,,,,,43.82,36.78,80.61,16.77,8.48,,2025-06-19 14:01:14.006034,42.0,31.0,48.0,41.0,90.0,72.0
DET,,,,,,63.59,17.72,81.31,10.78,4.42,,2025-06-19 14:01:14.006034,47.0,27.0,43.0,44.0,90.0,71.0
HOU,,,,,,53.72,20.93,74.65,12.86,5.9,,2025-06-19 14:01:14.006034,43.0,31.0,46.0,42.0,89.0,73.0
TOR,,,,,,27.37,40.27,67.64,12.24,5.96,,2025-06-19 14:01:14.006034,40.0,33.0,47.0,41.0,87.0,74.0
TBR,,,,,,18.24,39.3,57.54,7.95,3.56,,2025-06-19 14:01:14.006034,41.0,33.0,45.0,43.0,86.0,76.0
SEA,,,,,,27.21,25.29,52.5,9.99,5.1,,2025-06-19 14:01:14.006034,37.0,36.0,48.0,41.0,85.0,77.0
MIN,,,,,,20.28,23.7,43.97,8.35,4.38,,2025-06-19 14:01:14.006034,36.0,37.0,48.0,40.0,84.0,77.0
SFG,,,,,,6.61,40.42,47.03,4.26,1.97,,2025-06-19 14:01:14.006034,41.0,33.0,43.0,45.0,84.0,78.0
SDP,,,,,,5.7,38.23,43.94,4.61,2.16,,2025-06-19 14:01:14.006034,39.0,34.0,45.0,44.0,84.0,78.0
BOS,,,,,,8.92,28.36,37.28,6.02,2.82,,2025-06-19 14:01:14.006034,39.0,37.0,44.0,42.0,83.0,79.0
ARI,,,,,,3.44,31.86,35.3,4.44,2.33,,2025-06-19 14:01:14.006034,36.0,37.0,47.0,42.0,83.0,79.0
ATL,,,,,,5.27,27.77,33.03,6.61,3.75,,2025-06-19 14:01:14.006034,33.0,39.0,50.0,38.0,83.0,77.0
MIL,,,,,,13.41,18.94,32.34,3.38,1.55,,2025-06-19 14:01:14.006034,39.0,35.0,43.0,44.0,82.0,79.0
CLE,,,,,,10.42,19.71,30.14,3.69,1.6,,2025-06-19 14:01:14.006034,37.0,35.0,45.0,44.0,82.0,79.0
TEX,,,,,,13.55,17.91,31.46,5.24,2.44,,2025-06-19 14:01:14.006034,36.0,38.0,45.0,43.0,81.0,81.0
STL,,,,,,12.29,18.14,30.43,2.63,1.11,,2025-06-19 14:01:14.006034,38.0,35.0,43.0,45.0,81.0,80.0
CIN,,,,,,9.41,15.37,24.78,2.2,0.96,,2025-06-19 14:01:14.006034,39.0,35.0,42.0,46.0,81.0,81.0
KCR,,,,,,5.71,12.38,18.09,2.38,1.12,,2025-06-19 14:01:14.006034,36.0,38.0,43.0,45.0,79.0,83.0
LAA,,,,,,5.27,8.22,13.49,1.42,0.6,,2025-06-19 14:01:14.006034,36.0,37.0,42.0,47.0,78.0,84.0
BAL,,,,,,1.65,8.91,10.56,2.25,1.16,,2025-06-19 14:01:14.006034,31.0,42.0,46.0,42.0,77.0,84.0
PIT,,,,,,0.2,0.56,0.77,0.07,0.01,,2025-06-19 14:01:14.006034,29.0,45.0,41.0,46.0,70.0,91.0
ATH,,,,,,0.24,0.52,0.77,0.1,0.06,,2025-06-19 14:01:14.006034,30.0,46.0,40.0,46.0,70.0,92.0
WSN,,,,,,0.03,0.3,0.33,0.04,0.01,,2025-06-19 14:01:14.006034,30.0,44.0,38.0,49.0,68.0,93.0
MIA,,,,,,0.01,0.07,0.08,0.01,0.01,,2025-06-19 14:01:14.006034,29.0,43.0,36.0,53.0,65.0,96.0
CHW,,,,,,0.0,0.0,0.0,0.0,0.0,,2025-06-19 14:01:14.006034,23.0,50.0,35.0,53.0,58.0,103.0
COL,,,,,,0.0,0.0,0.0,0.0,0.0,,2025-06-19 14:01:14.006034,17.0,57.0,34.0,54.0,51.0,111.0
LAD,,,,,,81.16,15.65,96.81,29.27,17.35,,2025-06-20 14:01:03.005595,46.0,30.0,51.0,35.0,97.0,65.0
NYM,,,,,,47.43,38.92,86.36,16.16,8.4,,2025-06-20 14:01:03.005595,45.0,30.0,47.0,40.0,92.0,70.0
PHI,,,,,,46.81,38.34,85.15,15.24,8.15,,2025-06-20 14:01:03.005595,45.0,30.0,47.0,40.0,92.0,70.0
DET,,,,,,65.33,18.34,83.68,11.32,4.42,,2025-06-20 14:01:03.005595,48.0,28.0,43.0,43.0,91.0,71.0
CHC,,,,,,59.55,17.46,77.01,10.01,4.54,,2025-06-20 14:01:03.005595,45.0,29.0,45.0,42.0,90.0,71.0
NYY,,,,,,47.03,34.91,81.95,17.18,8.6,,2025-06-20 14:01:03.005595,43.0,31.0,47.0,41.0,90.0,72.0
HOU,,,,,,52.3,20.44,72.74,12.43,5.72,,2025-06-20 14:01:03.005595,43.0,32.0,45.0,42.0,88.0,74.0
TOR,,,,,,25.05,40.18,65.23,12.0,5.68,,2025-06-20 14:01:03.005595,40.0,34.0,47.0,40.0,87.0,74.0
SDP,,,,,,6.37,38.59,44.95,4.78,2.25,,2025-06-20 14:01:03.005595,40.0,34.0,45.0,43.0,85.0,77.0
SFG,,,,,,8.07,40.74,48.81,4.5,1.98,,2025-06-20 14:01:03.005595,42.0,33.0,43.0,44.0,85.0,77.0
SEA,,,,,,29.8,24.21,54.01,10.19,5.12,,2025-06-20 14:01:03.005595,37.0,36.0,48.0,41.0,85.0,77.0
TBR,,,,,,17.09,37.41,54.51,7.66,3.44,,2025-06-20 14:01:03.005595,41.0,34.0,44.0,43.0,85.0,77.0
MIN,,,,,,20.05,27.07,47.12,8.34,4.12,,2025-06-20 14:01:03.005595,37.0,37.0,47.0,40.0,84.0,77.0
ARI,,,,,,4.4,31.55,35.95,4.65,2.33,,2025-06-20 14:01:03.005595,37.0,37.0,47.0,41.0,84.0,78.0
STL,,,,,,17.57,19.66,37.23,3.16,1.5,,2025-06-20 14:01:03.005595,40.0,35.0,43.0,44.0,83.0,79.0
MIL,,,,,,14.71,18.23,32.95,3.65,1.73,,2025-06-20 14:01:03.005595,40.0,35.0,43.0,43.0,83.0,78.0
BOS,,,,,,8.79,29.79,38.58,5.76,2.63,,2025-06-20 14:01:03.005595,39.0,37.0,44.0,42.0,83.0,79.0
ATL,,,,,,5.7,27.03,32.73,6.51,3.73,,2025-06-20 14:01:03.005595,34.0,39.0,49.0,38.0,83.0,77.0
CLE,,,,,,8.49,18.98,27.48,3.67,1.64,,2025-06-20 14:01:03.005595,37.0,36.0,44.0,44.0,81.0,80.0
TEX,,,,,,12.71,15.82,28.52,4.81,2.4,,2025-06-20 14:01:03.005595,36.0,39.0,45.0,42.0,81.0,81.0
CIN,,,,,,7.99,12.7,20.69,1.93,0.88,,2025-06-20 14:01:03.005595,39.0,36.0,41.0,46.0,80.0,82.0
KCR,,,,,,6.12,14.29,20.41,2.6,1.18,,2025-06-20 14:01:03.005595,37.0,38.0,43.0,44.0,80.0,82.0
BAL,,,,,,2.04,10.46,12.5,2.56,1.47,,2025-06-20 14:01:03.005595,32.0,42.0,46.0,41.0,78.0,83.0
LAA,,,,,,4.91,7.33,12.24,1.31,0.58,,2025-06-20 14:01:03.005595,36.0,38.0,41.0,47.0,77.0,85.0
PIT,,,,,,0.18,0.73,0.91,0.1,0.07,,2025-06-20 14:01:03.005595,30.0,46.0,40.0,46.0,70.0,92.0
ATH,,,,,,0.28,0.77,1.04,0.15,0.08,,2025-06-20 14:01:03.005595,31.0,46.0,39.0,46.0,70.0,92.0
WSN,,,,,,0.05,0.36,0.4,0.03,0.03,,2025-06-20 14:01:03.005595,31.0,44.0,37.0,49.0,68.0,93.0
MIA,,,,,,0.01,0.06,0.07,0.01,0.0,,2025-06-20 14:01:03.005595,29.0,44.0,36.0,52.0,65.0,96.0
CHW,,,,,,0.0,0.0,0.0,0.0,0.0,,2025-06-20 14:01:03.005595,23.0,52.0,34.0,53.0,57.0,105.0
COL,,,,,,0.0,0.0,0.0,0.0,0.0,,2025-06-20 14:01:03.005595,17.0,58.0,34.0,53.0,51.0,111.0
LAD,,,,,,83.38,13.98,97.36,30.64,17.82,,2025-06-21 13:55:39.358333,47.0,30.0,51.0,34.0,98.0,64.0
PHI,,,,,,51.29,36.1,87.39,15.33,7.95,,2025-06-21 13:55:39.358333,46.0,30.0,46.0,40.0,92.0,70.0
NYM,,,,,,43.78,40.94,84.71,15.38,7.85,,2025-06-21 13:55:39.358333,45.0,31.0,47.0,39.0,92.0,70.0
CHC,,,,,,56.06,18.93,75.0,9.72,4.61,,2025-06-21 13:55:39.358333,45.0,30.0,45.0,41.0,90.0,71.0
NYY,,,,,,44.71,35.12,79.84,16.81,8.42,,2025-06-21 13:55:39.358333,43.0,32.0,47.0,40.0,90.0,72.0
DET,,,,,,63.84,17.9,81.74,10.87,4.55,,2025-06-21 13:55:39.358333,48.0,29.0,42.0,43.0,90.0,72.0
HOU,,,,,,53.56,22.09,75.65,12.52,5.75,,2025-06-21 13:55:39.358333,44.0,32.0,45.0,41.0,89.0,73.0
TBR,,,,,,19.57,37.61,57.18,8.06,3.71,,2025-06-21 13:55:39.358333,42.0,34.0,44.0,42.0,86.0,76.0
TOR,,,,,,23.14,38.04,61.18,11.07,5.38,,2025-06-21 13:55:39.358333,40.0,35.0,46.0,40.0,86.0,75.0
SFG,,,,,,6.69,39.3,46.0,4.23,1.93,,2025-06-21 13:55:39.358333,42.0,34.0,43.0,43.0,85.0,77.0
SEA,,,,,,29.78,26.85,56.62,10.9,5.37,,2025-06-21 13:55:39.358333,38.0,36.0,47.0,41.0,85.0,77.0
MIN,,,,,,20.14,23.32,43.46,8.21,4.12,,2025-06-21 13:55:39.358333,37.0,38.0,47.0,39.0,84.0,77.0
SDP,,,,,,5.46,37.74,43.2,4.29,1.94,,2025-06-21 13:55:39.358333,40.0,35.0,44.0,43.0,84.0,78.0
BOS,,,,,,10.4,30.0,40.41,6.21,2.94,,2025-06-21 13:55:39.358333,40.0,37.0,44.0,41.0,84.0,78.0
ARI,,,,,,4.46,34.52,38.98,4.69,2.42,,2025-06-21 13:55:39.358333,38.0,37.0,46.0,41.0,84.0,78.0
MIL,,,,,,17.53,20.13,37.66,3.86,1.7,,2025-06-21 13:55:39.358333,41.0,35.0,42.0,43.0,83.0,78.0
STL,,,,,,18.96,20.71,39.68,3.58,1.57,,2025-06-21 13:55:39.358333,41.0,35.0,42.0,44.0,83.0,79.0
ATL,,,,,,4.93,24.71,29.64,6.25,3.61,,2025-06-21 13:55:39.358333,34.0,40.0,49.0,37.0,83.0,77.0
CLE,,,,,,8.31,16.58,24.89,3.3,1.54,,2025-06-21 13:55:39.358333,37.0,37.0,44.0,43.0,81.0,80.0
TEX,,,,,,12.85,18.08,30.93,5.06,2.54,,2025-06-21 13:55:39.358333,37.0,39.0,44.0,42.0,81.0,81.0
CIN,,,,,,7.19,11.88,19.06,1.89,0.87,,2025-06-21 13:55:39.358333,39.0,37.0,41.0,45.0,80.0,82.0
KCR,,,,,,7.7,15.45,23.15,2.84,1.26,,2025-06-21 13:55:39.358333,38.0,38.0,42.0,44.0,80.0,82.0
BAL,,,,,,2.17,11.46,13.63,2.9,1.56,,2025-06-21 13:55:39.358333,33.0,42.0,45.0,41.0,78.0,83.0
LAA,,,,,,3.52,6.63,10.15,1.09,0.47,,2025-06-21 13:55:39.358333,36.0,39.0,41.0,46.0,77.0,85.0
ATH,,,,,,0.28,0.88,1.16,0.14,0.06,,2025-06-21 13:55:39.358333,32.0,46.0,39.0,45.0,71.0,91.0
PIT,,,,,,0.25,0.61,0.86,0.1,0.04,,2025-06-21 13:55:39.358333,30.0,47.0,40.0,45.0,70.0,92.0
WSN,,,,,,0.0,0.36,0.36,0.03,0.02,,2025-06-21 13:55:39.358333,31.0,45.0,37.0,48.0,68.0,93.0
MIA,,,,,,0.0,0.08,0.08,0.01,0.01,,2025-06-21 13:55:39.358333,30.0,44.0,35.0,52.0,65.0,96.0
CHW,,,,,,0.0,0.0,0.0,0.0,0.0,,2025-06-21 13:55:39.358333,24.0,52.0,34.0,52.0,58.0,104.0
COL,,,,,,0.0,0.0,0.0,0.0,0.0,,2025-06-21 13:55:39.358333,17.0,59.0,33.0,53.0,50.0,112.0
LAD,,,,,,79.83,16.52,96.34,29.25,17.41,,2025-06-22 13:55:33.832114,47.0,31.0,50.0,34.0,97.0,65.0
NYM,,,,,,48.22,38.19,86.41,16.38,8.82,,2025-06-22 13:55:33.832114,46.0,31.0,47.0,38.0,93.0,69.0
PHI,,,,,,46.44,38.08,84.52,14.84,7.44,,2025-06-22 13:55:33.832114,46.0,31.0,46.0,39.0,92.0,70.0
CHC,,,,,,57.67,18.83,76.5,10.2,4.7,,2025-06-22 13:55:33.832114,46.0,30.0,44.0,41.0,90.0,71.0
NYY,,,,,,46.8,35.53,82.33,17.53,8.83,,2025-06-22 13:55:33.832114,44.0,32.0,46.0,40.0,90.0,72.0
DET,,,,,,63.42,17.09,80.51,10.79,4.29,,2025-06-22 13:55:33.832114,48.0,30.0,42.0,42.0,90.0,72.0
HOU,,,,,,51.2,21.63,72.84,12.73,5.8,,2025-06-22 13:55:33.832114,44.0,33.0,44.0,41.0,88.0,74.0
TBR,,,,,,18.67,39.85,58.51,7.83,3.48,,2025-06-22 13:55:33.832114,43.0,34.0,43.0,42.0,86.0,76.0
TOR,,,,,,23.7,40.78,64.48,11.22,5.45,,2025-06-22 13:55:33.832114,41.0,35.0,45.0,40.0,86.0,75.0
SFG,,,,,,8.27,38.62,46.88,4.33,1.94,,2025-06-22 13:55:33.832114,43.0,34.0,42.0,43.0,85.0,77.0
SDP,,,,,,6.62,37.03,43.65,4.4,2.04,,2025-06-22 13:55:33.832114,41.0,35.0,44.0,42.0,85.0,77.0
ARI,,,,,,5.27,34.2,39.48,5.22,2.76,,2025-06-22 13:55:33.832114,39.0,37.0,46.0,40.0,85.0,77.0
SEA,,,,,,28.54,24.77,53.3,10.36,5.24,,2025-06-22 13:55:33.832114,38.0,37.0,47.0,40.0,85.0,77.0
MIL,,,,,,17.53,20.94,38.46,3.9,1.92,,2025-06-22 13:55:33.832114,42.0,35.0,42.0,42.0,84.0,77.0
STL,,,,,,19.26,22.02,41.28,3.65,1.54,,2025-06-22 13:55:33.832114,42.0,35.0,42.0,43.0,84.0,78.0
ATL,,,,,,5.31,25.23,30.54,6.25,3.65,,2025-06-22 13:55:33.832114,35.0,40.0,48.0,37.0,83.0,77.0
BOS,,,,,,8.87,29.1,37.97,5.42,2.51,,2025-06-22 13:55:33.832114,40.0,38.0,43.0,41.0,83.0,79.0
MIN,,,,,,19.02,21.9,40.92,7.47,3.64,,2025-06-22 13:55:33.832114,37.0,39.0,46.0,39.0,83.0,78.0
TEX,,,,,,15.25,18.92,34.16,5.75,2.79,,2025-06-22 13:55:33.832114,38.0,39.0,44.0,41.0,82.0,80.0
CLE,,,,,,10.14,18.11,28.25,3.74,1.67,,2025-06-22 13:55:33.832114,38.0,37.0,43.0,43.0,81.0,80.0
KCR,,,,,,7.41,13.41,20.82,2.68,1.12,,2025-06-22 13:55:33.832114,38.0,39.0,42.0,43.0,80.0,82.0
CIN,,,,,,5.38,9.55,14.93,1.49,0.76,,2025-06-22 13:55:33.832114,39.0,38.0,40.0,45.0,79.0,83.0
BAL,,,,,,1.97,10.67,12.65,2.93,1.51,,2025-06-22 13:55:33.832114,33.0,43.0,45.0,40.0,78.0,83.0
LAA,,,,,,4.75,7.51,12.26,1.44,0.6,,2025-06-22 13:55:33.832114,37.0,39.0,40.0,46.0,77.0,85.0
ATH,,,,,,0.27,0.73,1.0,0.12,0.06,,2025-06-22 13:55:33.832114,32.0,47.0,38.0,45.0,70.0,92.0
PIT,,,,,,0.17,0.43,0.6,0.06,0.02,,2025-06-22 13:55:33.832114,30.0,48.0,39.0,45.0,69.0,93.0
WSN,,,,,,0.03,0.3,0.33,0.03,0.01,,2025-06-22 13:55:33.832114,32.0,45.0,36.0,48.0,68.0,93.0
MIA,,,,,,0.01,0.06,0.07,0.01,0.01,,2025-06-22 13:55:33.832114,30.0,45.0,35.0,51.0,65.0,96.0
CHW,,,,,,0.0,0.0,0.0,0.0,0.0,,2025-06-22 13:55:33.832114,24.0,53.0,33.0,52.0,57.0,105.0
COL,,,,,,0.0,0.0,0.0,0.0,0.0,,2025-06-22 13:55:33.832114,17.0,60.0,33.0,52.0,50.0,112.0
LAD,,,,,,81.28,15.67,96.95,30.0,17.5,,2025-06-25 06:51:29.686685,48.0,31.0,49.0,33.0,97.0,64.0
PHI,,,,,,52.99,33.87,86.86,15.85,8.18,,2025-06-25 06:51:29.686685,47.0,31.0,45.0,38.0,92.0,69.0
NYM,,,,,,41.83,41.89,83.71,15.67,8.15,,2025-06-25 06:51:29.686685,46.0,33.0,45.0,37.0,91.0,70.0
DET,,,,,,68.04,15.57,83.6,11.0,4.46,,2025-06-25 06:51:29.686685,49.0,30.0,41.0,41.0,90.0,71.0
NYY,,,,,,50.16,33.52,83.67,17.97,8.77,,2025-06-25 06:51:29.686685,45.0,33.0,45.0,38.0,90.0,71.0
CHC,,,,,,52.64,19.38,72.02,9.17,4.58,,2025-06-25 06:51:29.686685,46.0,32.0,43.0,39.0,89.0,71.0
HOU,,,,,,52.4,24.43,76.82,13.54,6.4,,2025-06-25 06:51:29.686685,45.0,33.0,43.0,40.0,88.0,73.0
TOR,,,,,,23.02,39.02,62.04,11.02,5.28,,2025-06-25 06:51:29.686685,41.0,36.0,44.0,39.0,85.0,75.0
SEA,,,,,,32.57,28.99,61.56,11.7,6.0,,2025-06-25 06:51:29.686685,40.0,37.0,45.0,39.0,85.0,76.0
SFG,,,,,,8.8,41.57,50.37,4.62,2.06,,2025-06-25 06:51:29.686685,44.0,34.0,41.0,42.0,85.0,76.0
TBR,,,,,,17.8,38.81,56.62,7.03,3.11,,2025-06-25 06:51:29.686685,43.0,35.0,42.0,41.0,85.0,76.0
ARI,,,,,,4.42,33.56,37.99,4.69,2.35,,2025-06-25 06:51:29.686685,40.0,38.0,44.0,39.0,84.0,77.0
SDP,,,,,,5.49,36.84,42.34,4.12,1.84,,2025-06-25 06:51:29.686685,42.0,36.0,42.0,41.0,84.0,77.0
MIL,,,,,,18.28,19.81,38.09,3.88,1.85,,2025-06-25 06:51:29.686685,43.0,36.0,40.0,41.0,83.0,77.0
STL,,,,,,20.79,20.91,41.71,3.67,1.52,,2025-06-25 06:51:29.686685,43.0,36.0,40.0,42.0,83.0,78.0
BOS,,,,,,7.09,25.96,33.05,5.06,2.36,,2025-06-25 06:51:29.686685,40.0,40.0,42.0,39.0,82.0,79.0
ATL,,,,,,5.16,23.62,28.78,6.21,3.68,,2025-06-25 06:51:29.686685,36.0,41.0,46.0,36.0,82.0,77.0
MIN,,,,,,14.57,21.4,35.97,6.95,3.49,,2025-06-25 06:51:29.686685,37.0,41.0,45.0,37.0,82.0,78.0
CLE,,,,,,11.04,20.4,31.44,3.82,1.64,,2025-06-25 06:51:29.686685,39.0,37.0,42.0,42.0,81.0,79.0
CIN,,,,,,8.03,11.91,19.94,2.0,0.95,,2025-06-25 06:51:29.686685,41.0,38.0,39.0,43.0,80.0,81.0
TEX,,,,,,10.85,18.3,29.15,4.91,2.36,,2025-06-25 06:51:29.686685,38.0,41.0,42.0,40.0,80.0,81.0
KCR,,,,,,6.35,13.34,19.69,2.61,1.27,,2025-06-25 06:51:29.686685,38.0,40.0,41.0,42.0,79.0,82.0
BAL,,,,,,1.93,11.16,13.09,2.72,1.46,,2025-06-25 06:51:29.686685,34.0,44.0,44.0,38.0,78.0,82.0
LAA,,,,,,4.01,8.52,12.53,1.53,0.62,,2025-06-25 06:51:29.686685,38.0,40.0,39.0,44.0,77.0,84.0
PIT,,,,,,0.25,0.56,0.81,0.09,0.04,,2025-06-25 06:51:29.686685,32.0,48.0,38.0,43.0,70.0,91.0
ATH,,,,,,0.17,0.59,0.76,0.15,0.06,,2025-06-25 06:51:29.686685,32.0,48.0,37.0,44.0,69.0,92.0
WSN,,,,,,0.03,0.32,0.34,0.02,0.01,,2025-06-25 06:51:29.686685,33.0,46.0,35.0,46.0,68.0,92.0
MIA,,,,,,0.01,0.08,0.09,0.01,0.01,,2025-06-25 06:51:29.686685,31.0,45.0,34.0,50.0,65.0,95.0
CHW,,,,,,0.0,0.0,0.0,0.0,0.0,,2025-06-25 06:51:29.686685,25.0,54.0,32.0,50.0,57.0,104.0
COL,,,,,,0.0,0.0,0.0,0.0,0.0,,2025-06-25 06:51:29.686685,18.0,60.0,32.0,51.0,50.0,111.0
LAD,,,,,,81.56,15.39,96.95,29.83,17.46,,2025-06-25 14:04:58.782054,48.0,31.0,49.0,33.0,97.0,64.0
PHI,,,,,,52.95,33.96,86.91,15.9,8.2,,2025-06-25 14:04:58.782054,47.0,31.0,45.0,38.0,92.0,69.0
NYM,,,,,,41.82,41.91,83.73,15.79,8.21,,2025-06-25 14:04:58.782054,46.0,33.0,45.0,37.0,91.0,70.0
DET,,,,,,67.95,15.57,83.52,10.94,4.43,,2025-06-25 14:04:58.782054,49.0,30.0,41.0,41.0,90.0,71.0
NYY,,,,,,50.03,33.43,83.46,17.81,8.71,,2025-06-25 14:04:58.782054,45.0,33.0,45.0,38.0,90.0,71.0
CHC,,,,,,52.54,19.38,71.92,9.13,4.59,,2025-06-25 14:04:58.782054,46.0,32.0,43.0,39.0,89.0,71.0
HOU,,,,,,52.25,24.45,76.7,13.53,6.4,,2025-06-25 14:04:58.782054,45.0,33.0,43.0,40.0,88.0,73.0
TOR,,,,,,23.05,38.92,61.97,11.07,5.25,,2025-06-25 14:04:58.782054,41.0,36.0,44.0,39.0,85.0,75.0
SEA,,,,,,32.66,28.94,61.6,11.74,6.0,,2025-06-25 14:04:58.782054,40.0,37.0,45.0,39.0,85.0,76.0
SFG,,,,,,8.76,41.69,50.44,4.64,2.04,,2025-06-25 14:04:58.782054,44.0,34.0,41.0,42.0,85.0,76.0
TBR,,,,,,17.7,38.67,56.38,6.99,3.1,,2025-06-25 14:04:58.782054,43.0,35.0,42.0,41.0,85.0,76.0
ARI,,,,,,4.52,33.8,38.33,4.74,2.38,,2025-06-25 14:04:58.782054,40.0,38.0,44.0,39.0,84.0,77.0
SDP,,,,,,5.16,35.84,40.99,3.92,1.71,,2025-06-25 14:04:58.782054,42.0,36.0,42.0,41.0,84.0,77.0
MIL,,,,,,18.2,20.02,38.22,3.84,1.81,,2025-06-25 14:04:58.782054,43.0,36.0,40.0,41.0,83.0,77.0
STL,,,,,,21.04,21.12,42.16,3.72,1.54,,2025-06-25 14:04:58.782054,43.0,36.0,40.0,42.0,83.0,78.0
BOS,,,,,,7.16,25.86,33.02,5.1,2.37,,2025-06-25 14:04:58.782054,40.0,40.0,42.0,39.0,82.0,79.0
ATL,,,,,,5.2,24.0,29.2,6.35,3.79,,2025-06-25 14:04:58.782054,36.0,41.0,46.0,36.0,82.0,77.0
MIN,,,,,,14.64,21.38,36.02,6.91,3.46,,2025-06-25 14:04:58.782054,37.0,41.0,45.0,37.0,82.0,78.0
CLE,,,,,,11.05,20.36,31.41,3.8,1.62,,2025-06-25 14:04:58.782054,39.0,37.0,42.0,42.0,81.0,79.0
CIN,,,,,,7.99,11.92,19.91,2.0,0.93,,2025-06-25 14:04:58.782054,41.0,38.0,39.0,43.0,80.0,81.0
TEX,,,,,,10.88,18.34,29.23,4.9,2.39,,2025-06-25 14:04:58.782054,38.0,41.0,42.0,40.0,80.0,81.0
KCR,,,,,,6.35,13.31,19.66,2.57,1.24,,2025-06-25 14:04:58.782054,38.0,40.0,41.0,42.0,79.0,82.0
BAL,,,,,,2.06,11.72,13.78,2.94,1.59,,2025-06-25 14:04:58.782054,34.0,44.0,44.0,38.0,78.0,82.0
LAA,,,,,,4.03,8.48,12.5,1.55,0.63,,2025-06-25 14:04:58.782054,38.0,40.0,39.0,44.0,77.0,84.0
PIT,,,,,,0.24,0.57,0.81,0.1,0.05,,2025-06-25 14:04:58.782054,32.0,48.0,38.0,43.0,70.0,91.0
ATH,,,,,,0.18,0.57,0.75,0.14,0.06,,2025-06-25 14:04:58.782054,32.0,48.0,37.0,44.0,69.0,92.0
WSN,,,,,,0.02,0.32,0.34,0.02,0.01,,2025-06-25 14:04:58.782054,33.0,46.0,35.0,46.0,68.0,92.0
MIA,,,,,,0.01,0.08,0.09,0.01,0.01,,2025-06-25 14:04:58.782054,31.0,45.0,34.0,50.0,65.0,95.0
CHW,,,,,,0.0,0.0,0.0,0.0,0.0,,2025-06-25 14:04:58.782054,25.0,54.0,32.0,50.0,57.0,104.0
COL,,,,,,0.0,0.0,0.0,0.0,0.0,,2025-06-25 14:04:58.782054,18.0,60.0,32.0,51.0,50.0,111.0
LAD,,,,,,84.73,13.05,97.79,30.8,17.55,,2025-06-26 14:02:56.526264,50.0,31.0,48.0,33.0,98.0,64.0
NYM,,,,,,46.29,37.71,84.0,16.2,8.67,,2025-06-26 14:02:56.526264,47.0,34.0,45.0,36.0,92.0,70.0
PHI,,,,,,47.93,35.28,83.21,14.82,7.66,,2025-06-26 14:02:56.526264,47.0,33.0,44.0,38.0,91.0,71.0
DET,,,,,,69.3,14.7,84.0,11.31,4.43,,2025-06-26 14:02:56.526264,50.0,31.0,40.0,41.0,90.0,72.0
HOU,,,,,,55.86,24.84,80.7,14.29,6.55,,2025-06-26 14:02:56.526264,47.0,33.0,43.0,39.0,90.0,72.0
NYY,,,,,,48.93,34.23,83.17,17.61,8.92,,2025-06-26 14:02:56.526264,46.0,34.0,44.0,38.0,90.0,72.0
CHC,,,,,,49.79,21.28,71.06,8.89,4.25,,2025-06-26 14:02:56.526264,47.0,33.0,42.0,39.0,89.0,72.0
TOR,,,,,,22.73,39.11,61.85,11.04,5.37,,2025-06-26 14:02:56.526264,42.0,37.0,44.0,38.0,86.0,75.0
SEA,,,,,,27.84,32.67,60.52,11.43,5.92,,2025-06-26 14:02:56.526264,41.0,38.0,45.0,38.0,86.0,76.0
TBR,,,,,,22.14,40.26,62.4,8.03,3.52,,2025-06-26 14:02:56.526264,45.0,35.0,41.0,41.0,86.0,76.0
SDP,,,,,,5.97,41.26,47.23,4.58,2.17,,2025-06-26 14:02:56.526264,44.0,36.0,41.0,41.0,85.0,77.0
MIL,,,,,,22.54,22.47,45.01,4.78,2.21,,2025-06-26 14:02:56.526264,45.0,36.0,40.0,40.0,85.0,76.0
SFG,,,,,,5.59,37.52,43.11,3.89,1.75,,2025-06-26 14:02:56.526264,44.0,36.0,40.0,42.0,84.0,78.0
ARI,,,,,,3.7,32.95,36.65,4.61,2.42,,2025-06-26 14:02:56.526264,41.0,39.0,43.0,39.0,84.0,78.0
STL,,,,,,20.04,22.38,42.41,3.4,1.36,,2025-06-26 14:02:56.526264,44.0,37.0,40.0,41.0,84.0,78.0
ATL,,,,,,5.75,23.28,29.03,6.08,3.5,,2025-06-26 14:02:56.526264,37.0,42.0,46.0,35.0,83.0,77.0
CLE,,,,,,11.15,19.96,31.11,4.05,1.7,,2025-06-26 14:02:56.526264,40.0,38.0,42.0,41.0,82.0,79.0
TEX,,,,,,11.67,21.76,33.43,5.62,2.68,,2025-06-26 14:02:56.526264,40.0,41.0,42.0,39.0,82.0,80.0
MIN,,,,,,14.67,20.45,35.12,6.7,3.68,,2025-06-26 14:02:56.526264,38.0,42.0,44.0,37.0,82.0,79.0
CIN,,,,,,7.47,12.19,19.66,1.85,0.83,,2025-06-26 14:02:56.526264,42.0,39.0,39.0,42.0,81.0,81.0
BOS,,,,,,4.9,20.95,25.85,3.89,1.91,,2025-06-26 14:02:56.526264,40.0,42.0,41.0,39.0,81.0,81.0
KCR,,,,,,4.88,10.61,15.48,2.11,0.91,,2025-06-26 14:02:56.526264,38.0,42.0,40.0,42.0,78.0,84.0
LAA,,,,,,4.5,11.32,15.82,1.71,0.78,,2025-06-26 14:02:56.526264,40.0,40.0,38.0,44.0,78.0,84.0
BAL,,,,,,1.29,8.57,9.86,2.08,1.15,,2025-06-26 14:02:56.526264,34.0,46.0,43.0,38.0,77.0,84.0
ATH,,,,,,0.12,0.56,0.69,0.11,0.04,,2025-06-26 14:02:56.526264,33.0,49.0,37.0,43.0,70.0,92.0
PIT,,,,,,0.18,0.32,0.49,0.07,0.03,,2025-06-26 14:02:56.526264,32.0,50.0,37.0,43.0,69.0,93.0
WSN,,,,,,0.02,0.21,0.24,0.03,0.01,,2025-06-26 14:02:56.526264,33.0,48.0,35.0,45.0,68.0,93.0
MIA,,,,,,0.01,0.1,0.11,0.01,0.01,,2025-06-26 14:02:56.526264,33.0,45.0,34.0,49.0,67.0,94.0
CHW,,,,,,0.0,0.0,0.0,0.0,0.0,,2025-06-26 14:02:56.526264,26.0,55.0,32.0,49.0,58.0,104.0
COL,,,,,,0.0,0.0,0.0,0.0,0.0,,2025-06-26 14:02:56.526264,18.0,62.0,32.0,50.0,50.0,112.0
LAD,,,,,,86.21,11.85,98.06,30.95,18.27,,2025-06-27 14:00:26.345146,51.0,31.0,47.0,33.0,98.0,64.0
NYM,,,,,,51.04,35.44,86.48,16.43,8.48,,2025-06-27 14:00:26.345146,48.0,34.0,44.0,36.0,92.0,70.0
PHI,,,,,,44.24,37.52,81.76,14.57,7.83,,2025-06-27 14:00:26.345146,47.0,34.0,44.0,37.0,91.0,71.0
DET,,,,,,71.29,14.21,85.5,11.26,4.5,,2025-06-27 14:00:26.345146,51.0,31.0,40.0,40.0,91.0,71.0
HOU,,,,,,60.78,22.45,83.23,14.35,6.72,,2025-06-27 14:00:26.345146,48.0,33.0,42.0,39.0,90.0,72.0
CHC,,,,,,52.79,21.66,74.44,9.54,4.57,,2025-06-27 14:00:26.345146,48.0,33.0,42.0,38.0,90.0,71.0
NYY,,,,,,46.08,36.7,82.78,17.72,8.67,,2025-06-27 14:00:26.345146,46.0,34.0,44.0,38.0,90.0,72.0
TBR,,,,,,23.48,41.55,65.03,8.52,3.58,,2025-06-27 14:00:26.345146,46.0,35.0,41.0,40.0,87.0,75.0
TOR,,,,,,24.12,40.79,64.91,11.55,5.73,,2025-06-27 14:00:26.345146,43.0,37.0,43.0,38.0,86.0,75.0
SDP,,,,,,5.7,42.59,48.29,4.54,2.13,,2025-06-27 14:00:26.345146,44.0,36.0,41.0,41.0,85.0,77.0
SEA,,,,,,23.17,32.12,55.28,10.27,4.98,,2025-06-27 14:00:26.345146,41.0,39.0,44.0,38.0,85.0,77.0
MIL,,,,,,21.88,23.39,45.28,4.79,2.19,,2025-06-27 14:00:26.345146,45.0,36.0,40.0,40.0,85.0,76.0
ARI,,,,,,3.44,33.55,36.98,4.62,2.36,,2025-06-27 14:00:26.345146,41.0,39.0,43.0,39.0,84.0,78.0
STL,,,,,,17.91,22.55,40.47,3.4,1.45,,2025-06-27 14:00:26.345146,44.0,38.0,40.0,40.0,84.0,78.0
SFG,,,,,,4.66,35.74,40.39,3.81,1.77,,2025-06-27 14:00:26.345146,44.0,37.0,40.0,41.0,84.0,78.0
MIN,,,,,,15.96,21.73,37.69,7.28,3.55,,2025-06-27 14:00:26.345146,39.0,42.0,44.0,36.0,83.0,78.0
TEX,,,,,,11.31,22.29,33.6,5.49,2.59,,2025-06-27 14:00:26.345146,40.0,41.0,42.0,39.0,82.0,80.0
ATL,,,,,,4.7,22.54,27.23,5.48,3.36,,2025-06-27 14:00:26.345146,37.0,43.0,45.0,35.0,82.0,78.0
BOS,,,,,,5.05,20.71,25.75,3.96,1.96,,2025-06-27 14:00:26.345146,40.0,42.0,41.0,39.0,81.0,81.0
CIN,,,,,,7.29,12.52,19.8,1.77,0.82,,2025-06-27 14:00:26.345146,42.0,39.0,39.0,42.0,81.0,81.0
CLE,,,,,,9.02,18.95,27.96,3.89,1.7,,2025-06-27 14:00:26.345146,40.0,39.0,41.0,41.0,81.0,80.0
KCR,,,,,,3.74,9.12,12.86,1.75,0.77,,2025-06-27 14:00:26.345146,38.0,43.0,40.0,41.0,78.0,84.0
LAA,,,,,,4.62,10.98,15.61,1.79,0.75,,2025-06-27 14:00:26.345146,40.0,40.0,38.0,44.0,78.0,84.0
BAL,,,,,,1.27,8.04,9.31,2.1,1.2,,2025-06-27 14:00:26.345146,34.0,46.0,43.0,38.0,77.0,84.0
ATH,,,,,,0.1,0.39,0.5,0.08,0.02,,2025-06-27 14:00:26.345146,33.0,50.0,36.0,43.0,69.0,93.0
PIT,,,,,,0.13,0.33,0.46,0.07,0.03,,2025-06-27 14:00:26.345146,32.0,50.0,37.0,43.0,69.0,93.0
WSN,,,,,,0.01,0.21,0.21,0.03,0.02,,2025-06-27 14:00:26.345146,33.0,48.0,35.0,45.0,68.0,93.0
MIA,,,,,,0.01,0.13,0.14,0.0,0.0,,2025-06-27 14:00:26.345146,34.0,45.0,33.0,49.0,67.0,94.0
CHW,,,,,,0.0,0.0,0.0,0.0,0.0,,2025-06-27 14:00:26.345146,26.0,55.0,32.0,49.0,58.0,104.0
COL,,,,,,0.0,0.0,0.0,0.0,0.0,,2025-06-27 14:00:26.345146,18.0,63.0,31.0,50.0,49.0,113.0
LAD,,,,,,87.89,10.55,98.44,31.55,18.39,,2025-06-28 13:55:47.176745,52.0,31.0,47.0,32.0,99.0,63.0
NYY,,,,,,49.55,35.47,85.02,18.41,9.26,,2025-06-28 13:55:47.176745,47.0,34.0,44.0,37.0,91.0,71.0
HOU,,,,,,62.81,22.43,85.23,14.66,6.73,,2025-06-28 13:55:47.176745,49.0,33.0,42.0,38.0,91.0,71.0
NYM,,,,,,46.89,37.97,84.86,15.47,8.08,,2025-06-28 13:55:47.176745,48.0,35.0,43.0,36.0,91.0,71.0
PHI,,,,,,49.27,35.45,84.72,15.28,7.97,,2025-06-28 13:55:47.176745,48.0,34.0,43.0,37.0,91.0,71.0
DET,,,,,,68.81,14.79,83.6,10.9,4.26,,2025-06-28 13:55:47.176745,51.0,32.0,39.0,40.0,90.0,72.0
CHC,,,,,,48.8,23.41,72.2,9.35,4.54,,2025-06-28 13:55:47.176745,48.0,34.0,41.0,38.0,89.0,72.0
SEA,,,,,,24.53,34.41,58.95,11.1,5.65,,2025-06-28 13:55:47.176745,42.0,39.0,44.0,37.0,86.0,76.0
TOR,,,,,,24.16,41.98,66.15,11.36,5.45,,2025-06-28 13:55:47.176745,44.0,37.0,42.0,38.0,86.0,75.0
TBR,,,,,,20.93,42.21,63.14,8.07,3.47,,2025-06-28 13:55:47.176745,46.0,36.0,40.0,40.0,86.0,76.0
SDP,,,,,,4.65,40.8,45.45,4.64,2.13,,2025-06-28 13:55:47.176745,44.0,37.0,41.0,40.0,85.0,77.0
MIL,,,,,,23.17,24.68,47.85,4.76,2.25,,2025-06-28 13:55:47.176745,46.0,36.0,39.0,40.0,85.0,76.0
ARI,,,,,,2.56,30.96,33.52,4.33,2.31,,2025-06-28 13:55:47.176745,41.0,40.0,43.0,38.0,84.0,78.0
SFG,,,,,,4.91,37.81,42.71,3.84,1.75,,2025-06-28 13:55:47.176745,45.0,37.0,39.0,41.0,84.0,78.0
STL,,,,,,19.41,23.61,43.02,3.62,1.44,,2025-06-28 13:55:47.176745,45.0,38.0,39.0,40.0,84.0,78.0
MIN,,,,,,18.89,22.98,41.88,7.67,3.75,,2025-06-28 13:55:47.176745,40.0,42.0,43.0,36.0,83.0,78.0
ATL,,,,,,3.79,19.93,23.72,5.0,3.03,,2025-06-28 13:55:47.176745,37.0,44.0,45.0,34.0,82.0,78.0
CLE,,,,,,8.83,16.96,25.79,3.31,1.5,,2025-06-28 13:55:47.176745,40.0,40.0,41.0,40.0,81.0,80.0
BOS,,,,,,3.96,19.16,23.12,3.85,1.83,,2025-06-28 13:55:47.176745,40.0,43.0,41.0,38.0,81.0,81.0
TEX,,,,,,9.31,21.98,31.29,5.21,2.61,,2025-06-28 13:55:47.176745,40.0,42.0,41.0,39.0,81.0,81.0
CIN,,,,,,8.47,13.91,22.38,2.04,0.91,,2025-06-28 13:55:47.176745,43.0,39.0,38.0,42.0,81.0,81.0
LAA,,,,,,3.32,10.04,13.36,1.49,0.63,,2025-06-28 13:55:47.176745,40.0,41.0,38.0,43.0,78.0,84.0
BAL,,,,,,1.39,9.26,10.65,2.38,1.29,,2025-06-28 13:55:47.176745,35.0,46.0,43.0,37.0,78.0,83.0
KCR,,,,,,3.46,8.06,11.53,1.52,0.71,,2025-06-28 13:55:47.176745,38.0,44.0,39.0,41.0,77.0,85.0
PIT,,,,,,0.15,0.5,0.65,0.07,0.02,,2025-06-28 13:55:47.176745,33.0,50.0,37.0,42.0,70.0,92.0
ATH,,,,,,0.03,0.25,0.28,0.05,0.03,,2025-06-28 13:55:47.176745,33.0,51.0,36.0,42.0,69.0,93.0
MIA,,,,,,0.03,0.21,0.23,0.01,0.01,,2025-06-28 13:55:47.176745,35.0,45.0,33.0,48.0,68.0,93.0
WSN,,,,,,0.02,0.21,0.24,0.02,0.0,,2025-06-28 13:55:47.176745,34.0,48.0,34.0,45.0,68.0,93.0
CHW,,,,,,0.0,0.01,0.01,0.0,0.0,,2025-06-28 13:55:47.176745,26.0,56.0,32.0,48.0,58.0,104.0
COL,,,,,,0.0,0.0,0.0,0.0,0.0,,2025-06-28 13:55:47.176745,18.0,64.0,31.0,49.0,49.0,113.0
LAD,,,,,,87.58,10.58,98.16,31.31,18.25,,2025-06-29 13:57:34.784810,52.0,32.0,46.0,32.0,98.0,64.0
PHI,,,,,,48.7,33.93,82.64,14.75,7.59,,2025-06-29 13:57:34.784810,48.0,35.0,43.0,36.0,91.0,71.0
NYM,,,,,,45.92,36.7,82.62,15.58,8.46,,2025-06-29 13:57:34.784810,48.0,36.0,43.0,35.0,91.0,71.0
DET,,,,,,73.66,13.08,86.73,11.62,4.58,,2025-06-29 13:57:34.784810,52.0,32.0,39.0,39.0,91.0,71.0
HOU,,,,,,61.07,23.05,84.12,14.77,6.55,,2025-06-29 13:57:34.784810,49.0,34.0,41.0,38.0,90.0,72.0
CHC,,,,,,50.27,25.08,75.35,9.74,4.55,,2025-06-29 13:57:34.784810,49.0,34.0,41.0,37.0,90.0,71.0
NYY,,,,,,47.76,35.87,83.62,17.9,8.91,,2025-06-29 13:57:34.784810,47.0,35.0,43.0,37.0,90.0,72.0
TBR,,,,,,23.82,42.48,66.3,8.57,3.98,,2025-06-29 13:57:34.784810,47.0,36.0,40.0,39.0,87.0,75.0
TOR,,,,,,22.35,40.86,63.2,10.91,5.24,,2025-06-29 13:57:34.784810,44.0,38.0,42.0,37.0,86.0,75.0
MIL,,,,,,23.03,27.24,50.27,4.84,2.15,,2025-06-29 13:57:34.784810,47.0,36.0,39.0,39.0,86.0,75.0
SDP,,,,,,5.71,42.16,47.87,4.73,2.14,,2025-06-29 13:57:34.784810,45.0,37.0,40.0,40.0,85.0,77.0
STL,,,,,,20.21,26.16,46.37,3.82,1.57,,2025-06-29 13:57:34.784810,46.0,38.0,39.0,39.0,85.0,77.0
SEA,,,,,,23.91,32.4,56.31,10.42,5.15,,2025-06-29 13:57:34.784810,42.0,40.0,43.0,37.0,85.0,77.0
SFG,,,,,,4.49,34.93,39.42,3.71,1.65,,2025-06-29 13:57:34.784810,45.0,38.0,39.0,40.0,84.0,78.0
ARI,,,,,,2.21,27.79,30.0,4.09,2.15,,2025-06-29 13:57:34.784810,41.0,41.0,42.0,38.0,83.0,79.0
ATL,,,,,,5.3,20.92,26.22,5.46,3.32,,2025-06-29 13:57:34.784810,38.0,44.0,44.0,34.0,82.0,78.0
MIN,,,,,,15.14,23.12,38.26,7.28,3.72,,2025-06-29 13:57:34.784810,40.0,43.0,42.0,36.0,82.0,79.0
TEX,,,,,,10.98,22.96,33.94,5.54,2.79,,2025-06-29 13:57:34.784810,41.0,42.0,41.0,38.0,82.0,80.0
BOS,,,,,,4.83,20.84,25.66,3.98,2.02,,2025-06-29 13:57:34.784810,41.0,43.0,40.0,38.0,81.0,81.0
CIN,,,,,,6.36,13.55,19.91,1.82,0.86,,2025-06-29 13:57:34.784810,43.0,40.0,38.0,41.0,81.0,81.0
CLE,,,,,,7.35,15.91,23.26,3.31,1.49,,2025-06-29 13:57:34.784810,40.0,41.0,40.0,40.0,80.0,81.0
KCR,,,,,,3.85,9.84,13.69,1.9,0.96,,2025-06-29 13:57:34.784810,39.0,44.0,39.0,40.0,78.0,84.0
LAA,,,,,,3.98,10.99,14.96,1.55,0.64,,2025-06-29 13:57:34.784810,41.0,41.0,37.0,43.0,78.0,84.0
BAL,,,,,,1.25,8.22,9.47,2.2,1.18,,2025-06-29 13:57:34.784810,35.0,47.0,42.0,37.0,77.0,84.0
PIT,,,,,,0.14,0.55,0.69,0.08,0.04,,2025-06-29 13:57:34.784810,34.0,50.0,37.0,41.0,71.0,91.0
ATH,,,,,,0.06,0.4,0.46,0.04,0.01,,2025-06-29 13:57:34.784810,34.0,51.0,35.0,42.0,69.0,93.0
MIA,,,,,,0.04,0.21,0.26,0.04,0.02,,2025-06-29 13:57:34.784810,36.0,45.0,32.0,48.0,68.0,93.0
WSN,,,,,,0.03,0.2,0.23,0.01,0.01,,2025-06-29 13:57:34.784810,34.0,49.0,34.0,44.0,68.0,93.0
CHW,,,,,,0.0,0.0,0.0,0.0,0.0,,2025-06-29 13:57:34.784810,27.0,56.0,31.0,48.0,58.0,104.0
COL,,,,,,0.0,0.0,0.0,0.0,0.0,,2025-06-29 13:57:34.784810,18.0,65.0,31.0,48.0,49.0,113.0
LAD,,,,,,90.05,8.62,98.67,32.16,18.84,,2025-06-30 14:03:47.267471,53.0,32.0,46.0,31.0,99.0,63.0
NYY,,,,,,49.91,35.55,85.47,18.22,8.91,,2025-06-30 14:03:47.267471,48.0,35.0,43.0,36.0,91.0,71.0
DET,,,,,,78.37,11.04,89.42,11.96,4.68,,2025-06-30 14:03:47.267471,53.0,32.0,38.0,39.0,91.0,71.0
HOU,,,,,,64.28,21.93,86.2,15.47,6.97,,2025-06-30 14:03:47.267471,50.0,34.0,41.0,37.0,91.0,71.0
PHI,,,,,,54.6,31.61,86.21,15.3,8.01,,2025-06-30 14:03:47.267471,49.0,35.0,42.0,36.0,91.0,71.0
NYM,,,,,,41.14,39.81,80.95,14.64,7.91,,2025-06-30 14:03:47.267471,48.0,37.0,42.0,35.0,90.0,72.0
CHC,,,,,,48.01,26.36,74.38,9.66,4.42,,2025-06-30 14:03:47.267471,49.0,35.0,40.0,37.0,89.0,72.0
TOR,,,,,,23.76,42.83,66.59,11.34,5.34,,2025-06-30 14:03:47.267471,45.0,38.0,41.0,37.0,86.0,75.0
TBR,,,,,,21.38,43.66,65.05,8.17,3.5,,2025-06-30 14:03:47.267471,47.0,37.0,39.0,39.0,86.0,76.0
MIL,,,,,,21.57,27.29,48.86,5.06,2.4,,2025-06-30 14:03:47.267471,47.0,37.0,38.0,39.0,85.0,76.0
SEA,,,,,,24.05,35.6,59.65,10.56,5.38,,2025-06-30 14:03:47.267471,43.0,40.0,42.0,37.0,85.0,77.0
SDP,,,,,,4.52,41.33,45.85,4.54,2.04,,2025-06-30 14:03:47.267471,45.0,38.0,40.0,39.0,85.0,77.0
STL,,,,,,23.73,28.38,52.11,3.98,1.86,,2025-06-30 14:03:47.267471,47.0,38.0,38.0,39.0,85.0,77.0
SFG,,,,,,3.5,34.09,37.59,3.61,1.7,,2025-06-30 14:03:47.267471,45.0,39.0,38.0,40.0,83.0,79.0
ATL,,,,,,4.18,20.97,25.16,5.12,3.1,,2025-06-30 14:03:47.267471,38.0,45.0,44.0,33.0,82.0,78.0
MIN,,,,,,12.22,23.14,35.37,6.87,3.43,,2025-06-30 14:03:47.267471,40.0,44.0,42.0,35.0,82.0,79.0
ARI,,,,,,1.94,25.99,27.93,3.9,2.17,,2025-06-30 14:03:47.267471,41.0,42.0,41.0,38.0,82.0,80.0
BOS,,,,,,3.73,19.32,23.05,3.76,1.79,,2025-06-30 14:03:47.267471,41.0,44.0,40.0,37.0,81.0,81.0
TEX,,,,,,8.54,22.59,31.14,5.21,2.61,,2025-06-30 14:03:47.267471,41.0,43.0,40.0,38.0,81.0,81.0
CIN,,,,,,6.49,14.43,20.93,1.88,0.79,,2025-06-30 14:03:47.267471,44.0,40.0,37.0,41.0,81.0,81.0
CLE,,,,,,6.07,15.32,21.38,2.9,1.31,,2025-06-30 14:03:47.267471,40.0,42.0,40.0,39.0,80.0,81.0
BAL,,,,,,1.22,9.32,10.54,2.36,1.31,,2025-06-30 14:03:47.267471,36.0,47.0,42.0,36.0,78.0,83.0
LAA,,,,,,3.08,10.47,13.55,1.55,0.69,,2025-06-30 14:03:47.267471,41.0,42.0,37.0,42.0,78.0,84.0
KCR,,,,,,3.34,8.81,12.15,1.52,0.73,,2025-06-30 14:03:47.267471,39.0,45.0,39.0,39.0,78.0,84.0
PIT,,,,,,0.18,0.61,0.8,0.11,0.05,,2025-06-30 14:03:47.267471,35.0,50.0,36.0,41.0,71.0,91.0
MIA,,,,,,0.04,0.22,0.26,0.03,0.02,,2025-06-30 14:03:47.267471,37.0,45.0,32.0,47.0,69.0,92.0
ATH,,,,,,0.04,0.41,0.46,0.1,0.03,,2025-06-30 14:03:47.267471,34.0,52.0,35.0,41.0,69.0,93.0
WSN,,,,,,0.04,0.27,0.31,0.01,0.01,,2025-06-30 14:03:47.267471,35.0,49.0,33.0,44.0,68.0,93.0
CHW,,,,,,0.0,0.0,0.0,0.0,0.0,,2025-06-30 14:03:47.267471,28.0,56.0,31.0,47.0,59.0,103.0
COL,,,,,,0.0,0.0,0.0,0.0,0.0,,2025-06-30 14:03:47.267471,19.0,65.0,30.0,48.0,49.0,113.0
LAD,,,,,,90.71,8.04,98.75,31.61,18.3,,2025-07-01 14:02:47.191902,53.0,32.0,46.0,31.0,99.0,63.0
PHI,,,,,,56.47,31.64,88.11,15.85,8.22,,2025-07-01 14:02:47.191902,50.0,35.0,42.0,35.0,92.0,70.0
DET,,,,,,78.79,10.79,89.58,11.86,4.72,,2025-07-01 14:02:47.191902,53.0,32.0,38.0,39.0,91.0,71.0
HOU,,,,,,62.46,23.56,86.02,14.82,6.77,,2025-07-01 14:02:47.191902,50.0,34.0,41.0,37.0,91.0,71.0
NYM,,,,,,39.63,43.15,82.78,15.07,8.3,,2025-07-01 14:02:47.191902,48.0,37.0,42.0,35.0,90.0,72.0
NYY,,,,,,46.73,37.19,83.93,18.15,8.85,,2025-07-01 14:02:47.191902,48.0,36.0,42.0,36.0,90.0,72.0
CHC,,,,,,49.57,25.39,74.97,9.44,4.48,,2025-07-01 14:02:47.191902,49.0,35.0,40.0,37.0,89.0,72.0
TOR,,,,,,28.17,42.76,70.93,11.77,5.62,,2025-07-01 14:02:47.191902,46.0,38.0,41.0,36.0,87.0,74.0
TBR,,,,,,19.19,42.35,61.54,7.98,3.65,,2025-07-01 14:02:47.191902,47.0,38.0,39.0,38.0,86.0,76.0
SEA,,,,,,26.4,36.48,62.87,11.74,5.61,,2025-07-01 14:02:47.191902,44.0,40.0,42.0,36.0,86.0,76.0
STL,,,,,,21.93,27.65,49.58,4.21,1.86,,2025-07-01 14:02:47.191902,47.0,39.0,38.0,38.0,85.0,77.0
MIL,,,,,,22.2,26.58,48.77,4.88,2.23,,2025-07-01 14:02:47.191902,47.0,37.0,38.0,39.0,85.0,76.0
SDP,,,,,,4.12,39.82,43.95,4.25,1.99,,2025-07-01 14:02:47.191902,45.0,39.0,39.0,39.0,84.0,78.0
ARI,,,,,,1.98,29.59,31.56,4.11,2.08,,2025-07-01 14:02:47.191902,42.0,42.0,41.0,37.0,83.0,79.0
SFG,,,,,,3.19,32.54,35.73,3.35,1.65,,2025-07-01 14:02:47.191902,45.0,40.0,38.0,39.0,83.0,79.0
ATL,,,,,,3.82,21.12,24.95,5.39,3.29,,2025-07-01 14:02:47.191902,38.0,45.0,44.0,33.0,82.0,78.0
MIN,,,,,,12.65,22.09,34.73,6.25,3.06,,2025-07-01 14:02:47.191902,40.0,44.0,42.0,35.0,82.0,79.0
TEX,,,,,,7.85,20.44,28.29,4.8,2.39,,2025-07-01 14:02:47.191902,41.0,44.0,40.0,37.0,81.0,81.0
BOS,,,,,,4.46,21.86,26.32,4.29,2.04,,2025-07-01 14:02:47.191902,42.0,44.0,39.0,37.0,81.0,81.0
CIN,,,,,,6.08,13.08,19.16,1.7,0.8,,2025-07-01 14:02:47.191902,44.0,41.0,36.0,41.0,80.0,82.0
CLE,,,,,,5.63,14.56,20.19,2.79,1.29,,2025-07-01 14:02:47.191902,40.0,42.0,40.0,39.0,80.0,81.0
LAA,,,,,,3.28,9.98,13.25,1.52,0.65,,2025-07-01 14:02:47.191902,41.0,42.0,37.0,42.0,78.0,84.0
BAL,,,,,,1.44,10.08,11.53,2.6,1.39,,2025-07-01 14:02:47.191902,37.0,47.0,41.0,36.0,78.0,83.0
KCR,,,,,,2.93,7.51,10.44,1.37,0.65,,2025-07-01 14:02:47.191902,39.0,46.0,38.0,39.0,77.0,85.0
PIT,,,,,,0.23,0.85,1.08,0.07,0.04,,2025-07-01 14:02:47.191902,36.0,50.0,36.0,40.0,72.0,90.0
MIA,,,,,,0.04,0.31,0.35,0.03,0.01,,2025-07-01 14:02:47.191902,37.0,45.0,32.0,47.0,69.0,92.0
ATH,,,,,,0.03,0.38,0.41,0.07,0.04,,2025-07-01 14:02:47.191902,35.0,52.0,34.0,41.0,69.0,93.0
WSN,,,,,,0.03,0.24,0.27,0.03,0.01,,2025-07-01 14:02:47.191902,35.0,49.0,33.0,44.0,68.0,93.0
CHW,,,,,,0.0,0.0,0.0,0.0,0.0,,2025-07-01 14:02:47.191902,28.0,56.0,31.0,47.0,59.0,103.0
COL,,,,,,0.0,0.0,0.0,0.0,0.0,,2025-07-01 14:02:47.191902,19.0,65.0,30.0,48.0,49.0,113.0
LAD,,,,,,92.09,6.89,98.99,32.25,18.87,,2025-07-02 14:02:10.406461,54.0,32.0,45.0,31.0,99.0,63.0
PHI,,,,,,57.13,30.95,88.09,16.01,8.33,,2025-07-02 14:02:10.406461,50.0,35.0,41.0,35.0,91.0,70.0
HOU,,,,,,65.58,22.55,88.13,15.59,6.97,,2025-07-02 14:02:10.406461,51.0,34.0,40.0,37.0,91.0,71.0
DET,,,,,,78.27,10.29,88.56,11.82,4.88,,2025-07-02 14:02:10.406461,53.0,32.0,38.0,38.0,91.0,70.0
CHC,,,,,,54.74,24.64,79.38,10.16,4.92,,2025-07-02 14:02:10.406461,50.0,35.0,40.0,36.0,90.0,71.0
NYM,,,,,,39.02,41.95,80.96,14.41,7.47,,2025-07-02 14:02:10.406461,48.0,37.0,42.0,34.0,90.0,71.0
NYY,,,,,,44.47,38.21,82.69,17.5,8.78,,2025-07-02 14:02:10.406461,48.0,37.0,42.0,35.0,90.0,72.0
TOR,,,,,,32.57,42.49,75.06,12.85,5.96,,2025-07-02 14:02:10.406461,47.0,38.0,41.0,35.0,88.0,73.0
SEA,,,,,,21.86,37.98,59.84,10.9,5.38,,2025-07-02 14:02:10.406461,44.0,41.0,41.0,36.0,85.0,77.0
TBR,,,,,,17.98,41.23,59.22,7.41,3.43,,2025-07-02 14:02:10.406461,47.0,39.0,38.0,38.0,85.0,77.0
MIL,,,,,,20.58,27.04,47.62,4.57,2.04,,2025-07-02 14:02:10.406461,47.0,37.0,38.0,38.0,85.0,75.0
SDP,,,,,,3.16,39.8,42.97,3.99,1.85,,2025-07-02 14:02:10.406461,45.0,39.0,39.0,38.0,84.0,77.0
STL,,,,,,19.35,28.66,48.01,3.77,1.65,,2025-07-02 14:02:10.406461,47.0,40.0,37.0,38.0,84.0,78.0
ARI,,,,,,2.27,33.16,35.42,4.46,2.34,,2025-07-02 14:02:10.406461,43.0,42.0,40.0,37.0,83.0,79.0
SFG,,,,,,2.48,32.27,34.75,3.58,1.75,,2025-07-02 14:02:10.406461,45.0,41.0,37.0,39.0,82.0,80.0
MIN,,,,,,11.7,19.84,31.54,6.11,3.04,,2025-07-02 14:02:10.406461,40.0,45.0,41.0,35.0,81.0,80.0
BOS,,,,,,3.71,19.5,23.2,3.84,1.86,,2025-07-02 14:02:10.406461,42.0,44.0,39.0,36.0,81.0,80.0
ATL,,,,,,3.75,19.91,23.66,5.07,3.05,,2025-07-02 14:02:10.406461,38.0,46.0,43.0,33.0,81.0,79.0
TEX,,,,,,8.62,23.93,32.55,5.42,2.58,,2025-07-02 14:02:10.406461,42.0,44.0,39.0,37.0,81.0,81.0
CIN,,,,,,5.09,12.86,17.95,1.51,0.65,,2025-07-02 14:02:10.406461,44.0,41.0,36.0,40.0,80.0,81.0
CLE,,,,,,5.93,13.26,19.18,2.46,1.18,,2025-07-02 14:02:10.406461,40.0,43.0,39.0,39.0,79.0,82.0
KCR,,,,,,4.1,8.79,12.89,1.91,0.83,,2025-07-02 14:02:10.406461,40.0,46.0,38.0,38.0,78.0,84.0
LAA,,,,,,3.84,12.22,16.07,1.88,0.76,,2025-07-02 14:02:10.406461,42.0,42.0,36.0,42.0,78.0,84.0
BAL,,,,,,1.27,9.12,10.39,2.21,1.29,,2025-07-02 14:02:10.406461,37.0,48.0,40.0,36.0,77.0,84.0
PIT,,,,,,0.24,1.27,1.52,0.15,0.08,,2025-07-02 14:02:10.406461,37.0,50.0,35.0,40.0,72.0,90.0
MIA,,,,,,0.07,0.32,0.39,0.03,0.01,,2025-07-02 14:02:10.406461,38.0,45.0,32.0,46.0,70.0,91.0
ATH,,,,,,0.1,0.58,0.68,0.1,0.03,,2025-07-02 14:02:10.406461,36.0,52.0,34.0,40.0,70.0,92.0
WSN,,,,,,0.03,0.27,0.3,0.04,0.01,,2025-07-02 14:02:10.406461,35.0,49.0,33.0,43.0,68.0,92.0
CHW,,,,,,0.0,0.0,0.0,0.0,0.0,,2025-07-02 14:02:10.406461,28.0,57.0,30.0,47.0,58.0,104.0
COL,,,,,,0.0,0.0,0.0,0.0,0.0,,2025-07-02 14:02:10.406461,19.0,66.0,30.0,47.0,49.0,113.0
LAD,,,,,,92.48,6.6,99.08,32.26,18.8,,2025-07-03 14:01:13.014593,55.0,32.0,44.0,31.0,99.0,63.0
PHI,,,,,,56.89,32.0,88.89,15.97,8.5,,2025-07-03 14:01:13.014593,51.0,36.0,41.0,34.0,92.0,70.0
HOU,,,,,,65.84,22.61,88.45,15.98,7.23,,2025-07-03 14:01:13.014593,52.0,34.0,39.0,37.0,91.0,71.0
DET,,,,,,80.2,9.71,89.91,12.31,4.91,,2025-07-03 14:01:13.014593,54.0,33.0,37.0,38.0,91.0,71.0
CHC,,,,,,56.47,23.58,80.05,9.93,4.84,,2025-07-03 14:01:13.014593,51.0,35.0,39.0,36.0,90.0,71.0
NYM,,,,,,39.39,43.09,82.47,14.67,7.88,,2025-07-03 14:01:13.014593,49.0,38.0,41.0,34.0,90.0,72.0
NYY,,,,,,38.59,41.16,79.75,16.26,7.99,,2025-07-03 14:01:13.014593,48.0,38.0,41.0,35.0,89.0,73.0
TOR,,,,,,36.07,40.81,76.89,13.6,6.39,,2025-07-03 14:01:13.014593,48.0,38.0,40.0,35.0,88.0,73.0
SEA,,,,,,22.7,39.81,62.51,11.42,5.51,,2025-07-03 14:01:13.014593,45.0,41.0,41.0,35.0,86.0,76.0
TBR,,,,,,19.93,41.37,61.3,7.9,3.67,,2025-07-03 14:01:13.014593,48.0,39.0,38.0,37.0,86.0,76.0
MIL,,,,,,22.07,29.04,51.1,5.08,2.32,,2025-07-03 14:01:13.014593,48.0,38.0,37.0,38.0,85.0,76.0
STL,,,,,,15.51,26.62,42.13,3.4,1.47,,2025-07-03 14:01:13.014593,47.0,41.0,37.0,37.0,84.0,78.0
SDP,,,,,,3.52,41.49,45.02,4.26,2.04,,2025-07-03 14:01:13.014593,46.0,40.0,38.0,38.0,84.0,78.0
ARI,,,,,,1.49,28.8,30.29,3.93,2.0,,2025-07-03 14:01:13.014593,43.0,43.0,40.0,36.0,83.0,79.0
SFG,,,,,,2.5,33.17,35.68,3.48,1.69,,2025-07-03 14:01:13.014593,46.0,41.0,37.0,38.0,83.0,79.0
MIN,,,,,,12.27,20.79,33.06,6.17,3.05,,2025-07-03 14:01:13.014593,41.0,45.0,41.0,34.0,82.0,79.0
TEX,,,,,,8.65,25.6,34.24,5.52,2.77,,2025-07-03 14:01:13.014593,43.0,44.0,39.0,36.0,82.0,80.0
ATL,,,,,,3.67,20.16,23.84,5.22,3.16,,2025-07-03 14:01:13.014593,39.0,46.0,43.0,32.0,82.0,78.0
BOS,,,,,,4.46,20.86,25.31,4.05,1.87,,2025-07-03 14:01:13.014593,43.0,45.0,38.0,36.0,81.0,81.0
CIN,,,,,,5.65,13.55,19.2,1.52,0.66,,2025-07-03 14:01:13.014593,45.0,42.0,35.0,40.0,80.0,82.0
CLE,,,,,,4.53,11.16,15.69,2.16,0.94,,2025-07-03 14:01:13.014593,40.0,44.0,39.0,38.0,79.0,82.0
LAA,,,,,,2.77,10.93,13.69,1.52,0.65,,2025-07-03 14:01:13.014593,42.0,43.0,36.0,41.0,78.0,84.0
BAL,,,,,,0.95,7.1,8.04,1.64,0.89,,2025-07-03 14:01:13.014593,37.0,49.0,40.0,35.0,77.0,84.0
KCR,,,,,,3.0,7.66,10.65,1.44,0.62,,2025-07-03 14:01:13.014593,40.0,47.0,37.0,38.0,77.0,85.0
PIT,,,,,,0.3,1.31,1.62,0.24,0.1,,2025-07-03 14:01:13.014593,38.0,50.0,35.0,39.0,73.0,89.0
MIA,,,,,,0.02,0.33,0.34,0.03,0.03,,2025-07-03 14:01:13.014593,38.0,46.0,31.0,46.0,69.0,92.0
ATH,,,,,,0.04,0.44,0.48,0.03,0.03,,2025-07-03 14:01:13.014593,36.0,53.0,33.0,40.0,69.0,93.0
WSN,,,,,,0.03,0.27,0.29,0.03,0.03,,2025-07-03 14:01:13.014593,36.0,50.0,32.0,43.0,68.0,93.0
CHW,,,,,,0.0,0.0,0.0,0.0,0.0,,2025-07-03 14:01:13.014593,28.0,58.0,30.0,46.0,58.0,104.0
COL,,,,,,0.0,0.0,0.0,0.0,0.0,,2025-07-03 14:01:13.014593,19.0,67.0,30.0,46.0,49.0,113.0
LAD,,,,,,93.48,5.71,99.19,32.57,19.0,,2025-07-04 14:00:20.705601,56.0,32.0,44.0,30.0,100.0,62.0
PHI,,,,,,55.73,33.05,88.78,15.72,7.96,,2025-07-04 14:00:20.705601,51.0,36.0,41.0,34.0,92.0,70.0
HOU,,,,,,64.88,22.46,87.34,15.46,7.11,,2025-07-04 14:00:20.705601,52.0,35.0,39.0,36.0,91.0,71.0
CHC,,,,,,60.82,22.21,83.03,10.85,5.21,,2025-07-04 14:00:20.705601,52.0,35.0,39.0,35.0,91.0,70.0
NYM,,,,,,41.38,43.28,84.65,15.07,7.9,,2025-07-04 14:00:20.705601,50.0,38.0,41.0,33.0,91.0,71.0
DET,,,,,,80.0,9.03,89.03,12.03,4.93,,2025-07-04 14:00:20.705601,54.0,34.0,37.0,37.0,91.0,71.0
NYY,,,,,,36.09,42.24,78.33,16.11,7.96,,2025-07-04 14:00:20.705601,48.0,39.0,41.0,34.0,89.0,73.0
TOR,,,,,,38.65,41.87,80.52,14.06,6.66,,2025-07-04 14:00:20.705601,49.0,38.0,39.0,35.0,88.0,73.0
TBR,,,,,,19.53,42.32,61.84,8.16,3.55,,2025-07-04 14:00:20.705601,48.0,39.0,38.0,37.0,86.0,76.0
MIL,,,,,,18.18,28.65,46.83,4.51,2.04,,2025-07-04 14:00:20.705601,48.0,39.0,37.0,37.0,85.0,76.0
SEA,,,,,,21.7,37.36,59.06,10.97,5.58,,2025-07-04 14:00:20.705601,45.0,42.0,40.0,35.0,85.0,77.0
STL,,,,,,15.1,27.37,42.47,3.5,1.54,,2025-07-04 14:00:20.705601,47.0,41.0,37.0,37.0,84.0,78.0
SDP,,,,,,3.06,42.48,45.53,4.33,1.98,,2025-07-04 14:00:20.705601,46.0,40.0,38.0,38.0,84.0,78.0
SFG,,,,,,2.43,37.1,39.53,3.5,1.68,,2025-07-04 14:00:20.705601,47.0,41.0,36.0,38.0,83.0,79.0
TEX,,,,,,9.71,25.72,35.43,6.03,2.94,,2025-07-04 14:00:20.705601,43.0,44.0,39.0,36.0,82.0,80.0
ARI,,,,,,1.03,26.05,27.08,3.48,1.73,,2025-07-04 14:00:20.705601,43.0,44.0,39.0,36.0,82.0,80.0
MIN,,,,,,11.56,18.66,30.21,5.66,2.9,,2025-07-04 14:00:20.705601,41.0,46.0,40.0,34.0,81.0,80.0
ATL,,,,,,2.81,18.33,21.14,4.54,2.7,,2025-07-04 14:00:20.705601,39.0,47.0,42.0,32.0,81.0,79.0
BOS,,,,,,4.7,21.53,26.22,4.03,2.11,,2025-07-04 14:00:20.705601,43.0,45.0,38.0,36.0,81.0,81.0
CIN,,,,,,5.58,13.73,19.31,1.71,0.75,,2025-07-04 14:00:20.705601,45.0,42.0,35.0,40.0,80.0,82.0
LAA,,,,,,3.69,12.14,15.82,1.7,0.73,,2025-07-04 14:00:20.705601,43.0,43.0,36.0,40.0,79.0,83.0
KCR,,,,,,3.86,8.37,12.23,1.73,0.78,,2025-07-04 14:00:20.705601,41.0,47.0,37.0,37.0,78.0,84.0
CLE,,,,,,4.58,10.26,14.84,2.1,0.95,,2025-07-04 14:00:20.705601,40.0,45.0,38.0,38.0,78.0,83.0
BAL,,,,,,1.04,7.63,8.67,1.93,1.14,,2025-07-04 14:00:20.705601,37.0,49.0,40.0,35.0,77.0,84.0
PIT,,,,,,0.32,1.31,1.62,0.14,0.07,,2025-07-04 14:00:20.705601,38.0,50.0,35.0,39.0,73.0,89.0
MIA,,,,,,0.04,0.34,0.39,0.01,0.01,,2025-07-04 14:00:20.705601,39.0,46.0,31.0,45.0,70.0,91.0
WSN,,,,,,0.04,0.4,0.45,0.06,0.06,,2025-07-04 14:00:20.705601,37.0,50.0,32.0,42.0,69.0,92.0
ATH,,,,,,0.03,0.4,0.44,0.03,0.03,,2025-07-04 14:00:20.705601,36.0,53.0,33.0,40.0,69.0,93.0
CHW,,,,,,0.0,0.0,0.0,0.0,0.0,,2025-07-04 14:00:20.705601,28.0,59.0,30.0,45.0,58.0,104.0
COL,,,,,,0.0,0.0,0.0,0.0,0.0,,2025-07-04 14:00:20.705601,20.0,67.0,29.0,46.0,49.0,113.0
LAD,,,,,,92.46,6.68,99.13,32.36,18.63,,2025-07-05 13:56:03.763113,56.0,33.0,43.0,30.0,99.0,63.0
PHI,,,,,,51.08,36.77,87.84,15.14,7.78,,2025-07-05 13:56:03.763113,51.0,37.0,40.0,34.0,91.0,71.0
HOU,,,,,,67.31,21.88,89.19,15.96,7.21,,2025-07-05 13:56:03.763113,53.0,35.0,38.0,36.0,91.0,71.0
CHC,,,,,,62.55,23.07,85.62,11.21,5.28,,2025-07-05 13:56:03.763113,53.0,35.0,38.0,35.0,91.0,70.0
NYM,,,,,,46.8,39.98,86.79,15.89,8.48,,2025-07-05 13:56:03.763113,51.0,38.0,40.0,33.0,91.0,71.0
DET,,,,,,80.57,9.72,90.29,12.06,4.88,,2025-07-05 13:56:03.763113,55.0,34.0,36.0,37.0,91.0,71.0
TOR,,,,,,43.77,38.71,82.49,14.24,6.54,,2025-07-05 13:56:03.763113,50.0,38.0,39.0,34.0,89.0,72.0
NYY,,,,,,32.39,43.48,75.87,15.38,7.85,,2025-07-05 13:56:03.763113,48.0,40.0,40.0,34.0,88.0,74.0
SEA,,,,,,22.0,39.8,61.8,11.56,5.95,,2025-07-05 13:56:03.763113,46.0,42.0,40.0,34.0,86.0,76.0
SDP,,,,,,3.94,45.18,49.12,4.61,2.1,,2025-07-05 13:56:03.763113,47.0,40.0,38.0,37.0,85.0,77.0
TBR,,,,,,17.61,41.2,58.8,7.71,3.47,,2025-07-05 13:56:03.763113,48.0,40.0,37.0,37.0,85.0,77.0
MIL,,,,,,19.55,31.06,50.6,5.07,2.31,,2025-07-05 13:56:03.763113,49.0,39.0,36.0,37.0,85.0,76.0
SFG,,,,,,2.46,32.96,35.42,3.55,1.58,,2025-07-05 13:56:03.763113,47.0,42.0,36.0,37.0,83.0,79.0
STL,,,,,,11.97,26.65,38.62,3.03,1.38,,2025-07-05 13:56:03.763113,47.0,42.0,36.0,37.0,83.0,79.0
ARI,,,,,,1.15,23.82,24.96,3.33,1.76,,2025-07-05 13:56:03.763113,43.0,45.0,39.0,35.0,82.0,80.0
MIN,,,,,,11.92,20.07,31.99,6.11,3.06,,2025-07-05 13:56:03.763113,42.0,46.0,40.0,33.0,82.0,79.0
ATL,,,,,,2.08,16.18,18.25,3.8,2.35,,2025-07-05 13:56:03.763113,39.0,48.0,42.0,31.0,81.0,79.0
BOS,,,,,,4.87,22.68,27.54,4.39,2.25,,2025-07-05 13:56:03.763113,44.0,45.0,37.0,36.0,81.0,81.0
TEX,,,,,,7.74,24.7,32.44,5.17,2.56,,2025-07-05 13:56:03.763113,43.0,45.0,38.0,36.0,81.0,81.0
CIN,,,,,,5.75,15.72,21.48,1.86,0.89,,2025-07-05 13:56:03.763113,46.0,42.0,35.0,39.0,81.0,81.0
KCR,,,,,,4.32,8.93,13.25,1.83,0.83,,2025-07-05 13:56:03.763113,42.0,47.0,36.0,37.0,78.0,84.0
CLE,,,,,,3.19,8.79,11.99,1.75,0.8,,2025-07-05 13:56:03.763113,40.0,46.0,38.0,37.0,78.0,83.0
LAA,,,,,,2.88,11.01,13.89,1.6,0.73,,2025-07-05 13:56:03.763113,43.0,44.0,35.0,40.0,78.0,84.0
BAL,,,,,,1.36,8.58,9.95,2.16,1.18,,2025-07-05 13:56:03.763113,38.0,49.0,39.0,35.0,77.0,84.0
PIT,,,,,,0.18,1.26,1.44,0.1,0.06,,2025-07-05 13:56:03.763113,38.0,51.0,34.0,39.0,72.0,90.0
MIA,,,,,,0.02,0.42,0.44,0.03,0.01,,2025-07-05 13:56:03.763113,39.0,47.0,31.0,44.0,70.0,91.0
ATH,,,,,,0.08,0.46,0.53,0.07,0.07,,2025-07-05 13:56:03.763113,37.0,53.0,33.0,39.0,70.0,92.0
WSN,,,,,,0.01,0.26,0.27,0.02,0.01,,2025-07-05 13:56:03.763113,37.0,51.0,32.0,41.0,69.0,92.0
CHW,,,,,,0.0,0.0,0.0,0.0,0.0,,2025-07-05 13:56:03.763113,29.0,59.0,29.0,45.0,58.0,104.0
COL,,,,,,0.0,0.0,0.0,0.0,0.0,,2025-07-05 13:56:03.763113,20.0,68.0,29.0,45.0,49.0,113.0
LAD,,,,,,91.33,7.61,98.95,32.23,18.96,,2025-07-06 13:56:30.629517,56.0,34.0,42.0,30.0,98.0,64.0
PHI,,,,,,51.32,37.81,89.13,15.75,8.09,,2025-07-06 13:56:30.629517,52.0,37.0,40.0,33.0,92.0,70.0
HOU,,,,,,67.7,22.58,90.28,16.29,7.32,,2025-07-06 13:56:30.629517,54.0,35.0,38.0,35.0,92.0,70.0
NYM,,,,,,47.03,42.0,89.03,16.65,9.03,,2025-07-06 13:56:30.629517,52.0,38.0,40.0,32.0,92.0,70.0
DET,,,,,,82.56,8.63,91.2,11.91,4.87,,2025-07-06 13:56:30.629517,56.0,34.0,36.0,36.0,92.0,70.0
CHC,,,,,,61.11,22.56,83.67,11.11,5.24,,2025-07-06 13:56:30.629517,53.0,36.0,38.0,34.0,91.0,70.0
TOR,,,,,,46.56,37.16,83.73,14.92,6.77,,2025-07-06 13:56:30.629517,51.0,38.0,38.0,34.0,89.0,72.0
NYY,,,,,,31.84,43.22,75.06,16.39,8.08,,2025-07-06 13:56:30.629517,48.0,41.0,40.0,33.0,88.0,74.0
SEA,,,,,,21.98,42.09,64.07,10.96,5.56,,2025-07-06 13:56:30.629517,47.0,42.0,39.0,34.0,86.0,76.0
TBR,,,,,,14.66,38.47,53.13,7.0,2.96,,2025-07-06 13:56:30.629517,48.0,41.0,37.0,36.0,85.0,77.0
MIL,,,,,,18.33,28.88,47.22,4.59,2.1,,2025-07-06 13:56:30.629517,49.0,40.0,36.0,36.0,85.0,76.0
SDP,,,,,,3.91,42.27,46.17,4.36,2.13,,2025-07-06 13:56:30.629517,47.0,41.0,37.0,37.0,84.0,78.0
STL,,,,,,15.09,28.09,43.19,3.57,1.47,,2025-07-06 13:56:30.629517,48.0,42.0,36.0,36.0,84.0,78.0
SFG,,,,,,3.33,35.73,39.06,3.44,1.62,,2025-07-06 13:56:30.629517,48.0,42.0,35.0,37.0,83.0,79.0
BOS,,,,,,5.46,23.4,28.86,4.11,1.93,,2025-07-06 13:56:30.629517,45.0,45.0,37.0,35.0,82.0,80.0
ARI,,,,,,1.43,25.95,27.37,3.5,1.9,,2025-07-06 13:56:30.629517,44.0,45.0,38.0,35.0,82.0,80.0
MIN,,,,,,12.05,22.3,34.36,6.29,3.26,,2025-07-06 13:56:30.629517,43.0,46.0,39.0,33.0,82.0,79.0
TEX,,,,,,8.22,26.74,34.97,5.45,2.7,,2025-07-06 13:56:30.629517,44.0,45.0,38.0,35.0,82.0,80.0
ATL,,,,,,1.59,13.36,14.95,3.21,1.98,,2025-07-06 13:56:30.629517,39.0,49.0,41.0,31.0,80.0,80.0
CIN,,,,,,5.3,14.16,19.46,1.46,0.69,,2025-07-06 13:56:30.629517,46.0,43.0,34.0,39.0,80.0,82.0
KCR,,,,,,3.12,8.4,11.53,1.58,0.78,,2025-07-06 13:56:30.629517,42.0,48.0,36.0,36.0,78.0,84.0
BAL,,,,,,1.47,9.34,10.81,2.3,1.2,,2025-07-06 13:56:30.629517,39.0,49.0,39.0,34.0,78.0,83.0
LAA,,,,,,2.04,9.46,11.51,1.26,0.55,,2025-07-06 13:56:30.629517,43.0,45.0,35.0,39.0,78.0,84.0
CLE,,,,,,2.26,7.84,10.1,1.48,0.73,,2025-07-06 13:56:30.629517,40.0,47.0,37.0,37.0,77.0,84.0
PIT,,,,,,0.17,0.97,1.15,0.09,0.04,,2025-07-06 13:56:30.629517,38.0,52.0,34.0,38.0,72.0,90.0
MIA,,,,,,0.03,0.37,0.4,0.04,0.01,,2025-07-06 13:56:30.629517,40.0,47.0,30.0,44.0,70.0,91.0
ATH,,,,,,0.06,0.36,0.41,0.07,0.03,,2025-07-06 13:56:30.629517,37.0,54.0,33.0,38.0,70.0,92.0
WSN,,,,,,0.01,0.22,0.24,0.01,0.01,,2025-07-06 13:56:30.629517,37.0,52.0,31.0,41.0,68.0,93.0
CHW,,,,,,0.0,0.0,0.0,0.0,0.0,,2025-07-06 13:56:30.629517,30.0,59.0,29.0,44.0,59.0,103.0
COL,,,,,,0.0,0.0,0.0,0.0,0.0,,2025-07-06 13:56:30.629517,20.0,69.0,28.0,45.0,48.0,114.0
LAD,,,,,,89.86,8.91,98.77,31.88,18.72,,2025-07-07 14:07:24.019369,56.0,35.0,42.0,29.0,98.0,64.0
HOU,,,,,,70.48,21.3,91.77,16.29,7.31,,2025-07-07 14:07:24.019369,55.0,35.0,38.0,34.0,93.0,69.0
PHI,,,,,,55.43,34.99,90.42,16.15,8.43,,2025-07-07 14:07:24.019369,53.0,37.0,39.0,33.0,92.0,70.0
DET,,,,,,85.69,6.98,92.66,12.04,4.89,,2025-07-07 14:07:24.019369,57.0,34.0,35.0,36.0,92.0,70.0
CHC,,,,,,63.7,22.12,85.82,11.43,5.51,,2025-07-07 14:07:24.019369,54.0,36.0,37.0,34.0,91.0,70.0
NYM,,,,,,43.28,44.12,87.39,16.1,8.48,,2025-07-07 14:07:24.019369,52.0,39.0,39.0,32.0,91.0,71.0
TOR,,,,,,46.2,38.8,85.0,14.74,6.86,,2025-07-07 14:07:24.019369,52.0,38.0,38.0,33.0,90.0,71.0
NYY,,,,,,31.66,45.56,77.22,17.07,8.89,,2025-07-07 14:07:24.019369,49.0,41.0,40.0,32.0,89.0,73.0
SEA,,,,,,22.0,44.44,66.44,11.3,5.46,,2025-07-07 14:07:24.019369,48.0,42.0,39.0,33.0,87.0,75.0
SDP,,,,,,4.94,44.57,49.52,4.87,2.3,,2025-07-07 14:07:24.019369,48.0,41.0,37.0,36.0,85.0,77.0
TBR,,,,,,15.55,40.77,56.33,6.83,2.94,,2025-07-07 14:07:24.019369,49.0,41.0,36.0,36.0,85.0,77.0
MIL,,,,,,19.28,30.07,49.34,4.9,2.21,,2025-07-07 14:07:24.019369,50.0,40.0,35.0,36.0,85.0,76.0
SFG,,,,,,3.85,38.38,42.23,4.15,1.84,,2025-07-07 14:07:24.019369,49.0,42.0,35.0,36.0,84.0,78.0
STL,,,,,,12.18,28.12,40.3,3.0,1.24,,2025-07-07 14:07:24.019369,48.0,43.0,35.0,36.0,83.0,79.0
BOS,,,,,,5.2,24.55,29.74,4.48,2.18,,2025-07-07 14:07:24.019369,46.0,45.0,36.0,35.0,82.0,80.0
ARI,,,,,,1.34,22.97,24.32,3.12,1.69,,2025-07-07 14:07:24.019369,44.0,46.0,38.0,34.0,82.0,80.0
MIN,,,,,,9.23,19.58,28.81,5.54,2.92,,2025-07-07 14:07:24.019369,43.0,47.0,38.0,33.0,81.0,80.0
TEX,,,,,,6.03,24.23,30.26,5.19,2.43,,2025-07-07 14:07:24.019369,44.0,46.0,37.0,35.0,81.0,81.0
CIN,,,,,,4.72,12.85,17.57,1.42,0.58,,2025-07-07 14:07:24.019369,46.0,44.0,34.0,38.0,80.0,82.0
ATL,,,,,,1.26,11.67,12.93,2.84,1.73,,2025-07-07 14:07:24.019369,39.0,50.0,40.0,31.0,79.0,81.0
KCR,,,,,,3.4,9.15,12.55,1.7,0.83,,2025-07-07 14:07:24.019369,43.0,48.0,35.0,36.0,78.0,84.0
BAL,,,,,,1.39,10.3,11.69,2.52,1.43,,2025-07-07 14:07:24.019369,40.0,49.0,38.0,34.0,78.0,83.0
CLE,,,,,,1.68,6.17,7.85,1.08,0.53,,2025-07-07 14:07:24.019369,40.0,48.0,37.0,36.0,77.0,84.0
LAA,,,,,,1.47,7.9,9.38,1.15,0.52,,2025-07-07 14:07:24.019369,43.0,46.0,34.0,39.0,77.0,85.0
PIT,,,,,,0.12,0.75,0.88,0.11,0.05,,2025-07-07 14:07:24.019369,38.0,53.0,33.0,38.0,71.0,91.0
MIA,,,,,,0.02,0.33,0.34,0.03,0.01,,2025-07-07 14:07:24.019369,40.0,48.0,30.0,43.0,70.0,91.0
ATH,,,,,,0.02,0.27,0.29,0.06,0.03,,2025-07-07 14:07:24.019369,37.0,55.0,32.0,38.0,69.0,93.0
WSN,,,,,,0.01,0.16,0.18,0.01,0.01,,2025-07-07 14:07:24.019369,37.0,53.0,31.0,40.0,68.0,93.0
CHW,,,,,,0.0,0.0,0.0,0.0,0.0,,2025-07-07 14:07:24.019369,30.0,60.0,28.0,44.0,58.0,104.0
COL,,,,,,0.0,0.0,0.0,0.0,0.0,,2025-07-07 14:07:24.019369,21.0,69.0,28.0,44.0,49.0,113.0
LAD,,,,,,88.87,9.61,98.47,31.57,18.49,,2025-07-08 14:05:59.051165,56.0,36.0,41.0,29.0,97.0,65.0
DET,,,,,,86.97,6.94,93.91,12.41,4.87,,2025-07-08 14:05:59.051165,58.0,34.0,35.0,35.0,93.0,69.0
HOU,,,,,,67.94,22.33,90.27,15.8,6.94,,2025-07-08 14:05:59.051165,55.0,36.0,37.0,34.0,92.0,70.0
PHI,,,,,,52.76,36.02,88.78,15.88,8.29,,2025-07-08 14:05:59.051165,53.0,38.0,38.0,33.0,91.0,71.0
CHC,,,,,,62.79,22.45,85.23,11.56,5.34,,2025-07-08 14:05:59.051165,54.0,36.0,37.0,34.0,91.0,70.0
NYM,,,,,,46.0,41.69,87.68,16.3,8.67,,2025-07-08 14:05:59.051165,52.0,39.0,39.0,32.0,91.0,71.0
TOR,,,,,,49.13,38.02,87.16,15.56,7.46,,2025-07-08 14:05:59.051165,53.0,38.0,37.0,33.0,90.0,71.0
NYY,,,,,,31.76,45.06,76.83,16.57,8.55,,2025-07-08 14:05:59.051165,49.0,41.0,40.0,32.0,89.0,73.0
SEA,,,,,,24.47,41.25,65.72,11.4,5.76,,2025-07-08 14:05:59.051165,48.0,42.0,39.0,33.0,87.0,75.0
MIL,,,,,,21.24,32.55,53.79,5.1,2.27,,2025-07-08 14:05:59.051165,51.0,40.0,35.0,35.0,86.0,75.0
TBR,,,,,,12.45,40.66,53.11,6.49,2.84,,2025-07-08 14:05:59.051165,49.0,42.0,36.0,35.0,85.0,77.0
SDP,,,,,,4.59,40.79,45.38,4.38,2.04,,2025-07-08 14:05:59.051165,48.0,42.0,36.0,36.0,84.0,78.0
SFG,,,,,,5.06,40.61,45.66,4.36,1.98,,2025-07-08 14:05:59.051165,50.0,42.0,34.0,36.0,84.0,78.0
BOS,,,,,,5.44,26.85,32.29,5.01,2.33,,2025-07-08 14:05:59.051165,47.0,45.0,36.0,34.0,83.0,79.0
STL,,,,,,12.11,27.71,39.83,3.02,1.34,,2025-07-08 14:05:59.051165,48.0,43.0,35.0,36.0,83.0,79.0
ARI,,,,,,1.49,25.28,26.77,3.6,1.84,,2025-07-08 14:05:59.051165,45.0,46.0,37.0,34.0,82.0,80.0
MIN,,,,,,8.05,20.64,28.68,5.27,2.79,,2025-07-08 14:05:59.051165,43.0,47.0,38.0,33.0,81.0,80.0
TEX,,,,,,5.53,20.84,26.37,4.32,2.19,,2025-07-08 14:05:59.051165,44.0,47.0,37.0,34.0,81.0,81.0
CIN,,,,,,3.74,10.8,14.55,1.29,0.64,,2025-07-08 14:05:59.051165,46.0,45.0,34.0,37.0,80.0,82.0
ATL,,,,,,1.2,11.43,12.62,2.82,1.77,,2025-07-08 14:05:59.051165,39.0,50.0,40.0,31.0,79.0,81.0
BAL,,,,,,1.23,10.48,11.71,2.7,1.52,,2025-07-08 14:05:59.051165,40.0,49.0,39.0,33.0,79.0,82.0
KCR,,,,,,3.38,10.46,13.84,1.94,0.86,,2025-07-08 14:05:59.051165,44.0,48.0,35.0,35.0,79.0,83.0
LAA,,,,,,2.04,8.87,10.9,1.32,0.58,,2025-07-08 14:05:59.051165,44.0,46.0,34.0,38.0,78.0,84.0
CLE,,,,,,1.6,7.36,8.96,1.2,0.53,,2025-07-08 14:05:59.051165,41.0,48.0,36.0,36.0,77.0,84.0
PIT,,,,,,0.11,0.51,0.62,0.07,0.03,,2025-07-08 14:05:59.051165,38.0,54.0,33.0,37.0,71.0,91.0
MIA,,,,,,0.03,0.42,0.45,0.02,0.01,,2025-07-08 14:05:59.051165,41.0,48.0,29.0,43.0,70.0,91.0
ATH,,,,,,0.03,0.23,0.26,0.02,0.01,,2025-07-08 14:05:59.051165,37.0,55.0,32.0,38.0,69.0,93.0
WSN,,,,,,0.01,0.14,0.15,0.01,0.01,,2025-07-08 14:05:59.051165,37.0,53.0,31.0,40.0,68.0,93.0
CHW,,,,,,0.0,0.0,0.0,0.0,0.0,,2025-07-08 14:05:59.051165,30.0,61.0,28.0,43.0,58.0,104.0
COL,,,,,,0.0,0.0,0.0,0.0,0.0,,2025-07-08 14:05:59.051165,21.0,70.0,27.0,44.0,48.0,114.0
LAD,,,,,,85.83,12.23,98.06,31.96,18.79,,2025-07-09 14:03:19.781876,56.0,37.0,41.0,28.0,97.0,65.0
DET,,,,,,86.66,7.54,94.21,12.31,4.98,,2025-07-09 14:03:19.781876,59.0,34.0,34.0,35.0,93.0,69.0
NYM,,,,,,51.52,37.24,88.76,16.34,8.8,,2025-07-09 14:03:19.781876,53.0,39.0,39.0,31.0,92.0,70.0
PHI,,,,,,47.43,39.2,86.63,14.77,7.51,,2025-07-09 14:03:19.781876,53.0,39.0,38.0,32.0,91.0,71.0
HOU,,,,,,67.05,21.95,89.0,14.96,6.68,,2025-07-09 14:03:19.781876,55.0,37.0,36.0,34.0,91.0,71.0
TOR,,,,,,50.7,37.76,88.46,15.72,7.33,,2025-07-09 14:03:19.781876,54.0,38.0,37.0,32.0,91.0,70.0
CHC,,,,,,58.15,25.1,83.25,11.29,5.24,,2025-07-09 14:03:19.781876,54.0,37.0,36.0,34.0,90.0,71.0
NYY,,,,,,32.75,46.41,79.15,17.16,8.79,,2025-07-09 14:03:19.781876,50.0,41.0,39.0,32.0,89.0,73.0
SEA,,,,,,24.08,38.2,62.29,10.95,5.38,,2025-07-09 14:03:19.781876,48.0,43.0,38.0,33.0,86.0,76.0
MIL,,,,,,25.25,31.79,57.04,5.83,2.58,,2025-07-09 14:03:19.781876,52.0,40.0,34.0,35.0,86.0,75.0
SDP,,,,,,5.95,42.96,48.91,4.88,2.27,,2025-07-09 14:03:19.781876,49.0,42.0,36.0,35.0,85.0,77.0
SFG,,,,,,6.67,42.5,49.17,4.67,2.21,,2025-07-09 14:03:19.781876,51.0,42.0,34.0,35.0,85.0,77.0
TBR,,,,,,9.87,38.02,47.88,6.15,2.85,,2025-07-09 14:03:19.781876,49.0,43.0,35.0,35.0,84.0,78.0
STL,,,,,,13.66,28.23,41.89,3.48,1.45,,2025-07-09 14:03:19.781876,49.0,43.0,35.0,35.0,84.0,78.0
BOS,,,,,,5.67,28.81,34.48,5.16,2.57,,2025-07-09 14:03:19.781876,48.0,45.0,35.0,34.0,83.0,79.0
ARI,,,,,,1.55,21.68,23.24,3.28,1.69,,2025-07-09 14:03:19.781876,45.0,47.0,37.0,33.0,82.0,80.0
MIN,,,,,,8.71,22.66,31.37,5.97,3.19,,2025-07-09 14:03:19.781876,44.0,47.0,38.0,32.0,82.0,79.0
TEX,,,,,,6.98,21.73,28.71,4.83,2.36,,2025-07-09 14:03:19.781876,45.0,47.0,36.0,34.0,81.0,81.0
KCR,,,,,,3.18,12.02,15.2,1.98,0.83,,2025-07-09 14:03:19.781876,45.0,48.0,34.0,35.0,79.0,83.0
CIN,,,,,,2.89,9.16,12.04,1.16,0.54,,2025-07-09 14:03:19.781876,46.0,46.0,33.0,37.0,79.0,83.0
ATL,,,,,,0.99,9.05,10.04,2.26,1.43,,2025-07-09 14:03:19.781876,39.0,51.0,40.0,30.0,79.0,81.0
BAL,,,,,,1.02,8.71,9.72,2.2,1.29,,2025-07-09 14:03:19.781876,40.0,50.0,38.0,33.0,78.0,83.0
CLE,,,,,,1.45,8.72,10.17,1.47,0.69,,2025-07-09 14:03:19.781876,42.0,48.0,36.0,35.0,78.0,83.0
LAA,,,,,,1.84,7.16,8.99,1.1,0.48,,2025-07-09 14:03:19.781876,44.0,47.0,33.0,38.0,77.0,85.0
MIA,,,,,,0.04,0.38,0.42,0.03,0.01,,2025-07-09 14:03:19.781876,42.0,48.0,29.0,42.0,71.0,90.0
PIT,,,,,,0.05,0.38,0.43,0.05,0.03,,2025-07-09 14:03:19.781876,38.0,55.0,33.0,36.0,71.0,91.0
ATH,,,,,,0.04,0.33,0.38,0.06,0.01,,2025-07-09 14:03:19.781876,38.0,55.0,32.0,37.0,70.0,92.0
WSN,,,,,,0.03,0.09,0.11,0.01,0.01,,2025-07-09 14:03:19.781876,37.0,54.0,30.0,40.0,67.0,94.0
CHW,,,,,,0.0,0.0,0.0,0.0,0.0,,2025-07-09 14:03:19.781876,30.0,62.0,27.0,43.0,57.0,105.0
COL,,,,,,0.0,0.0,0.0,0.0,0.0,,2025-07-09 14:03:19.781876,21.0,71.0,27.0,43.0,48.0,114.0
LAD,,,,,,85.24,12.21,97.45,31.43,18.71,,2025-07-10 14:05:31.904100,56.0,38.0,40.0,28.0,96.0,66.0
DET,,,,,,84.0,9.16,93.15,12.06,4.61,,2025-07-10 14:05:31.904100,59.0,35.0,33.0,35.0,92.0,70.0
PHI,,,,,,52.72,36.3,89.02,15.72,8.02,,2025-07-10 14:05:31.904100,54.0,39.0,37.0,32.0,91.0,71.0
HOU,,,,,,67.56,19.52,87.08,15.33,6.87,,2025-07-10 14:05:31.904100,55.0,38.0,36.0,33.0,91.0,71.0
NYM,,,,,,46.11,41.23,87.34,16.27,8.91,,2025-07-10 14:05:31.904100,53.0,39.0,38.0,31.0,91.0,70.0
CHC,,,,,,54.57,26.75,81.32,10.79,5.22,,2025-07-10 14:05:31.904100,54.0,38.0,36.0,33.0,90.0,71.0
TOR,,,,,,45.1,40.62,85.72,15.58,7.34,,2025-07-10 14:05:31.904100,54.0,39.0,36.0,32.0,90.0,71.0
NYY,,,,,,36.41,44.7,81.1,17.78,9.03,,2025-07-10 14:05:31.904100,51.0,41.0,38.0,32.0,89.0,73.0
MIL,,,,,,29.9,32.59,62.49,6.42,3.0,,2025-07-10 14:05:31.904100,53.0,40.0,34.0,34.0,87.0,74.0
SEA,,,,,,23.29,35.33,58.63,10.15,4.91,,2025-07-10 14:05:31.904100,48.0,44.0,38.0,32.0,86.0,76.0
TBR,,,,,,11.51,40.77,52.28,6.66,3.05,,2025-07-10 14:05:31.904100,50.0,43.0,35.0,34.0,85.0,77.0
SDP,,,,,,5.73,40.32,46.05,4.71,2.28,,2025-07-10 14:05:31.904100,49.0,43.0,35.0,35.0,84.0,78.0
SFG,,,,,,6.94,39.55,46.49,4.5,2.14,,2025-07-10 14:05:31.904100,51.0,43.0,33.0,35.0,84.0,78.0
BOS,,,,,,6.25,31.02,37.27,5.54,2.58,,2025-07-10 14:05:31.904100,49.0,45.0,34.0,34.0,83.0,79.0
STL,,,,,,12.11,26.52,38.63,3.25,1.44,,2025-07-10 14:05:31.904100,49.0,44.0,34.0,35.0,83.0,79.0
MIN,,,,,,10.05,23.36,33.41,6.16,3.23,,2025-07-10 14:05:31.904100,45.0,47.0,37.0,32.0,82.0,79.0
ARI,,,,,,2.08,23.31,25.39,3.28,1.65,,2025-07-10 14:05:31.904100,46.0,47.0,36.0,33.0,82.0,80.0
TEX,,,,,,6.54,18.4,24.94,4.17,1.97,,2025-07-10 14:05:31.904100,45.0,48.0,36.0,33.0,81.0,81.0
KCR,,,,,,4.04,12.75,16.8,2.22,0.97,,2025-07-10 14:05:31.904100,46.0,48.0,34.0,34.0,80.0,82.0
CIN,,,,,,3.36,10.2,13.56,1.13,0.48,,2025-07-10 14:05:31.904100,47.0,46.0,32.0,37.0,79.0,83.0
ATL,,,,,,1.12,10.29,11.4,2.43,1.53,,2025-07-10 14:05:31.904100,40.0,51.0,39.0,30.0,79.0,81.0
CLE,,,,,,1.91,9.29,11.2,1.56,0.71,,2025-07-10 14:05:31.904100,43.0,48.0,35.0,35.0,78.0,83.0
BAL,,,,,,0.74,7.12,7.86,1.63,0.88,,2025-07-10 14:05:31.904100,40.0,50.0,38.0,32.0,78.0,82.0
LAA,,,,,,2.56,7.82,10.38,1.12,0.43,,2025-07-10 14:05:31.904100,45.0,47.0,33.0,37.0,78.0,84.0
MIA,,,,,,0.05,0.37,0.42,0.03,0.01,,2025-07-10 14:05:31.904100,42.0,49.0,28.0,42.0,70.0,91.0
PIT,,,,,,0.06,0.24,0.3,0.03,0.01,,2025-07-10 14:05:31.904100,38.0,56.0,32.0,36.0,70.0,92.0
ATH,,,,,,0.04,0.16,0.2,0.03,0.01,,2025-07-10 14:05:31.904100,38.0,56.0,31.0,37.0,69.0,93.0
WSN,,,,,,0.0,0.12,0.12,0.01,0.01,,2025-07-10 14:05:31.904100,38.0,54.0,30.0,39.0,68.0,93.0
CHW,,,,,,0.0,0.0,0.0,0.0,0.0,,2025-07-10 14:05:31.904100,31.0,62.0,27.0,42.0,58.0,104.0
COL,,,,,,0.0,0.0,0.0,0.0,0.0,,2025-07-10 14:05:31.904100,21.0,72.0,27.0,42.0,48.0,114.0
LAD,,,,,,84.78,12.61,97.39,31.36,18.48,,2025-07-11 14:02:02.269508,56.0,38.0,40.0,28.0,96.0,66.0
DET,,,,,,85.41,7.96,93.36,12.43,4.91,,2025-07-11 14:02:02.269508,59.0,35.0,33.0,35.0,92.0,70.0
PHI,,,,,,55.27,33.58,88.85,15.81,8.12,,2025-07-11 14:02:02.269508,54.0,39.0,37.0,32.0,91.0,71.0
HOU,,,,,,68.39,18.71,87.11,15.72,7.1,,2025-07-11 14:02:02.269508,55.0,38.0,36.0,33.0,91.0,71.0
NYM,,,,,,43.73,42.32,86.04,16.36,8.93,,2025-07-11 14:02:02.269508,53.0,41.0,38.0,30.0,91.0,71.0
CHC,,,,,,56.91,26.53,83.44,10.81,4.9,,2025-07-11 14:02:02.269508,55.0,38.0,35.0,33.0,90.0,71.0
NYY,,,,,,37.44,45.25,82.69,17.79,8.96,,2025-07-11 14:02:02.269508,52.0,41.0,38.0,31.0,90.0,72.0
TOR,,,,,,44.87,41.32,86.19,14.99,7.12,,2025-07-11 14:02:02.269508,54.0,39.0,36.0,32.0,90.0,71.0
MIL,,,,,,27.13,34.38,61.5,6.02,2.69,,2025-07-11 14:02:02.269508,53.0,40.0,34.0,34.0,87.0,74.0
SEA,,,,,,21.61,33.64,55.25,9.72,4.86,,2025-07-11 14:02:02.269508,48.0,45.0,37.0,32.0,85.0,77.0
SDP,,,,,,6.54,42.73,49.27,4.87,2.3,,2025-07-11 14:02:02.269508,50.0,43.0,35.0,34.0,85.0,77.0
SFG,,,,,,6.89,38.97,45.86,4.67,2.15,,2025-07-11 14:02:02.269508,51.0,43.0,33.0,35.0,84.0,78.0
STL,,,,,,12.53,28.34,40.88,3.44,1.61,,2025-07-11 14:02:02.269508,50.0,44.0,34.0,34.0,84.0,78.0
TBR,,,,,,9.75,38.48,48.23,6.03,2.77,,2025-07-11 14:02:02.269508,50.0,44.0,34.0,34.0,84.0,78.0
BOS,,,,,,6.69,33.84,40.54,5.99,2.78,,2025-07-11 14:02:02.269508,50.0,45.0,34.0,33.0,84.0,78.0
MIN,,,,,,8.57,22.07,30.64,5.4,2.84,,2025-07-11 14:02:02.269508,45.0,48.0,37.0,31.0,82.0,79.0
ARI,,,,,,1.79,20.66,22.45,3.33,1.76,,2025-07-11 14:02:02.269508,46.0,48.0,36.0,32.0,82.0,80.0
TEX,,,,,,7.61,19.77,27.38,4.63,2.35,,2025-07-11 14:02:02.269508,46.0,48.0,35.0,33.0,81.0,81.0
CIN,,,,,,3.38,11.33,14.71,1.33,0.57,,2025-07-11 14:02:02.269508,48.0,46.0,32.0,36.0,80.0,82.0
KCR,,,,,,4.24,12.56,16.8,2.08,0.91,,2025-07-11 14:02:02.269508,46.0,48.0,34.0,34.0,80.0,82.0
BAL,,,,,,1.25,11.3,12.55,2.73,1.57,,2025-07-11 14:02:02.269508,42.0,50.0,37.0,32.0,79.0,82.0
ATL,,,,,,0.96,7.98,8.94,1.94,1.22,,2025-07-11 14:02:02.269508,40.0,52.0,39.0,29.0,79.0,81.0
CLE,,,,,,1.79,7.85,9.64,1.47,0.7,,2025-07-11 14:02:02.269508,43.0,48.0,35.0,34.0,78.0,82.0
LAA,,,,,,2.34,7.0,9.34,1.0,0.35,,2025-07-11 14:02:02.269508,45.0,48.0,33.0,36.0,78.0,84.0
ATH,,,,,,0.04,0.24,0.29,0.03,0.01,,2025-07-11 14:02:02.269508,39.0,56.0,31.0,36.0,70.0,92.0
PIT,,,,,,0.04,0.3,0.34,0.04,0.03,,2025-07-11 14:02:02.269508,38.0,56.0,32.0,36.0,70.0,92.0
MIA,,,,,,0.03,0.2,0.23,0.01,0.01,,2025-07-11 14:02:02.269508,42.0,50.0,28.0,41.0,70.0,91.0
WSN,,,,,,0.01,0.09,0.1,0.01,0.0,,2025-07-11 14:02:02.269508,38.0,55.0,29.0,39.0,67.0,94.0
CHW,,,,,,0.0,0.0,0.0,0.0,0.0,,2025-07-11 14:02:02.269508,31.0,62.0,27.0,41.0,58.0,103.0
COL,,,,,,0.0,0.0,0.0,0.0,0.0,,2025-07-11 14:02:02.269508,21.0,72.0,27.0,42.0,48.0,114.0
LAD,,,,,,82.35,14.66,97.01,31.45,18.63,,2025-07-12 13:57:44.645456,56.0,39.0,40.0,27.0,96.0,66.0
DET,,,,,,83.36,8.78,92.14,11.79,4.54,,2025-07-12 13:57:44.645456,59.0,36.0,33.0,34.0,92.0,70.0
PHI,,,,,,50.77,36.36,87.12,15.5,8.18,,2025-07-12 13:57:44.645456,54.0,40.0,37.0,31.0,91.0,71.0
NYM,,,,,,48.12,39.62,87.74,16.31,8.67,,2025-07-12 13:57:44.645456,54.0,41.0,37.0,30.0,91.0,71.0
HOU,,,,,,64.86,20.24,85.1,14.78,6.68,,2025-07-12 13:57:44.645456,55.0,39.0,35.0,33.0,90.0,72.0
CHC,,,,,,54.05,27.39,81.45,10.94,5.32,,2025-07-12 13:57:44.645456,55.0,39.0,35.0,32.0,90.0,71.0
NYY,,,,,,39.06,45.35,84.41,17.84,8.91,,2025-07-12 13:57:44.645456,53.0,41.0,37.0,31.0,90.0,72.0
TOR,,,,,,45.18,41.98,87.17,15.48,7.28,,2025-07-12 13:57:44.645456,55.0,39.0,35.0,32.0,90.0,71.0
MIL,,,,,,31.38,32.51,63.89,6.62,2.97,,2025-07-12 13:57:44.645456,54.0,40.0,33.0,34.0,87.0,74.0
SFG,,,,,,7.98,42.38,50.35,4.71,2.15,,2025-07-12 13:57:44.645456,52.0,43.0,33.0,34.0,85.0,77.0
SEA,,,,,,23.5,33.07,56.57,10.03,5.1,,2025-07-12 13:57:44.645456,49.0,45.0,36.0,32.0,85.0,77.0
SDP,,,,,,8.24,44.42,52.66,4.96,2.38,,2025-07-12 13:57:44.645456,51.0,43.0,34.0,34.0,85.0,77.0
BOS,,,,,,7.29,35.95,43.23,6.36,2.99,,2025-07-12 13:57:44.645456,51.0,45.0,33.0,33.0,84.0,78.0
TBR,,,,,,7.17,35.55,42.73,5.52,2.38,,2025-07-12 13:57:44.645456,50.0,45.0,34.0,33.0,84.0,78.0
STL,,,,,,11.82,26.4,38.21,3.21,1.41,,2025-07-12 13:57:44.645456,50.0,45.0,33.0,34.0,83.0,79.0
TEX,,,,,,9.03,20.05,29.08,4.65,2.35,,2025-07-12 13:57:44.645456,47.0,48.0,35.0,32.0,82.0,80.0
MIN,,,,,,10.41,21.14,31.55,5.92,3.12,,2025-07-12 13:57:44.645456,46.0,48.0,36.0,31.0,82.0,79.0
ARI,,,,,,1.44,17.5,18.94,2.79,1.52,,2025-07-12 13:57:44.645456,46.0,49.0,35.0,32.0,81.0,81.0
KCR,,,,,,4.21,10.51,14.71,2.03,0.83,,2025-07-12 13:57:44.645456,46.0,49.0,33.0,34.0,79.0,83.0
CIN,,,,,,2.72,9.28,12.0,1.15,0.51,,2025-07-12 13:57:44.645456,48.0,47.0,31.0,36.0,79.0,83.0
BAL,,,,,,1.29,12.02,13.31,2.89,1.48,,2025-07-12 13:57:44.645456,43.0,50.0,36.0,32.0,79.0,82.0
ATL,,,,,,1.09,9.06,10.15,2.31,1.41,,2025-07-12 13:57:44.645456,41.0,52.0,38.0,29.0,79.0,81.0
CLE,,,,,,2.02,7.83,9.85,1.52,0.66,,2025-07-12 13:57:44.645456,44.0,49.0,34.0,34.0,78.0,83.0
LAA,,,,,,2.57,7.4,9.97,1.18,0.53,,2025-07-12 13:57:44.645456,46.0,48.0,32.0,36.0,78.0,84.0
PIT,,,,,,0.03,0.22,0.25,0.03,0.01,,2025-07-12 13:57:44.645456,38.0,57.0,32.0,35.0,70.0,92.0
ATH,,,,,,0.04,0.12,0.17,0.01,0.0,,2025-07-12 13:57:44.645456,39.0,57.0,30.0,36.0,69.0,93.0
MIA,,,,,,0.01,0.17,0.18,0.01,0.01,,2025-07-12 13:57:44.645456,42.0,51.0,27.0,41.0,69.0,92.0
WSN,,,,,,0.01,0.04,0.04,0.01,0.01,,2025-07-12 13:57:44.645456,38.0,56.0,29.0,38.0,67.0,94.0
CHW,,,,,,0.0,0.0,0.0,0.0,0.0,,2025-07-12 13:57:44.645456,32.0,63.0,26.0,41.0,58.0,104.0
COL,,,,,,0.0,0.0,0.0,0.0,0.0,,2025-07-12 13:57:44.645456,22.0,72.0,26.0,42.0,48.0,114.0
LAD,,,,,,84.08,13.4,97.48,31.03,17.89,,2025-07-13 13:58:11.151382,57.0,39.0,39.0,27.0,96.0,66.0
NYM,,,,,,53.3,35.67,88.98,16.93,8.92,,2025-07-13 13:58:11.151382,55.0,41.0,37.0,29.0,92.0,70.0
DET,,,,,,81.36,9.39,90.75,11.34,4.51,,2025-07-13 13:58:11.151382,59.0,37.0,33.0,33.0,92.0,70.0
HOU,,,,,,66.46,21.26,87.72,15.86,7.31,,2025-07-13 13:58:11.151382,56.0,39.0,35.0,32.0,91.0,71.0
CHC,,,,,,55.42,28.56,83.97,11.25,5.51,,2025-07-13 13:58:11.151382,56.0,39.0,35.0,31.0,91.0,70.0
PHI,,,,,,45.25,39.42,84.67,14.8,7.75,,2025-07-13 13:58:11.151382,54.0,41.0,36.0,31.0,90.0,72.0
NYY,,,,,,38.45,43.78,82.23,17.39,8.97,,2025-07-13 13:58:11.151382,53.0,42.0,37.0,30.0,90.0,72.0
TOR,,,,,,43.36,41.55,84.91,15.17,7.17,,2025-07-13 13:58:11.151382,55.0,40.0,35.0,31.0,90.0,71.0
MIL,,,,,,33.09,34.75,67.84,6.94,3.21,,2025-07-13 13:58:11.151382,55.0,40.0,33.0,33.0,88.0,73.0
SDP,,,,,,8.72,47.79,56.51,5.62,2.7,,2025-07-13 13:58:11.151382,52.0,43.0,34.0,33.0,86.0,76.0
SEA,,,,,,24.32,36.61,60.92,10.76,5.38,,2025-07-13 13:58:11.151382,50.0,45.0,36.0,31.0,86.0,76.0
BOS,,,,,,9.83,37.05,46.88,7.04,3.2,,2025-07-13 13:58:11.151382,52.0,45.0,33.0,32.0,85.0,77.0
SFG,,,,,,6.17,40.45,46.61,4.5,2.1,,2025-07-13 13:58:11.151382,52.0,44.0,33.0,33.0,85.0,77.0
TBR,,,,,,7.2,31.79,38.98,5.05,2.06,,2025-07-13 13:58:11.151382,50.0,46.0,33.0,33.0,83.0,79.0
STL,,,,,,8.74,25.07,33.82,2.74,1.17,,2025-07-13 13:58:11.151382,50.0,46.0,33.0,33.0,83.0,79.0
MIN,,,,,,12.64,23.14,35.78,6.69,3.38,,2025-07-13 13:58:11.151382,47.0,48.0,36.0,30.0,83.0,78.0
TEX,,,,,,6.51,19.27,25.78,4.07,2.04,,2025-07-13 13:58:11.151382,47.0,49.0,34.0,32.0,81.0,81.0
ARI,,,,,,1.03,14.29,15.32,2.08,1.14,,2025-07-13 13:58:11.151382,46.0,50.0,35.0,31.0,81.0,81.0
CIN,,,,,,2.73,10.42,13.14,1.35,0.62,,2025-07-13 13:58:11.151382,49.0,47.0,31.0,35.0,80.0,82.0
ATL,,,,,,1.43,9.78,11.2,2.72,1.72,,2025-07-13 13:58:11.151382,42.0,52.0,38.0,28.0,80.0,80.0
CLE,,,,,,2.61,8.81,11.43,1.49,0.62,,2025-07-13 13:58:11.151382,45.0,49.0,34.0,33.0,79.0,82.0
BAL,,,,,,1.16,9.49,10.64,2.24,1.25,,2025-07-13 13:58:11.151382,43.0,51.0,36.0,31.0,79.0,82.0
LAA,,,,,,2.7,8.76,11.46,1.29,0.6,,2025-07-13 13:58:11.151382,47.0,48.0,32.0,35.0,79.0,83.0
KCR,,,,,,3.39,8.93,12.32,1.58,0.77,,2025-07-13 13:58:11.151382,46.0,50.0,33.0,33.0,79.0,83.0
ATH,,,,,,0.01,0.18,0.2,0.03,0.01,,2025-07-13 13:58:11.151382,40.0,57.0,30.0,35.0,70.0,92.0
MIA,,,,,,0.01,0.21,0.22,0.01,0.0,,2025-07-13 13:58:11.151382,43.0,51.0,27.0,40.0,70.0,91.0
PIT,,,,,,0.02,0.15,0.18,0.02,0.01,,2025-07-13 13:58:11.151382,38.0,58.0,31.0,35.0,69.0,93.0
WSN,,,,,,0.01,0.04,0.05,0.0,0.0,,2025-07-13 13:58:11.151382,38.0,57.0,29.0,37.0,67.0,94.0
CHW,,,,,,0.0,0.01,0.01,0.0,0.0,,2025-07-13 13:58:11.151382,32.0,64.0,26.0,40.0,58.0,104.0
COL,,,,,,0.0,0.0,0.0,0.0,0.0,,2025-07-13 13:58:11.151382,22.0,73.0,26.0,41.0,48.0,114.0
LAD,,,,,,86.88,11.12,98.0,31.37,18.54,,2025-07-14 14:06:47.394612,58.0,39.0,38.0,27.0,96.0,66.0
PHI,,,,,,50.82,36.22,87.04,15.35,8.05,,2025-07-14 14:06:47.394612,55.0,41.0,36.0,30.0,91.0,71.0
CHC,,,,,,55.98,29.69,85.67,11.5,5.5,,2025-07-14 14:06:47.394612,57.0,39.0,34.0,31.0,91.0,70.0
NYM,,,,,,48.27,38.23,86.5,16.51,8.82,,2025-07-14 14:06:47.394612,55.0,42.0,36.0,29.0,91.0,71.0
DET,,,,,,80.41,9.79,90.2,12.0,4.83,,2025-07-14 14:06:47.394612,59.0,38.0,32.0,33.0,91.0,71.0
HOU,,,,,,62.12,24.43,86.55,14.71,6.71,,2025-07-14 14:06:47.394612,56.0,40.0,34.0,32.0,90.0,72.0
NYY,,,,,,37.72,42.44,80.16,17.22,8.58,,2025-07-14 14:06:47.394612,53.0,43.0,36.0,30.0,89.0,73.0
TOR,,,,,,41.97,40.87,82.84,14.69,7.02,,2025-07-14 14:06:47.394612,55.0,41.0,34.0,31.0,89.0,72.0
MIL,,,,,,32.23,37.56,69.8,7.08,3.21,,2025-07-14 14:06:47.394612,56.0,40.0,32.0,33.0,88.0,73.0
SEA,,,,,,27.88,36.91,64.8,11.58,5.67,,2025-07-14 14:06:47.394612,51.0,45.0,35.0,31.0,86.0,76.0
SDP,,,,,,7.0,44.78,51.78,4.99,2.23,,2025-07-14 14:06:47.394612,52.0,44.0,33.0,33.0,85.0,77.0
BOS,,,,,,12.65,38.93,51.58,7.51,3.49,,2025-07-14 14:06:47.394612,53.0,45.0,32.0,32.0,85.0,77.0
SFG,,,,,,5.07,38.25,43.32,4.29,2.1,,2025-07-14 14:06:47.394612,52.0,45.0,32.0,33.0,84.0,78.0
STL,,,,,,9.13,28.08,37.21,3.13,1.44,,2025-07-14 14:06:47.394612,51.0,46.0,32.0,33.0,83.0,79.0
TBR,,,,,,6.67,29.28,35.95,4.61,2.05,,2025-07-14 14:06:47.394612,50.0,47.0,33.0,32.0,83.0,79.0
TEX,,,,,,7.47,21.6,29.07,5.01,2.5,,2025-07-14 14:06:47.394612,48.0,49.0,34.0,31.0,82.0,80.0
MIN,,,,,,11.5,20.05,31.55,5.72,2.79,,2025-07-14 14:06:47.394612,47.0,49.0,35.0,30.0,82.0,79.0
ARI,,,,,,1.05,16.46,17.52,2.68,1.49,,2025-07-14 14:06:47.394612,47.0,50.0,34.0,31.0,81.0,81.0
CIN,,,,,,2.63,11.62,14.26,1.22,0.52,,2025-07-14 14:06:47.394612,50.0,47.0,30.0,35.0,80.0,82.0
CLE,,,,,,3.28,9.75,13.04,1.92,0.82,,2025-07-14 14:06:47.394612,46.0,49.0,33.0,33.0,79.0,82.0
ATL,,,,,,0.9,7.54,8.43,1.8,1.17,,2025-07-14 14:06:47.394612,42.0,53.0,37.0,28.0,79.0,81.0
KCR,,,,,,4.81,10.3,15.12,2.02,0.89,,2025-07-14 14:06:47.394612,47.0,50.0,32.0,33.0,79.0,83.0
BAL,,,,,,0.98,7.83,8.82,1.73,0.95,,2025-07-14 14:06:47.394612,43.0,52.0,35.0,31.0,78.0,83.0
LAA,,,,,,2.5,7.62,10.12,1.24,0.57,,2025-07-14 14:06:47.394612,47.0,49.0,31.0,35.0,78.0,84.0
MIA,,,,,,0.02,0.19,0.21,0.03,0.01,,2025-07-14 14:06:47.394612,44.0,51.0,27.0,39.0,71.0,90.0
ATH,,,,,,0.02,0.19,0.21,0.03,0.01,,2025-07-14 14:06:47.394612,41.0,57.0,29.0,35.0,70.0,92.0
PIT,,,,,,0.03,0.24,0.27,0.06,0.03,,2025-07-14 14:06:47.394612,39.0,58.0,31.0,34.0,70.0,92.0
WSN,,,,,,0.0,0.01,0.01,0.0,0.0,,2025-07-14 14:06:47.394612,38.0,58.0,28.0,37.0,66.0,95.0
CHW,,,,,,0.0,0.0,0.0,0.0,0.0,,2025-07-14 14:06:47.394612,32.0,65.0,25.0,40.0,57.0,105.0
COL,,,,,,0.0,0.0,0.0,0.0,0.0,,2025-07-14 14:06:47.394612,22.0,74.0,25.0,41.0,47.0,115.0
LAD,,,,,,86.86,11.15,98.01,31.41,18.54,,2025-07-15 14:07:30.339993,58.0,39.0,38.0,27.0,96.0,66.0
PHI,,,,,,51.18,35.91,87.08,15.42,8.09,,2025-07-15 14:07:30.339993,55.0,41.0,36.0,30.0,91.0,71.0
CHC,,,,,,55.99,29.7,85.69,11.5,5.48,,2025-07-15 14:07:30.339993,57.0,39.0,34.0,31.0,91.0,70.0
NYM,,,,,,47.9,38.34,86.24,16.32,8.71,,2025-07-15 14:07:30.339993,55.0,42.0,36.0,29.0,91.0,71.0
DET,,,,,,80.42,9.75,90.18,12.06,4.84,,2025-07-15 14:07:30.339993,59.0,38.0,32.0,33.0,91.0,71.0
HOU,,,,,,62.09,24.46,86.55,14.66,6.71,,2025-07-15 14:07:30.339993,56.0,40.0,34.0,32.0,90.0,72.0
NYY,,,,,,37.36,42.71,80.07,17.08,8.53,,2025-07-15 14:07:30.339993,53.0,43.0,36.0,30.0,89.0,73.0
TOR,,,,,,42.59,40.74,83.34,15.1,7.28,,2025-07-15 14:07:30.339993,55.0,41.0,34.0,31.0,89.0,72.0
MIL,,,,,,32.23,37.54,69.77,7.12,3.23,,2025-07-15 14:07:30.339993,56.0,40.0,32.0,33.0,88.0,73.0
SEA,,,,,,27.91,36.88,64.79,11.52,5.64,,2025-07-15 14:07:30.339993,51.0,45.0,35.0,31.0,86.0,76.0
SDP,,,,,,7.02,44.84,51.87,5.02,2.25,,2025-07-15 14:07:30.339993,52.0,44.0,33.0,33.0,85.0,77.0
BOS,,,,,,12.5,38.99,51.5,7.44,3.48,,2025-07-15 14:07:30.339993,53.0,45.0,32.0,32.0,85.0,77.0
SFG,,,,,,5.06,38.27,43.34,4.29,2.1,,2025-07-15 14:07:30.339993,52.0,45.0,32.0,33.0,84.0,78.0
STL,,,,,,9.12,28.11,37.23,3.13,1.43,,2025-07-15 14:07:30.339993,51.0,46.0,32.0,33.0,83.0,79.0
TBR,,,,,,6.58,29.25,35.83,4.6,2.03,,2025-07-15 14:07:30.339993,50.0,47.0,33.0,32.0,83.0,79.0
TEX,,,,,,7.47,21.58,29.05,5.0,2.48,,2025-07-15 14:07:30.339993,48.0,49.0,34.0,31.0,82.0,80.0
MIN,,,,,,11.48,20.0,31.48,5.67,2.78,,2025-07-15 14:07:30.339993,47.0,49.0,35.0,30.0,82.0,79.0
ARI,,,,,,1.06,16.46,17.52,2.69,1.48,,2025-07-15 14:07:30.339993,47.0,50.0,34.0,31.0,81.0,81.0
CIN,,,,,,2.62,11.68,14.3,1.22,0.51,,2025-07-15 14:07:30.339993,50.0,47.0,30.0,35.0,80.0,82.0
CLE,,,,,,3.28,9.74,13.02,1.88,0.8,,2025-07-15 14:07:30.339993,46.0,49.0,33.0,33.0,79.0,82.0
ATL,,,,,,0.91,7.54,8.46,1.8,1.16,,2025-07-15 14:07:30.339993,42.0,53.0,37.0,28.0,79.0,81.0
KCR,,,,,,4.81,10.23,15.04,1.98,0.88,,2025-07-15 14:07:30.339993,47.0,50.0,32.0,33.0,79.0,83.0
BAL,,,,,,0.97,7.83,8.79,1.73,0.95,,2025-07-15 14:07:30.339993,43.0,52.0,35.0,31.0,78.0,83.0
LAA,,,,,,2.51,7.63,10.14,1.26,0.57,,2025-07-15 14:07:30.339993,47.0,49.0,31.0,35.0,78.0,84.0
MIA,,,,,,0.01,0.2,0.21,0.03,0.01,,2025-07-15 14:07:30.339993,44.0,51.0,27.0,39.0,71.0,90.0
ATH,,,,,,0.02,0.2,0.22,0.03,0.01,,2025-07-15 14:07:30.339993,41.0,57.0,29.0,35.0,70.0,92.0
PIT,,,,,,0.03,0.24,0.27,0.06,0.03,,2025-07-15 14:07:30.339993,39.0,58.0,31.0,34.0,70.0,92.0
WSN,,,,,,0.0,0.01,0.01,0.0,0.0,,2025-07-15 14:07:30.339993,38.0,58.0,28.0,37.0,66.0,95.0
CHW,,,,,,0.0,0.0,0.0,0.0,0.0,,2025-07-15 14:07:30.339993,32.0,65.0,25.0,40.0,57.0,105.0
COL,,,,,,0.0,0.0,0.0,0.0,0.0,,2025-07-15 14:07:30.339993,22.0,74.0,25.0,41.0,47.0,115.0
LAD,,,,,,86.86,11.15,98.01,31.41,18.54,,2025-07-16 14:07:37.364526,58.0,39.0,38.0,27.0,96.0,66.0
PHI,,,,,,51.18,35.91,87.08,15.42,8.09,,2025-07-16 14:07:37.364526,55.0,41.0,36.0,30.0,91.0,71.0
CHC,,,,,,55.99,29.7,85.69,11.5,5.48,,2025-07-16 14:07:37.364526,57.0,39.0,34.0,31.0,91.0,70.0
NYM,,,,,,47.9,38.34,86.24,16.32,8.71,,2025-07-16 14:07:37.364526,55.0,42.0,36.0,29.0,91.0,71.0
DET,,,,,,80.42,9.75,90.18,12.06,4.84,,2025-07-16 14:07:37.364526,59.0,38.0,32.0,33.0,91.0,71.0
HOU,,,,,,62.09,24.46,86.55,14.66,6.71,,2025-07-16 14:07:37.364526,56.0,40.0,34.0,32.0,90.0,72.0
NYY,,,,,,37.36,42.71,80.07,17.08,8.53,,2025-07-16 14:07:37.364526,53.0,43.0,36.0,30.0,89.0,73.0
TOR,,,,,,42.59,40.74,83.34,15.1,7.28,,2025-07-16 14:07:37.364526,55.0,41.0,34.0,31.0,89.0,72.0
MIL,,,,,,32.23,37.54,69.77,7.12,3.23,,2025-07-16 14:07:37.364526,56.0,40.0,32.0,33.0,88.0,73.0
SEA,,,,,,27.91,36.88,64.79,11.52,5.64,,2025-07-16 14:07:37.364526,51.0,45.0,35.0,31.0,86.0,76.0
SDP,,,,,,7.02,44.84,51.87,5.02,2.25,,2025-07-16 14:07:37.364526,52.0,44.0,33.0,33.0,85.0,77.0
BOS,,,,,,12.5,38.99,51.5,7.44,3.48,,2025-07-16 14:07:37.364526,53.0,45.0,32.0,32.0,85.0,77.0
SFG,,,,,,5.06,38.27,43.34,4.29,2.1,,2025-07-16 14:07:37.364526,52.0,45.0,32.0,33.0,84.0,78.0
STL,,,,,,9.12,28.11,37.23,3.13,1.43,,2025-07-16 14:07:37.364526,51.0,46.0,32.0,33.0,83.0,79.0
TBR,,,,,,6.58,29.25,35.83,4.6,2.03,,2025-07-16 14:07:37.364526,50.0,47.0,33.0,32.0,83.0,79.0
TEX,,,,,,7.47,21.58,29.05,5.0,2.48,,2025-07-16 14:07:37.364526,48.0,49.0,34.0,31.0,82.0,80.0
MIN,,,,,,11.48,20.0,31.48,5.67,2.78,,2025-07-16 14:07:37.364526,47.0,49.0,35.0,30.0,82.0,79.0
ARI,,,,,,1.06,16.46,17.52,2.69,1.48,,2025-07-16 14:07:37.364526,47.0,50.0,34.0,31.0,81.0,81.0
CIN,,,,,,2.62,11.68,14.3,1.22,0.51,,2025-07-16 14:07:37.364526,50.0,47.0,30.0,35.0,80.0,82.0
CLE,,,,,,3.28,9.74,13.02,1.88,0.8,,2025-07-16 14:07:37.364526,46.0,49.0,33.0,33.0,79.0,82.0
ATL,,,,,,0.91,7.54,8.46,1.8,1.16,,2025-07-16 14:07:37.364526,42.0,53.0,37.0,28.0,79.0,81.0
KCR,,,,,,4.81,10.23,15.04,1.98,0.88,,2025-07-16 14:07:37.364526,47.0,50.0,32.0,33.0,79.0,83.0
BAL,,,,,,0.97,7.83,8.79,1.73,0.95,,2025-07-16 14:07:37.364526,43.0,52.0,35.0,31.0,78.0,83.0
LAA,,,,,,2.51,7.63,10.14,1.26,0.57,,2025-07-16 14:07:37.364526,47.0,49.0,31.0,35.0,78.0,84.0
MIA,,,,,,0.01,0.2,0.21,0.03,0.01,,2025-07-16 14:07:37.364526,44.0,51.0,27.0,39.0,71.0,90.0
ATH,,,,,,0.02,0.2,0.22,0.03,0.01,,2025-07-16 14:07:37.364526,41.0,57.0,29.0,35.0,70.0,92.0
PIT,,,,,,0.03,0.24,0.27,0.06,0.03,,2025-07-16 14:07:37.364526,39.0,58.0,31.0,34.0,70.0,92.0
WSN,,,,,,0.0,0.01,0.01,0.0,0.0,,2025-07-16 14:07:37.364526,38.0,58.0,28.0,37.0,66.0,95.0
CHW,,,,,,0.0,0.0,0.0,0.0,0.0,,2025-07-16 14:07:37.364526,32.0,65.0,25.0,40.0,57.0,105.0
COL,,,,,,0.0,0.0,0.0,0.0,0.0,,2025-07-16 14:07:37.364526,22.0,74.0,25.0,41.0,47.0,115.0
LAD,,,,,,86.86,11.15,98.01,31.41,18.54,,2025-07-17 14:06:32.013849,58.0,39.0,38.0,27.0,96.0,66.0
PHI,,,,,,51.18,35.91,87.08,15.42,8.09,,2025-07-17 14:06:32.013849,55.0,41.0,36.0,30.0,91.0,71.0
CHC,,,,,,55.99,29.7,85.69,11.5,5.48,,2025-07-17 14:06:32.013849,57.0,39.0,34.0,31.0,91.0,70.0
NYM,,,,,,47.9,38.34,86.24,16.32,8.71,,2025-07-17 14:06:32.013849,55.0,42.0,36.0,29.0,91.0,71.0
DET,,,,,,80.42,9.75,90.18,12.06,4.84,,2025-07-17 14:06:32.013849,59.0,38.0,32.0,33.0,91.0,71.0
HOU,,,,,,62.09,24.46,86.55,14.66,6.71,,2025-07-17 14:06:32.013849,56.0,40.0,34.0,32.0,90.0,72.0
NYY,,,,,,37.36,42.71,80.07,17.08,8.53,,2025-07-17 14:06:32.013849,53.0,43.0,36.0,30.0,89.0,73.0
TOR,,,,,,42.59,40.74,83.34,15.1,7.28,,2025-07-17 14:06:32.013849,55.0,41.0,34.0,31.0,89.0,72.0
MIL,,,,,,32.23,37.54,69.77,7.12,3.23,,2025-07-17 14:06:32.013849,56.0,40.0,32.0,33.0,88.0,73.0
SEA,,,,,,27.91,36.88,64.79,11.52,5.64,,2025-07-17 14:06:32.013849,51.0,45.0,35.0,31.0,86.0,76.0
SDP,,,,,,7.02,44.84,51.87,5.02,2.25,,2025-07-17 14:06:32.013849,52.0,44.0,33.0,33.0,85.0,77.0
BOS,,,,,,12.5,38.99,51.5,7.44,3.48,,2025-07-17 14:06:32.013849,53.0,45.0,32.0,32.0,85.0,77.0
SFG,,,,,,5.06,38.27,43.34,4.29,2.1,,2025-07-17 14:06:32.013849,52.0,45.0,32.0,33.0,84.0,78.0
STL,,,,,,9.12,28.11,37.23,3.13,1.43,,2025-07-17 14:06:32.013849,51.0,46.0,32.0,33.0,83.0,79.0
TBR,,,,,,6.58,29.25,35.83,4.6,2.03,,2025-07-17 14:06:32.013849,50.0,47.0,33.0,32.0,83.0,79.0
TEX,,,,,,7.47,21.58,29.05,5.0,2.48,,2025-07-17 14:06:32.013849,48.0,49.0,34.0,31.0,82.0,80.0
MIN,,,,,,11.48,20.0,31.48,5.67,2.78,,2025-07-17 14:06:32.013849,47.0,49.0,35.0,30.0,82.0,79.0
ARI,,,,,,1.06,16.46,17.52,2.69,1.48,,2025-07-17 14:06:32.013849,47.0,50.0,34.0,31.0,81.0,81.0
CIN,,,,,,2.62,11.68,14.3,1.22,0.51,,2025-07-17 14:06:32.013849,50.0,47.0,30.0,35.0,80.0,82.0
CLE,,,,,,3.28,9.74,13.02,1.88,0.8,,2025-07-17 14:06:32.013849,46.0,49.0,33.0,33.0,79.0,82.0
ATL,,,,,,0.91,7.54,8.46,1.8,1.16,,2025-07-17 14:06:32.013849,42.0,53.0,37.0,28.0,79.0,81.0
KCR,,,,,,4.81,10.23,15.04,1.98,0.88,,2025-07-17 14:06:32.013849,47.0,50.0,32.0,33.0,79.0,83.0
BAL,,,,,,0.97,7.83,8.79,1.73,0.95,,2025-07-17 14:06:32.013849,43.0,52.0,35.0,31.0,78.0,83.0
LAA,,,,,,2.51,7.63,10.14,1.26,0.57,,2025-07-17 14:06:32.013849,47.0,49.0,31.0,35.0,78.0,84.0
MIA,,,,,,0.01,0.2,0.21,0.03,0.01,,2025-07-17 14:06:32.013849,44.0,51.0,27.0,39.0,71.0,90.0
ATH,,,,,,0.02,0.2,0.22,0.03,0.01,,2025-07-17 14:06:32.013849,41.0,57.0,29.0,35.0,70.0,92.0
PIT,,,,,,0.03,0.24,0.27,0.06,0.03,,2025-07-17 14:06:32.013849,39.0,58.0,31.0,34.0,70.0,92.0
WSN,,,,,,0.0,0.01,0.01,0.0,0.0,,2025-07-17 14:06:32.013849,38.0,58.0,28.0,37.0,66.0,95.0
CHW,,,,,,0.0,0.0,0.0,0.0,0.0,,2025-07-17 14:06:32.013849,32.0,65.0,25.0,40.0,57.0,105.0
COL,,,,,,0.0,0.0,0.0,0.0,0.0,,2025-07-17 14:06:32.013849,22.0,74.0,25.0,41.0,47.0,115.0
LAD,,,,,,86.85,11.15,98.0,31.36,18.52,,2025-07-18 14:08:09.008665,58.0,39.0,38.0,27.0,96.0,66.0
PHI,,,,,,51.18,35.85,87.02,15.43,8.09,,2025-07-18 14:08:09.008665,55.0,41.0,36.0,30.0,91.0,71.0
CHC,,,,,,55.84,29.82,85.66,11.51,5.5,,2025-07-18 14:08:09.008665,57.0,39.0,34.0,31.0,91.0,70.0
NYM,,,,,,47.89,38.35,86.24,16.3,8.67,,2025-07-18 14:08:09.008665,55.0,42.0,36.0,29.0,91.0,71.0
DET,,,,,,80.34,9.8,90.15,12.04,4.84,,2025-07-18 14:08:09.008665,59.0,38.0,32.0,33.0,91.0,71.0
HOU,,,,,,62.12,24.4,86.53,14.65,6.71,,2025-07-18 14:08:09.008665,56.0,40.0,34.0,32.0,90.0,72.0
NYY,,,,,,37.38,42.71,80.08,17.08,8.53,,2025-07-18 14:08:09.008665,53.0,43.0,36.0,30.0,89.0,73.0
TOR,,,,,,42.58,40.71,83.28,15.1,7.29,,2025-07-18 14:08:09.008665,55.0,41.0,34.0,31.0,89.0,72.0
MIL,,,,,,32.38,37.57,69.95,7.18,3.28,,2025-07-18 14:08:09.008665,56.0,40.0,32.0,33.0,88.0,73.0
SEA,,,,,,27.87,36.93,64.8,11.5,5.64,,2025-07-18 14:08:09.008665,51.0,45.0,35.0,31.0,86.0,76.0
SDP,,,,,,7.02,44.83,51.84,5.0,2.23,,2025-07-18 14:08:09.008665,52.0,44.0,33.0,33.0,85.0,77.0
BOS,,,,,,12.5,39.0,51.5,7.42,3.48,,2025-07-18 14:08:09.008665,53.0,45.0,32.0,32.0,85.0,77.0
SFG,,,,,,5.08,38.25,43.32,4.32,2.1,,2025-07-18 14:08:09.008665,52.0,45.0,32.0,33.0,84.0,78.0
STL,,,,,,9.13,28.12,37.26,3.14,1.43,,2025-07-18 14:08:09.008665,51.0,46.0,32.0,33.0,83.0,79.0
TBR,,,,,,6.59,29.24,35.83,4.57,2.02,,2025-07-18 14:08:09.008665,50.0,47.0,33.0,32.0,83.0,79.0
TEX,,,,,,7.47,21.57,29.04,5.0,2.49,,2025-07-18 14:08:09.008665,48.0,49.0,34.0,31.0,82.0,80.0
MIN,,,,,,11.46,19.97,31.43,5.71,2.8,,2025-07-18 14:08:09.008665,47.0,49.0,35.0,30.0,82.0,79.0
ARI,,,,,,1.06,16.41,17.47,2.65,1.45,,2025-07-18 14:08:09.008665,47.0,50.0,34.0,31.0,81.0,81.0
CIN,,,,,,2.63,11.67,14.29,1.24,0.52,,2025-07-18 14:08:09.008665,50.0,47.0,30.0,35.0,80.0,82.0
CLE,,,,,,3.29,9.7,12.98,1.88,0.8,,2025-07-18 14:08:09.008665,46.0,49.0,33.0,33.0,79.0,82.0
ATL,,,,,,0.92,7.54,8.46,1.79,1.16,,2025-07-18 14:08:09.008665,42.0,53.0,37.0,28.0,79.0,81.0
KCR,,,,,,4.91,10.35,15.25,2.07,0.9,,2025-07-18 14:08:09.008665,47.0,50.0,32.0,33.0,79.0,83.0
BAL,,,,,,0.95,7.81,8.77,1.71,0.94,,2025-07-18 14:08:09.008665,43.0,52.0,35.0,31.0,78.0,83.0
LAA,,,,,,2.51,7.63,10.14,1.25,0.57,,2025-07-18 14:08:09.008665,47.0,49.0,31.0,35.0,78.0,84.0
MIA,,,,,,0.01,0.2,0.21,0.03,0.01,,2025-07-18 14:08:09.008665,44.0,51.0,27.0,39.0,71.0,90.0
ATH,,,,,,0.02,0.19,0.21,0.03,0.01,,2025-07-18 14:08:09.008665,41.0,57.0,29.0,35.0,70.0,92.0
PIT,,,,,,0.03,0.24,0.27,0.06,0.03,,2025-07-18 14:08:09.008665,39.0,58.0,31.0,34.0,70.0,92.0
WSN,,,,,,0.0,0.01,0.01,0.01,0.01,,2025-07-18 14:08:09.008665,38.0,58.0,28.0,37.0,66.0,95.0
CHW,,,,,,0.0,0.0,0.0,0.0,0.0,,2025-07-18 14:08:09.008665,32.0,65.0,25.0,40.0,57.0,105.0
COL,,,,,,0.0,0.0,0.0,0.0,0.0,,2025-07-18 14:08:09.008665,22.0,74.0,25.0,41.0,47.0,115.0
LAD,,,,,,85.35,12.13,97.48,31.41,18.38,,2025-07-19 14:00:11.665817,58.0,40.0,38.0,26.0,96.0,66.0
CHC,,,,,,58.48,30.66,89.14,12.08,5.54,,2025-07-19 14:00:11.665817,58.0,39.0,34.0,30.0,92.0,69.0
DET,,,,,,80.36,8.73,89.09,11.46,4.7,,2025-07-19 14:00:11.665817,59.0,39.0,32.0,32.0,91.0,71.0
TOR,,,,,,48.3,38.09,86.39,15.87,7.61,,2025-07-19 14:00:11.665817,56.0,41.0,34.0,30.0,90.0,71.0
HOU,,,,,,55.99,27.64,83.63,14.89,6.78,,2025-07-19 14:00:11.665817,56.0,41.0,34.0,31.0,90.0,72.0
NYM,,,,,,47.66,36.31,83.98,15.72,8.49,,2025-07-19 14:00:11.665817,55.0,43.0,35.0,29.0,90.0,72.0
PHI,,,,,,50.9,33.23,84.14,14.83,7.79,,2025-07-19 14:00:11.665817,55.0,42.0,35.0,30.0,90.0,72.0
NYY,,,,,,32.9,44.97,77.86,15.65,7.95,,2025-07-19 14:00:11.665817,53.0,44.0,36.0,29.0,89.0,73.0
MIL,,,,,,32.02,41.98,74.0,7.38,3.19,,2025-07-19 14:00:11.665817,57.0,40.0,32.0,32.0,89.0,72.0
SEA,,,,,,32.38,36.98,69.36,12.72,6.26,,2025-07-19 14:00:11.665817,52.0,45.0,35.0,30.0,87.0,75.0
SDP,,,,,,8.88,45.95,54.82,5.46,2.53,,2025-07-19 14:00:11.665817,53.0,44.0,33.0,32.0,86.0,76.0
BOS,,,,,,10.09,37.0,47.09,6.93,3.28,,2025-07-19 14:00:11.665817,53.0,46.0,32.0,31.0,85.0,77.0
SFG,,,,,,4.52,33.4,37.91,3.77,1.76,,2025-07-19 14:00:11.665817,52.0,46.0,32.0,32.0,84.0,78.0
TBR,,,,,,7.96,31.69,39.66,5.38,2.44,,2025-07-19 14:00:11.665817,51.0,47.0,32.0,32.0,83.0,79.0
STL,,,,,,6.62,26.86,33.48,2.79,1.21,,2025-07-19 14:00:11.665817,51.0,47.0,32.0,32.0,83.0,79.0
MIN,,,,,,10.85,16.93,27.78,5.01,2.57,,2025-07-19 14:00:11.665817,47.0,50.0,35.0,29.0,82.0,79.0
TEX,,,,,,8.82,23.73,32.55,5.27,2.76,,2025-07-19 14:00:11.665817,49.0,49.0,33.0,31.0,82.0,80.0
ARI,,,,,,1.26,17.14,18.4,2.65,1.38,,2025-07-19 14:00:11.665817,48.0,50.0,33.0,31.0,81.0,81.0
CIN,,,,,,2.87,13.41,16.29,1.52,0.65,,2025-07-19 14:00:11.665817,51.0,47.0,30.0,34.0,81.0,81.0
ATL,,,,,,1.39,8.47,9.86,2.34,1.45,,2025-07-19 14:00:11.665817,43.0,53.0,36.0,28.0,79.0,81.0
KCR,,,,,,4.35,8.21,12.56,1.82,0.83,,2025-07-19 14:00:11.665817,47.0,51.0,32.0,32.0,79.0,83.0
LAA,,,,,,2.8,9.07,11.88,1.47,0.6,,2025-07-19 14:00:11.665817,48.0,49.0,31.0,34.0,79.0,83.0
CLE,,,,,,4.44,10.55,14.99,2.02,0.94,,2025-07-19 14:00:11.665817,47.0,49.0,32.0,33.0,79.0,82.0
BAL,,,,,,0.74,6.22,6.97,1.5,0.85,,2025-07-19 14:00:11.665817,43.0,53.0,35.0,30.0,78.0,83.0
MIA,,,,,,0.03,0.33,0.36,0.03,0.01,,2025-07-19 14:00:11.665817,45.0,51.0,26.0,39.0,71.0,90.0
ATH,,,,,,0.02,0.17,0.19,0.01,0.01,,2025-07-19 14:00:11.665817,41.0,58.0,29.0,34.0,70.0,92.0
PIT,,,,,,0.01,0.12,0.13,0.03,0.02,,2025-07-19 14:00:11.665817,39.0,59.0,30.0,34.0,69.0,93.0
WSN,,,,,,0.01,0.01,0.01,0.0,0.0,,2025-07-19 14:00:11.665817,38.0,59.0,28.0,36.0,66.0,95.0
CHW,,,,,,0.0,0.0,0.0,0.0,0.0,,2025-07-19 14:00:11.665817,33.0,65.0,25.0,39.0,58.0,104.0
COL,,,,,,0.0,0.0,0.0,0.0,0.0,,2025-07-19 14:00:11.665817,23.0,74.0,25.0,40.0,48.0,114.0
LAD,,,,,,84.54,12.39,96.93,30.57,17.98,,2025-07-20 14:00:45.244479,58.0,41.0,37.0,26.0,95.0,67.0
CHC,,,,,,59.56,31.49,91.05,12.9,5.85,,2025-07-20 14:00:45.244479,59.0,39.0,33.0,30.0,92.0,69.0
PHI,,,,,,56.18,30.71,86.89,15.41,8.22,,2025-07-20 14:00:45.244479,56.0,42.0,35.0,29.0,91.0,71.0
DET,,,,,,81.53,7.24,88.78,11.13,4.38,,2025-07-20 14:00:45.244479,59.0,40.0,31.0,32.0,90.0,72.0
NYM,,,,,,42.66,39.47,82.12,14.64,7.92,,2025-07-20 14:00:45.244479,55.0,44.0,35.0,28.0,90.0,72.0
TOR,,,,,,49.87,38.61,88.48,16.43,8.0,,2025-07-20 14:00:45.244479,57.0,41.0,33.0,30.0,90.0,71.0
HOU,,,,,,51.5,30.43,81.93,14.42,6.67,,2025-07-20 14:00:45.244479,56.0,42.0,33.0,31.0,89.0,73.0
NYY,,,,,,33.86,47.46,81.31,17.14,8.71,,2025-07-20 14:00:45.244479,54.0,44.0,35.0,29.0,89.0,73.0
MIL,,,,,,32.92,44.91,77.84,8.21,3.38,,2025-07-20 14:00:45.244479,58.0,40.0,31.0,32.0,89.0,72.0
SEA,,,,,,35.94,37.64,73.58,13.56,6.78,,2025-07-20 14:00:45.244479,53.0,45.0,35.0,29.0,88.0,74.0
SDP,,,,,,8.71,42.62,51.33,5.22,2.33,,2025-07-20 14:00:45.244479,53.0,45.0,32.0,32.0,85.0,77.0
TBR,,,,,,8.08,35.62,43.69,5.54,2.57,,2025-07-20 14:00:45.244479,52.0,47.0,32.0,31.0,84.0,78.0
BOS,,,,,,7.81,35.62,43.44,6.19,2.94,,2025-07-20 14:00:45.244479,53.0,47.0,31.0,31.0,84.0,78.0
SFG,,,,,,4.78,29.8,34.58,3.55,1.7,,2025-07-20 14:00:45.244479,52.0,47.0,31.0,32.0,83.0,79.0
TEX,,,,,,10.22,25.81,36.03,5.59,2.84,,2025-07-20 14:00:45.244479,50.0,49.0,33.0,30.0,83.0,79.0
ARI,,,,,,1.98,19.91,21.88,3.21,1.72,,2025-07-20 14:00:45.244479,49.0,50.0,33.0,30.0,82.0,80.0
STL,,,,,,4.45,25.12,29.57,2.63,1.17,,2025-07-20 14:00:45.244479,51.0,48.0,31.0,32.0,82.0,80.0
CIN,,,,,,3.07,15.77,18.84,1.57,0.72,,2025-07-20 14:00:45.244479,52.0,47.0,29.0,34.0,81.0,81.0
MIN,,,,,,10.21,13.38,23.58,4.45,2.3,,2025-07-20 14:00:45.244479,47.0,51.0,34.0,29.0,81.0,80.0
CLE,,,,,,4.19,8.47,12.66,1.64,0.74,,2025-07-20 14:00:45.244479,47.0,50.0,32.0,32.0,79.0,82.0
ATL,,,,,,1.1,7.31,8.42,2.04,1.26,,2025-07-20 14:00:45.244479,43.0,54.0,36.0,27.0,79.0,81.0
LAA,,,,,,2.32,7.79,10.11,1.06,0.44,,2025-07-20 14:00:45.244479,48.0,50.0,30.0,34.0,78.0,84.0
KCR,,,,,,4.07,6.25,10.32,1.49,0.61,,2025-07-20 14:00:45.244479,47.0,52.0,31.0,32.0,78.0,84.0
BAL,,,,,,0.39,5.44,5.82,1.31,0.72,,2025-07-20 14:00:45.244479,43.0,54.0,34.0,30.0,77.0,84.0
MIA,,,,,,0.04,0.41,0.46,0.03,0.02,,2025-07-20 14:00:45.244479,46.0,51.0,26.0,38.0,72.0,89.0
ATH,,,,,,0.03,0.26,0.29,0.03,0.01,,2025-07-20 14:00:45.244479,42.0,58.0,29.0,33.0,71.0,91.0
PIT,,,,,,0.0,0.08,0.08,0.01,0.01,,2025-07-20 14:00:45.244479,39.0,60.0,30.0,33.0,69.0,93.0
WSN,,,,,,0.01,0.02,0.03,0.0,0.0,,2025-07-20 14:00:45.244479,39.0,59.0,27.0,36.0,66.0,95.0
CHW,,,,,,0.0,0.0,0.0,0.0,0.0,,2025-07-20 14:00:45.244479,34.0,65.0,25.0,38.0,59.0,103.0
COL,,,,,,0.0,0.0,0.0,0.0,0.0,,2025-07-20 14:00:45.244479,24.0,74.0,25.0,39.0,49.0,113.0
LAD,,,,,,82.75,13.7,96.45,30.39,18.04,,2025-07-21 14:08:38.840852,58.0,42.0,37.0,25.0,95.0,67.0
CHC,,,,,,55.19,34.74,89.93,12.93,6.18,,2025-07-21 14:08:38.840852,59.0,40.0,33.0,29.0,92.0,69.0
TOR,,,,,,50.64,39.42,90.06,16.11,7.52,,2025-07-21 14:08:38.840852,58.0,41.0,33.0,29.0,91.0,70.0
DET,,,,,,82.02,7.8,89.81,11.8,4.81,,2025-07-21 14:08:38.840852,60.0,40.0,31.0,31.0,91.0,71.0
HOU,,,,,,57.84,26.9,84.74,14.63,6.62,,2025-07-21 14:08:38.840852,57.0,42.0,33.0,30.0,90.0,72.0
MIL,,,,,,38.52,43.13,81.65,8.65,3.77,,2025-07-21 14:08:38.840852,59.0,40.0,31.0,31.0,90.0,71.0
NYM,,,,,,47.02,37.74,84.77,15.09,8.14,,2025-07-21 14:08:38.840852,56.0,44.0,34.0,28.0,90.0,72.0
NYY,,,,,,35.33,47.77,83.1,17.43,8.61,,2025-07-21 14:08:38.840852,55.0,44.0,35.0,28.0,90.0,72.0
PHI,,,,,,52.13,33.28,85.42,15.37,8.21,,2025-07-21 14:08:38.840852,56.0,43.0,34.0,29.0,90.0,72.0
SEA,,,,,,30.8,38.17,68.98,12.56,6.25,,2025-07-21 14:08:38.840852,53.0,46.0,34.0,29.0,87.0,75.0
SDP,,,,,,10.66,44.98,55.64,5.62,2.48,,2025-07-21 14:08:38.840852,54.0,45.0,32.0,31.0,86.0,76.0
BOS,,,,,,7.71,38.59,46.3,6.53,3.08,,2025-07-21 14:08:38.840852,54.0,47.0,31.0,30.0,85.0,77.0
SFG,,,,,,4.0,27.43,31.44,3.21,1.49,,2025-07-21 14:08:38.840852,52.0,48.0,31.0,31.0,83.0,79.0
TBR,,,,,,5.9,33.07,38.96,5.05,2.38,,2025-07-21 14:08:38.840852,52.0,48.0,31.0,31.0,83.0,79.0
TEX,,,,,,8.62,22.77,31.39,5.21,2.6,,2025-07-21 14:08:38.840852,50.0,50.0,32.0,30.0,82.0,80.0
ARI,,,,,,2.6,21.84,24.44,3.46,1.97,,2025-07-21 14:08:38.840852,50.0,50.0,32.0,30.0,82.0,80.0
STL,,,,,,4.05,22.79,26.84,2.31,1.0,,2025-07-21 14:08:38.840852,51.0,49.0,31.0,31.0,82.0,80.0
CIN,,,,,,2.25,14.34,16.58,1.4,0.67,,2025-07-21 14:08:38.840852,52.0,48.0,29.0,33.0,81.0,81.0
MIN,,,,,,9.81,14.41,24.23,4.66,2.39,,2025-07-21 14:08:38.840852,48.0,51.0,33.0,29.0,81.0,80.0
LAA,,,,,,2.71,8.96,11.68,1.34,0.57,,2025-07-21 14:08:38.840852,49.0,50.0,30.0,33.0,79.0,83.0
CLE,,,,,,4.08,9.31,13.39,1.78,0.75,,2025-07-21 14:08:38.840852,48.0,50.0,31.0,32.0,79.0,82.0
KCR,,,,,,4.09,7.04,11.13,1.4,0.62,,2025-07-21 14:08:38.840852,48.0,52.0,31.0,31.0,79.0,83.0
ATL,,,,,,0.81,5.67,6.48,1.55,0.97,,2025-07-21 14:08:38.840852,43.0,55.0,35.0,27.0,78.0,82.0
BAL,,,,,,0.42,5.63,6.05,1.49,0.85,,2025-07-21 14:08:38.840852,44.0,54.0,33.0,30.0,77.0,84.0
MIA,,,,,,0.03,0.29,0.32,0.03,0.01,,2025-07-21 14:08:38.840852,46.0,52.0,25.0,38.0,71.0,90.0
ATH,,,,,,0.02,0.14,0.16,0.01,0.01,,2025-07-21 14:08:38.840852,42.0,59.0,28.0,33.0,70.0,92.0
PIT,,,,,,0.0,0.04,0.04,0.01,0.0,,2025-07-21 14:08:38.840852,39.0,61.0,29.0,33.0,68.0,94.0
WSN,,,,,,0.0,0.0,0.0,0.0,0.0,,2025-07-21 14:08:38.840852,39.0,60.0,27.0,35.0,66.0,95.0
CHW,,,,,,0.0,0.0,0.0,0.0,0.0,,2025-07-21 14:08:38.840852,35.0,65.0,24.0,38.0,59.0,103.0
COL,,,,,,0.0,0.0,0.0,0.0,0.0,,2025-07-21 14:08:38.840852,24.0,75.0,24.0,39.0,48.0,114.0
LAD,,,,,,83.05,13.92,96.97,30.28,17.65,,2025-07-22 14:07:53.295832,59.0,42.0,36.0,25.0,95.0,67.0
TOR,,,,,,56.33,35.95,92.27,17.39,8.17,,2025-07-22 14:07:53.295832,59.0,41.0,32.0,29.0,91.0,70.0
NYM,,,,,,47.12,39.47,86.59,15.98,8.61,,2025-07-22 14:07:53.295832,57.0,44.0,34.0,27.0,91.0,71.0
CHC,,,,,,49.84,37.84,87.69,12.02,5.76,,2025-07-22 14:07:53.295832,59.0,41.0,32.0,29.0,91.0,70.0
PHI,,,,,,52.2,35.54,87.74,16.07,8.42,,2025-07-22 14:07:53.295832,57.0,43.0,34.0,28.0,91.0,71.0
DET,,,,,,80.22,8.19,88.41,11.02,4.4,,2025-07-22 14:07:53.295832,60.0,41.0,30.0,31.0,90.0,72.0
MIL,,,,,,43.89,40.22,84.11,8.69,3.88,,2025-07-22 14:07:53.295832,60.0,40.0,30.0,31.0,90.0,71.0
HOU,,,,,,61.8,25.02,86.83,15.92,7.41,,2025-07-22 14:07:53.295832,58.0,42.0,32.0,30.0,90.0,72.0
NYY,,,,,,31.5,50.58,82.08,16.7,8.41,,2025-07-22 14:07:53.295832,55.0,45.0,34.0,28.0,89.0,73.0
SDP,,,,,,11.47,47.41,58.88,5.61,2.54,,2025-07-22 14:07:53.295832,55.0,45.0,31.0,31.0,86.0,76.0
SEA,,,,,,26.76,39.72,66.47,11.72,5.83,,2025-07-22 14:07:53.295832,53.0,47.0,33.0,29.0,86.0,76.0
BOS,,,,,,6.79,37.04,43.82,6.03,2.89,,2025-07-22 14:07:53.295832,54.0,48.0,30.0,30.0,84.0,78.0
TBR,,,,,,5.0,31.57,36.57,4.59,2.11,,2025-07-22 14:07:53.295832,52.0,49.0,31.0,30.0,83.0,79.0
SFG,,,,,,3.5,24.77,28.27,3.24,1.54,,2025-07-22 14:07:53.295832,52.0,49.0,30.0,31.0,82.0,80.0
TEX,,,,,,9.21,25.88,35.09,5.71,3.0,,2025-07-22 14:07:53.295832,51.0,50.0,31.0,30.0,82.0,80.0
ARI,,,,,,1.98,18.62,20.61,3.06,1.47,,2025-07-22 14:07:53.295832,50.0,51.0,32.0,29.0,82.0,80.0
STL,,,,,,4.5,23.96,28.46,2.21,0.92,,2025-07-22 14:07:53.295832,52.0,49.0,30.0,31.0,82.0,80.0
MIN,,,,,,9.33,13.33,22.66,4.42,2.37,,2025-07-22 14:07:53.295832,48.0,52.0,33.0,28.0,81.0,80.0
CLE,,,,,,4.93,11.52,16.45,2.37,1.06,,2025-07-22 14:07:53.295832,49.0,50.0,31.0,31.0,80.0,81.0
CIN,,,,,,1.76,11.62,13.38,1.23,0.5,,2025-07-22 14:07:53.295832,52.0,49.0,28.0,33.0,80.0,82.0
ATL,,,,,,0.66,6.33,7.0,1.58,1.01,,2025-07-22 14:07:53.295832,44.0,55.0,35.0,26.0,79.0,81.0
KCR,,,,,,5.52,8.45,13.97,1.85,0.86,,2025-07-22 14:07:53.295832,49.0,52.0,30.0,31.0,79.0,83.0
LAA,,,,,,2.2,7.95,10.14,1.08,0.46,,2025-07-22 14:07:53.295832,49.0,51.0,29.0,33.0,78.0,84.0
BAL,,,,,,0.39,4.67,5.05,1.2,0.71,,2025-07-22 14:07:53.295832,44.0,55.0,33.0,29.0,77.0,84.0
MIA,,,,,,0.01,0.24,0.26,0.01,0.01,,2025-07-22 14:07:53.295832,46.0,53.0,25.0,37.0,71.0,90.0
ATH,,,,,,0.03,0.15,0.18,0.01,0.01,,2025-07-22 14:07:53.295832,42.0,60.0,28.0,32.0,70.0,92.0
PIT,,,,,,0.01,0.03,0.04,0.0,0.0,,2025-07-22 14:07:53.295832,40.0,61.0,29.0,32.0,69.0,93.0
WSN,,,,,,0.0,0.01,0.01,0.0,0.0,,2025-07-22 14:07:53.295832,40.0,60.0,26.0,35.0,66.0,95.0
CHW,,,,,,0.0,0.0,0.0,0.0,0.0,,2025-07-22 14:07:53.295832,36.0,65.0,24.0,37.0,60.0,102.0
COL,,,,,,0.0,0.0,0.0,0.0,0.0,,2025-07-22 14:07:53.295832,24.0,76.0,24.0,38.0,48.0,114.0
LAD,,,,,,83.27,13.41,96.68,30.41,18.04,,2025-07-23 14:06:26.024116,59.0,43.0,35.0,25.0,94.0,68.0
CHC,,,,,,55.75,34.52,90.28,12.38,6.05,,2025-07-23 14:06:26.024116,60.0,41.0,32.0,28.0,92.0,69.0
TOR,,,,,,52.68,38.18,90.86,16.98,7.99,,2025-07-23 14:06:26.024116,59.0,42.0,32.0,28.0,91.0,70.0
HOU,,,,,,63.77,24.88,88.64,15.65,7.05,,2025-07-23 14:06:26.024116,59.0,42.0,32.0,29.0,91.0,71.0
NYM,,,,,,46.23,42.5,88.74,15.89,8.46,,2025-07-23 14:06:26.024116,58.0,44.0,33.0,27.0,91.0,71.0
PHI,,,,,,53.26,37.32,90.58,17.07,9.25,,2025-07-23 14:06:26.024116,58.0,43.0,33.0,28.0,91.0,71.0
MIL,,,,,,38.83,43.96,82.79,8.15,3.5,,2025-07-23 14:06:26.024116,60.0,41.0,30.0,30.0,90.0,71.0
DET,,,,,,77.09,9.06,86.15,10.79,4.23,,2025-07-23 14:06:26.024116,60.0,42.0,30.0,30.0,90.0,72.0
NYY,,,,,,35.23,48.25,83.49,16.98,8.54,,2025-07-23 14:06:26.024116,56.0,45.0,34.0,27.0,90.0,72.0
SEA,,,,,,26.21,42.39,68.6,12.25,6.07,,2025-07-23 14:06:26.024116,54.0,47.0,33.0,28.0,87.0,75.0
SDP,,,,,,10.67,44.51,55.17,5.42,2.34,,2025-07-23 14:06:26.024116,55.0,46.0,31.0,30.0,86.0,76.0
BOS,,,,,,5.84,32.2,38.04,5.48,2.46,,2025-07-23 14:06:26.024116,54.0,49.0,30.0,29.0,84.0,78.0
TEX,,,,,,8.59,28.73,37.32,6.08,3.15,,2025-07-23 14:06:26.024116,52.0,50.0,31.0,29.0,83.0,79.0
SFG,,,,,,4.23,28.39,32.62,3.45,1.54,,2025-07-23 14:06:26.024116,53.0,49.0,30.0,30.0,83.0,79.0
TBR,,,,,,5.99,32.17,38.16,4.87,2.25,,2025-07-23 14:06:26.024116,53.0,49.0,30.0,30.0,83.0,79.0
STL,,,,,,4.06,21.96,26.02,2.29,1.08,,2025-07-23 14:06:26.024116,52.0,50.0,30.0,30.0,82.0,80.0
MIN,,,,,,11.98,15.0,26.99,4.99,2.71,,2025-07-23 14:06:26.024116,49.0,52.0,33.0,27.0,82.0,79.0
ARI,,,,,,1.83,17.11,18.94,2.51,1.31,,2025-07-23 14:06:26.024116,50.0,52.0,31.0,29.0,81.0,81.0
CLE,,,,,,6.64,12.2,18.84,2.61,1.21,,2025-07-23 14:06:26.024116,50.0,50.0,30.0,31.0,80.0,81.0
CIN,,,,,,1.36,10.62,11.98,1.02,0.41,,2025-07-23 14:06:26.024116,52.0,50.0,28.0,32.0,80.0,82.0
KCR,,,,,,4.29,7.0,11.29,1.52,0.6,,2025-07-23 14:06:26.024116,49.0,53.0,30.0,30.0,79.0,83.0
ATL,,,,,,0.47,5.31,5.79,1.39,0.86,,2025-07-23 14:06:26.024116,44.0,56.0,34.0,26.0,78.0,82.0
LAA,,,,,,1.44,6.65,8.09,0.92,0.4,,2025-07-23 14:06:26.024116,49.0,52.0,29.0,32.0,78.0,84.0
BAL,,,,,,0.26,3.26,3.52,0.87,0.49,,2025-07-23 14:06:26.024116,44.0,56.0,32.0,29.0,76.0,85.0
MIA,,,,,,0.02,0.29,0.3,0.01,0.0,,2025-07-23 14:06:26.024116,47.0,53.0,25.0,36.0,72.0,89.0
PIT,,,,,,0.0,0.07,0.07,0.01,0.01,,2025-07-23 14:06:26.024116,41.0,61.0,28.0,32.0,69.0,93.0
ATH,,,,,,0.0,0.03,0.03,0.01,0.0,,2025-07-23 14:06:26.024116,42.0,61.0,27.0,32.0,69.0,93.0
WSN,,,,,,0.01,0.02,0.03,0.0,0.0,,2025-07-23 14:06:26.024116,41.0,60.0,26.0,34.0,67.0,94.0
CHW,,,,,,0.0,0.0,0.0,0.0,0.0,,2025-07-23 14:06:26.024116,36.0,66.0,23.0,37.0,59.0,103.0
COL,,,,,,0.0,0.0,0.0,0.0,0.0,,2025-07-23 14:06:26.024116,25.0,76.0,23.0,38.0,48.0,114.0
LAD,,,,,,83.59,13.14,96.73,30.56,18.02,,2025-07-24 14:08:33.796371,59.0,43.0,35.0,24.0,94.0,67.0
PHI,,,,,,53.57,36.81,90.39,16.43,8.79,,2025-07-24 14:08:33.796371,58.0,43.0,33.0,27.0,91.0,70.0
CHC,,,,,,55.27,35.41,90.67,12.62,5.94,,2025-07-24 14:08:33.796371,60.0,41.0,31.0,28.0,91.0,69.0
NYM,,,,,,45.98,43.09,89.08,16.16,8.56,,2025-07-24 14:08:33.796371,58.0,44.0,33.0,26.0,91.0,70.0
HOU,,,,,,63.94,25.03,88.97,15.7,7.11,,2025-07-24 14:08:33.796371,59.0,42.0,31.0,29.0,90.0,71.0
TOR,,,,,,52.86,37.85,90.72,16.75,7.94,,2025-07-24 14:08:33.796371,59.0,42.0,31.0,28.0,90.0,70.0
DET,,,,,,76.79,9.26,86.05,10.93,4.47,,2025-07-24 14:08:33.796371,60.0,42.0,29.0,30.0,89.0,72.0
NYY,,,,,,34.96,48.59,83.55,16.97,8.49,,2025-07-24 14:08:33.796371,56.0,45.0,33.0,27.0,89.0,72.0
MIL,,,,,,40.2,43.72,83.91,8.38,3.64,,2025-07-24 14:08:33.796371,60.0,41.0,29.0,30.0,89.0,71.0
SEA,,,,,,25.7,42.78,68.48,12.22,5.85,,2025-07-24 14:08:33.796371,54.0,47.0,32.0,28.0,86.0,75.0
SDP,,,,,,10.11,44.66,54.77,5.42,2.38,,2025-07-24 14:08:33.796371,55.0,46.0,30.0,30.0,85.0,76.0
BOS,,,,,,6.09,32.76,38.85,5.87,2.9,,2025-07-24 14:08:33.796371,54.0,49.0,29.0,29.0,83.0,78.0
TBR,,,,,,5.86,31.28,37.14,4.77,2.19,,2025-07-24 14:08:33.796371,53.0,49.0,29.0,30.0,82.0,79.0
SFG,,,,,,4.54,28.58,33.12,3.17,1.46,,2025-07-24 14:08:33.796371,53.0,49.0,29.0,30.0,82.0,79.0
TEX,,,,,,8.91,28.51,37.43,5.98,3.1,,2025-07-24 14:08:33.796371,52.0,50.0,30.0,29.0,82.0,79.0
ARI,,,,,,1.75,16.5,18.25,2.61,1.37,,2025-07-24 14:08:33.796371,50.0,52.0,31.0,28.0,81.0,80.0
STL,,,,,,3.17,22.38,25.55,2.26,1.07,,2025-07-24 14:08:33.796371,52.0,50.0,29.0,30.0,81.0,80.0
MIN,,,,,,12.26,14.77,27.03,5.24,2.84,,2025-07-24 14:08:33.796371,49.0,52.0,32.0,27.0,81.0,79.0
CLE,,,,,,6.54,11.95,18.49,2.28,1.04,,2025-07-24 14:08:33.796371,50.0,50.0,30.0,30.0,80.0,80.0
CIN,,,,,,1.35,10.29,11.64,1.0,0.45,,2025-07-24 14:08:33.796371,52.0,50.0,27.0,32.0,79.0,82.0
ATL,,,,,,0.43,5.1,5.54,1.35,0.83,,2025-07-24 14:08:33.796371,44.0,56.0,34.0,25.0,78.0,81.0
LAA,,,,,,1.44,7.09,8.53,1.03,0.44,,2025-07-24 14:08:33.796371,49.0,52.0,29.0,31.0,78.0,83.0
KCR,,,,,,4.41,6.84,11.25,1.56,0.7,,2025-07-24 14:08:33.796371,49.0,53.0,29.0,30.0,78.0,83.0
BAL,,,,,,0.24,3.22,3.45,0.68,0.38,,2025-07-24 14:08:33.796371,44.0,56.0,32.0,28.0,76.0,84.0
MIA,,,,,,0.01,0.24,0.26,0.03,0.02,,2025-07-24 14:08:33.796371,47.0,53.0,24.0,36.0,71.0,89.0
PIT,,,,,,0.01,0.07,0.07,0.0,0.0,,2025-07-24 14:08:33.796371,41.0,61.0,28.0,31.0,69.0,92.0
ATH,,,,,,0.01,0.06,0.07,0.01,0.01,,2025-07-24 14:08:33.796371,42.0,61.0,27.0,31.0,69.0,92.0
WSN,,,,,,0.0,0.01,0.01,0.0,0.0,,2025-07-24 14:08:33.796371,41.0,60.0,25.0,34.0,66.0,94.0
CHW,,,,,,0.0,0.0,0.0,0.0,0.0,,2025-07-24 14:08:33.796371,36.0,66.0,23.0,36.0,59.0,102.0
COL,,,,,,0.0,0.0,0.0,0.0,0.0,,2025-07-24 14:08:33.796371,25.0,76.0,23.0,37.0,48.0,113.0
LAD,,,,,,87.13,10.44,97.57,30.8,17.62,,2025-07-25 14:06:42.876197,60.0,43.0,35.0,24.0,95.0,67.0
TOR,,,,,,60.59,33.1,93.69,17.44,8.49,,2025-07-25 14:06:42.876197,61.0,42.0,31.0,27.0,92.0,69.0
HOU,,,,,,60.08,28.69,88.77,15.21,7.02,,2025-07-25 14:06:42.876197,60.0,43.0,31.0,28.0,91.0,71.0
CHC,,,,,,48.85,40.72,89.58,12.29,5.81,,2025-07-25 14:06:42.876197,60.0,42.0,31.0,28.0,91.0,70.0
MIL,,,,,,46.26,40.78,87.03,8.76,3.79,,2025-07-25 14:06:42.876197,61.0,41.0,30.0,29.0,91.0,70.0
PHI,,,,,,47.98,41.22,89.19,16.36,8.63,,2025-07-25 14:06:42.876197,58.0,44.0,33.0,27.0,91.0,71.0
NYM,,,,,,51.67,39.43,91.11,17.04,8.58,,2025-07-25 14:06:42.876197,59.0,44.0,32.0,27.0,91.0,71.0
NYY,,,,,,28.66,52.49,81.14,16.0,8.38,,2025-07-25 14:06:42.876197,56.0,46.0,33.0,27.0,89.0,73.0
DET,,,,,,72.62,9.04,81.66,9.64,4.12,,2025-07-25 14:06:42.876197,60.0,44.0,29.0,29.0,89.0,73.0
SEA,,,,,,29.04,44.11,73.16,14.7,7.58,,2025-07-25 14:06:42.876197,55.0,48.0,32.0,27.0,87.0,75.0
SDP,,,,,,6.89,40.08,46.97,4.67,2.19,,2025-07-25 14:06:42.876197,55.0,48.0,30.0,29.0,85.0,77.0
BOS,,,,,,6.57,36.52,43.09,5.9,2.88,,2025-07-25 14:06:42.876197,55.0,49.0,29.0,29.0,84.0,78.0
TEX,,,,,,10.09,30.79,40.88,6.37,3.09,,2025-07-25 14:06:42.876197,53.0,50.0,30.0,29.0,83.0,79.0
SFG,,,,,,5.05,34.42,39.48,3.74,1.76,,2025-07-25 14:06:42.876197,54.0,49.0,29.0,30.0,83.0,79.0
TBR,,,,,,4.03,28.28,32.3,4.18,2.02,,2025-07-25 14:06:42.876197,53.0,50.0,29.0,30.0,82.0,80.0
STL,,,,,,3.2,22.96,26.16,2.2,0.95,,2025-07-25 14:06:42.876197,53.0,51.0,29.0,29.0,82.0,80.0
CLE,,,,,,8.54,10.71,19.26,2.61,1.12,,2025-07-25 14:06:42.876197,51.0,51.0,30.0,29.0,81.0,80.0
MIN,,,,,,12.61,11.71,24.31,4.58,2.24,,2025-07-25 14:06:42.876197,49.0,53.0,32.0,27.0,81.0,80.0
ARI,,,,,,0.92,12.21,13.12,1.69,0.83,,2025-07-25 14:06:42.876197,50.0,53.0,30.0,29.0,80.0,82.0
CIN,,,,,,1.69,12.75,14.44,1.2,0.51,,2025-07-25 14:06:42.876197,53.0,50.0,27.0,32.0,80.0,82.0
KCR,,,,,,6.22,6.77,12.99,1.8,0.74,,2025-07-25 14:06:42.876197,50.0,53.0,29.0,30.0,79.0,83.0
ATL,,,,,,0.3,4.42,4.72,1.22,0.77,,2025-07-25 14:06:42.876197,44.0,57.0,34.0,25.0,78.0,82.0
LAA,,,,,,0.78,4.75,5.54,0.71,0.3,,2025-07-25 14:06:42.876197,49.0,54.0,28.0,31.0,77.0,85.0
BAL,,,,,,0.15,3.02,3.17,0.85,0.54,,2025-07-25 14:06:42.876197,45.0,57.0,31.0,28.0,76.0,85.0
MIA,,,,,,0.04,0.46,0.5,0.03,0.01,,2025-07-25 14:06:42.876197,48.0,53.0,24.0,36.0,72.0,89.0
PIT,,,,,,0.01,0.14,0.14,0.01,0.01,,2025-07-25 14:06:42.876197,42.0,61.0,28.0,31.0,70.0,92.0
ATH,,,,,,0.01,0.04,0.04,0.0,0.0,,2025-07-25 14:06:42.876197,43.0,62.0,26.0,31.0,69.0,93.0
WSN,,,,,,0.01,0.0,0.01,0.0,0.0,,2025-07-25 14:06:42.876197,41.0,61.0,25.0,34.0,66.0,95.0
CHW,,,,,,0.0,0.0,0.0,0.0,0.0,,2025-07-25 14:06:42.876197,37.0,66.0,23.0,36.0,60.0,102.0
COL,,,,,,0.0,0.0,0.0,0.0,0.0,,2025-07-25 14:06:42.876197,26.0,76.0,23.0,37.0,49.0,113.0
LAD,,,,,,89.33,8.59,97.92,31.0,17.52,,2025-07-26 14:00:42.744200,61.0,43.0,34.0,24.0,95.0,67.0
TOR,,,,,,63.26,31.99,95.25,16.78,7.99,,2025-07-26 14:00:42.744200,62.0,42.0,30.0,27.0,92.0,69.0
NYM,,,,,,52.07,40.53,92.61,17.57,9.03,,2025-07-26 14:00:42.744200,60.0,44.0,32.0,26.0,92.0,70.0
PHI,,,,,,47.7,43.13,90.83,16.32,8.39,,2025-07-26 14:00:42.744200,59.0,44.0,32.0,27.0,91.0,71.0
CHC,,,,,,47.95,39.58,87.53,11.82,5.49,,2025-07-26 14:00:42.744200,60.0,43.0,31.0,27.0,91.0,70.0
HOU,,,,,,58.78,28.88,87.66,15.21,7.18,,2025-07-26 14:00:42.744200,60.0,44.0,30.0,28.0,90.0,72.0
MIL,,,,,,44.76,39.02,83.78,8.38,3.64,,2025-07-26 14:00:42.744200,61.0,42.0,29.0,29.0,90.0,71.0
NYY,,,,,,28.54,55.16,83.7,17.98,9.62,,2025-07-26 14:00:42.744200,56.0,47.0,33.0,26.0,89.0,73.0
DET,,,,,,70.8,9.47,80.27,9.12,3.71,,2025-07-26 14:00:42.744200,60.0,45.0,28.0,29.0,88.0,74.0
SEA,,,,,,26.98,42.96,69.95,13.7,7.0,,2025-07-26 14:00:42.744200,55.0,49.0,32.0,26.0,87.0,75.0
SDP,,,,,,5.22,38.51,43.73,4.35,2.05,,2025-07-26 14:00:42.744200,55.0,49.0,29.0,29.0,84.0,78.0
BOS,,,,,,4.81,34.88,39.69,5.62,2.84,,2025-07-26 14:00:42.744200,55.0,50.0,29.0,28.0,84.0,78.0
TEX,,,,,,12.9,33.45,46.35,7.42,3.65,,2025-07-26 14:00:42.744200,54.0,50.0,30.0,28.0,84.0,78.0
SFG,,,,,,4.26,31.42,35.69,3.52,1.64,,2025-07-26 14:00:42.744200,54.0,50.0,29.0,29.0,83.0,79.0
STL,,,,,,4.78,25.54,30.33,2.55,1.1,,2025-07-26 14:00:42.744200,54.0,51.0,28.0,29.0,82.0,80.0
TBR,,,,,,3.3,26.2,29.5,3.98,1.84,,2025-07-26 14:00:42.744200,53.0,51.0,29.0,29.0,82.0,80.0
CIN,,,,,,2.5,14.54,17.05,1.48,0.6,,2025-07-26 14:00:42.744200,54.0,50.0,27.0,31.0,81.0,81.0
MIN,,,,,,15.55,12.53,28.09,5.15,2.64,,2025-07-26 14:00:42.744200,50.0,53.0,31.0,27.0,81.0,80.0
ARI,,,,,,1.19,14.95,16.14,2.06,1.1,,2025-07-26 14:00:42.744200,51.0,53.0,30.0,28.0,81.0,81.0
CLE,,,,,,7.53,9.99,17.52,2.1,0.97,,2025-07-26 14:00:42.744200,51.0,51.0,29.0,29.0,80.0,80.0
KCR,,,,,,6.12,6.09,12.21,1.62,0.77,,2025-07-26 14:00:42.744200,50.0,53.0,29.0,29.0,79.0,82.0
LAA,,,,,,1.32,6.17,7.49,0.86,0.39,,2025-07-26 14:00:42.744200,50.0,54.0,28.0,30.0,78.0,84.0
ATL,,,,,,0.18,3.4,3.58,0.89,0.55,,2025-07-26 14:00:42.744200,44.0,58.0,33.0,25.0,77.0,83.0
BAL,,,,,,0.08,2.1,2.18,0.45,0.24,,2025-07-26 14:00:42.744200,45.0,58.0,30.0,28.0,75.0,86.0
MIA,,,,,,0.04,0.69,0.74,0.03,0.01,,2025-07-26 14:00:42.744200,49.0,53.0,24.0,35.0,73.0,88.0
ATH,,,,,,0.01,0.13,0.14,0.01,0.01,,2025-07-26 14:00:42.744200,44.0,62.0,26.0,30.0,70.0,92.0
PIT,,,,,,0.0,0.08,0.08,0.01,0.0,,2025-07-26 14:00:42.744200,42.0,62.0,27.0,31.0,69.0,93.0
WSN,,,,,,0.0,0.01,0.01,0.0,0.0,,2025-07-26 14:00:42.744200,41.0,62.0,25.0,33.0,66.0,95.0
CHW,,,,,,0.0,0.0,0.0,0.0,0.0,,2025-07-26 14:00:42.744200,38.0,66.0,22.0,36.0,60.0,102.0
COL,,,,,,0.0,0.0,0.0,0.0,0.0,,2025-07-26 14:00:42.744200,27.0,76.0,22.0,37.0,49.0,113.0
LAD,,,,,,87.97,9.93,97.89,30.8,17.45,,2025-07-27 14:00:39.592748,61.0,44.0,34.0,23.0,95.0,67.0
TOR,,,,,,67.55,28.51,96.06,17.68,8.44,,2025-07-27 14:00:39.592748,63.0,42.0,30.0,26.0,93.0,68.0
NYM,,,,,,52.0,42.02,94.01,18.09,9.42,,2025-07-27 14:00:39.592748,61.0,44.0,32.0,25.0,93.0,69.0
PHI,,,,,,47.86,45.01,92.86,16.54,8.43,,2025-07-27 14:00:39.592748,60.0,44.0,32.0,26.0,92.0,70.0
CHC,,,,,,52.71,36.05,88.75,11.91,5.29,,2025-07-27 14:00:39.592748,61.0,43.0,30.0,27.0,91.0,70.0
HOU,,,,,,52.57,32.59,85.17,14.06,6.48,,2025-07-27 14:00:39.592748,60.0,45.0,30.0,27.0,90.0,72.0
MIL,,,,,,40.12,41.62,81.73,7.87,3.26,,2025-07-27 14:00:39.592748,61.0,43.0,28.0,29.0,89.0,72.0
NYY,,,,,,24.48,57.55,82.03,18.07,9.95,,2025-07-27 14:00:39.592748,56.0,48.0,33.0,25.0,89.0,73.0
DET,,,,,,68.53,9.0,77.53,9.09,3.67,,2025-07-27 14:00:39.592748,60.0,46.0,28.0,28.0,88.0,74.0
SEA,,,,,,31.5,41.87,73.38,14.04,7.3,,2025-07-27 14:00:39.592748,56.0,49.0,31.0,26.0,87.0,75.0
SDP,,,,,,7.11,41.64,48.74,5.16,2.39,,2025-07-27 14:00:39.592748,56.0,49.0,29.0,28.0,85.0,77.0
BOS,,,,,,5.58,38.29,43.87,6.11,2.94,,2025-07-27 14:00:39.592748,56.0,50.0,28.0,28.0,84.0,78.0
TEX,,,,,,15.03,35.01,50.04,7.67,3.69,,2025-07-27 14:00:39.592748,55.0,50.0,29.0,28.0,84.0,78.0
SFG,,,,,,3.94,28.75,32.69,3.38,1.57,,2025-07-27 14:00:39.592748,54.0,51.0,29.0,28.0,83.0,79.0
STL,,,,,,4.02,22.68,26.7,2.2,1.0,,2025-07-27 14:00:39.592748,54.0,52.0,28.0,28.0,82.0,80.0
CIN,,,,,,3.15,16.78,19.93,1.67,0.77,,2025-07-27 14:00:39.592748,55.0,50.0,26.0,31.0,81.0,81.0
TBR,,,,,,2.3,23.02,25.31,3.25,1.6,,2025-07-27 14:00:39.592748,53.0,52.0,28.0,29.0,81.0,81.0
MIN,,,,,,13.56,9.57,23.14,4.28,2.22,,2025-07-27 14:00:39.592748,50.0,54.0,31.0,26.0,81.0,80.0
CLE,,,,,,9.94,10.36,20.29,2.61,1.21,,2025-07-27 14:00:39.592748,52.0,52.0,29.0,28.0,81.0,80.0
ARI,,,,,,0.99,12.04,13.04,1.69,0.83,,2025-07-27 14:00:39.592748,51.0,54.0,29.0,28.0,80.0,82.0
KCR,,,,,,7.96,6.99,14.95,1.91,0.97,,2025-07-27 14:00:39.592748,51.0,54.0,28.0,29.0,79.0,83.0
ATL,,,,,,0.1,2.67,2.77,0.68,0.44,,2025-07-27 14:00:39.592748,44.0,59.0,33.0,24.0,77.0,83.0
LAA,,,,,,0.9,4.66,5.56,0.64,0.29,,2025-07-27 14:00:39.592748,50.0,55.0,27.0,30.0,77.0,85.0
BAL,,,,,,0.09,2.45,2.54,0.57,0.34,,2025-07-27 14:00:39.592748,46.0,58.0,30.0,27.0,76.0,85.0
MIA,,,,,,0.04,0.69,0.73,0.02,0.01,,2025-07-27 14:00:39.592748,50.0,53.0,23.0,35.0,73.0,88.0
ATH,,,,,,0.0,0.14,0.14,0.02,0.01,,2025-07-27 14:00:39.592748,45.0,62.0,25.0,30.0,70.0,92.0
PIT,,,,,,0.01,0.13,0.14,0.01,0.01,,2025-07-27 14:00:39.592748,43.0,62.0,27.0,30.0,70.0,92.0
WSN,,,,,,0.0,0.01,0.01,0.01,0.01,,2025-07-27 14:00:39.592748,42.0,62.0,24.0,33.0,66.0,95.0
CHW,,,,,,0.0,0.0,0.0,0.0,0.0,,2025-07-27 14:00:39.592748,38.0,67.0,22.0,35.0,60.0,102.0
COL,,,,,,0.0,0.0,0.0,0.0,0.0,,2025-07-27 14:00:39.592748,27.0,77.0,22.0,36.0,49.0,113.0
LAD,,,,,,88.35,9.44,97.8,30.96,17.93,,2025-07-28 14:10:25.197571,61.0,44.0,33.0,23.0,94.0,67.0
TOR,,,,,,67.63,28.56,96.19,18.11,8.79,,2025-07-28 14:10:25.197571,63.0,42.0,29.0,26.0,92.0,68.0
NYM,,,,,,51.62,42.94,94.56,17.69,8.94,,2025-07-28 14:10:25.197571,61.0,44.0,31.0,25.0,92.0,69.0
PHI,,,,,,48.16,45.02,93.19,16.91,8.31,,2025-07-28 14:10:25.197571,60.0,44.0,31.0,26.0,91.0,70.0
CHC,,,,,,53.58,35.62,89.2,12.05,5.68,,2025-07-28 14:10:25.197571,61.0,43.0,30.0,26.0,91.0,69.0
HOU,,,,,,51.41,33.06,84.47,13.99,6.62,,2025-07-28 14:10:25.197571,60.0,45.0,29.0,27.0,89.0,72.0
MIL,,,,,,39.93,41.78,81.71,8.15,3.56,,2025-07-28 14:10:25.197571,61.0,43.0,28.0,28.0,89.0,71.0
NYY,,,,,,24.59,57.6,82.19,17.59,9.26,,2025-07-28 14:10:25.197571,56.0,48.0,32.0,25.0,88.0,73.0
DET,,,,,,69.11,9.22,78.33,9.03,3.73,,2025-07-28 14:10:25.197571,60.0,46.0,27.0,28.0,87.0,74.0
SEA,,,,,,32.12,41.44,73.56,14.37,7.32,,2025-07-28 14:10:25.197571,56.0,49.0,31.0,25.0,87.0,74.0
SDP,,,,,,6.8,41.58,48.38,4.47,2.21,,2025-07-28 14:10:25.197571,56.0,49.0,28.0,28.0,84.0,77.0
BOS,,,,,,5.65,38.95,44.6,6.02,2.85,,2025-07-28 14:10:25.197571,56.0,50.0,28.0,27.0,84.0,77.0
TEX,,,,,,15.47,35.37,50.84,7.96,3.95,,2025-07-28 14:10:25.197571,55.0,50.0,29.0,27.0,84.0,77.0
SFG,,,,,,3.9,30.35,34.25,3.67,1.66,,2025-07-28 14:10:25.197571,54.0,51.0,28.0,28.0,82.0,79.0
STL,,,,,,3.16,19.73,22.88,1.73,0.65,,2025-07-28 14:10:25.197571,54.0,52.0,27.0,28.0,81.0,80.0
CIN,,,,,,3.33,17.84,21.18,1.91,0.73,,2025-07-28 14:10:25.197571,55.0,50.0,26.0,30.0,81.0,80.0
TBR,,,,,,2.06,22.38,24.44,3.15,1.6,,2025-07-28 14:10:25.197571,53.0,52.0,28.0,28.0,81.0,80.0
MIN,,,,,,12.93,9.4,22.32,4.03,2.27,,2025-07-28 14:10:25.197571,50.0,54.0,30.0,26.0,80.0,80.0
CLE,,,,,,9.9,10.11,20.01,2.63,1.24,,2025-07-28 14:10:25.197571,52.0,52.0,28.0,28.0,80.0,80.0
KCR,,,,,,8.06,6.91,14.97,1.86,0.8,,2025-07-28 14:10:25.197571,51.0,54.0,28.0,28.0,79.0,82.0
ARI,,,,,,0.95,11.61,12.55,1.58,0.74,,2025-07-28 14:10:25.197571,51.0,54.0,28.0,28.0,79.0,82.0
ATL,,,,,,0.18,3.23,3.4,0.81,0.53,,2025-07-28 14:10:25.197571,44.0,59.0,33.0,23.0,77.0,82.0
LAA,,,,,,1.0,4.83,5.82,0.73,0.34,,2025-07-28 14:10:25.197571,50.0,55.0,27.0,29.0,77.0,84.0
BAL,,,,,,0.07,2.1,2.17,0.51,0.27,,2025-07-28 14:10:25.197571,46.0,58.0,29.0,27.0,75.0,85.0
MIA,,,,,,0.04,0.72,0.77,0.04,0.01,,2025-07-28 14:10:25.197571,50.0,53.0,23.0,34.0,73.0,87.0
ATH,,,,,,0.0,0.09,0.09,0.01,0.0,,2025-07-28 14:10:25.197571,45.0,62.0,25.0,29.0,70.0,91.0
PIT,,,,,,0.0,0.12,0.12,0.01,0.0,,2025-07-28 14:10:25.197571,43.0,62.0,26.0,30.0,69.0,92.0
WSN,,,,,,0.0,0.03,0.03,0.01,0.01,,2025-07-28 14:10:25.197571,42.0,62.0,24.0,32.0,66.0,94.0
CHW,,,,,,0.0,0.0,0.0,0.0,0.0,,2025-07-28 14:10:25.197571,38.0,67.0,22.0,34.0,60.0,101.0
COL,,,,,,0.0,0.0,0.0,0.0,0.0,,2025-07-28 14:10:25.197571,27.0,77.0,21.0,36.0,48.0,113.0
LAD,,,,,,87.0,11.0,98.0,30.07,17.36,,2025-07-29 14:11:08.954109,62.0,45.0,33.0,22.0,95.0,67.0
TOR,,,,,,61.96,32.38,94.34,16.66,7.71,,2025-07-29 14:11:08.954109,63.0,44.0,29.0,25.0,92.0,69.0
NYM,,,,,,57.38,37.09,94.47,18.3,9.44,,2025-07-29 14:11:08.954109,62.0,45.0,30.0,25.0,92.0,70.0
MIL,,,,,,50.59,39.21,89.81,10.71,4.75,,2025-07-29 14:11:08.954109,63.0,43.0,28.0,27.0,91.0,70.0
CHC,,,,,,44.43,44.62,89.05,11.48,5.47,,2025-07-29 14:11:08.954109,62.0,44.0,29.0,26.0,91.0,70.0
PHI,,,,,,42.42,47.45,89.86,15.82,8.33,,2025-07-29 14:11:08.954109,60.0,46.0,30.0,26.0,90.0,72.0
DET,,,,,,79.95,7.29,87.24,11.44,4.78,,2025-07-29 14:11:08.954109,62.0,46.0,27.0,27.0,89.0,73.0
HOU,,,,,,45.81,34.25,80.06,12.8,6.01,,2025-07-29 14:11:08.954109,60.0,47.0,29.0,26.0,89.0,73.0
NYY,,,,,,28.75,53.7,82.45,18.23,9.71,,2025-07-29 14:11:08.954109,57.0,49.0,32.0,24.0,89.0,73.0
SEA,,,,,,34.96,39.01,73.96,14.62,7.57,,2025-07-29 14:11:08.954109,57.0,50.0,30.0,25.0,87.0,75.0
SDP,,,,,,9.87,48.32,58.19,5.64,2.55,,2025-07-29 14:11:08.954109,58.0,49.0,28.0,27.0,86.0,76.0
BOS,,,,,,6.88,39.53,46.41,6.46,3.1,,2025-07-29 14:11:08.954109,57.0,51.0,28.0,26.0,85.0,77.0
TEX,,,,,,17.49,34.21,51.7,7.87,3.92,,2025-07-29 14:11:08.954109,56.0,51.0,28.0,27.0,84.0,78.0
SFG,,,,,,2.7,23.64,26.33,2.77,1.29,,2025-07-29 14:11:08.954109,54.0,53.0,28.0,27.0,82.0,80.0
STL,,,,,,2.61,19.77,22.38,1.73,0.69,,2025-07-29 14:11:08.954109,55.0,53.0,26.0,28.0,81.0,81.0
CIN,,,,,,2.35,17.45,19.8,1.54,0.65,,2025-07-29 14:11:08.954109,56.0,51.0,25.0,30.0,81.0,81.0
TBR,,,,,,2.2,21.45,23.65,3.0,1.3,,2025-07-29 14:11:08.954109,54.0,53.0,27.0,28.0,81.0,81.0
MIN,,,,,,8.54,10.32,18.86,3.4,1.75,,2025-07-29 14:11:08.954109,51.0,55.0,29.0,26.0,80.0,81.0
CLE,,,,,,5.21,8.77,13.98,1.67,0.69,,2025-07-29 14:11:08.954109,52.0,54.0,28.0,27.0,80.0,81.0
KCR,,,,,,6.3,8.25,14.56,1.94,0.94,,2025-07-29 14:11:08.954109,52.0,55.0,27.0,28.0,79.0,83.0
ARI,,,,,,0.43,7.75,8.19,1.07,0.56,,2025-07-29 14:11:08.954109,51.0,56.0,28.0,27.0,79.0,83.0
LAA,,,,,,1.74,7.14,8.88,1.0,0.39,,2025-07-29 14:11:08.954109,52.0,55.0,26.0,29.0,78.0,84.0
ATL,,,,,,0.19,3.12,3.31,0.82,0.56,,2025-07-29 14:11:08.954109,45.0,60.0,32.0,23.0,77.0,83.0
BAL,,,,,,0.21,3.56,3.77,0.89,0.45,,2025-07-29 14:11:08.954109,48.0,58.0,29.0,26.0,77.0,84.0
MIA,,,,,,0.01,0.36,0.37,0.02,0.01,,2025-07-29 14:11:08.954109,50.0,55.0,22.0,34.0,72.0,89.0
PIT,,,,,,0.01,0.22,0.24,0.03,0.02,,2025-07-29 14:11:08.954109,45.0,62.0,26.0,29.0,71.0,91.0
ATH,,,,,,0.01,0.11,0.12,0.01,0.0,,2025-07-29 14:11:08.954109,46.0,63.0,24.0,29.0,70.0,92.0
WSN,,,,,,0.0,0.01,0.01,0.0,0.0,,2025-07-29 14:11:08.954109,44.0,62.0,24.0,31.0,68.0,93.0
CHW,,,,,,0.0,0.0,0.0,0.0,0.0,,2025-07-29 14:11:08.954109,39.0,68.0,21.0,34.0,60.0,102.0
COL,,,,,,0.0,0.0,0.0,0.0,0.0,,2025-07-29 14:11:08.954109,28.0,78.0,21.0,35.0,49.0,113.0
LAD,,,,,,86.95,10.9,97.84,30.39,17.53,,2025-07-30 14:10:10.197165,62.0,45.0,32.0,22.0,94.0,67.0
NYM,,,,,,58.99,35.55,94.55,18.5,9.4,,2025-07-30 14:10:10.197165,62.0,45.0,30.0,24.0,92.0,69.0
TOR,,,,,,63.98,31.47,95.45,17.2,8.18,,2025-07-30 14:10:10.197165,63.0,44.0,28.0,25.0,91.0,69.0
PHI,,,,,,40.86,48.34,89.2,14.92,7.89,,2025-07-30 14:10:10.197165,60.0,46.0,30.0,25.0,90.0,71.0
MIL,,,,,,51.01,38.95,89.96,11.06,5.12,,2025-07-30 14:10:10.197165,63.0,43.0,27.0,27.0,90.0,70.0
CHC,,,,,,44.05,45.0,89.05,11.62,5.55,,2025-07-30 14:10:10.197165,62.0,44.0,28.0,26.0,90.0,70.0
DET,,,,,,80.92,7.24,88.16,11.43,4.7,,2025-07-30 14:10:10.197165,62.0,46.0,27.0,26.0,89.0,72.0
HOU,,,,,,45.23,33.79,79.03,12.65,5.96,,2025-07-30 14:10:10.197165,60.0,47.0,28.0,26.0,88.0,73.0
NYY,,,,,,26.8,55.87,82.67,18.13,9.76,,2025-07-30 14:10:10.197165,57.0,49.0,31.0,24.0,88.0,73.0
SEA,,,,,,35.14,38.41,73.56,14.66,7.32,,2025-07-30 14:10:10.197165,57.0,50.0,30.0,24.0,87.0,74.0
SDP,,,,,,9.96,49.25,59.21,5.54,2.43,,2025-07-30 14:10:10.197165,58.0,49.0,27.0,27.0,85.0,76.0
BOS,,,,,,6.75,40.23,46.98,6.65,3.06,,2025-07-30 14:10:10.197165,57.0,51.0,27.0,26.0,84.0,77.0
TEX,,,,,,17.95,34.01,51.95,7.66,3.87,,2025-07-30 14:10:10.197165,56.0,51.0,28.0,26.0,84.0,77.0
SFG,,,,,,2.53,22.91,25.43,2.44,1.03,,2025-07-30 14:10:10.197165,54.0,53.0,27.0,27.0,81.0,80.0
STL,,,,,,2.48,19.57,22.05,1.84,0.73,,2025-07-30 14:10:10.197165,55.0,53.0,26.0,27.0,81.0,80.0
CIN,,,,,,2.46,18.18,20.64,1.6,0.67,,2025-07-30 14:10:10.197165,56.0,51.0,25.0,29.0,81.0,80.0
TBR,,,,,,2.31,21.16,23.47,2.87,1.32,,2025-07-30 14:10:10.197165,54.0,53.0,26.0,28.0,80.0,81.0
MIN,,,,,,8.37,10.14,18.52,3.38,1.77,,2025-07-30 14:10:10.197165,51.0,55.0,29.0,25.0,80.0,80.0
KCR,,,,,,6.07,8.44,14.51,1.97,0.85,,2025-07-30 14:10:10.197165,52.0,55.0,27.0,27.0,79.0,82.0
CLE,,,,,,4.64,8.64,13.29,1.69,0.78,,2025-07-30 14:10:10.197165,52.0,54.0,27.0,27.0,79.0,81.0
LAA,,,,,,1.65,7.46,9.11,0.96,0.45,,2025-07-30 14:10:10.197165,52.0,55.0,26.0,28.0,78.0,83.0
ARI,,,,,,0.56,7.92,8.48,1.21,0.65,,2025-07-30 14:10:10.197165,51.0,56.0,27.0,27.0,78.0,83.0
ATL,,,,,,0.13,2.89,3.02,0.84,0.56,,2025-07-30 14:10:10.197165,45.0,60.0,31.0,23.0,76.0,83.0
BAL,,,,,,0.15,3.01,3.16,0.72,0.4,,2025-07-30 14:10:10.197165,48.0,58.0,28.0,26.0,76.0,84.0
MIA,,,,,,0.01,0.36,0.38,0.01,0.0,,2025-07-30 14:10:10.197165,50.0,55.0,22.0,33.0,72.0,88.0
ATH,,,,,,0.02,0.12,0.14,0.02,0.01,,2025-07-30 14:10:10.197165,46.0,63.0,24.0,28.0,70.0,91.0
PIT,,,,,,0.0,0.15,0.15,0.02,0.01,,2025-07-30 14:10:10.197165,45.0,62.0,25.0,29.0,70.0,91.0
WSN,,,,,,0.0,0.03,0.03,0.0,0.0,,2025-07-30 14:10:10.197165,44.0,62.0,23.0,31.0,67.0,93.0
CHW,,,,,,0.0,0.0,0.0,0.0,0.0,,2025-07-30 14:10:10.197165,39.0,68.0,21.0,33.0,60.0,101.0
COL,,,,,,0.0,0.0,0.0,0.0,0.0,,2025-07-30 14:10:10.197165,28.0,78.0,21.0,34.0,49.0,112.0
LAD,,,,,,85.67,12.46,98.13,30.9,17.87,,2025-07-31 14:09:35.831624,63.0,46.0,32.0,21.0,95.0,67.0
TOR,,,,,,55.66,38.75,94.42,16.19,7.59,,2025-07-31 14:09:35.831624,64.0,46.0,28.0,24.0,92.0,70.0
NYM,,,,,,51.6,41.1,92.7,17.71,9.57,,2025-07-31 14:09:35.831624,62.0,47.0,30.0,23.0,92.0,70.0
PHI,,,,,,48.32,42.84,91.16,17.32,8.99,,2025-07-31 14:09:35.831624,61.0,47.0,30.0,24.0,91.0,71.0
MIL,,,,,,49.15,41.36,90.51,9.74,4.13,,2025-07-31 14:09:35.831624,64.0,44.0,27.0,26.0,91.0,70.0
CHC,,,,,,45.91,44.32,90.23,11.91,5.54,,2025-07-31 14:09:35.831624,63.0,45.0,28.0,25.0,91.0,70.0
DET,,,,,,83.91,6.08,89.99,11.15,4.58,,2025-07-31 14:09:35.831624,64.0,46.0,26.0,26.0,90.0,72.0
HOU,,,,,,53.8,30.63,84.43,13.87,6.59,,2025-07-31 14:09:35.831624,62.0,47.0,28.0,25.0,90.0,72.0
NYY,,,,,,33.89,53.69,87.58,19.35,10.04,,2025-07-31 14:09:35.831624,59.0,49.0,31.0,23.0,90.0,72.0
SDP,,,,,,12.44,56.32,68.75,5.92,2.46,,2025-07-31 14:09:35.831624,60.0,49.0,27.0,26.0,87.0,75.0
SEA,,,,,,29.8,40.13,69.93,15.6,8.4,,2025-07-31 14:09:35.831624,57.0,52.0,30.0,23.0,87.0,75.0
BOS,,,,,,9.4,48.66,58.06,7.69,3.55,,2025-07-31 14:09:35.831624,59.0,51.0,27.0,25.0,86.0,76.0
TEX,,,,,,14.95,32.32,47.27,6.8,3.24,,2025-07-31 14:09:35.831624,57.0,52.0,27.0,26.0,84.0,78.0
CIN,,,,,,3.86,24.77,28.63,2.7,1.14,,2025-07-31 14:09:35.831624,57.0,52.0,26.0,27.0,83.0,79.0
SFG,,,,,,1.69,19.1,20.79,2.14,1.04,,2025-07-31 14:09:35.831624,54.0,55.0,27.0,26.0,81.0,81.0
CLE,,,,,,5.09,11.06,16.15,2.25,0.96,,2025-07-31 14:09:35.831624,54.0,54.0,26.0,27.0,80.0,81.0
KCR,,,,,,6.98,10.91,17.89,2.4,1.16,,2025-07-31 14:09:35.831624,54.0,55.0,26.0,27.0,80.0,82.0
STL,,,,,,1.06,10.73,11.79,0.67,0.23,,2025-07-31 14:09:35.831624,55.0,55.0,24.0,28.0,79.0,83.0
TBR,,,,,,0.83,11.71,12.55,1.5,0.71,,2025-07-31 14:09:35.831624,54.0,55.0,25.0,28.0,79.0,83.0
MIN,,,,,,4.02,5.77,9.79,1.49,0.79,,2025-07-31 14:09:35.831624,51.0,57.0,28.0,25.0,79.0,82.0
LAA,,,,,,1.44,6.5,7.95,1.0,0.48,,2025-07-31 14:09:35.831624,53.0,56.0,25.0,28.0,78.0,84.0
BAL,,,,,,0.21,3.55,3.76,0.66,0.37,,2025-07-31 14:09:35.831624,50.0,59.0,27.0,26.0,77.0,85.0
ARI,,,,,,0.21,4.28,4.49,0.53,0.26,,2025-07-31 14:09:35.831624,51.0,58.0,26.0,27.0,77.0,85.0
ATL,,,,,,0.07,1.84,1.91,0.4,0.24,,2025-07-31 14:09:35.831624,45.0,62.0,31.0,22.0,76.0,84.0
MIA,,,,,,0.01,0.66,0.68,0.04,0.01,,2025-07-31 14:09:35.831624,52.0,55.0,21.0,33.0,73.0,88.0
ATH,,,,,,0.01,0.23,0.24,0.06,0.03,,2025-07-31 14:09:35.831624,48.0,63.0,24.0,27.0,72.0,90.0
PIT,,,,,,0.01,0.21,0.22,0.03,0.03,,2025-07-31 14:09:35.831624,47.0,62.0,24.0,29.0,71.0,91.0
WSN,,,,,,0.0,0.01,0.01,0.0,0.0,,2025-07-31 14:09:35.831624,44.0,64.0,22.0,31.0,66.0,95.0
CHW,,,,,,0.0,0.0,0.0,0.0,0.0,,2025-07-31 14:09:35.831624,40.0,69.0,20.0,33.0,60.0,102.0
COL,,,,,,0.0,0.0,0.0,0.0,0.0,,2025-07-31 14:09:35.831624,28.0,80.0,20.0,34.0,48.0,114.0
LAD,,,,,,72.63,24.71,97.34,25.94,14.29,,2025-08-01 14:08:23.197613,63.0,46.0,32.0,21.0,95.0,67.0
TOR,,,,,,49.23,44.21,93.44,13.58,6.12,,2025-08-01 14:08:23.197613,64.0,46.0,28.0,24.0,92.0,70.0
HOU,,,,,,63.61,26.52,90.14,20.39,10.27,,2025-08-01 14:08:23.197613,62.0,47.0,30.0,23.0,92.0,70.0
CHC,,,,,,54.09,36.85,90.94,12.5,5.78,,2025-08-01 14:08:23.197613,63.0,45.0,29.0,24.0,92.0,69.0
NYM,,,,,,52.31,41.17,93.48,19.08,10.46,,2025-08-01 14:08:23.197613,62.0,47.0,30.0,23.0,92.0,70.0
DET,,,,,,84.8,6.14,90.94,11.3,4.33,,2025-08-01 14:08:23.197613,64.0,46.0,27.0,25.0,91.0,71.0
PHI,,,,,,47.55,43.72,91.27,16.59,8.56,,2025-08-01 14:08:23.197613,61.0,47.0,30.0,24.0,91.0,71.0
NYY,,,,,,40.51,50.14,90.65,20.24,10.48,,2025-08-01 14:08:23.197613,60.0,49.0,31.0,22.0,91.0,71.0
MIL,,,,,,40.62,45.14,85.76,7.48,3.17,,2025-08-01 14:08:23.197613,64.0,44.0,26.0,27.0,90.0,71.0
SDP,,,,,,26.16,59.23,85.39,12.63,6.45,,2025-08-01 14:08:23.197613,60.0,49.0,30.0,23.0,90.0,72.0
SEA,,,,,,24.18,46.23,70.41,13.36,7.06,,2025-08-01 14:08:23.197613,58.0,52.0,29.0,23.0,87.0,75.0
BOS,,,,,,9.74,48.48,58.22,7.18,3.29,,2025-08-01 14:08:23.197613,59.0,51.0,27.0,25.0,86.0,76.0
TEX,,,,,,11.09,35.1,46.2,6.86,3.58,,2025-08-01 14:08:23.197613,57.0,53.0,27.0,25.0,84.0,78.0
CIN,,,,,,4.28,20.97,25.25,2.79,1.28,,2025-08-01 14:08:23.197613,57.0,53.0,26.0,26.0,83.0,79.0
KCR,,,,,,8.75,12.8,21.55,2.89,1.39,,2025-08-01 14:08:23.197613,54.0,55.0,27.0,26.0,81.0,81.0
CLE,,,,,,4.78,10.03,14.8,1.54,0.68,,2025-08-01 14:08:23.197613,54.0,54.0,26.0,27.0,80.0,81.0
SFG,,,,,,1.08,13.43,14.51,1.26,0.61,,2025-08-01 14:08:23.197613,54.0,55.0,26.0,27.0,80.0,82.0
STL,,,,,,1.02,9.34,10.36,0.72,0.32,,2025-08-01 14:08:23.197613,55.0,55.0,24.0,28.0,79.0,83.0
LAA,,,,,,1.12,7.09,8.21,0.92,0.43,,2025-08-01 14:08:23.197613,53.0,56.0,25.0,28.0,78.0,84.0
TBR,,,,,,0.49,8.86,9.35,0.96,0.45,,2025-08-01 14:08:23.197613,54.0,56.0,24.0,28.0,78.0,84.0
ARI,,,,,,0.14,3.03,3.17,0.36,0.18,,2025-08-01 14:08:23.197613,51.0,58.0,26.0,27.0,77.0,85.0
ATL,,,,,,0.11,1.81,1.93,0.62,0.42,,2025-08-01 14:08:23.197613,46.0,62.0,30.0,22.0,76.0,84.0
MIN,,,,,,1.68,2.85,4.54,0.53,0.27,,2025-08-01 14:08:23.197613,51.0,57.0,25.0,28.0,76.0,85.0
BAL,,,,,,0.03,1.4,1.43,0.22,0.11,,2025-08-01 14:08:23.197613,50.0,59.0,24.0,29.0,74.0,88.0
MIA,,,,,,0.03,0.35,0.38,0.01,0.01,,2025-08-01 14:08:23.197613,52.0,55.0,20.0,34.0,72.0,89.0
PIT,,,,,,0.01,0.21,0.22,0.01,0.01,,2025-08-01 14:08:23.197613,47.0,62.0,24.0,29.0,71.0,91.0
ATH,,,,,,0.0,0.14,0.14,0.01,0.01,,2025-08-01 14:08:23.197613,48.0,63.0,22.0,29.0,70.0,92.0
WSN,,,,,,0.0,0.02,0.02,0.01,0.0,,2025-08-01 14:08:23.197613,44.0,64.0,22.0,31.0,66.0,95.0
CHW,,,,,,0.0,0.0,0.0,0.0,0.0,,2025-08-01 14:08:23.197613,40.0,69.0,21.0,32.0,61.0,101.0
COL,,,,,,0.0,0.0,0.0,0.0,0.0,,2025-08-01 14:08:23.197613,28.0,80.0,20.0,34.0,48.0,114.0
LAD,,,,,,72.76,24.84,97.59,25.39,14.34,,2025-08-02 14:00:01.820467,64.0,46.0,31.0,21.0,95.0,67.0
CHC,,,,,,54.52,37.45,91.97,13.09,6.13,,2025-08-02 14:00:01.820467,64.0,45.0,29.0,23.0,93.0,68.0
PHI,,,,,,53.69,38.58,92.27,17.18,9.28,,2025-08-02 14:00:01.820467,62.0,47.0,30.0,23.0,92.0,70.0
NYM,,,,,,46.23,45.3,91.54,18.56,10.18,,2025-08-02 14:00:01.820467,62.0,48.0,30.0,22.0,92.0,70.0
HOU,,,,,,59.75,29.16,88.91,19.88,10.1,,2025-08-02 14:00:01.820467,62.0,48.0,29.0,23.0,91.0,71.0
MIL,,,,,,40.23,45.88,86.11,7.42,3.04,,2025-08-02 14:00:01.820467,65.0,44.0,26.0,26.0,91.0,70.0
TOR,,,,,,51.3,41.27,92.56,14.14,6.21,,2025-08-02 14:00:01.820467,64.0,47.0,27.0,24.0,91.0,71.0
NYY,,,,,,34.71,51.74,86.45,17.79,9.21,,2025-08-02 14:00:01.820467,60.0,50.0,30.0,22.0,90.0,72.0
DET,,,,,,82.27,7.0,89.27,11.25,4.44,,2025-08-02 14:00:01.820467,64.0,47.0,26.0,25.0,90.0,72.0
SDP,,,,,,25.99,60.45,86.44,12.93,6.57,,2025-08-02 14:00:01.820467,61.0,49.0,29.0,23.0,90.0,72.0
SEA,,,,,,29.35,45.5,74.85,15.35,8.0,,2025-08-02 14:00:01.820467,59.0,52.0,29.0,22.0,88.0,74.0
BOS,,,,,,13.41,50.21,63.62,8.42,3.74,,2025-08-02 14:00:01.820467,60.0,51.0,27.0,24.0,87.0,75.0
TEX,,,,,,9.99,33.03,43.03,6.44,3.02,,2025-08-02 14:00:01.820467,57.0,54.0,27.0,24.0,84.0,78.0
CIN,,,,,,4.49,22.35,26.84,2.74,1.27,,2025-08-02 14:00:01.820467,58.0,53.0,25.0,26.0,83.0,79.0
KCR,,,,,,10.61,14.64,25.25,2.97,1.34,,2025-08-02 14:00:01.820467,55.0,55.0,27.0,25.0,82.0,80.0
SFG,,,,,,1.19,14.15,15.34,1.57,0.76,,2025-08-02 14:00:01.820467,55.0,55.0,26.0,26.0,81.0,81.0
CLE,,,,,,5.67,11.14,16.81,1.55,0.73,,2025-08-02 14:00:01.820467,55.0,54.0,25.0,27.0,80.0,81.0
STL,,,,,,0.76,7.46,8.21,0.54,0.23,,2025-08-02 14:00:01.820467,55.0,56.0,24.0,27.0,79.0,83.0
LAA,,,,,,0.89,5.54,6.43,0.71,0.33,,2025-08-02 14:00:01.820467,53.0,57.0,25.0,27.0,78.0,84.0
TBR,,,,,,0.52,7.46,7.98,0.76,0.35,,2025-08-02 14:00:01.820467,54.0,57.0,24.0,27.0,78.0,84.0
ARI,,,,,,0.07,1.91,1.98,0.23,0.1,,2025-08-02 14:00:01.820467,51.0,59.0,25.0,27.0,76.0,86.0
MIN,,,,,,1.44,2.18,3.62,0.5,0.27,,2025-08-02 14:00:01.820467,51.0,58.0,25.0,27.0,76.0,85.0
ATL,,,,,,0.05,1.11,1.17,0.33,0.21,,2025-08-02 14:00:01.820467,46.0,63.0,29.0,22.0,75.0,85.0
BAL,,,,,,0.07,0.98,1.05,0.19,0.1,,2025-08-02 14:00:01.820467,50.0,60.0,24.0,28.0,74.0,88.0
MIA,,,,,,0.03,0.43,0.46,0.03,0.02,,2025-08-02 14:00:01.820467,53.0,55.0,20.0,33.0,73.0,88.0
ATH,,,,,,0.03,0.14,0.16,0.03,0.02,,2025-08-02 14:00:01.820467,49.0,63.0,22.0,28.0,71.0,91.0
PIT,,,,,,0.01,0.07,0.07,0.01,0.0,,2025-08-02 14:00:01.820467,47.0,63.0,23.0,29.0,70.0,92.0
WSN,,,,,,0.0,0.01,0.01,0.0,0.0,,2025-08-02 14:00:01.820467,44.0,65.0,22.0,30.0,66.0,95.0
CHW,,,,,,0.0,0.0,0.0,0.0,0.0,,2025-08-02 14:00:01.820467,41.0,69.0,20.0,32.0,61.0,101.0
COL,,,,,,0.0,0.0,0.0,0.0,0.0,,2025-08-02 14:00:01.820467,29.0,80.0,20.0,33.0,49.0,113.0
LAD,,,,,,73.54,23.96,97.5,25.68,14.56,,2025-08-03 14:02:27.681062,64.0,46.0,31.0,20.0,95.0,66.0
CHC,,,,,,54.41,37.21,91.62,12.83,6.1,,2025-08-03 14:02:27.681062,64.0,45.0,28.0,23.0,92.0,68.0
TOR,,,,,,51.15,41.45,92.61,13.77,6.01,,2025-08-03 14:02:27.681062,64.0,47.0,27.0,23.0,91.0,70.0
HOU,,,,,,60.09,29.21,89.31,19.89,9.93,,2025-08-03 14:02:27.681062,62.0,48.0,29.0,22.0,91.0,70.0
NYM,,,,,,46.49,44.68,91.17,18.48,10.08,,2025-08-03 14:02:27.681062,62.0,48.0,29.0,22.0,91.0,70.0
PHI,,,,,,53.39,38.29,91.67,17.29,8.85,,2025-08-03 14:02:27.681062,62.0,47.0,29.0,23.0,91.0,70.0
MIL,,,,,,39.56,46.66,86.22,7.27,3.07,,2025-08-03 14:02:27.681062,65.0,44.0,25.0,26.0,90.0,70.0
SDP,,,,,,25.3,60.24,85.55,12.96,6.78,,2025-08-03 14:02:27.681062,61.0,49.0,29.0,22.0,90.0,71.0
DET,,,,,,82.8,6.94,89.74,11.39,4.88,,2025-08-03 14:02:27.681062,64.0,47.0,26.0,24.0,90.0,71.0
NYY,,,,,,34.13,52.24,86.38,17.5,9.05,,2025-08-03 14:02:27.681062,60.0,50.0,30.0,21.0,90.0,71.0
SEA,,,,,,29.11,46.0,75.11,15.17,7.62,,2025-08-03 14:02:27.681062,59.0,52.0,28.0,22.0,87.0,74.0
BOS,,,,,,14.12,49.7,63.82,8.48,3.94,,2025-08-03 14:02:27.681062,60.0,51.0,27.0,23.0,87.0,74.0
TEX,,,,,,10.08,33.09,43.16,6.61,3.36,,2025-08-03 14:02:27.681062,57.0,54.0,26.0,24.0,83.0,78.0
CIN,,,,,,5.29,25.36,30.64,3.04,1.31,,2025-08-03 14:02:27.681062,58.0,53.0,25.0,26.0,83.0,79.0
KCR,,,,,,10.55,14.67,25.22,3.08,1.46,,2025-08-03 14:02:27.681062,55.0,55.0,26.0,25.0,81.0,80.0
CLE,,,,,,5.36,11.46,16.81,1.94,0.89,,2025-08-03 14:02:27.681062,55.0,54.0,25.0,26.0,80.0,80.0
SFG,,,,,,1.07,13.47,14.54,1.34,0.66,,2025-08-03 14:02:27.681062,55.0,55.0,25.0,26.0,80.0,81.0
STL,,,,,,0.74,7.02,7.76,0.52,0.26,,2025-08-03 14:02:27.681062,55.0,56.0,23.0,27.0,78.0,83.0
TBR,,,,,,0.55,7.46,8.01,0.83,0.34,,2025-08-03 14:02:27.681062,54.0,57.0,24.0,26.0,78.0,83.0
LAA,,,,,,0.71,4.38,5.09,0.65,0.22,,2025-08-03 14:02:27.681062,53.0,57.0,24.0,27.0,77.0,84.0
ATL,,,,,,0.08,1.1,1.19,0.36,0.18,,2025-08-03 14:02:27.681062,46.0,63.0,30.0,21.0,76.0,84.0
MIN,,,,,,1.29,2.14,3.43,0.46,0.22,,2025-08-03 14:02:27.681062,51.0,58.0,24.0,27.0,75.0,85.0
ARI,,,,,,0.08,1.55,1.63,0.21,0.14,,2025-08-03 14:02:27.681062,51.0,59.0,24.0,27.0,75.0,86.0
BAL,,,,,,0.05,1.11,1.17,0.19,0.09,,2025-08-03 14:02:27.681062,50.0,60.0,24.0,27.0,74.0,87.0
MIA,,,,,,0.04,0.35,0.39,0.01,0.0,,2025-08-03 14:02:27.681062,53.0,55.0,20.0,32.0,73.0,87.0
ATH,,,,,,0.01,0.15,0.17,0.01,0.01,,2025-08-03 14:02:27.681062,49.0,63.0,22.0,27.0,71.0,90.0
PIT,,,,,,0.0,0.11,0.11,0.01,0.0,,2025-08-03 14:02:27.681062,47.0,63.0,22.0,29.0,69.0,92.0
WSN,,,,,,0.0,0.01,0.01,0.0,0.0,,2025-08-03 14:02:27.681062,44.0,65.0,21.0,30.0,65.0,95.0
CHW,,,,,,0.0,0.0,0.0,0.0,0.0,,2025-08-03 14:02:27.681062,41.0,69.0,20.0,31.0,61.0,100.0
COL,,,,,,0.0,0.0,0.0,0.0,0.0,,2025-08-03 14:02:27.681062,29.0,80.0,19.0,33.0,48.0,113.0
LAD,,,,,,73.83,23.91,97.74,25.62,14.64,,2025-08-04 14:11:41.493120,65.0,47.0,30.0,20.0,95.0,67.0
CHC,,,,,,51.95,40.41,92.36,13.01,6.16,,2025-08-04 14:11:41.493120,65.0,46.0,28.0,22.0,93.0,68.0
PHI,,,,,,53.73,38.32,92.05,17.52,9.02,,2025-08-04 14:11:41.493120,63.0,48.0,29.0,22.0,92.0,70.0
NYM,,,,,,46.11,44.95,91.06,18.55,10.3,,2025-08-04 14:11:41.493120,63.0,49.0,29.0,21.0,92.0,70.0
MIL,,,,,,44.21,45.3,89.52,7.31,3.03,,2025-08-04 14:11:41.493120,67.0,44.0,24.0,26.0,91.0,70.0
TOR,,,,,,53.37,39.37,92.74,14.23,6.58,,2025-08-04 14:11:41.493120,65.0,48.0,26.0,23.0,91.0,71.0
DET,,,,,,83.91,6.45,90.36,11.41,4.58,,2025-08-04 14:11:41.493120,65.0,48.0,26.0,23.0,91.0,71.0
HOU,,,,,,54.85,30.6,85.45,18.02,9.18,,2025-08-04 14:11:41.493120,62.0,50.0,28.0,22.0,90.0,72.0
SDP,,,,,,24.98,60.99,85.97,12.98,6.71,,2025-08-04 14:11:41.493120,62.0,50.0,28.0,22.0,90.0,72.0
NYY,,,,,,26.71,53.82,80.53,17.03,8.86,,2025-08-04 14:11:41.493120,60.0,52.0,29.0,21.0,89.0,73.0
SEA,,,,,,32.86,43.05,75.91,15.24,7.93,,2025-08-04 14:11:41.493120,60.0,53.0,28.0,21.0,88.0,74.0
BOS,,,,,,19.31,52.9,72.21,9.84,4.32,,2025-08-04 14:11:41.493120,62.0,51.0,26.0,23.0,88.0,74.0
TEX,,,,,,11.58,32.47,44.05,6.94,3.38,,2025-08-04 14:11:41.493120,58.0,55.0,26.0,23.0,84.0,78.0
CIN,,,,,,3.16,20.47,23.63,2.47,1.03,,2025-08-04 14:11:41.493120,58.0,54.0,25.0,25.0,83.0,79.0
KCR,,,,,,9.96,14.77,24.73,3.2,1.42,,2025-08-04 14:11:41.493120,56.0,56.0,26.0,24.0,82.0,80.0
CLE,,,,,,4.81,11.12,15.93,1.8,0.73,,2025-08-04 14:11:41.493120,56.0,55.0,25.0,25.0,81.0,80.0
SFG,,,,,,1.09,13.86,14.95,1.26,0.53,,2025-08-04 14:11:41.493120,56.0,56.0,25.0,25.0,81.0,81.0
STL,,,,,,0.68,7.27,7.95,0.56,0.21,,2025-08-04 14:11:41.493120,56.0,57.0,23.0,26.0,79.0,83.0
TBR,,,,,,0.55,8.21,8.77,0.98,0.43,,2025-08-04 14:11:41.493120,55.0,58.0,23.0,26.0,78.0,84.0
ARI,,,,,,0.09,2.54,2.63,0.31,0.15,,2025-08-04 14:11:41.493120,53.0,59.0,24.0,26.0,77.0,85.0
LAA,,,,,,0.71,4.07,4.78,0.61,0.25,,2025-08-04 14:11:41.493120,54.0,58.0,23.0,27.0,77.0,85.0
ATL,,,,,,0.1,1.17,1.27,0.38,0.27,,2025-08-04 14:11:41.493120,47.0,63.0,29.0,21.0,76.0,84.0
MIN,,,,,,1.31,1.99,3.3,0.47,0.19,,2025-08-04 14:11:41.493120,52.0,59.0,24.0,26.0,76.0,85.0
BAL,,,,,,0.06,1.08,1.14,0.21,0.12,,2025-08-04 14:11:41.493120,51.0,61.0,23.0,27.0,74.0,88.0
MIA,,,,,,0.07,0.69,0.76,0.02,0.0,,2025-08-04 14:11:41.493120,55.0,55.0,19.0,32.0,74.0,87.0
PIT,,,,,,0.01,0.1,0.11,0.01,0.01,,2025-08-04 14:11:41.493120,48.0,64.0,22.0,28.0,70.0,92.0
ATH,,,,,,0.0,0.1,0.1,0.01,0.01,,2025-08-04 14:11:41.493120,49.0,65.0,21.0,27.0,70.0,92.0
WSN,,,,,,0.0,0.01,0.01,0.0,0.0,,2025-08-04 14:11:41.493120,44.0,67.0,21.0,29.0,65.0,96.0
CHW,,,,,,0.01,0.0,0.01,0.0,0.0,,2025-08-04 14:11:41.493120,42.0,70.0,20.0,30.0,62.0,100.0
COL,,,,,,0.0,0.0,0.0,0.0,0.0,,2025-08-04 14:11:41.493120,30.0,81.0,19.0,32.0,49.0,113.0
LAD,,,,,,73.91,23.33,97.23,25.77,14.82,,2025-08-05 14:11:49.508925,65.0,48.0,30.0,19.0,95.0,67.0
TOR,,,,,,55.6,37.91,93.51,14.03,6.26,,2025-08-05 14:11:49.508925,66.0,48.0,26.0,22.0,92.0,70.0
MIL,,,,,,51.26,40.71,91.97,7.92,3.45,,2025-08-05 14:11:49.508925,68.0,44.0,24.0,25.0,92.0,69.0
CHC,,,,,,44.35,46.15,90.5,12.14,5.67,,2025-08-05 14:11:49.508925,65.0,47.0,27.0,22.0,92.0,69.0
PHI,,,,,,59.69,33.66,93.35,18.07,9.79,,2025-08-05 14:11:49.508925,64.0,48.0,28.0,22.0,92.0,70.0
DET,,,,,,85.87,5.79,91.66,12.26,4.76,,2025-08-05 14:11:49.508925,66.0,48.0,25.0,23.0,91.0,71.0
NYM,,,,,,40.22,49.34,89.55,18.27,10.24,,2025-08-05 14:11:49.508925,63.0,50.0,28.0,21.0,91.0,71.0
SDP,,,,,,24.95,58.37,83.31,12.76,6.57,,2025-08-05 14:11:49.508925,62.0,51.0,28.0,21.0,90.0,72.0
HOU,,,,,,55.45,30.88,86.33,18.89,9.29,,2025-08-05 14:11:49.508925,63.0,50.0,27.0,22.0,90.0,72.0
BOS,,,,,,21.45,53.73,75.17,9.95,4.47,,2025-08-05 14:11:49.508925,63.0,51.0,26.0,22.0,89.0,73.0
NYY,,,,,,22.54,55.09,77.62,16.05,8.33,,2025-08-05 14:11:49.508925,60.0,53.0,28.0,21.0,88.0,74.0
SEA,,,,,,30.81,44.06,74.88,15.04,7.72,,2025-08-05 14:11:49.508925,60.0,53.0,28.0,21.0,88.0,74.0
TEX,,,,,,12.91,34.02,46.94,7.32,3.46,,2025-08-05 14:11:49.508925,59.0,55.0,25.0,23.0,84.0,78.0
CIN,,,,,,3.56,23.99,27.56,2.8,1.29,,2025-08-05 14:11:49.508925,59.0,54.0,24.0,25.0,83.0,79.0
CLE,,,,,,5.32,12.75,18.07,1.96,0.85,,2025-08-05 14:11:49.508925,57.0,55.0,24.0,25.0,81.0,80.0
KCR,,,,,,8.02,13.17,21.19,2.73,1.21,,2025-08-05 14:11:49.508925,56.0,57.0,25.0,24.0,81.0,81.0
SFG,,,,,,0.99,11.02,12.01,1.02,0.45,,2025-08-05 14:11:49.508925,56.0,57.0,24.0,25.0,80.0,82.0
STL,,,,,,0.81,8.79,9.61,0.62,0.27,,2025-08-05 14:11:49.508925,57.0,57.0,22.0,26.0,79.0,83.0
LAA,,,,,,0.83,4.26,5.08,0.67,0.26,,2025-08-05 14:11:49.508925,55.0,58.0,23.0,26.0,78.0,84.0
ARI,,,,,,0.16,3.23,3.39,0.33,0.17,,2025-08-05 14:11:49.508925,54.0,59.0,24.0,25.0,78.0,84.0
TBR,,,,,,0.4,5.93,6.33,0.68,0.26,,2025-08-05 14:11:49.508925,55.0,59.0,23.0,25.0,78.0,84.0
ATL,,,,,,0.03,0.74,0.77,0.24,0.18,,2025-08-05 14:11:49.508925,47.0,64.0,28.0,21.0,75.0,85.0
MIN,,,,,,0.8,1.5,2.31,0.34,0.13,,2025-08-05 14:11:49.508925,52.0,60.0,23.0,26.0,75.0,86.0
MIA,,,,,,0.07,0.57,0.64,0.03,0.01,,2025-08-05 14:11:49.508925,55.0,56.0,19.0,31.0,74.0,87.0
BAL,,,,,,0.01,0.78,0.8,0.1,0.04,,2025-08-05 14:11:49.508925,51.0,62.0,23.0,26.0,74.0,88.0
PIT,,,,,,0.01,0.11,0.12,0.01,0.01,,2025-08-05 14:11:49.508925,49.0,64.0,21.0,28.0,70.0,92.0
ATH,,,,,,0.0,0.11,0.11,0.01,0.01,,2025-08-05 14:11:49.508925,49.0,65.0,21.0,27.0,70.0,92.0
WSN,,,,,,0.0,0.0,0.0,0.0,0.0,,2025-08-05 14:11:49.508925,44.0,67.0,21.0,29.0,65.0,96.0
CHW,,,,,,0.0,0.0,0.0,0.0,0.0,,2025-08-05 14:11:49.508925,42.0,70.0,20.0,30.0,62.0,100.0
COL,,,,,,0.0,0.0,0.0,0.0,0.0,,2025-08-05 14:11:49.508925,30.0,82.0,18.0,32.0,48.0,114.0
LAD,,,,,,73.45,24.23,97.69,26.65,15.4,,2025-08-06 14:11:56.447230,66.0,48.0,29.0,19.0,95.0,67.0
PHI,,,,,,65.79,28.84,94.62,18.84,9.86,,2025-08-06 14:11:56.447230,65.0,48.0,28.0,21.0,93.0,69.0
MIL,,,,,,56.78,36.68,93.46,8.33,3.49,,2025-08-06 14:11:56.447230,69.0,44.0,24.0,24.0,93.0,68.0
TOR,,,,,,58.1,36.3,94.4,14.27,6.12,,2025-08-06 14:11:56.447230,67.0,48.0,25.0,22.0,92.0,70.0
CHC,,,,,,38.57,50.03,88.61,11.2,5.58,,2025-08-06 14:11:56.447230,65.0,48.0,26.0,22.0,91.0,70.0
HOU,,,,,,56.01,31.29,87.3,19.49,9.72,,2025-08-06 14:11:56.447230,64.0,50.0,27.0,21.0,91.0,71.0
DET,,,,,,84.8,5.76,90.56,11.51,4.58,,2025-08-06 14:11:56.447230,66.0,49.0,24.0,23.0,90.0,72.0
SDP,,,,,,25.48,60.05,85.53,12.82,6.74,,2025-08-06 14:11:56.447230,63.0,51.0,27.0,21.0,90.0,72.0
NYM,,,,,,34.15,52.17,86.32,17.08,9.48,,2025-08-06 14:11:56.447230,63.0,51.0,27.0,21.0,90.0,72.0
BOS,,,,,,23.31,53.39,76.7,10.35,4.49,,2025-08-06 14:11:56.447230,64.0,51.0,25.0,22.0,89.0,73.0
SEA,,,,,,30.35,45.61,75.96,15.62,8.03,,2025-08-06 14:11:56.447230,61.0,53.0,27.0,21.0,88.0,74.0
NYY,,,,,,18.21,54.75,72.96,14.94,7.74,,2025-08-06 14:11:56.447230,60.0,54.0,28.0,20.0,88.0,74.0
TEX,,,,,,13.15,38.23,51.38,7.56,3.57,,2025-08-06 14:11:56.447230,60.0,55.0,25.0,22.0,85.0,77.0
CIN,,,,,,4.01,26.12,30.14,2.93,1.38,,2025-08-06 14:11:56.447230,60.0,54.0,24.0,24.0,84.0,78.0
CLE,,,,,,7.32,12.9,20.21,2.27,0.91,,2025-08-06 14:11:56.447230,58.0,55.0,24.0,24.0,82.0,79.0
KCR,,,,,,6.92,9.93,16.85,2.38,1.14,,2025-08-06 14:11:56.447230,56.0,58.0,25.0,23.0,81.0,81.0
SFG,,,,,,0.97,12.05,13.03,1.23,0.54,,2025-08-06 14:11:56.447230,57.0,57.0,23.0,25.0,80.0,82.0
STL,,,,,,0.63,6.98,7.61,0.53,0.26,,2025-08-06 14:11:56.447230,57.0,58.0,22.0,25.0,79.0,83.0
TBR,,,,,,0.36,6.46,6.83,0.69,0.29,,2025-08-06 14:11:56.447230,56.0,59.0,22.0,25.0,78.0,84.0
LAA,,,,,,0.5,3.21,3.71,0.41,0.18,,2025-08-06 14:11:56.447230,55.0,59.0,22.0,26.0,77.0,85.0
ARI,,,,,,0.09,1.94,2.03,0.18,0.1,,2025-08-06 14:11:56.447230,54.0,60.0,23.0,25.0,77.0,85.0
MIN,,,,,,0.97,1.57,2.54,0.38,0.19,,2025-08-06 14:11:56.447230,53.0,60.0,23.0,25.0,76.0,85.0
ATL,,,,,,0.01,0.48,0.5,0.19,0.14,,2025-08-06 14:11:56.447230,47.0,65.0,28.0,20.0,75.0,85.0
MIA,,,,,,0.04,0.38,0.42,0.02,0.01,,2025-08-06 14:11:56.447230,55.0,57.0,19.0,30.0,74.0,87.0
BAL,,,,,,0.01,0.51,0.52,0.11,0.06,,2025-08-06 14:11:56.447230,51.0,63.0,22.0,26.0,73.0,89.0
ATH,,,,,,0.0,0.1,0.1,0.01,0.01,,2025-08-06 14:11:56.447230,50.0,65.0,21.0,26.0,71.0,91.0
PIT,,,,,,0.0,0.06,0.06,0.0,0.0,,2025-08-06 14:11:56.447230,49.0,65.0,21.0,27.0,70.0,92.0
WSN,,,,,,0.0,0.0,0.0,0.0,0.0,,2025-08-06 14:11:56.447230,44.0,68.0,20.0,29.0,64.0,97.0
CHW,,,,,,0.0,0.0,0.0,0.0,0.0,,2025-08-06 14:11:56.447230,42.0,71.0,19.0,30.0,61.0,101.0
COL,,,,,,0.0,0.0,0.0,0.0,0.0,,2025-08-06 14:11:56.447230,30.0,83.0,18.0,31.0,48.0,114.0
LAD,,,,,,68.21,28.71,96.91,25.2,14.24,,2025-08-07 14:10:35.178780,66.0,49.0,28.0,19.0,94.0,68.0
MIL,,,,,,59.09,35.8,94.89,8.71,3.52,,2025-08-07 14:10:35.178780,70.0,44.0,23.0,24.0,93.0,68.0
TOR,,,,,,60.61,34.17,94.78,14.47,6.57,,2025-08-07 14:10:35.178780,68.0,48.0,24.0,22.0,92.0,70.0
CHC,,,,,,37.64,53.2,90.83,12.06,5.6,,2025-08-07 14:10:35.178780,66.0,48.0,26.0,21.0,92.0,69.0
PHI,,,,,,65.94,27.06,93.0,18.52,9.61,,2025-08-07 14:10:35.178780,65.0,49.0,27.0,21.0,92.0,70.0
SDP,,,,,,30.51,57.03,87.55,13.97,7.07,,2025-08-07 14:10:35.178780,64.0,51.0,27.0,20.0,91.0,71.0
DET,,,,,,80.95,6.87,87.81,11.04,4.62,,2025-08-07 14:10:35.178780,66.0,50.0,24.0,22.0,90.0,72.0
HOU,,,,,,51.25,33.24,84.49,18.97,9.73,,2025-08-07 14:10:35.178780,64.0,51.0,26.0,21.0,90.0,72.0
NYM,,,,,,33.99,49.96,83.95,16.55,9.24,,2025-08-07 14:10:35.178780,63.0,52.0,27.0,20.0,90.0,72.0
BOS,,,,,,19.11,54.81,73.91,9.54,4.32,,2025-08-07 14:10:35.178780,64.0,52.0,25.0,21.0,89.0,73.0
NYY,,,,,,19.74,56.64,76.39,15.82,8.45,,2025-08-07 14:10:35.178780,61.0,54.0,27.0,20.0,88.0,74.0
SEA,,,,,,36.08,42.29,78.37,16.36,8.43,,2025-08-07 14:10:35.178780,62.0,53.0,26.0,21.0,88.0,74.0
TEX,,,,,,12.22,34.28,46.51,6.96,3.35,,2025-08-07 14:10:35.178780,60.0,56.0,25.0,21.0,85.0,77.0
CIN,,,,,,2.63,23.67,26.3,2.76,1.24,,2025-08-07 14:10:35.178780,60.0,55.0,23.0,24.0,83.0,79.0
CLE,,,,,,9.06,14.64,23.71,2.49,1.02,,2025-08-07 14:10:35.178780,59.0,55.0,23.0,24.0,82.0,79.0
KCR,,,,,,8.91,10.23,19.13,2.6,1.23,,2025-08-07 14:10:35.178780,57.0,58.0,24.0,23.0,81.0,81.0
SFG,,,,,,1.21,13.56,14.77,1.29,0.52,,2025-08-07 14:10:35.178780,58.0,57.0,23.0,24.0,81.0,81.0
STL,,,,,,0.65,8.79,9.44,0.65,0.29,,2025-08-07 14:10:35.178780,58.0,58.0,22.0,24.0,80.0,82.0
TBR,,,,,,0.52,7.89,8.41,0.9,0.4,,2025-08-07 14:10:35.178780,57.0,59.0,22.0,24.0,79.0,83.0
ARI,,,,,,0.07,1.5,1.57,0.17,0.1,,2025-08-07 14:10:35.178780,54.0,61.0,23.0,24.0,77.0,85.0
MIN,,,,,,1.08,2.04,3.12,0.44,0.19,,2025-08-07 14:10:35.178780,54.0,60.0,23.0,24.0,77.0,84.0
LAA,,,,,,0.44,2.36,2.8,0.32,0.12,,2025-08-07 14:10:35.178780,55.0,60.0,22.0,25.0,77.0,85.0
MIA,,,,,,0.07,0.45,0.51,0.03,0.02,,2025-08-07 14:10:35.178780,56.0,57.0,18.0,30.0,74.0,87.0
BAL,,,,,,0.01,0.51,0.52,0.11,0.04,,2025-08-07 14:10:35.178780,52.0,63.0,22.0,25.0,74.0,88.0
ATL,,,,,,0.01,0.23,0.24,0.08,0.06,,2025-08-07 14:10:35.178780,47.0,66.0,27.0,20.0,74.0,86.0
ATH,,,,,,0.01,0.04,0.04,0.0,0.0,,2025-08-07 14:10:35.178780,50.0,66.0,20.0,26.0,70.0,92.0
PIT,,,,,,0.0,0.03,0.03,0.01,0.01,,2025-08-07 14:10:35.178780,49.0,66.0,20.0,27.0,69.0,93.0
WSN,,,,,,0.01,0.01,0.01,0.0,0.0,,2025-08-07 14:10:35.178780,45.0,68.0,20.0,28.0,65.0,96.0
CHW,,,,,,0.0,0.0,0.0,0.0,0.0,,2025-08-07 14:10:35.178780,42.0,72.0,19.0,29.0,61.0,101.0
COL,,,,,,0.0,0.0,0.0,0.0,0.0,,2025-08-07 14:10:35.178780,30.0,84.0,18.0,30.0,48.0,114.0
LAD,,,,,,68.04,29.18,97.22,25.77,14.51,,2025-08-08 14:08:26.219403,66.0,49.0,28.0,19.0,94.0,68.0
MIL,,,,,,59.0,35.87,94.87,8.7,3.4,,2025-08-08 14:08:26.219403,70.0,44.0,23.0,24.0,93.0,68.0
TOR,,,,,,62.14,32.95,95.09,14.16,6.2,,2025-08-08 14:08:26.219403,68.0,48.0,24.0,22.0,92.0,70.0
CHC,,,,,,38.42,52.64,91.06,11.96,5.63,,2025-08-08 14:08:26.219403,66.0,48.0,26.0,21.0,92.0,69.0
PHI,,,,,,66.01,27.57,93.58,18.22,9.79,,2025-08-08 14:08:26.219403,65.0,49.0,27.0,21.0,92.0,70.0
SDP,,,,,,30.65,57.69,88.35,13.71,7.21,,2025-08-08 14:08:26.219403,64.0,51.0,27.0,20.0,91.0,71.0
DET,,,,,,80.46,7.21,87.67,11.7,4.88,,2025-08-08 14:08:26.219403,66.0,50.0,24.0,22.0,90.0,72.0
NYM,,,,,,33.89,50.82,84.71,17.0,9.37,,2025-08-08 14:08:26.219403,63.0,52.0,27.0,20.0,90.0,72.0
HOU,,,,,,49.91,35.19,85.09,18.86,9.41,,2025-08-08 14:08:26.219403,64.0,51.0,26.0,21.0,90.0,72.0
SEA,,,,,,38.68,42.36,81.04,16.89,8.81,,2025-08-08 14:08:26.219403,63.0,53.0,26.0,20.0,89.0,73.0
BOS,,,,,,18.14,54.58,72.73,9.62,4.35,,2025-08-08 14:08:26.219403,64.0,52.0,24.0,22.0,88.0,74.0
NYY,,,,,,19.24,56.64,75.88,15.35,8.09,,2025-08-08 14:08:26.219403,61.0,54.0,27.0,20.0,88.0,74.0
TEX,,,,,,11.06,33.85,44.91,6.68,3.04,,2025-08-08 14:08:26.219403,60.0,56.0,24.0,22.0,84.0,78.0
CIN,,,,,,1.93,20.39,22.31,2.36,1.24,,2025-08-08 14:08:26.219403,60.0,56.0,23.0,23.0,83.0,79.0
CLE,,,,,,9.63,14.62,24.25,2.64,1.16,,2025-08-08 14:08:26.219403,59.0,55.0,23.0,24.0,82.0,79.0
KCR,,,,,,8.67,10.29,18.96,2.48,1.17,,2025-08-08 14:08:26.219403,57.0,58.0,24.0,23.0,81.0,81.0
SFG,,,,,,1.26,13.96,15.22,1.3,0.51,,2025-08-08 14:08:26.219403,58.0,57.0,23.0,24.0,81.0,81.0
STL,,,,,,0.65,9.39,10.04,0.62,0.23,,2025-08-08 14:08:26.219403,58.0,58.0,22.0,24.0,80.0,82.0
TBR,,,,,,0.45,7.46,7.91,0.7,0.29,,2025-08-08 14:08:26.219403,57.0,59.0,22.0,24.0,79.0,83.0
LAA,,,,,,0.36,2.42,2.77,0.36,0.24,,2025-08-08 14:08:26.219403,55.0,60.0,22.0,25.0,77.0,85.0
ARI,,,,,,0.05,1.75,1.8,0.24,0.12,,2025-08-08 14:08:26.219403,54.0,61.0,23.0,24.0,77.0,85.0
MIN,,,,,,1.24,1.86,3.1,0.44,0.21,,2025-08-08 14:08:26.219403,54.0,60.0,23.0,24.0,77.0,84.0
ATL,,,,,,0.03,0.3,0.34,0.13,0.07,,2025-08-08 14:08:26.219403,48.0,66.0,27.0,19.0,75.0,85.0
MIA,,,,,,0.07,0.4,0.46,0.0,0.0,,2025-08-08 14:08:26.219403,56.0,58.0,18.0,29.0,74.0,87.0
BAL,,,,,,0.02,0.54,0.56,0.14,0.07,,2025-08-08 14:08:26.219403,52.0,63.0,22.0,25.0,74.0,88.0
ATH,,,,,,0.0,0.04,0.04,0.0,0.0,,2025-08-08 14:08:26.219403,51.0,66.0,20.0,25.0,71.0,91.0
PIT,,,,,,0.0,0.03,0.03,0.01,0.01,,2025-08-08 14:08:26.219403,50.0,66.0,20.0,26.0,70.0,92.0
WSN,,,,,,0.0,0.0,0.0,0.0,0.0,,2025-08-08 14:08:26.219403,45.0,69.0,19.0,28.0,64.0,97.0
CHW,,,,,,0.0,0.0,0.0,0.0,0.0,,2025-08-08 14:08:26.219403,42.0,73.0,19.0,28.0,61.0,101.0
COL,,,,,,0.0,0.0,0.0,0.0,0.0,,2025-08-08 14:08:26.219403,30.0,84.0,18.0,30.0,48.0,114.0
LAD,,,,,,68.66,28.5,97.17,25.64,14.16,,2025-08-09 13:58:18.450519,66.0,49.0,28.0,18.0,94.0,67.0
MIL,,,,,,60.37,35.08,95.44,8.57,3.45,,2025-08-09 13:58:18.450519,70.0,44.0,23.0,23.0,93.0,67.0
TOR,,,,,,62.83,32.66,95.49,14.74,6.62,,2025-08-09 13:58:18.450519,68.0,48.0,24.0,21.0,92.0,69.0
PHI,,,,,,66.12,27.94,94.06,18.35,9.68,,2025-08-09 13:58:18.450519,65.0,49.0,27.0,20.0,92.0,69.0
CHC,,,,,,37.33,53.99,91.32,11.82,5.51,,2025-08-09 13:58:18.450519,66.0,48.0,25.0,21.0,91.0,69.0
HOU,,,,,,50.83,34.01,84.84,18.55,9.5,,2025-08-09 13:58:18.450519,64.0,51.0,26.0,20.0,90.0,71.0
SDP,,,,,,30.14,58.2,88.35,14.37,7.43,,2025-08-09 13:58:18.450519,64.0,51.0,26.0,20.0,90.0,71.0
NYM,,,,,,33.81,50.68,84.49,16.52,9.29,,2025-08-09 13:58:18.450519,63.0,52.0,26.0,20.0,89.0,72.0
DET,,,,,,80.94,6.76,87.7,11.06,4.62,,2025-08-09 13:58:18.450519,66.0,50.0,23.0,22.0,89.0,72.0
NYY,,,,,,19.11,57.82,76.93,15.43,8.17,,2025-08-09 13:58:18.450519,61.0,54.0,27.0,19.0,88.0,73.0
SEA,,,,,,37.54,43.02,80.55,16.89,8.8,,2025-08-09 13:58:18.450519,63.0,53.0,25.0,20.0,88.0,73.0
BOS,,,,,,17.71,55.39,73.11,9.9,4.37,,2025-08-09 13:58:18.450519,64.0,52.0,24.0,21.0,88.0,73.0
TEX,,,,,,11.24,33.73,44.96,6.77,3.36,,2025-08-09 13:58:18.450519,60.0,56.0,24.0,21.0,84.0,77.0
CIN,,,,,,1.71,20.09,21.8,2.46,1.17,,2025-08-09 13:58:18.450519,60.0,56.0,22.0,23.0,82.0,79.0
CLE,,,,,,9.15,14.12,23.28,2.5,0.97,,2025-08-09 13:58:18.450519,59.0,55.0,23.0,23.0,82.0,78.0
KCR,,,,,,8.71,10.52,19.23,2.56,1.17,,2025-08-09 13:58:18.450519,57.0,58.0,24.0,22.0,81.0,80.0
SFG,,,,,,1.14,13.82,14.95,1.32,0.62,,2025-08-09 13:58:18.450519,58.0,57.0,22.0,24.0,80.0,81.0
STL,,,,,,0.59,9.56,10.15,0.68,0.27,,2025-08-09 13:58:18.450519,58.0,58.0,21.0,24.0,79.0,82.0
TBR,,,,,,0.33,7.16,7.48,0.7,0.29,,2025-08-09 13:58:18.450519,57.0,59.0,21.0,24.0,78.0,83.0
LAA,,,,,,0.4,2.35,2.74,0.38,0.15,,2025-08-09 13:58:18.450519,55.0,60.0,21.0,25.0,76.0,85.0
ARI,,,,,,0.06,1.31,1.36,0.16,0.08,,2025-08-09 13:58:18.450519,54.0,61.0,22.0,24.0,76.0,85.0
MIN,,,,,,1.2,2.0,3.19,0.46,0.18,,2025-08-09 13:58:18.450519,54.0,60.0,22.0,24.0,76.0,84.0
BAL,,,,,,0.01,0.45,0.46,0.07,0.04,,2025-08-09 13:58:18.450519,52.0,63.0,22.0,24.0,74.0,87.0
MIA,,,,,,0.06,0.5,0.56,0.03,0.02,,2025-08-09 13:58:18.450519,56.0,58.0,18.0,28.0,74.0,86.0
ATL,,,,,,0.01,0.29,0.29,0.08,0.07,,2025-08-09 13:58:18.450519,48.0,66.0,26.0,19.0,74.0,85.0
PIT,,,,,,0.0,0.04,0.04,0.01,0.01,,2025-08-09 13:58:18.450519,50.0,66.0,20.0,25.0,70.0,91.0
ATH,,,,,,0.0,0.03,0.03,0.01,0.01,,2025-08-09 13:58:18.450519,51.0,66.0,19.0,25.0,70.0,91.0
WSN,,,,,,0.0,0.0,0.0,0.0,0.0,,2025-08-09 13:58:18.450519,45.0,69.0,19.0,27.0,64.0,96.0
CHW,,,,,,0.0,0.0,0.0,0.0,0.0,,2025-08-09 13:58:18.450519,42.0,73.0,18.0,28.0,60.0,101.0
COL,,,,,,0.0,0.0,0.0,0.0,0.0,,2025-08-09 13:58:18.450519,30.0,84.0,17.0,30.0,47.0,114.0
LAD,,,,,,73.62,24.71,98.34,26.82,15.15,,2025-08-10 13:59:11.418057,68.0,49.0,27.0,18.0,95.0,67.0
MIL,,,,,,67.81,29.42,97.22,9.35,3.74,,2025-08-10 13:59:11.418057,72.0,44.0,22.0,23.0,94.0,67.0
PHI,,,,,,77.42,18.91,96.33,19.32,10.04,,2025-08-10 13:59:11.418057,67.0,49.0,26.0,20.0,93.0,69.0
CHC,,,,,,30.38,61.25,91.62,11.38,5.41,,2025-08-10 13:59:11.418057,67.0,49.0,25.0,20.0,92.0,69.0
TOR,,,,,,56.72,36.74,93.46,14.34,6.3,,2025-08-10 13:59:11.418057,68.0,50.0,23.0,21.0,91.0,71.0
DET,,,,,,79.74,7.75,87.5,11.27,4.73,,2025-08-10 13:59:11.418057,67.0,51.0,23.0,21.0,90.0,72.0
SDP,,,,,,25.46,63.41,88.87,13.79,7.16,,2025-08-10 13:59:11.418057,65.0,52.0,25.0,20.0,90.0,72.0
HOU,,,,,,47.41,38.48,85.89,18.21,9.34,,2025-08-10 13:59:11.418057,65.0,52.0,25.0,20.0,90.0,72.0
SEA,,,,,,45.15,41.28,86.44,18.36,9.71,,2025-08-10 13:59:11.418057,65.0,53.0,25.0,19.0,90.0,72.0
NYM,,,,,,22.51,56.45,78.95,15.04,8.31,,2025-08-10 13:59:11.418057,63.0,54.0,26.0,19.0,89.0,73.0
BOS,,,,,,20.97,52.96,73.94,9.77,4.42,,2025-08-10 13:59:11.418057,65.0,53.0,23.0,21.0,88.0,74.0
NYY,,,,,,22.01,55.21,77.22,15.55,8.03,,2025-08-10 13:59:11.418057,62.0,55.0,26.0,19.0,88.0,74.0
TEX,,,,,,7.13,30.03,37.16,5.98,2.94,,2025-08-10 13:59:11.418057,60.0,58.0,24.0,20.0,84.0,78.0
CLE,,,,,,11.48,17.83,29.31,3.02,1.21,,2025-08-10 13:59:11.418057,61.0,55.0,22.0,23.0,83.0,78.0
CIN,,,,,,1.35,19.79,21.14,2.02,0.96,,2025-08-10 13:59:11.418057,61.0,57.0,22.0,22.0,83.0,79.0
KCR,,,,,,7.87,10.29,18.15,2.23,1.03,,2025-08-10 13:59:11.418057,58.0,59.0,23.0,22.0,81.0,81.0
SFG,,,,,,0.86,13.26,14.12,1.21,0.47,,2025-08-10 13:59:11.418057,59.0,58.0,22.0,23.0,81.0,81.0
STL,,,,,,0.46,9.47,9.93,0.58,0.23,,2025-08-10 13:59:11.418057,59.0,59.0,21.0,23.0,80.0,82.0
TBR,,,,,,0.27,4.98,5.26,0.53,0.21,,2025-08-10 13:59:11.418057,57.0,61.0,21.0,23.0,78.0,84.0
LAA,,,,,,0.3,2.15,2.46,0.32,0.14,,2025-08-10 13:59:11.418057,56.0,61.0,21.0,24.0,77.0,85.0
ARI,,,,,,0.06,2.25,2.31,0.33,0.18,,2025-08-10 13:59:11.418057,56.0,61.0,21.0,24.0,77.0,85.0
MIN,,,,,,0.92,1.74,2.65,0.35,0.16,,2025-08-10 13:59:11.418057,55.0,61.0,22.0,23.0,77.0,84.0
ATL,,,,,,0.03,0.47,0.5,0.12,0.08,,2025-08-10 13:59:11.418057,50.0,67.0,25.0,19.0,75.0,86.0
MIA,,,,,,0.04,0.58,0.62,0.03,0.01,,2025-08-10 13:59:11.418057,57.0,60.0,17.0,28.0,74.0,88.0
BAL,,,,,,0.03,0.54,0.56,0.08,0.03,,2025-08-10 13:59:11.418057,53.0,64.0,21.0,24.0,74.0,88.0
ATH,,,,,,0.01,0.01,0.01,0.0,0.0,,2025-08-10 13:59:11.418057,52.0,67.0,19.0,24.0,71.0,91.0
PIT,,,,,,0.01,0.04,0.04,0.0,0.0,,2025-08-10 13:59:11.418057,51.0,67.0,19.0,25.0,70.0,92.0
WSN,,,,,,0.0,0.0,0.0,0.0,0.0,,2025-08-10 13:59:11.418057,46.0,70.0,18.0,27.0,64.0,97.0
CHW,,,,,,0.0,0.0,0.0,0.0,0.0,,2025-08-10 13:59:11.418057,42.0,75.0,18.0,27.0,60.0,102.0
COL,,,,,,0.0,0.0,0.0,0.0,0.0,,2025-08-10 13:59:11.418057,30.0,86.0,17.0,29.0,47.0,115.0
MIL,,,,,,73.97,24.15,98.11,9.72,3.92,,2025-08-11 14:08:12.348710,73.0,44.0,22.0,22.0,95.0,66.0
LAD,,,,,,69.32,28.77,98.09,25.84,14.9,,2025-08-11 14:08:12.348710,68.0,50.0,27.0,17.0,95.0,67.0
PHI,,,,,,81.51,15.25,96.75,20.09,10.3,,2025-08-11 14:08:12.348710,68.0,49.0,25.0,20.0,93.0,69.0
TOR,,,,,,64.29,31.46,95.75,15.12,6.4,,2025-08-11 14:08:12.348710,69.0,50.0,23.0,20.0,92.0,70.0
CHC,,,,,,24.23,65.44,89.68,10.86,5.2,,2025-08-11 14:08:12.348710,67.0,50.0,24.0,20.0,91.0,70.0
HOU,,,,,,48.89,40.49,89.38,19.19,9.74,,2025-08-11 14:08:12.348710,66.0,52.0,25.0,19.0,91.0,71.0
SDP,,,,,,29.88,60.98,90.85,14.06,7.51,,2025-08-11 14:08:12.348710,66.0,52.0,25.0,19.0,91.0,71.0
DET,,,,,,84.07,6.47,90.54,11.55,4.6,,2025-08-11 14:08:12.348710,68.0,51.0,22.0,21.0,90.0,72.0
SEA,,,,,,45.87,43.9,89.77,18.7,9.71,,2025-08-11 14:08:12.348710,66.0,53.0,24.0,19.0,90.0,72.0
NYY,,,,,,17.88,57.8,75.68,14.64,7.71,,2025-08-11 14:08:12.348710,62.0,56.0,26.0,18.0,88.0,74.0
BOS,,,,,,17.64,55.04,72.67,9.47,4.17,,2025-08-11 14:08:12.348710,65.0,54.0,23.0,20.0,88.0,74.0
NYM,,,,,,18.45,56.4,74.86,14.42,8.09,,2025-08-11 14:08:12.348710,63.0,55.0,25.0,19.0,88.0,74.0
CLE,,,,,,8.65,16.74,25.39,2.48,1.14,,2025-08-11 14:08:12.348710,61.0,56.0,22.0,22.0,83.0,78.0
CIN,,,,,,1.44,23.47,24.91,2.71,1.26,,2025-08-11 14:08:12.348710,62.0,57.0,21.0,22.0,83.0,79.0
TEX,,,,,,5.11,29.27,34.38,5.46,2.68,,2025-08-11 14:08:12.348710,60.0,59.0,23.0,20.0,83.0,79.0
KCR,,,,,,6.19,9.65,15.85,2.0,0.98,,2025-08-11 14:08:12.348710,58.0,60.0,23.0,21.0,81.0,81.0
SFG,,,,,,0.73,10.66,11.4,1.01,0.43,,2025-08-11 14:08:12.348710,59.0,59.0,21.0,23.0,80.0,82.0
STL,,,,,,0.37,11.46,11.83,0.73,0.31,,2025-08-11 14:08:12.348710,60.0,59.0,20.0,23.0,80.0,82.0
TBR,,,,,,0.19,4.14,4.33,0.58,0.29,,2025-08-11 14:08:12.348710,57.0,62.0,21.0,22.0,78.0,84.0
ARI,,,,,,0.07,2.37,2.44,0.33,0.19,,2025-08-11 14:08:12.348710,57.0,61.0,21.0,23.0,78.0,84.0
MIN,,,,,,1.09,2.77,3.86,0.52,0.27,,2025-08-11 14:08:12.348710,56.0,61.0,21.0,23.0,77.0,84.0
ATL,,,,,,0.01,0.52,0.53,0.2,0.13,,2025-08-11 14:08:12.348710,51.0,67.0,25.0,18.0,76.0,85.0
LAA,,,,,,0.13,1.9,2.03,0.25,0.04,,2025-08-11 14:08:12.348710,56.0,62.0,20.0,24.0,76.0,86.0
MIA,,,,,,0.03,0.5,0.52,0.03,0.01,,2025-08-11 14:08:12.348710,57.0,61.0,17.0,27.0,74.0,88.0
BAL,,,,,,0.01,0.33,0.34,0.04,0.02,,2025-08-11 14:08:12.348710,53.0,65.0,20.0,24.0,73.0,89.0
ATH,,,,,,0.0,0.04,0.04,0.0,0.0,,2025-08-11 14:08:12.348710,53.0,67.0,18.0,24.0,71.0,91.0
PIT,,,,,,0.0,0.02,0.02,0.01,0.0,,2025-08-11 14:08:12.348710,51.0,68.0,19.0,24.0,70.0,92.0
WSN,,,,,,0.0,0.0,0.0,0.0,0.0,,2025-08-11 14:08:12.348710,47.0,70.0,18.0,26.0,65.0,96.0
CHW,,,,,,0.0,0.0,0.0,0.0,0.0,,2025-08-11 14:08:12.348710,43.0,75.0,17.0,27.0,60.0,102.0
COL,,,,,,0.0,0.0,0.0,0.0,0.0,,2025-08-11 14:08:12.348710,30.0,87.0,16.0,29.0,46.0,116.0
MIL,,,,,,76.11,22.51,98.62,9.77,3.94,,2025-08-12 14:03:47.680972,74.0,44.0,21.0,22.0,95.0,66.0
PHI,,,,,,83.49,14.31,97.81,20.14,10.43,,2025-08-12 14:03:47.680972,69.0,49.0,25.0,19.0,94.0,68.0
LAD,,,,,,63.04,34.47,97.51,25.4,14.24,,2025-08-12 14:03:47.680972,68.0,51.0,26.0,17.0,94.0,68.0
TOR,,,,,,64.17,31.09,95.25,15.19,6.72,,2025-08-12 14:03:47.680972,69.0,50.0,23.0,20.0,92.0,70.0
DET,,,,,,85.26,6.19,91.44,11.54,4.92,,2025-08-12 14:03:47.680972,69.0,51.0,22.0,20.0,91.0,71.0
CHC,,,,,,22.77,67.26,90.03,11.12,5.39,,2025-08-12 14:03:47.680972,67.0,50.0,24.0,20.0,91.0,70.0
HOU,,,,,,51.7,39.1,90.8,19.48,9.9,,2025-08-12 14:03:47.680972,67.0,52.0,24.0,19.0,91.0,71.0
SDP,,,,,,36.35,56.89,93.25,15.14,7.78,,2025-08-12 14:03:47.680972,67.0,52.0,24.0,19.0,91.0,71.0
SEA,,,,,,42.97,46.15,89.12,18.36,9.35,,2025-08-12 14:03:47.680972,66.0,53.0,24.0,19.0,90.0,72.0
NYY,,,,,,20.42,57.02,77.44,15.42,8.34,,2025-08-12 14:03:47.680972,63.0,56.0,25.0,18.0,88.0,74.0
BOS,,,,,,15.17,53.36,68.53,8.97,4.07,,2025-08-12 14:03:47.680972,65.0,55.0,23.0,19.0,88.0,74.0
NYM,,,,,,16.46,59.13,75.59,13.86,7.58,,2025-08-12 14:03:47.680972,63.0,55.0,25.0,19.0,88.0,74.0
TEX,,,,,,5.17,31.25,36.42,5.37,2.66,,2025-08-12 14:03:47.680972,61.0,59.0,23.0,19.0,84.0,78.0
CLE,,,,,,7.95,16.61,24.56,2.4,1.11,,2025-08-12 14:03:47.680972,61.0,56.0,22.0,22.0,83.0,78.0
CIN,,,,,,0.73,20.79,21.52,2.27,1.02,,2025-08-12 14:03:47.680972,62.0,58.0,21.0,21.0,83.0,79.0
STL,,,,,,0.39,12.7,13.08,0.87,0.32,,2025-08-12 14:03:47.680972,61.0,59.0,20.0,22.0,81.0,81.0
KCR,,,,,,6.1,9.93,16.03,1.99,0.9,,2025-08-12 14:03:47.680972,59.0,60.0,22.0,21.0,81.0,81.0
SFG,,,,,,0.55,8.85,9.4,0.9,0.43,,2025-08-12 14:03:47.680972,59.0,60.0,21.0,22.0,80.0,82.0
TBR,,,,,,0.22,4.89,5.12,0.63,0.27,,2025-08-12 14:03:47.680972,58.0,62.0,20.0,22.0,78.0,84.0
LAA,,,,,,0.15,2.37,2.52,0.29,0.14,,2025-08-12 14:03:47.680972,57.0,62.0,20.0,23.0,77.0,85.0
ARI,,,,,,0.06,1.92,1.98,0.29,0.15,,2025-08-12 14:03:47.680972,57.0,62.0,20.0,23.0,77.0,85.0
MIN,,,,,,0.69,1.75,2.44,0.32,0.14,,2025-08-12 14:03:47.680972,56.0,62.0,21.0,22.0,77.0,84.0
ATL,,,,,,0.02,0.72,0.74,0.2,0.12,,2025-08-12 14:03:47.680972,51.0,67.0,25.0,18.0,76.0,85.0
MIA,,,,,,0.02,0.46,0.47,0.03,0.01,,2025-08-12 14:03:47.680972,57.0,61.0,17.0,27.0,74.0,88.0
BAL,,,,,,0.01,0.27,0.28,0.06,0.03,,2025-08-12 14:03:47.680972,53.0,65.0,20.0,24.0,73.0,89.0
ATH,,,,,,0.01,0.03,0.03,0.0,0.0,,2025-08-12 14:03:47.680972,53.0,68.0,18.0,23.0,71.0,91.0
PIT,,,,,,0.0,0.01,0.01,0.0,0.0,,2025-08-12 14:03:47.680972,51.0,69.0,18.0,24.0,69.0,93.0
WSN,,,,,,0.0,0.0,0.0,0.0,0.0,,2025-08-12 14:03:47.680972,47.0,71.0,18.0,25.0,65.0,96.0
CHW,,,,,,0.0,0.0,0.0,0.0,0.0,,2025-08-12 14:03:47.680972,43.0,76.0,17.0,26.0,60.0,102.0
COL,,,,,,0.0,0.0,0.0,0.0,0.0,,2025-08-12 14:03:47.680972,30.0,88.0,16.0,28.0,46.0,116.0
MIL,,,,,,80.94,17.97,98.91,9.96,4.0,,2025-08-13 14:06:08.593839,75.0,44.0,21.0,21.0,96.0,65.0
PHI,,,,,,79.97,17.41,97.38,20.11,10.35,,2025-08-13 14:06:08.593839,69.0,50.0,24.0,19.0,93.0,69.0
LAD,,,,,,57.19,39.87,97.06,23.89,13.89,,2025-08-13 14:06:08.593839,68.0,52.0,25.0,17.0,93.0,69.0
SDP,,,,,,42.37,51.88,94.25,16.33,8.2,,2025-08-13 14:06:08.593839,68.0,52.0,24.0,18.0,92.0,70.0
TOR,,,,,,65.45,30.92,96.38,15.17,6.73,,2025-08-13 14:06:08.593839,70.0,50.0,22.0,20.0,92.0,70.0
CHC,,,,,,17.77,70.62,88.39,10.61,5.02,,2025-08-13 14:06:08.593839,67.0,51.0,24.0,19.0,91.0,70.0
HOU,,,,,,46.12,42.69,88.81,19.24,9.79,,2025-08-13 14:06:08.593839,67.0,53.0,24.0,18.0,91.0,71.0
DET,,,,,,81.89,7.07,88.97,10.92,4.65,,2025-08-13 14:06:08.593839,69.0,52.0,21.0,20.0,90.0,72.0
SEA,,,,,,49.46,40.98,90.44,19.15,9.79,,2025-08-13 14:06:08.593839,67.0,53.0,23.0,19.0,90.0,72.0
NYY,,,,,,19.56,60.46,80.03,15.61,8.06,,2025-08-13 14:06:08.593839,64.0,56.0,25.0,17.0,89.0,73.0
BOS,,,,,,14.85,57.38,72.23,9.46,4.47,,2025-08-13 14:06:08.593839,66.0,55.0,22.0,19.0,88.0,74.0
NYM,,,,,,20.0,58.79,78.79,14.57,7.79,,2025-08-13 14:06:08.593839,64.0,55.0,24.0,19.0,88.0,74.0
CLE,,,,,,10.18,16.66,26.83,2.73,1.27,,2025-08-13 14:06:08.593839,62.0,56.0,21.0,22.0,83.0,78.0
CIN,,,,,,1.03,23.9,24.93,2.59,1.23,,2025-08-13 14:06:08.593839,63.0,58.0,20.0,21.0,83.0,79.0
TEX,,,,,,4.15,25.9,30.04,4.6,2.41,,2025-08-13 14:06:08.593839,61.0,60.0,22.0,19.0,83.0,79.0
KCR,,,,,,7.37,10.54,17.9,2.15,1.02,,2025-08-13 14:06:08.593839,60.0,60.0,22.0,20.0,82.0,80.0
STL,,,,,,0.26,9.9,10.16,0.69,0.26,,2025-08-13 14:06:08.593839,61.0,60.0,19.0,22.0,80.0,82.0
SFG,,,,,,0.39,6.94,7.32,0.83,0.39,,2025-08-13 14:06:08.593839,59.0,61.0,20.0,22.0,79.0,83.0
LAA,,,,,,0.27,2.73,3.0,0.36,0.16,,2025-08-13 14:06:08.593839,58.0,62.0,20.0,22.0,78.0,84.0
ARI,,,,,,0.06,2.01,2.07,0.3,0.16,,2025-08-13 14:06:08.593839,58.0,62.0,20.0,22.0,78.0,84.0
TBR,,,,,,0.13,3.16,3.28,0.3,0.12,,2025-08-13 14:06:08.593839,58.0,63.0,20.0,21.0,78.0,84.0
MIN,,,,,,0.56,1.26,1.82,0.26,0.1,,2025-08-13 14:06:08.593839,56.0,63.0,20.0,22.0,76.0,85.0
ATL,,,,,,0.01,0.37,0.38,0.11,0.09,,2025-08-13 14:06:08.593839,51.0,68.0,24.0,18.0,75.0,86.0
MIA,,,,,,0.02,0.33,0.35,0.01,0.01,,2025-08-13 14:06:08.593839,57.0,62.0,17.0,26.0,74.0,88.0
BAL,,,,,,0.0,0.22,0.22,0.04,0.03,,2025-08-13 14:06:08.593839,53.0,66.0,20.0,23.0,73.0,89.0
ATH,,,,,,0.0,0.04,0.04,0.0,0.0,,2025-08-13 14:06:08.593839,54.0,68.0,17.0,23.0,71.0,91.0
PIT,,,,,,0.0,0.01,0.01,0.0,0.0,,2025-08-13 14:06:08.593839,51.0,70.0,18.0,23.0,69.0,93.0
WSN,,,,,,0.0,0.0,0.0,0.0,0.0,,2025-08-13 14:06:08.593839,47.0,72.0,17.0,25.0,64.0,97.0
CHW,,,,,,0.0,0.0,0.0,0.0,0.0,,2025-08-13 14:06:08.593839,44.0,76.0,16.0,26.0,60.0,102.0
COL,,,,,,0.0,0.0,0.0,0.0,0.0,,2025-08-13 14:06:08.593839,31.0,88.0,16.0,27.0,47.0,115.0
MIL,,,,,,81.58,17.83,99.41,10.88,4.12,,2025-08-14 14:06:05.048279,76.0,44.0,20.0,21.0,96.0,65.0
PHI,,,,,,79.64,17.18,96.83,19.62,10.47,,2025-08-14 14:06:05.048279,69.0,51.0,24.0,18.0,93.0,69.0
LAD,,,,,,50.43,45.61,96.05,23.46,13.05,,2025-08-14 14:06:05.048279,68.0,53.0,25.0,16.0,93.0,69.0
SDP,,,,,,49.33,46.34,95.67,16.35,8.57,,2025-08-14 14:06:05.048279,69.0,52.0,23.0,18.0,92.0,70.0
TOR,,,,,,65.16,30.86,96.02,15.24,6.78,,2025-08-14 14:06:05.048279,70.0,51.0,22.0,19.0,92.0,70.0
CHC,,,,,,17.29,72.65,89.94,10.62,5.03,,2025-08-14 14:06:05.048279,68.0,51.0,23.0,19.0,91.0,70.0
HOU,,,,,,52.78,39.42,92.2,19.96,10.16,,2025-08-14 14:06:05.048279,68.0,53.0,23.0,18.0,91.0,71.0
DET,,,,,,86.13,6.02,92.16,11.49,4.78,,2025-08-14 14:06:05.048279,70.0,52.0,20.0,20.0,90.0,72.0
SEA,,,,,,43.7,46.15,89.85,18.8,9.68,,2025-08-14 14:06:05.048279,67.0,54.0,23.0,18.0,90.0,72.0
BOS,,,,,,15.29,55.66,70.95,8.93,4.09,,2025-08-14 14:06:05.048279,66.0,56.0,22.0,18.0,88.0,74.0
NYY,,,,,,19.36,60.27,79.62,15.45,8.23,,2025-08-14 14:06:05.048279,64.0,57.0,24.0,17.0,88.0,74.0
NYM,,,,,,20.29,55.39,75.67,14.62,8.21,,2025-08-14 14:06:05.048279,64.0,56.0,24.0,18.0,88.0,74.0
CIN,,,,,,1.0,28.49,29.49,2.7,1.29,,2025-08-14 14:06:05.048279,64.0,58.0,20.0,20.0,84.0,78.0
TEX,,,,,,3.18,24.27,27.45,4.23,2.1,,2025-08-14 14:06:05.048279,61.0,61.0,21.0,19.0,82.0,80.0
CLE,,,,,,7.23,16.53,23.76,2.33,0.98,,2025-08-14 14:06:05.048279,62.0,57.0,20.0,22.0,82.0,79.0
KCR,,,,,,5.89,10.13,16.02,2.07,0.95,,2025-08-14 14:06:05.048279,60.0,61.0,21.0,20.0,81.0,81.0
STL,,,,,,0.12,7.31,7.43,0.54,0.19,,2025-08-14 14:06:05.048279,61.0,61.0,19.0,21.0,80.0,82.0
SFG,,,,,,0.21,5.62,5.83,0.71,0.34,,2025-08-14 14:06:05.048279,59.0,62.0,20.0,21.0,79.0,83.0
LAA,,,,,,0.34,3.92,4.26,0.55,0.25,,2025-08-14 14:06:05.048279,59.0,62.0,19.0,22.0,78.0,84.0
TBR,,,,,,0.19,4.55,4.75,0.53,0.25,,2025-08-14 14:06:05.048279,59.0,63.0,19.0,21.0,78.0,84.0
ARI,,,,,,0.02,2.76,2.77,0.35,0.19,,2025-08-14 14:06:05.048279,59.0,62.0,19.0,22.0,78.0,84.0
MIN,,,,,,0.75,1.9,2.65,0.36,0.16,,2025-08-14 14:06:05.048279,57.0,63.0,20.0,21.0,77.0,84.0
ATL,,,,,,0.01,0.4,0.41,0.11,0.07,,2025-08-14 14:06:05.048279,52.0,68.0,24.0,17.0,76.0,85.0
MIA,,,,,,0.06,0.43,0.48,0.05,0.03,,2025-08-14 14:06:05.048279,58.0,62.0,16.0,26.0,74.0,88.0
BAL,,,,,,0.01,0.27,0.28,0.06,0.04,,2025-08-14 14:06:05.048279,54.0,66.0,19.0,23.0,73.0,89.0
ATH,,,,,,0.0,0.03,0.03,0.01,0.0,,2025-08-14 14:06:05.048279,54.0,69.0,17.0,22.0,71.0,91.0
PIT,,,,,,0.0,0.01,0.01,0.01,0.01,,2025-08-14 14:06:05.048279,51.0,71.0,17.0,23.0,68.0,94.0
WSN,,,,,,0.0,0.01,0.01,0.0,0.0,,2025-08-14 14:06:05.048279,48.0,72.0,17.0,24.0,65.0,96.0
CHW,,,,,,0.0,0.0,0.0,0.0,0.0,,2025-08-14 14:06:05.048279,44.0,77.0,16.0,25.0,60.0,102.0
COL,,,,,,0.0,0.0,0.0,0.0,0.0,,2025-08-14 14:06:05.048279,32.0,88.0,15.0,27.0,47.0,115.0
MIL,,,,,,83.88,15.6,99.48,10.39,4.22,,2025-08-15 14:00:17.576358,76.0,44.0,20.0,21.0,96.0,65.0
TOR,,,,,,69.34,27.67,97.02,15.67,6.73,,2025-08-15 14:00:17.576358,71.0,51.0,22.0,18.0,93.0,69.0
LAD,,,,,,50.34,45.95,96.3,24.0,13.79,,2025-08-15 14:00:17.576358,68.0,53.0,25.0,16.0,93.0,69.0
SDP,,,,,,49.3,46.62,95.92,17.22,9.03,,2025-08-15 14:00:17.576358,69.0,52.0,23.0,18.0,92.0,70.0
PHI,,,,,,79.44,16.84,96.28,19.31,9.95,,2025-08-15 14:00:17.576358,69.0,52.0,23.0,18.0,92.0,70.0
DET,,,,,,87.67,5.82,93.49,11.85,4.81,,2025-08-15 14:00:17.576358,71.0,52.0,20.0,19.0,91.0,71.0
CHC,,,,,,14.97,73.78,88.75,10.76,5.08,,2025-08-15 14:00:17.576358,68.0,52.0,23.0,18.0,91.0,70.0
HOU,,,,,,56.72,35.57,92.28,20.34,10.36,,2025-08-15 14:00:17.576358,68.0,53.0,23.0,18.0,91.0,71.0
SEA,,,,,,39.2,48.09,87.28,17.71,9.09,,2025-08-15 14:00:17.576358,67.0,55.0,22.0,18.0,89.0,73.0
BOS,,,,,,13.71,57.23,70.94,8.88,4.02,,2025-08-15 14:00:17.576358,66.0,56.0,22.0,18.0,88.0,74.0
NYY,,,,,,16.75,61.72,78.47,14.98,7.98,,2025-08-15 14:00:17.576358,64.0,57.0,24.0,17.0,88.0,74.0
NYM,,,,,,20.5,52.86,73.36,13.58,7.57,,2025-08-15 14:00:17.576358,64.0,57.0,23.0,18.0,87.0,75.0
CIN,,,,,,0.98,29.59,30.57,2.93,1.29,,2025-08-15 14:00:17.576358,64.0,58.0,20.0,20.0,84.0,78.0
TEX,,,,,,3.6,24.37,27.97,4.52,2.46,,2025-08-15 14:00:17.576358,61.0,61.0,22.0,18.0,83.0,79.0
CLE,,,,,,7.07,19.0,26.07,2.54,1.1,,2025-08-15 14:00:17.576358,63.0,57.0,20.0,21.0,83.0,78.0
KCR,,,,,,4.95,10.63,15.58,2.12,1.01,,2025-08-15 14:00:17.576358,60.0,61.0,21.0,20.0,81.0,81.0
STL,,,,,,0.17,8.27,8.43,0.55,0.25,,2025-08-15 14:00:17.576358,61.0,61.0,19.0,21.0,80.0,82.0
SFG,,,,,,0.25,6.17,6.42,0.64,0.29,,2025-08-15 14:00:17.576358,59.0,62.0,20.0,21.0,79.0,83.0
ARI,,,,,,0.11,3.52,3.63,0.44,0.21,,2025-08-15 14:00:17.576358,60.0,62.0,19.0,21.0,79.0,83.0
LAA,,,,,,0.48,3.72,4.2,0.55,0.24,,2025-08-15 14:00:17.576358,59.0,62.0,19.0,22.0,78.0,84.0
TBR,,,,,,0.18,4.35,4.53,0.52,0.24,,2025-08-15 14:00:17.576358,59.0,63.0,19.0,21.0,78.0,84.0
ATL,,,,,,0.03,0.47,0.5,0.18,0.11,,2025-08-15 14:00:17.576358,53.0,68.0,23.0,17.0,76.0,85.0
MIN,,,,,,0.32,1.42,1.74,0.26,0.11,,2025-08-15 14:00:17.576358,57.0,64.0,19.0,21.0,76.0,85.0
MIA,,,,,,0.04,0.34,0.38,0.01,0.0,,2025-08-15 14:00:17.576358,58.0,63.0,16.0,25.0,74.0,88.0
BAL,,,,,,0.01,0.37,0.38,0.07,0.04,,2025-08-15 14:00:17.576358,55.0,66.0,19.0,22.0,74.0,88.0
ATH,,,,,,0.0,0.04,0.04,0.0,0.0,,2025-08-15 14:00:17.576358,54.0,69.0,17.0,22.0,71.0,91.0
PIT,,,,,,0.0,0.0,0.0,0.0,0.0,,2025-08-15 14:00:17.576358,51.0,71.0,17.0,23.0,68.0,94.0
WSN,,,,,,0.0,0.0,0.0,0.0,0.0,,2025-08-15 14:00:17.576358,49.0,72.0,16.0,24.0,65.0,96.0
CHW,,,,,,0.0,0.0,0.0,0.0,0.0,,2025-08-15 14:00:17.576358,44.0,77.0,16.0,25.0,60.0,102.0
COL,,,,,,0.0,0.0,0.0,0.0,0.0,,2025-08-15 14:00:17.576358,32.0,89.0,15.0,26.0,47.0,115.0
MIL,,,,,,88.58,11.13,99.71,10.79,4.27,,2025-08-16 13:55:15.061851,77.0,44.0,20.0,20.0,97.0,64.0
TOR,,,,,,70.8,27.23,98.04,15.68,7.05,,2025-08-16 13:55:15.061851,72.0,51.0,21.0,18.0,93.0,69.0
LAD,,,,,,56.71,41.05,97.75,25.2,14.26,,2025-08-16 13:55:15.061851,69.0,53.0,24.0,16.0,93.0,69.0
PHI,,,,,,83.6,14.04,97.65,19.77,10.34,,2025-08-16 13:55:15.061851,70.0,52.0,23.0,17.0,93.0,69.0
SDP,,,,,,43.05,53.15,96.2,15.96,8.4,,2025-08-16 13:55:15.061851,69.0,53.0,23.0,17.0,92.0,70.0
DET,,,,,,90.0,4.62,94.62,12.25,4.98,,2025-08-16 13:55:15.061851,72.0,52.0,19.0,19.0,91.0,71.0
HOU,,,,,,49.8,40.48,90.29,18.95,9.83,,2025-08-16 13:55:15.061851,68.0,54.0,22.0,18.0,90.0,72.0
SEA,,,,,,47.06,43.13,90.2,18.73,9.65,,2025-08-16 13:55:15.061851,68.0,55.0,22.0,17.0,90.0,72.0
CHC,,,,,,10.77,77.49,88.26,10.03,4.75,,2025-08-16 13:55:15.061851,68.0,53.0,22.0,18.0,90.0,71.0
NYY,,,,,,16.38,65.02,81.4,15.8,8.14,,2025-08-16 13:55:15.061851,65.0,57.0,23.0,17.0,88.0,74.0
BOS,,,,,,12.64,61.41,74.05,8.92,4.05,,2025-08-16 13:55:15.061851,67.0,56.0,21.0,18.0,88.0,74.0
NYM,,,,,,16.36,56.33,72.69,13.73,7.78,,2025-08-16 13:55:15.061851,64.0,58.0,23.0,17.0,87.0,75.0
CIN,,,,,,0.56,29.17,29.73,2.62,1.06,,2025-08-16 13:55:15.061851,64.0,59.0,19.0,20.0,83.0,79.0
CLE,,,,,,5.21,16.98,22.2,2.27,0.95,,2025-08-16 13:55:15.061851,63.0,58.0,19.0,21.0,82.0,79.0
TEX,,,,,,2.79,20.29,23.08,3.92,1.82,,2025-08-16 13:55:15.061851,61.0,62.0,21.0,18.0,82.0,80.0
KCR,,,,,,4.62,11.47,16.1,2.23,1.09,,2025-08-16 13:55:15.061851,61.0,61.0,20.0,20.0,81.0,81.0
STL,,,,,,0.09,8.14,8.23,0.56,0.26,,2025-08-16 13:55:15.061851,61.0,62.0,18.0,21.0,79.0,83.0
SFG,,,,,,0.19,5.56,5.75,0.62,0.34,,2025-08-16 13:55:15.061851,59.0,63.0,20.0,20.0,79.0,83.0
TBR,,,,,,0.18,5.04,5.21,0.5,0.21,,2025-08-16 13:55:15.061851,60.0,63.0,18.0,21.0,78.0,84.0
ARI,,,,,,0.06,2.74,2.79,0.42,0.18,,2025-08-16 13:55:15.061851,60.0,63.0,18.0,21.0,78.0,84.0
LAA,,,,,,0.36,2.86,3.22,0.47,0.2,,2025-08-16 13:55:15.061851,59.0,63.0,19.0,21.0,78.0,84.0
ATL,,,,,,0.03,0.95,0.97,0.3,0.21,,2025-08-16 13:55:15.061851,54.0,68.0,22.0,17.0,76.0,85.0
MIN,,,,,,0.17,0.93,1.09,0.18,0.08,,2025-08-16 13:55:15.061851,57.0,65.0,19.0,20.0,76.0,85.0
BAL,,,,,,0.0,0.48,0.48,0.09,0.05,,2025-08-16 13:55:15.061851,56.0,66.0,19.0,21.0,75.0,87.0
MIA,,,,,,0.01,0.26,0.27,0.02,0.01,,2025-08-16 13:55:15.061851,58.0,64.0,16.0,24.0,74.0,88.0
ATH,,,,,,0.0,0.02,0.02,0.01,0.01,,2025-08-16 13:55:15.061851,55.0,69.0,16.0,22.0,71.0,91.0
PIT,,,,,,0.0,0.0,0.0,0.0,0.0,,2025-08-16 13:55:15.061851,52.0,71.0,17.0,22.0,69.0,93.0
WSN,,,,,,0.0,0.0,0.0,0.0,0.0,,2025-08-16 13:55:15.061851,49.0,73.0,16.0,23.0,65.0,96.0
CHW,,,,,,0.0,0.0,0.0,0.0,0.0,,2025-08-16 13:55:15.061851,44.0,78.0,16.0,24.0,60.0,102.0
COL,,,,,,0.0,0.0,0.0,0.0,0.0,,2025-08-16 13:55:15.061851,33.0,89.0,14.0,26.0,47.0,115.0
MIL,,,,,,89.44,10.42,99.87,11.06,4.11,,2025-08-17 13:57:09.369053,78.0,44.0,19.0,20.0,97.0,64.0
LAD,,,,,,63.52,35.27,98.8,25.76,14.67,,2025-08-17 13:57:09.369053,70.0,53.0,24.0,15.0,94.0,68.0
TOR,,,,,,71.6,27.0,98.61,16.04,7.27,,2025-08-17 13:57:09.369053,73.0,51.0,20.0,18.0,93.0,69.0
DET,,,,,,91.57,4.11,95.69,12.38,5.15,,2025-08-17 13:57:09.369053,73.0,52.0,19.0,18.0,92.0,70.0
PHI,,,,,,78.51,18.44,96.95,18.52,9.76,,2025-08-17 13:57:09.369053,70.0,53.0,22.0,17.0,92.0,70.0
SDP,,,,,,36.31,59.1,95.41,15.64,8.22,,2025-08-17 13:57:09.369053,69.0,54.0,22.0,17.0,91.0,71.0
HOU,,,,,,56.28,35.95,92.23,19.59,10.06,,2025-08-17 13:57:09.369053,69.0,54.0,22.0,17.0,91.0,71.0
CHC,,,,,,10.23,80.62,90.85,10.24,4.66,,2025-08-17 13:57:09.369053,69.0,53.0,21.0,18.0,90.0,71.0
SEA,,,,,,41.44,46.59,88.02,17.96,9.31,,2025-08-17 13:57:09.369053,68.0,56.0,21.0,17.0,89.0,73.0
NYY,,,,,,16.09,68.53,84.62,16.18,8.34,,2025-08-17 13:57:09.369053,66.0,57.0,23.0,16.0,89.0,73.0
BOS,,,,,,12.14,65.27,77.41,9.38,4.21,,2025-08-17 13:57:09.369053,68.0,56.0,20.0,18.0,88.0,74.0
NYM,,,,,,21.43,57.35,78.78,14.77,8.29,,2025-08-17 13:57:09.369053,65.0,58.0,23.0,16.0,88.0,74.0
CIN,,,,,,0.28,25.02,25.3,2.5,1.13,,2025-08-17 13:57:09.369053,64.0,60.0,19.0,19.0,83.0,79.0
KCR,,,,,,4.7,12.81,17.51,2.4,1.21,,2025-08-17 13:57:09.369053,62.0,61.0,20.0,19.0,82.0,80.0
CLE,,,,,,3.6,15.07,18.67,2.01,0.92,,2025-08-17 13:57:09.369053,63.0,59.0,19.0,20.0,82.0,79.0
TEX,,,,,,2.05,15.96,18.01,3.0,1.55,,2025-08-17 13:57:09.369053,61.0,63.0,20.0,18.0,81.0,81.0
STL,,,,,,0.04,6.58,6.62,0.51,0.19,,2025-08-17 13:57:09.369053,61.0,63.0,18.0,20.0,79.0,83.0
TBR,,,,,,0.15,6.14,6.3,0.69,0.27,,2025-08-17 13:57:09.369053,61.0,63.0,18.0,20.0,79.0,83.0
SFG,,,,,,0.13,4.04,4.17,0.49,0.2,,2025-08-17 13:57:09.369053,59.0,64.0,19.0,20.0,78.0,84.0
ARI,,,,,,0.03,1.79,1.82,0.24,0.08,,2025-08-17 13:57:09.369053,60.0,64.0,17.0,21.0,77.0,85.0
ATL,,,,,,0.03,1.1,1.13,0.26,0.2,,2025-08-17 13:57:09.369053,55.0,68.0,22.0,16.0,77.0,84.0
LAA,,,,,,0.22,1.7,1.92,0.23,0.11,,2025-08-17 13:57:09.369053,59.0,64.0,18.0,21.0,77.0,85.0
MIN,,,,,,0.12,0.59,0.71,0.11,0.06,,2025-08-17 13:57:09.369053,57.0,66.0,18.0,20.0,75.0,86.0
BAL,,,,,,0.01,0.27,0.27,0.03,0.01,,2025-08-17 13:57:09.369053,56.0,67.0,18.0,21.0,74.0,88.0
MIA,,,,,,0.03,0.27,0.29,0.01,0.01,,2025-08-17 13:57:09.369053,58.0,65.0,15.0,24.0,73.0,89.0
ATH,,,,,,0.0,0.03,0.03,0.01,0.0,,2025-08-17 13:57:09.369053,56.0,69.0,16.0,21.0,72.0,90.0
PIT,,,,,,0.0,0.0,0.0,0.0,0.0,,2025-08-17 13:57:09.369053,52.0,72.0,17.0,21.0,69.0,93.0
WSN,,,,,,0.0,0.0,0.0,0.0,0.0,,2025-08-17 13:57:09.369053,50.0,73.0,16.0,22.0,66.0,95.0
CHW,,,,,,0.0,0.0,0.0,0.0,0.0,,2025-08-17 13:57:09.369053,44.0,79.0,15.0,24.0,59.0,103.0
COL,,,,,,0.0,0.0,0.0,0.0,0.0,,2025-08-17 13:57:09.369053,34.0,89.0,14.0,25.0,48.0,114.0
MIL,,,,,,86.63,13.18,99.81,10.95,4.28,,2025-08-18 14:06:12.985931,78.0,45.0,19.0,19.0,97.0,64.0
LAD,,,,,,69.59,29.34,98.94,26.72,14.87,,2025-08-18 14:06:12.985931,71.0,53.0,23.0,15.0,94.0,68.0
TOR,,,,,,69.66,28.74,98.41,15.57,7.13,,2025-08-18 14:06:12.985931,73.0,52.0,20.0,17.0,93.0,69.0
PHI,,,,,,78.15,19.36,97.52,18.57,9.9,,2025-08-18 14:06:12.985931,71.0,53.0,21.0,17.0,92.0,70.0
SDP,,,,,,30.29,63.98,94.27,14.53,7.4,,2025-08-18 14:06:12.985931,69.0,55.0,22.0,16.0,91.0,71.0
CHC,,,,,,12.92,78.79,91.71,10.36,4.89,,2025-08-18 14:06:12.985931,70.0,53.0,21.0,17.0,91.0,70.0
DET,,,,,,90.3,5.07,95.36,12.41,5.33,,2025-08-18 14:06:12.985931,73.0,53.0,18.0,18.0,91.0,71.0
HOU,,,,,,55.52,35.02,90.54,19.52,10.01,,2025-08-18 14:06:12.985931,69.0,55.0,21.0,17.0,90.0,72.0
SEA,,,,,,40.95,45.3,86.25,17.3,9.16,,2025-08-18 14:06:12.985931,68.0,57.0,21.0,16.0,89.0,73.0
NYY,,,,,,19.68,67.49,87.17,17.14,9.01,,2025-08-18 14:06:12.985931,67.0,57.0,22.0,16.0,89.0,73.0
BOS,,,,,,10.57,62.7,73.28,9.1,4.04,,2025-08-18 14:06:12.985931,68.0,57.0,20.0,17.0,88.0,74.0
NYM,,,,,,21.79,58.88,80.67,15.07,8.02,,2025-08-18 14:06:12.985931,66.0,58.0,22.0,16.0,88.0,74.0
CIN,,,,,,0.43,25.56,25.99,2.5,1.01,,2025-08-18 14:06:12.985931,65.0,60.0,18.0,19.0,83.0,79.0
CLE,,,,,,3.4,12.97,16.36,1.76,0.78,,2025-08-18 14:06:12.985931,63.0,60.0,19.0,19.0,82.0,79.0
KCR,,,,,,6.21,15.2,21.41,2.65,1.23,,2025-08-18 14:06:12.985931,63.0,61.0,19.0,19.0,82.0,80.0
TEX,,,,,,3.19,18.62,21.82,3.55,1.89,,2025-08-18 14:06:12.985931,62.0,63.0,20.0,17.0,82.0,80.0
STL,,,,,,0.02,4.25,4.26,0.32,0.11,,2025-08-18 14:06:12.985931,61.0,64.0,18.0,19.0,79.0,83.0
TBR,,,,,,0.08,4.91,4.99,0.5,0.19,,2025-08-18 14:06:12.985931,61.0,64.0,18.0,19.0,79.0,83.0
SFG,,,,,,0.1,4.17,4.26,0.48,0.21,,2025-08-18 14:06:12.985931,60.0,64.0,18.0,20.0,78.0,84.0
LAA,,,,,,0.34,2.75,3.09,0.32,0.14,,2025-08-18 14:06:12.985931,60.0,64.0,18.0,20.0,78.0,84.0
ATL,,,,,,0.06,1.19,1.24,0.36,0.24,,2025-08-18 14:06:12.985931,56.0,68.0,21.0,16.0,77.0,84.0
ARI,,,,,,0.01,1.07,1.09,0.14,0.06,,2025-08-18 14:06:12.985931,60.0,65.0,17.0,20.0,77.0,85.0
MIN,,,,,,0.1,0.83,0.92,0.1,0.06,,2025-08-18 14:06:12.985931,58.0,66.0,18.0,19.0,76.0,85.0
BAL,,,,,,0.01,0.39,0.4,0.1,0.06,,2025-08-18 14:06:12.985931,57.0,67.0,18.0,20.0,75.0,87.0
MIA,,,,,,0.01,0.24,0.24,0.01,0.0,,2025-08-18 14:06:12.985931,59.0,65.0,15.0,23.0,74.0,88.0
ATH,,,,,,0.0,0.01,0.01,0.0,0.0,,2025-08-18 14:06:12.985931,56.0,70.0,15.0,21.0,71.0,91.0
PIT,,,,,,0.0,0.0,0.0,0.0,0.0,,2025-08-18 14:06:12.985931,52.0,73.0,16.0,21.0,68.0,94.0
WSN,,,,,,0.0,0.0,0.0,0.0,0.0,,2025-08-18 14:06:12.985931,50.0,74.0,15.0,22.0,65.0,96.0
CHW,,,,,,0.0,0.0,0.0,0.0,0.0,,2025-08-18 14:06:12.985931,44.0,80.0,15.0,23.0,59.0,103.0
COL,,,,,,0.0,0.0,0.0,0.0,0.0,,2025-08-18 14:06:12.985931,35.0,89.0,14.0,24.0,49.0,113.0
MIL,,,,,,91.14,8.76,99.9,10.98,4.3,,2025-08-19 13:59:46.964159,79.0,45.0,18.0,19.0,97.0,64.0
PHI,,,,,,81.56,16.42,97.98,20.06,10.57,,2025-08-19 13:59:46.964159,72.0,53.0,21.0,16.0,93.0,69.0
LAD,,,,,,68.66,29.66,98.32,25.96,14.74,,2025-08-19 13:59:46.964159,71.0,54.0,22.0,15.0,93.0,69.0
DET,,,,,,90.68,5.54,96.22,12.9,5.25,,2025-08-19 13:59:46.964159,74.0,53.0,18.0,17.0,92.0,70.0
TOR,,,,,,65.85,32.04,97.89,15.12,6.82,,2025-08-19 13:59:46.964159,73.0,53.0,19.0,17.0,92.0,70.0
CHC,,,,,,8.38,80.14,88.52,9.28,4.4,,2025-08-19 13:59:46.964159,70.0,54.0,20.0,17.0,90.0,71.0
HOU,,,,,,55.62,33.33,88.94,18.96,9.92,,2025-08-19 13:59:46.964159,69.0,56.0,21.0,16.0,90.0,72.0
SDP,,,,,,31.05,61.49,92.55,14.94,7.56,,2025-08-19 13:59:46.964159,69.0,56.0,21.0,16.0,90.0,72.0
NYY,,,,,,21.97,65.45,87.42,16.42,8.71,,2025-08-19 13:59:46.964159,67.0,57.0,22.0,16.0,89.0,73.0
SEA,,,,,,41.14,42.56,83.7,16.2,8.33,,2025-08-19 13:59:46.964159,68.0,58.0,20.0,16.0,88.0,74.0
BOS,,,,,,12.06,61.32,73.39,10.88,5.12,,2025-08-19 13:59:46.964159,68.0,58.0,20.0,16.0,88.0,74.0
NYM,,,,,,18.41,60.85,79.25,14.56,7.95,,2025-08-19 13:59:46.964159,66.0,58.0,22.0,16.0,88.0,74.0
CIN,,,,,,0.45,30.27,30.72,2.96,1.34,,2025-08-19 13:59:46.964159,66.0,60.0,18.0,18.0,84.0,78.0
KCR,,,,,,6.02,19.28,25.3,3.05,1.27,,2025-08-19 13:59:46.964159,64.0,61.0,19.0,18.0,83.0,79.0
CLE,,,,,,3.22,15.96,19.18,2.08,0.77,,2025-08-19 13:59:46.964159,64.0,60.0,18.0,19.0,82.0,79.0
TEX,,,,,,2.92,15.96,18.88,3.36,1.82,,2025-08-19 13:59:46.964159,62.0,64.0,19.0,17.0,81.0,81.0
SFG,,,,,,0.28,5.58,5.87,0.66,0.3,,2025-08-19 13:59:46.964159,61.0,64.0,18.0,19.0,79.0,83.0
STL,,,,,,0.03,5.37,5.39,0.34,0.12,,2025-08-19 13:59:46.964159,62.0,64.0,17.0,19.0,79.0,83.0
TBR,,,,,,0.1,5.06,5.17,0.56,0.28,,2025-08-19 13:59:46.964159,61.0,64.0,17.0,20.0,78.0,84.0
ATL,,,,,,0.02,0.67,0.69,0.17,0.12,,2025-08-19 13:59:46.964159,56.0,69.0,21.0,15.0,77.0,84.0
LAA,,,,,,0.33,1.98,2.31,0.24,0.11,,2025-08-19 13:59:46.964159,60.0,65.0,17.0,20.0,77.0,85.0
ARI,,,,,,0.01,0.65,0.66,0.09,0.04,,2025-08-19 13:59:46.964159,60.0,66.0,16.0,20.0,76.0,86.0
MIN,,,,,,0.07,0.95,1.03,0.11,0.07,,2025-08-19 13:59:46.964159,58.0,66.0,18.0,19.0,76.0,85.0
BAL,,,,,,0.01,0.55,0.55,0.1,0.06,,2025-08-19 13:59:46.964159,58.0,67.0,17.0,20.0,75.0,87.0
MIA,,,,,,0.01,0.14,0.15,0.01,0.0,,2025-08-19 13:59:46.964159,59.0,66.0,14.0,23.0,73.0,89.0
ATH,,,,,,0.0,0.02,0.02,0.0,0.0,,2025-08-19 13:59:46.964159,56.0,70.0,15.0,21.0,71.0,91.0
PIT,,,,,,0.0,0.0,0.0,0.0,0.0,,2025-08-19 13:59:46.964159,53.0,73.0,16.0,20.0,69.0,93.0
WSN,,,,,,0.0,0.0,0.0,0.0,0.0,,2025-08-19 13:59:46.964159,50.0,74.0,15.0,22.0,65.0,96.0
CHW,,,,,,0.0,0.0,0.0,0.0,0.0,,2025-08-19 13:59:46.964159,45.0,80.0,15.0,22.0,60.0,102.0
COL,,,,,,0.0,0.0,0.0,0.0,0.0,,2025-08-19 13:59:46.964159,36.0,89.0,13.0,24.0,49.0,113.0
MIL,,,,,,91.81,8.09,99.89,10.91,4.3,,2025-08-20 14:00:17.651243,79.0,45.0,18.0,18.0,97.0,63.0
LAD,,,,,,67.91,30.19,98.1,25.84,14.62,,2025-08-20 14:00:17.651243,71.0,54.0,22.0,14.0,93.0,68.0
TOR,,,,,,66.36,31.54,97.9,15.36,6.84,,2025-08-20 14:00:17.651243,73.0,53.0,19.0,16.0,92.0,69.0
PHI,,,,,,81.92,16.14,98.06,20.46,10.61,,2025-08-20 14:00:17.651243,72.0,53.0,20.0,16.0,92.0,69.0
DET,,,,,,91.2,5.39,96.59,12.91,5.59,,2025-08-20 14:00:17.651243,74.0,53.0,17.0,17.0,91.0,70.0
SDP,,,,,,31.84,61.22,93.06,14.45,7.17,,2025-08-20 14:00:17.651243,69.0,56.0,21.0,15.0,90.0,71.0
CHC,,,,,,7.85,81.36,89.2,9.35,4.25,,2025-08-20 14:00:17.651243,70.0,54.0,20.0,16.0,90.0,70.0
HOU,,,,,,54.77,33.87,88.63,18.45,9.61,,2025-08-20 14:00:17.651243,69.0,56.0,20.0,16.0,89.0,72.0
NYY,,,,,,21.62,65.57,87.19,17.09,8.96,,2025-08-20 14:00:17.651243,67.0,57.0,22.0,15.0,89.0,72.0
SEA,,,,,,41.97,42.08,84.05,16.25,8.76,,2025-08-20 14:00:17.651243,68.0,58.0,20.0,15.0,88.0,73.0
BOS,,,,,,11.91,61.58,73.48,10.46,4.94,,2025-08-20 14:00:17.651243,68.0,58.0,19.0,16.0,87.0,74.0
NYM,,,,,,18.08,61.23,79.31,14.87,8.12,,2025-08-20 14:00:17.651243,66.0,58.0,21.0,16.0,87.0,74.0
CIN,,,,,,0.32,28.93,29.25,2.76,1.19,,2025-08-20 14:00:17.651243,66.0,60.0,17.0,18.0,83.0,78.0
KCR,,,,,,6.0,19.86,25.86,3.06,1.36,,2025-08-20 14:00:17.651243,64.0,61.0,18.0,18.0,82.0,79.0
CLE,,,,,,2.75,15.79,18.54,1.98,0.86,,2025-08-20 14:00:17.651243,64.0,60.0,17.0,19.0,81.0,79.0
TEX,,,,,,2.93,15.66,18.58,3.34,1.65,,2025-08-20 14:00:17.651243,62.0,64.0,19.0,16.0,81.0,80.0
SFG,,,,,,0.24,5.79,6.02,0.65,0.3,,2025-08-20 14:00:17.651243,61.0,64.0,18.0,18.0,79.0,82.0
TBR,,,,,,0.11,5.34,5.46,0.56,0.26,,2025-08-20 14:00:17.651243,61.0,64.0,17.0,19.0,78.0,83.0
STL,,,,,,0.03,5.5,5.53,0.41,0.14,,2025-08-20 14:00:17.651243,62.0,64.0,16.0,19.0,78.0,83.0
LAA,,,,,,0.34,2.07,2.4,0.26,0.14,,2025-08-20 14:00:17.651243,60.0,65.0,17.0,19.0,77.0,84.0
ATL,,,,,,0.01,0.7,0.71,0.19,0.14,,2025-08-20 14:00:17.651243,56.0,69.0,20.0,15.0,76.0,84.0
ARI,,,,,,0.01,0.68,0.69,0.1,0.04,,2025-08-20 14:00:17.651243,60.0,66.0,16.0,19.0,76.0,85.0
MIN,,,,,,0.06,0.75,0.8,0.16,0.08,,2025-08-20 14:00:17.651243,58.0,66.0,17.0,19.0,75.0,85.0
BAL,,,,,,0.01,0.48,0.49,0.1,0.06,,2025-08-20 14:00:17.651243,58.0,67.0,17.0,19.0,75.0,86.0
MIA,,,,,,0.0,0.18,0.18,0.01,0.01,,2025-08-20 14:00:17.651243,59.0,66.0,14.0,22.0,73.0,88.0
ATH,,,,,,0.0,0.01,0.01,0.0,0.0,,2025-08-20 14:00:17.651243,56.0,70.0,15.0,20.0,71.0,90.0
PIT,,,,,,0.0,0.0,0.0,0.0,0.0,,2025-08-20 14:00:17.651243,53.0,73.0,15.0,20.0,68.0,93.0
WSN,,,,,,0.0,0.0,0.0,0.0,0.0,,2025-08-20 14:00:17.651243,50.0,74.0,15.0,21.0,65.0,95.0
CHW,,,,,,0.0,0.0,0.0,0.0,0.0,,2025-08-20 14:00:17.651243,45.0,80.0,14.0,22.0,59.0,102.0
COL,,,,,,0.0,0.0,0.0,0.0,0.0,,2025-08-20 14:00:17.651243,36.0,89.0,13.0,23.0,49.0,112.0
MIL,,,,,,92.88,7.06,99.94,10.74,4.07,,2025-08-21 13:59:25.521051,79.0,45.0,17.0,18.0,96.0,63.0
PHI,,,,,,83.14,15.27,98.41,20.79,10.96,,2025-08-21 13:59:25.521051,72.0,53.0,20.0,15.0,92.0,68.0
LAD,,,,,,67.48,30.83,98.3,25.45,14.54,,2025-08-21 13:59:25.521051,71.0,54.0,21.0,14.0,92.0,68.0
DET,,,,,,91.57,5.04,96.61,12.72,5.18,,2025-08-21 13:59:25.521051,74.0,53.0,17.0,16.0,91.0,69.0
TOR,,,,,,64.38,33.48,97.86,15.39,6.68,,2025-08-21 13:59:25.521051,73.0,53.0,18.0,16.0,91.0,69.0
SDP,,,,,,32.24,61.0,93.24,14.85,7.79,,2025-08-21 13:59:25.521051,69.0,56.0,20.0,15.0,89.0,71.0
CHC,,,,,,6.83,82.53,89.37,9.66,4.37,,2025-08-21 13:59:25.521051,70.0,54.0,19.0,16.0,89.0,70.0
HOU,,,,,,54.94,33.95,88.89,18.7,9.55,,2025-08-21 13:59:25.521051,69.0,56.0,20.0,15.0,89.0,71.0
NYY,,,,,,21.17,66.0,87.17,17.13,9.01,,2025-08-21 13:59:25.521051,67.0,57.0,21.0,15.0,88.0,72.0
SEA,,,,,,41.88,42.3,84.19,16.71,8.67,,2025-08-21 13:59:25.521051,68.0,58.0,19.0,15.0,87.0,73.0
BOS,,,,,,14.37,62.86,77.22,10.66,5.14,,2025-08-21 13:59:25.521051,68.0,58.0,19.0,16.0,87.0,74.0
NYM,,,,,,16.84,62.18,79.02,14.7,8.04,,2025-08-21 13:59:25.521051,66.0,58.0,21.0,15.0,87.0,73.0
CIN,,,,,,0.27,28.95,29.22,2.56,1.23,,2025-08-21 13:59:25.521051,66.0,60.0,17.0,17.0,83.0,77.0
KCR,,,,,,6.04,18.82,24.87,2.96,1.32,,2025-08-21 13:59:25.521051,64.0,61.0,18.0,17.0,82.0,78.0
CLE,,,,,,2.33,15.41,17.73,1.89,0.83,,2025-08-21 13:59:25.521051,64.0,60.0,17.0,18.0,81.0,78.0
TEX,,,,,,2.92,14.19,17.11,2.96,1.52,,2025-08-21 13:59:25.521051,62.0,64.0,18.0,16.0,80.0,80.0
SFG,,,,,,0.27,5.74,6.01,0.64,0.33,,2025-08-21 13:59:25.521051,61.0,64.0,17.0,18.0,78.0,82.0
TBR,,,,,,0.08,4.86,4.94,0.47,0.23,,2025-08-21 13:59:25.521051,61.0,64.0,17.0,18.0,78.0,82.0
STL,,,,,,0.02,5.24,5.26,0.34,0.17,,2025-08-21 13:59:25.521051,62.0,64.0,16.0,18.0,78.0,82.0
ATL,,,,,,0.03,0.48,0.51,0.16,0.11,,2025-08-21 13:59:25.521051,56.0,69.0,20.0,14.0,76.0,83.0
LAA,,,,,,0.27,1.74,2.0,0.22,0.11,,2025-08-21 13:59:25.521051,60.0,65.0,16.0,19.0,76.0,84.0
ARI,,,,,,0.01,0.58,0.59,0.1,0.05,,2025-08-21 13:59:25.521051,60.0,66.0,15.0,19.0,75.0,85.0
MIN,,,,,,0.06,0.66,0.71,0.08,0.05,,2025-08-21 13:59:25.521051,58.0,66.0,17.0,18.0,75.0,84.0
BAL,,,,,,0.01,0.68,0.68,0.09,0.04,,2025-08-21 13:59:25.521051,58.0,67.0,17.0,19.0,75.0,86.0
MIA,,,,,,0.0,0.14,0.14,0.01,0.0,,2025-08-21 13:59:25.521051,59.0,66.0,14.0,21.0,73.0,87.0
ATH,,,,,,0.0,0.01,0.01,0.0,0.0,,2025-08-21 13:59:25.521051,56.0,70.0,14.0,20.0,70.0,90.0
PIT,,,,,,0.0,0.0,0.0,0.0,0.0,,2025-08-21 13:59:25.521051,53.0,73.0,15.0,19.0,68.0,92.0
WSN,,,,,,0.0,0.0,0.0,0.0,0.0,,2025-08-21 13:59:25.521051,50.0,74.0,14.0,21.0,64.0,95.0
CHW,,,,,,0.0,0.0,0.0,0.0,0.0,,2025-08-21 13:59:25.521051,45.0,80.0,14.0,21.0,59.0,101.0
COL,,,,,,0.0,0.0,0.0,0.0,0.0,,2025-08-21 13:59:25.521051,36.0,89.0,13.0,22.0,49.0,111.0
MIL,,,,,,83.17,16.66,99.83,10.98,4.29,,2025-08-22 13:57:20.748489,79.0,48.0,17.0,17.0,96.0,65.0
PHI,,,,,,89.52,9.72,99.25,21.04,10.94,,2025-08-22 13:57:20.748489,74.0,53.0,20.0,15.0,94.0,68.0
DET,,,,,,95.95,2.92,98.87,14.25,5.92,,2025-08-22 13:57:20.748489,76.0,53.0,17.0,16.0,93.0,69.0
LAD,,,,,,59.86,37.91,97.78,24.22,13.7,,2025-08-22 13:57:20.748489,72.0,55.0,20.0,14.0,92.0,69.0
CHC,,,,,,16.38,78.64,95.02,10.37,4.71,,2025-08-22 13:57:20.748489,73.0,54.0,19.0,15.0,92.0,69.0
TOR,,,,,,66.45,32.35,98.8,15.18,6.71,,2025-08-22 13:57:20.748489,74.0,54.0,18.0,16.0,92.0,70.0
SDP,,,,,,40.01,55.18,95.19,15.6,8.15,,2025-08-22 13:57:20.748489,71.0,56.0,20.0,14.0,91.0,70.0
NYY,,,,,,25.82,67.06,92.88,18.75,9.81,,2025-08-22 13:57:20.748489,69.0,57.0,21.0,14.0,90.0,71.0
HOU,,,,,,49.38,35.02,84.39,16.78,8.69,,2025-08-22 13:57:20.748489,69.0,58.0,19.0,15.0,88.0,73.0
SEA,,,,,,45.96,37.32,83.28,16.32,8.73,,2025-08-22 13:57:20.748489,68.0,60.0,19.0,15.0,87.0,75.0
BOS,,,,,,7.67,64.34,72.02,9.79,4.59,,2025-08-22 13:57:20.748489,68.0,59.0,19.0,15.0,87.0,74.0
NYM,,,,,,10.47,64.54,75.02,14.02,7.8,,2025-08-22 13:57:20.748489,67.0,59.0,20.0,15.0,87.0,74.0
CIN,,,,,,0.41,28.27,28.68,2.58,1.19,,2025-08-22 13:57:20.748489,67.0,61.0,17.0,17.0,84.0,78.0
KCR,,,,,,3.08,23.02,26.1,2.86,1.21,,2025-08-22 13:57:20.748489,65.0,62.0,17.0,17.0,82.0,79.0
CLE,,,,,,0.97,15.86,16.82,1.74,0.8,,2025-08-22 13:57:20.748489,64.0,62.0,17.0,18.0,81.0,80.0
TEX,,,,,,3.98,14.95,18.93,3.3,1.71,,2025-08-22 13:57:20.748489,63.0,65.0,18.0,15.0,81.0,80.0
SFG,,,,,,0.07,2.42,2.49,0.29,0.16,,2025-08-22 13:57:20.748489,61.0,66.0,17.0,17.0,78.0,83.0
STL,,,,,,0.04,3.96,4.0,0.32,0.11,,2025-08-22 13:57:20.748489,63.0,65.0,15.0,18.0,78.0,83.0
ATL,,,,,,0.01,1.26,1.27,0.35,0.22,,2025-08-22 13:57:20.748489,58.0,69.0,20.0,14.0,78.0,83.0
TBR,,,,,,0.04,3.26,3.29,0.42,0.18,,2025-08-22 13:57:20.748489,61.0,66.0,16.0,18.0,77.0,84.0
LAA,,,,,,0.69,2.9,3.58,0.4,0.17,,2025-08-22 13:57:20.748489,61.0,66.0,16.0,19.0,77.0,85.0
ARI,,,,,,0.06,1.27,1.33,0.22,0.12,,2025-08-22 13:57:20.748489,62.0,66.0,15.0,19.0,77.0,85.0
BAL,,,,,,0.01,0.64,0.65,0.15,0.07,,2025-08-22 13:57:20.748489,59.0,67.0,16.0,19.0,75.0,86.0
MIN,,,,,,0.0,0.32,0.32,0.04,0.01,,2025-08-22 13:57:20.748489,58.0,68.0,16.0,18.0,74.0,86.0
MIA,,,,,,0.0,0.15,0.15,0.01,0.01,,2025-08-22 13:57:20.748489,60.0,67.0,13.0,22.0,73.0,89.0
ATH,,,,,,0.0,0.07,0.07,0.01,0.0,,2025-08-22 13:57:20.748489,58.0,70.0,14.0,19.0,72.0,89.0
PIT,,,,,,0.0,0.0,0.0,0.0,0.0,,2025-08-22 13:57:20.748489,54.0,74.0,15.0,19.0,69.0,93.0
WSN,,,,,,0.0,0.0,0.0,0.0,0.0,,2025-08-22 13:57:20.748489,51.0,75.0,14.0,20.0,65.0,95.0
CHW,,,,,,0.0,0.0,0.0,0.0,0.0,,2025-08-22 13:57:20.748489,45.0,82.0,14.0,21.0,59.0,103.0
COL,,,,,,0.0,0.0,0.0,0.0,0.0,,2025-08-22 13:57:20.748489,37.0,90.0,12.0,22.0,49.0,112.0
MIL,,,,,,88.8,11.14,99.94,11.0,4.32,,2025-08-23 13:53:03.956793,81.0,48.0,16.0,17.0,97.0,65.0
DET,,,,,,96.83,2.23,99.06,13.95,5.51,,2025-08-23 13:53:03.956793,77.0,53.0,17.0,15.0,94.0,68.0
TOR,,,,,,67.92,30.79,98.7,15.21,6.74,,2025-08-23 13:53:03.956793,75.0,54.0,18.0,15.0,93.0,69.0
LAD,,,,,,51.44,47.06,98.5,23.97,13.48,,2025-08-23 13:53:03.956793,73.0,56.0,20.0,13.0,93.0,69.0
PHI,,,,,,85.91,12.83,98.75,20.42,10.8,,2025-08-23 13:53:03.956793,74.0,54.0,19.0,15.0,93.0,69.0
SDP,,,,,,48.52,49.44,97.96,16.68,8.42,,2025-08-23 13:53:03.956793,73.0,56.0,19.0,14.0,92.0,70.0
CHC,,,,,,11.12,85.01,96.12,10.55,4.81,,2025-08-23 13:53:03.956793,74.0,55.0,18.0,15.0,92.0,70.0
HOU,,,,,,57.77,32.26,90.03,18.55,9.52,,2025-08-23 13:53:03.956793,71.0,58.0,19.0,14.0,90.0,72.0
NYY,,,,,,19.05,70.57,89.61,17.61,9.25,,2025-08-23 13:53:03.956793,69.0,59.0,20.0,14.0,89.0,73.0
SEA,,,,,,39.2,43.7,82.91,15.96,8.72,,2025-08-23 13:53:03.956793,69.0,60.0,19.0,14.0,88.0,74.0
BOS,,,,,,13.0,68.58,81.59,10.91,5.23,,2025-08-23 13:53:03.956793,70.0,59.0,18.0,15.0,88.0,74.0
NYM,,,,,,14.06,65.77,79.83,14.29,7.98,,2025-08-23 13:53:03.956793,68.0,60.0,20.0,14.0,88.0,74.0
CIN,,,,,,0.08,21.05,21.13,2.04,1.0,,2025-08-23 13:53:03.956793,67.0,62.0,16.0,17.0,83.0,79.0
KCR,,,,,,2.7,22.25,24.95,2.93,1.12,,2025-08-23 13:53:03.956793,66.0,63.0,17.0,16.0,83.0,79.0
TEX,,,,,,2.77,14.52,17.29,2.95,1.69,,2025-08-23 13:53:03.956793,64.0,66.0,17.0,15.0,81.0,81.0
CLE,,,,,,0.47,9.84,10.32,1.23,0.58,,2025-08-23 13:53:03.956793,64.0,63.0,16.0,18.0,80.0,81.0
STL,,,,,,0.01,4.18,4.18,0.36,0.18,,2025-08-23 13:53:03.956793,64.0,66.0,15.0,17.0,79.0,83.0
TBR,,,,,,0.02,3.0,3.02,0.34,0.12,,2025-08-23 13:53:03.956793,62.0,67.0,16.0,17.0,78.0,84.0
ARI,,,,,,0.02,1.31,1.32,0.18,0.07,,2025-08-23 13:53:03.956793,63.0,66.0,15.0,18.0,78.0,84.0
ATL,,,,,,0.02,0.64,0.66,0.25,0.17,,2025-08-23 13:53:03.956793,58.0,70.0,19.0,14.0,77.0,84.0
LAA,,,,,,0.25,1.67,1.92,0.26,0.13,,2025-08-23 13:53:03.956793,61.0,67.0,16.0,18.0,77.0,85.0
SFG,,,,,,0.02,1.46,1.48,0.24,0.1,,2025-08-23 13:53:03.956793,61.0,68.0,16.0,17.0,77.0,85.0
MIN,,,,,,0.01,0.27,0.27,0.04,0.02,,2025-08-23 13:53:03.956793,59.0,69.0,16.0,17.0,75.0,86.0
BAL,,,,,,0.01,0.31,0.32,0.05,0.03,,2025-08-23 13:53:03.956793,59.0,69.0,16.0,18.0,75.0,87.0
MIA,,,,,,0.0,0.1,0.1,0.01,0.0,,2025-08-23 13:53:03.956793,60.0,68.0,13.0,21.0,73.0,89.0
ATH,,,,,,0.0,0.01,0.01,0.01,0.0,,2025-08-23 13:53:03.956793,59.0,71.0,13.0,19.0,72.0,90.0
PIT,,,,,,0.0,0.01,0.01,0.0,0.0,,2025-08-23 13:53:03.956793,55.0,74.0,15.0,18.0,70.0,92.0
WSN,,,,,,0.0,0.0,0.0,0.0,0.0,,2025-08-23 13:53:03.956793,53.0,75.0,14.0,19.0,67.0,94.0
CHW,,,,,,0.0,0.0,0.0,0.0,0.0,,2025-08-23 13:53:03.956793,45.0,83.0,14.0,20.0,59.0,103.0
COL,,,,,,0.0,0.0,0.0,0.0,0.0,,2025-08-23 13:53:03.956793,37.0,92.0,12.0,21.0,49.0,113.0
MIL,,,,,,84.59,15.34,99.93,11.16,4.44,,2025-08-24 13:54:02.249166,81.0,49.0,16.0,16.0,97.0,65.0
DET,,,,,,98.27,1.26,99.53,14.07,5.56,,2025-08-24 13:54:02.249166,78.0,53.0,16.0,15.0,94.0,68.0
TOR,,,,,,71.45,27.66,99.11,15.92,7.1,,2025-08-24 13:54:02.249166,76.0,54.0,17.0,15.0,93.0,69.0
SDP,,,,,,57.77,40.94,98.7,16.98,8.54,,2025-08-24 13:54:02.249166,74.0,56.0,19.0,13.0,93.0,69.0
PHI,,,,,,85.41,13.69,99.1,20.96,11.22,,2025-08-24 13:54:02.249166,75.0,54.0,18.0,15.0,93.0,69.0
LAD,,,,,,42.18,55.93,98.11,22.98,12.95,,2025-08-24 13:54:02.249166,73.0,57.0,19.0,13.0,92.0,70.0
CHC,,,,,,15.32,81.91,97.23,10.47,4.89,,2025-08-24 13:54:02.249166,75.0,55.0,17.0,15.0,92.0,70.0
HOU,,,,,,65.04,26.97,92.01,18.3,9.31,,2025-08-24 13:54:02.249166,72.0,58.0,18.0,14.0,90.0,72.0
NYY,,,,,,14.24,73.65,87.89,16.8,8.85,,2025-08-24 13:54:02.249166,69.0,60.0,20.0,13.0,89.0,73.0
BOS,,,,,,14.3,71.89,86.19,12.05,5.77,,2025-08-24 13:54:02.249166,71.0,59.0,18.0,14.0,89.0,73.0
NYM,,,,,,14.58,69.3,83.88,14.8,8.22,,2025-08-24 13:54:02.249166,69.0,60.0,19.0,14.0,88.0,74.0
SEA,,,,,,31.07,48.45,79.53,14.86,7.88,,2025-08-24 13:54:02.249166,69.0,61.0,18.0,14.0,87.0,75.0
CIN,,,,,,0.08,15.72,15.8,1.68,0.83,,2025-08-24 13:54:02.249166,67.0,63.0,16.0,16.0,83.0,79.0
TEX,,,,,,3.69,17.88,21.57,3.76,2.03,,2025-08-24 13:54:02.249166,65.0,66.0,17.0,14.0,82.0,80.0
KCR,,,,,,1.38,19.45,20.84,2.56,1.26,,2025-08-24 13:54:02.249166,66.0,64.0,16.0,16.0,82.0,80.0
CLE,,,,,,0.34,8.28,8.62,1.11,0.46,,2025-08-24 13:54:02.249166,64.0,64.0,16.0,17.0,80.0,81.0
STL,,,,,,0.01,3.67,3.67,0.35,0.15,,2025-08-24 13:54:02.249166,64.0,66.0,15.0,17.0,79.0,83.0
TBR,,,,,,0.01,2.91,2.92,0.3,0.1,,2025-08-24 13:54:02.249166,62.0,67.0,16.0,17.0,78.0,84.0
ARI,,,,,,0.04,1.46,1.5,0.25,0.15,,2025-08-24 13:54:02.249166,64.0,66.0,14.0,18.0,78.0,84.0
SFG,,,,,,0.01,1.7,1.71,0.24,0.08,,2025-08-24 13:54:02.249166,62.0,68.0,16.0,16.0,78.0,84.0
ATL,,,,,,0.01,0.29,0.3,0.11,0.07,,2025-08-24 13:54:02.249166,58.0,71.0,19.0,13.0,77.0,84.0
LAA,,,,,,0.18,1.14,1.32,0.16,0.09,,2025-08-24 13:54:02.249166,61.0,68.0,15.0,18.0,76.0,86.0
BAL,,,,,,0.0,0.24,0.24,0.06,0.01,,2025-08-24 13:54:02.249166,59.0,70.0,16.0,17.0,75.0,87.0
MIN,,,,,,0.01,0.17,0.17,0.03,0.02,,2025-08-24 13:54:02.249166,59.0,70.0,15.0,17.0,74.0,87.0
MIA,,,,,,0.0,0.05,0.05,0.0,0.0,,2025-08-24 13:54:02.249166,60.0,69.0,13.0,20.0,73.0,89.0
ATH,,,,,,0.01,0.04,0.06,0.01,0.01,,2025-08-24 13:54:02.249166,60.0,71.0,13.0,18.0,73.0,89.0
PIT,,,,,,0.0,0.01,0.01,0.01,0.0,,2025-08-24 13:54:02.249166,56.0,74.0,14.0,18.0,70.0,92.0
WSN,,,,,,0.0,0.0,0.0,0.0,0.0,,2025-08-24 13:54:02.249166,53.0,76.0,13.0,19.0,66.0,95.0
CHW,,,,,,0.0,0.0,0.0,0.0,0.0,,2025-08-24 13:54:02.249166,46.0,83.0,13.0,20.0,59.0,103.0
COL,,,,,,0.0,0.0,0.0,0.0,0.0,,2025-08-24 13:54:02.249166,37.0,93.0,11.0,21.0,48.0,114.0
MIL,,,,,,80.07,19.86,99.92,10.17,3.86,,2025-08-25 13:59:36.441837,81.0,50.0,15.0,16.0,96.0,66.0
PHI,,,,,,89.05,10.32,99.37,21.62,11.29,,2025-08-25 13:59:36.441837,76.0,54.0,18.0,14.0,94.0,68.0
DET,,,,,,97.77,1.6,99.37,13.67,5.29,,2025-08-25 13:59:36.441837,78.0,54.0,16.0,14.0,94.0,68.0
LAD,,,,,,50.2,48.35,98.55,23.92,13.74,,2025-08-25 13:59:36.441837,74.0,57.0,19.0,12.0,93.0,69.0
CHC,,,,,,19.77,78.05,97.82,10.9,5.39,,2025-08-25 13:59:36.441837,76.0,55.0,17.0,14.0,93.0,69.0
SDP,,,,,,49.76,48.52,98.28,16.8,8.79,,2025-08-25 13:59:36.441837,74.0,57.0,18.0,13.0,92.0,70.0
TOR,,,,,,67.88,30.85,98.73,15.57,6.79,,2025-08-25 13:59:36.441837,76.0,55.0,16.0,15.0,92.0,70.0
HOU,,,,,,58.71,30.69,89.4,18.14,9.35,,2025-08-25 13:59:36.441837,72.0,59.0,17.0,14.0,89.0,73.0
NYY,,,,,,19.29,70.95,90.23,17.82,9.03,,2025-08-25 13:59:36.441837,70.0,60.0,19.0,13.0,89.0,73.0
SEA,,,,,,36.89,44.91,81.81,15.71,8.21,,2025-08-25 13:59:36.441837,70.0,61.0,18.0,13.0,88.0,74.0
BOS,,,,,,12.8,70.36,83.17,11.22,5.3,,2025-08-25 13:59:36.441837,71.0,60.0,17.0,14.0,88.0,74.0
NYM,,,,,,10.95,69.81,80.76,14.07,8.09,,2025-08-25 13:59:36.441837,69.0,61.0,19.0,13.0,88.0,74.0
KCR,,,,,,1.97,21.88,23.84,2.81,1.18,,2025-08-25 13:59:36.441837,67.0,64.0,16.0,15.0,83.0,79.0
CIN,,,,,,0.15,18.83,18.98,1.85,0.83,,2025-08-25 13:59:36.441837,68.0,63.0,15.0,16.0,83.0,79.0
TEX,,,,,,4.29,18.58,22.88,3.75,1.98,,2025-08-25 13:59:36.441837,66.0,66.0,16.0,14.0,82.0,80.0
CLE,,,,,,0.27,5.7,5.97,0.77,0.34,,2025-08-25 13:59:36.441837,64.0,65.0,16.0,16.0,80.0,81.0
SFG,,,,,,0.03,2.29,2.31,0.24,0.1,,2025-08-25 13:59:36.441837,63.0,68.0,15.0,16.0,78.0,84.0
ARI,,,,,,0.03,1.0,1.02,0.16,0.08,,2025-08-25 13:59:36.441837,64.0,67.0,14.0,17.0,78.0,84.0
TBR,,,,,,0.02,3.52,3.54,0.39,0.19,,2025-08-25 13:59:36.441837,63.0,67.0,15.0,17.0,78.0,84.0
STL,,,,,,0.01,2.6,2.61,0.19,0.06,,2025-08-25 13:59:36.441837,64.0,67.0,14.0,17.0,78.0,84.0
ATL,,,,,,0.0,0.27,0.27,0.06,0.03,,2025-08-25 13:59:36.441837,59.0,71.0,18.0,13.0,77.0,84.0
LAA,,,,,,0.1,0.66,0.77,0.09,0.06,,2025-08-25 13:59:36.441837,61.0,69.0,15.0,17.0,76.0,86.0
BAL,,,,,,0.01,0.21,0.21,0.04,0.02,,2025-08-25 13:59:36.441837,60.0,70.0,15.0,17.0,75.0,87.0
MIN,,,,,,0.0,0.05,0.05,0.01,0.0,,2025-08-25 13:59:36.441837,59.0,71.0,15.0,16.0,74.0,87.0
MIA,,,,,,0.0,0.1,0.1,0.01,0.0,,2025-08-25 13:59:36.441837,61.0,69.0,12.0,20.0,73.0,89.0
ATH,,,,,,0.0,0.03,0.03,0.01,0.01,,2025-08-25 13:59:36.441837,60.0,72.0,13.0,17.0,73.0,89.0
PIT,,,,,,0.0,0.01,0.01,0.01,0.01,,2025-08-25 13:59:36.441837,57.0,74.0,13.0,18.0,70.0,92.0
WSN,,,,,,0.0,0.0,0.0,0.0,0.0,,2025-08-25 13:59:36.441837,53.0,77.0,13.0,18.0,66.0,95.0
CHW,,,,,,0.0,0.0,0.0,0.0,0.0,,2025-08-25 13:59:36.441837,47.0,83.0,12.0,20.0,59.0,103.0
COL,,,,,,0.0,0.0,0.0,0.0,0.0,,2025-08-25 13:59:36.441837,37.0,94.0,11.0,20.0,48.0,114.0
MIL,,,,,,83.19,16.8,99.98,10.8,4.13,,2025-08-26 14:00:14.792192,82.0,50.0,15.0,15.0,97.0,65.0
TOR,,,,,,68.43,30.77,99.2,16.04,7.11,,2025-08-26 14:00:14.792192,77.0,55.0,16.0,14.0,93.0,69.0
DET,,,,,,98.13,1.21,99.33,13.98,5.62,,2025-08-26 14:00:14.792192,78.0,55.0,15.0,14.0,93.0,69.0
LAD,,,,,,58.29,40.84,99.13,25.02,14.3,,2025-08-26 14:00:14.792192,75.0,57.0,18.0,12.0,93.0,69.0
CHC,,,,,,16.76,81.39,98.16,10.61,4.95,,2025-08-26 14:00:14.792192,76.0,55.0,17.0,14.0,93.0,69.0
PHI,,,,,,86.38,13.11,99.48,20.41,10.67,,2025-08-26 14:00:14.792192,76.0,55.0,17.0,14.0,93.0,69.0
SDP,,,,,,41.7,56.21,97.9,16.0,8.18,,2025-08-26 14:00:14.792192,74.0,58.0,18.0,12.0,92.0,70.0
HOU,,,,,,57.22,33.15,90.36,18.63,9.73,,2025-08-26 14:00:14.792192,72.0,59.0,17.0,14.0,89.0,73.0
BOS,,,,,,12.86,74.97,87.82,11.73,5.58,,2025-08-26 14:00:14.792192,72.0,60.0,17.0,13.0,89.0,73.0
NYY,,,,,,18.66,74.24,92.9,18.32,9.57,,2025-08-26 14:00:14.792192,71.0,60.0,18.0,13.0,89.0,73.0
SEA,,,,,,39.75,44.95,84.7,14.96,7.62,,2025-08-26 14:00:14.792192,71.0,61.0,17.0,13.0,88.0,74.0
NYM,,,,,,13.61,71.36,84.97,14.94,8.34,,2025-08-26 14:00:14.792192,70.0,61.0,18.0,13.0,88.0,74.0
CIN,,,,,,0.06,14.67,14.73,1.6,0.76,,2025-08-26 14:00:14.792192,68.0,64.0,15.0,15.0,83.0,79.0
KCR,,,,,,1.65,15.9,17.54,2.17,1.1,,2025-08-26 14:00:14.792192,67.0,65.0,15.0,15.0,82.0,80.0
TEX,,,,,,2.92,14.7,17.61,2.96,1.37,,2025-08-26 14:00:14.792192,66.0,67.0,16.0,13.0,82.0,80.0
TBR,,,,,,0.06,4.26,4.32,0.46,0.23,,2025-08-26 14:00:14.792192,64.0,67.0,15.0,16.0,79.0,83.0
CLE,,,,,,0.22,4.49,4.71,0.56,0.32,,2025-08-26 14:00:14.792192,64.0,66.0,15.0,16.0,79.0,82.0
STL,,,,,,0.0,2.92,2.92,0.27,0.13,,2025-08-26 14:00:14.792192,65.0,67.0,14.0,16.0,79.0,83.0
SFG,,,,,,0.01,1.94,1.96,0.21,0.11,,2025-08-26 14:00:14.792192,63.0,68.0,15.0,16.0,78.0,84.0
ARI,,,,,,0.0,0.51,0.51,0.07,0.04,,2025-08-26 14:00:14.792192,64.0,68.0,13.0,17.0,77.0,85.0
LAA,,,,,,0.12,1.18,1.3,0.17,0.07,,2025-08-26 14:00:14.792192,62.0,69.0,15.0,16.0,77.0,85.0
ATL,,,,,,0.0,0.13,0.13,0.06,0.04,,2025-08-26 14:00:14.792192,59.0,72.0,17.0,13.0,76.0,85.0
BAL,,,,,,0.0,0.11,0.11,0.01,0.01,,2025-08-26 14:00:14.792192,60.0,71.0,15.0,16.0,75.0,87.0
MIA,,,,,,0.01,0.1,0.11,0.01,0.01,,2025-08-26 14:00:14.792192,62.0,69.0,12.0,19.0,74.0,88.0
ATH,,,,,,0.0,0.07,0.07,0.01,0.01,,2025-08-26 14:00:14.792192,61.0,72.0,12.0,17.0,73.0,89.0
MIN,,,,,,0.0,0.02,0.02,0.01,0.01,,2025-08-26 14:00:14.792192,59.0,72.0,14.0,16.0,73.0,88.0
PIT,,,,,,0.0,0.0,0.0,0.0,0.0,,2025-08-26 14:00:14.792192,57.0,75.0,13.0,17.0,70.0,92.0
WSN,,,,,,0.0,0.0,0.0,0.0,0.0,,2025-08-26 14:00:14.792192,53.0,78.0,13.0,17.0,66.0,95.0
CHW,,,,,,0.0,0.0,0.0,0.0,0.0,,2025-08-26 14:00:14.792192,48.0,83.0,12.0,19.0,60.0,102.0
COL,,,,,,0.0,0.0,0.0,0.0,0.0,,2025-08-26 14:00:14.792192,37.0,94.0,11.0,20.0,48.0,114.0
MIL,,,,,,88.19,11.79,99.98,11.25,4.41,,2025-08-27 13:57:24.109744,83.0,50.0,14.0,15.0,97.0,65.0
LAD,,,,,,57.42,41.98,99.39,25.76,14.76,,2025-08-27 13:57:24.109744,76.0,57.0,18.0,11.0,94.0,68.0
PHI,,,,,,82.38,16.84,99.22,19.29,9.96,,2025-08-27 13:57:24.109744,76.0,56.0,17.0,13.0,93.0,69.0
SDP,,,,,,42.55,56.22,98.77,15.94,8.31,,2025-08-27 13:57:24.109744,75.0,58.0,17.0,12.0,92.0,70.0
CHC,,,,,,11.79,86.07,97.87,10.57,4.96,,2025-08-27 13:57:24.109744,76.0,56.0,16.0,14.0,92.0,70.0
TOR,,,,,,61.61,37.4,99.02,15.32,6.67,,2025-08-27 13:57:24.109744,77.0,56.0,15.0,14.0,92.0,70.0
DET,,,,,,97.14,1.86,99.0,13.95,5.75,,2025-08-27 13:57:24.109744,78.0,56.0,14.0,14.0,92.0,70.0
NYY,,,,,,21.88,72.04,93.91,18.57,9.46,,2025-08-27 13:57:24.109744,72.0,60.0,18.0,12.0,90.0,72.0
HOU,,,,,,55.96,30.5,86.45,18.09,9.28,,2025-08-27 13:57:24.109744,72.0,60.0,17.0,13.0,89.0,73.0
BOS,,,,,,16.5,73.4,89.9,12.23,5.93,,2025-08-27 13:57:24.109744,73.0,60.0,16.0,13.0,89.0,73.0
NYM,,,,,,17.62,71.92,89.54,15.47,8.57,,2025-08-27 13:57:24.109744,71.0,61.0,18.0,12.0,89.0,73.0
SEA,,,,,,38.66,41.62,80.28,14.27,7.31,,2025-08-27 13:57:24.109744,71.0,62.0,16.0,13.0,87.0,75.0
KCR,,,,,,2.44,18.25,20.7,2.35,1.14,,2025-08-27 13:57:24.109744,68.0,65.0,15.0,14.0,83.0,79.0
TEX,,,,,,5.29,16.84,22.13,4.15,2.15,,2025-08-27 13:57:24.109744,67.0,67.0,15.0,13.0,82.0,80.0
CIN,,,,,,0.02,10.6,10.62,1.13,0.53,,2025-08-27 13:57:24.109744,68.0,65.0,14.0,15.0,82.0,80.0
CLE,,,,,,0.42,4.42,4.83,0.57,0.26,,2025-08-27 13:57:24.109744,65.0,66.0,15.0,15.0,80.0,81.0
SFG,,,,,,0.04,2.43,2.47,0.31,0.13,,2025-08-27 13:57:24.109744,64.0,68.0,15.0,15.0,79.0,83.0
TBR,,,,,,0.01,2.93,2.94,0.41,0.21,,2025-08-27 13:57:24.109744,64.0,68.0,14.0,16.0,78.0,84.0
STL,,,,,,0.0,1.66,1.66,0.18,0.07,,2025-08-27 13:57:24.109744,65.0,68.0,13.0,16.0,78.0,84.0
ARI,,,,,,0.0,0.29,0.29,0.03,0.03,,2025-08-27 13:57:24.109744,64.0,69.0,13.0,16.0,77.0,85.0
ATL,,,,,,0.0,0.13,0.13,0.06,0.05,,2025-08-27 13:57:24.109744,60.0,72.0,17.0,12.0,77.0,84.0
LAA,,,,,,0.09,0.61,0.7,0.08,0.04,,2025-08-27 13:57:24.109744,62.0,70.0,14.0,16.0,76.0,86.0
BAL,,,,,,0.0,0.06,0.06,0.01,0.01,,2025-08-27 13:57:24.109744,60.0,72.0,14.0,16.0,74.0,88.0
MIA,,,,,,0.0,0.08,0.08,0.01,0.0,,2025-08-27 13:57:24.109744,62.0,70.0,12.0,18.0,74.0,88.0
ATH,,,,,,0.0,0.05,0.05,0.0,0.0,,2025-08-27 13:57:24.109744,62.0,72.0,12.0,16.0,74.0,88.0
MIN,,,,,,0.0,0.03,0.03,0.0,0.0,,2025-08-27 13:57:24.109744,60.0,72.0,14.0,15.0,74.0,87.0
PIT,,,,,,0.0,0.0,0.0,0.0,0.0,,2025-08-27 13:57:24.109744,58.0,75.0,13.0,16.0,71.0,91.0
WSN,,,,,,0.0,0.0,0.0,0.0,0.0,,2025-08-27 13:57:24.109744,53.0,79.0,12.0,17.0,65.0,96.0
CHW,,,,,,0.0,0.0,0.0,0.0,0.0,,2025-08-27 13:57:24.109744,48.0,84.0,12.0,18.0,60.0,102.0
COL,,,,,,0.0,0.0,0.0,0.0,0.0,,2025-08-27 13:57:24.109744,38.0,94.0,11.0,19.0,49.0,113.0
MIL,,,,,,90.36,9.63,100.0,12.7,5.08,,2025-08-28 13:57:24.904277,83.0,51.0,14.0,14.0,97.0,65.0
LAD,,,,,,66.33,33.34,99.67,25.48,14.71,,2025-08-28 13:57:24.904277,77.0,57.0,17.0,11.0,94.0,68.0
TOR,,,,,,62.4,36.77,99.17,15.55,6.94,,2025-08-28 13:57:24.904277,78.0,56.0,15.0,13.0,93.0,69.0
SDP,,,,,,33.63,65.2,98.83,15.65,8.06,,2025-08-28 13:57:24.904277,75.0,59.0,17.0,11.0,92.0,70.0
CHC,,,,,,9.63,88.2,97.83,10.59,5.04,,2025-08-28 13:57:24.904277,76.0,57.0,16.0,13.0,92.0,70.0
PHI,,,,,,78.2,20.95,99.15,18.16,9.54,,2025-08-28 13:57:24.904277,76.0,57.0,16.0,13.0,92.0,70.0
DET,,,,,,95.76,2.31,98.08,13.71,5.33,,2025-08-28 13:57:24.904277,78.0,57.0,14.0,13.0,92.0,70.0
NYY,,,,,,21.18,72.82,94.01,18.02,9.64,,2025-08-28 13:57:24.904277,73.0,60.0,17.0,12.0,90.0,72.0
BOS,,,,,,16.43,74.47,90.89,12.39,5.58,,2025-08-28 13:57:24.904277,74.0,60.0,16.0,12.0,90.0,72.0
HOU,,,,,,54.58,31.79,86.37,18.0,9.32,,2025-08-28 13:57:24.904277,73.0,60.0,16.0,13.0,89.0,73.0
NYM,,,,,,21.8,70.69,92.48,16.07,8.85,,2025-08-28 13:57:24.904277,72.0,61.0,17.0,12.0,89.0,73.0
SEA,,,,,,40.0,41.91,81.91,14.95,7.5,,2025-08-28 13:57:24.904277,72.0,62.0,16.0,12.0,88.0,74.0
KCR,,,,,,3.65,16.77,20.42,2.44,1.14,,2025-08-28 13:57:24.904277,69.0,65.0,14.0,14.0,83.0,79.0
TEX,,,,,,5.39,16.97,22.36,4.19,2.34,,2025-08-28 13:57:24.904277,68.0,67.0,15.0,12.0,83.0,79.0
CIN,,,,,,0.01,7.72,7.72,0.81,0.32,,2025-08-28 13:57:24.904277,68.0,66.0,14.0,14.0,82.0,80.0
SFG,,,,,,0.03,2.67,2.7,0.3,0.13,,2025-08-28 13:57:24.904277,65.0,68.0,15.0,14.0,80.0,82.0
CLE,,,,,,0.58,4.41,4.99,0.59,0.28,,2025-08-28 13:57:24.904277,66.0,66.0,14.0,15.0,80.0,81.0
TBR,,,,,,0.0,1.4,1.4,0.11,0.05,,2025-08-28 13:57:24.904277,64.0,69.0,14.0,15.0,78.0,84.0
STL,,,,,,0.0,1.08,1.08,0.12,0.06,,2025-08-28 13:57:24.904277,65.0,69.0,13.0,15.0,78.0,84.0
ARI,,,,,,0.01,0.36,0.36,0.07,0.06,,2025-08-28 13:57:24.904277,65.0,69.0,12.0,16.0,77.0,85.0
ATL,,,,,,0.0,0.13,0.13,0.03,0.02,,2025-08-28 13:57:24.904277,61.0,72.0,16.0,12.0,77.0,84.0
LAA,,,,,,0.03,0.32,0.34,0.03,0.01,,2025-08-28 13:57:24.904277,62.0,71.0,14.0,15.0,76.0,86.0
BAL,,,,,,0.0,0.03,0.03,0.01,0.01,,2025-08-28 13:57:24.904277,60.0,73.0,14.0,15.0,74.0,88.0
ATH,,,,,,0.0,0.03,0.03,0.0,0.0,,2025-08-28 13:57:24.904277,63.0,72.0,11.0,16.0,74.0,88.0
MIA,,,,,,0.01,0.03,0.04,0.0,0.0,,2025-08-28 13:57:24.904277,62.0,71.0,11.0,18.0,73.0,89.0
MIN,,,,,,0.0,0.01,0.01,0.0,0.0,,2025-08-28 13:57:24.904277,60.0,73.0,13.0,15.0,73.0,88.0
PIT,,,,,,0.0,0.0,0.0,0.0,0.0,,2025-08-28 13:57:24.904277,59.0,75.0,12.0,16.0,71.0,91.0
WSN,,,,,,0.0,0.0,0.0,0.0,0.0,,2025-08-28 13:57:24.904277,53.0,80.0,12.0,16.0,65.0,96.0
CHW,,,,,,0.0,0.0,0.0,0.0,0.0,,2025-08-28 13:57:24.904277,48.0,85.0,11.0,18.0,59.0,103.0
COL,,,,,,0.0,0.0,0.0,0.0,0.0,,2025-08-28 13:57:24.904277,38.0,95.0,10.0,19.0,48.0,114.0
MIL,,,,,,90.85,9.13,99.98,12.7,5.17,,2025-08-29 13:55:30.473591,83.0,52.0,14.0,13.0,97.0,65.0
LAD,,,,,,65.82,33.82,99.64,25.98,14.89,,2025-08-29 13:55:30.473591,77.0,57.0,17.0,11.0,94.0,68.0
TOR,,,,,,59.06,39.96,99.02,15.21,6.84,,2025-08-29 13:55:30.473591,78.0,56.0,15.0,13.0,93.0,69.0
PHI,,,,,,85.23,14.2,99.43,19.61,10.13,,2025-08-29 13:55:30.473591,77.0,57.0,16.0,12.0,93.0,69.0
DET,,,,,,95.49,2.35,97.84,13.91,5.75,,2025-08-29 13:55:30.473591,78.0,57.0,14.0,13.0,92.0,70.0
SDP,,,,,,34.12,64.56,98.69,15.41,7.51,,2025-08-29 13:55:30.473591,75.0,59.0,17.0,11.0,92.0,70.0
CHC,,,,,,9.12,87.66,96.78,9.75,4.66,,2025-08-29 13:55:30.473591,76.0,58.0,15.0,13.0,91.0,71.0
NYY,,,,,,22.76,72.39,95.14,18.9,10.1,,2025-08-29 13:55:30.473591,74.0,60.0,16.0,12.0,90.0,72.0
BOS,,,,,,18.17,74.48,92.65,12.97,6.25,,2025-08-29 13:55:30.473591,75.0,60.0,15.0,12.0,90.0,72.0
HOU,,,,,,56.73,30.89,87.61,17.89,9.12,,2025-08-29 13:55:30.473591,74.0,60.0,15.0,13.0,89.0,73.0
SEA,,,,,,38.36,42.62,80.98,14.46,7.53,,2025-08-29 13:55:30.473591,72.0,62.0,16.0,12.0,88.0,74.0
NYM,,,,,,14.77,74.53,89.31,14.9,8.12,,2025-08-29 13:55:30.473591,72.0,62.0,16.0,12.0,88.0,74.0
KCR,,,,,,3.89,15.74,19.63,2.33,1.05,,2025-08-29 13:55:30.473591,69.0,65.0,14.0,14.0,83.0,79.0
TEX,,,,,,4.88,16.25,21.14,3.69,1.85,,2025-08-29 13:55:30.473591,68.0,67.0,15.0,12.0,83.0,79.0
CIN,,,,,,0.02,9.59,9.61,0.95,0.43,,2025-08-29 13:55:30.473591,68.0,66.0,14.0,14.0,82.0,80.0
CLE,,,,,,0.61,3.62,4.23,0.5,0.24,,2025-08-29 13:55:30.473591,66.0,66.0,14.0,15.0,80.0,81.0
SFG,,,,,,0.06,4.23,4.29,0.39,0.19,,2025-08-29 13:55:30.473591,66.0,68.0,14.0,14.0,80.0,82.0
STL,,,,,,0.01,1.57,1.57,0.21,0.07,,2025-08-29 13:55:30.473591,66.0,69.0,12.0,15.0,78.0,84.0
TBR,,,,,,0.01,1.44,1.44,0.12,0.03,,2025-08-29 13:55:30.473591,64.0,69.0,14.0,15.0,78.0,84.0
ARI,,,,,,0.0,0.54,0.54,0.07,0.04,,2025-08-29 13:55:30.473591,66.0,69.0,12.0,15.0,78.0,84.0
LAA,,,,,,0.03,0.22,0.26,0.01,0.01,,2025-08-29 13:55:30.473591,62.0,71.0,14.0,15.0,76.0,86.0
ATL,,,,,,0.0,0.12,0.12,0.04,0.03,,2025-08-29 13:55:30.473591,61.0,73.0,15.0,12.0,76.0,85.0
ATH,,,,,,0.0,0.03,0.03,0.01,0.01,,2025-08-29 13:55:30.473591,63.0,72.0,11.0,16.0,74.0,88.0
MIA,,,,,,0.0,0.05,0.05,0.0,0.0,,2025-08-29 13:55:30.473591,63.0,71.0,11.0,17.0,74.0,88.0
BAL,,,,,,0.0,0.0,0.0,0.0,0.0,,2025-08-29 13:55:30.473591,60.0,74.0,13.0,15.0,73.0,89.0
MIN,,,,,,0.0,0.01,0.01,0.0,0.0,,2025-08-29 13:55:30.473591,60.0,73.0,13.0,15.0,73.0,88.0
PIT,,,,,,0.0,0.0,0.0,0.0,0.0,,2025-08-29 13:55:30.473591,59.0,76.0,12.0,15.0,71.0,91.0
WSN,,,,,,0.0,0.0,0.0,0.0,0.0,,2025-08-29 13:55:30.473591,53.0,80.0,12.0,16.0,65.0,96.0
CHW,,,,,,0.0,0.0,0.0,0.0,0.0,,2025-08-29 13:55:30.473591,48.0,86.0,11.0,17.0,59.0,103.0
COL,,,,,,0.0,0.0,0.0,0.0,0.0,,2025-08-29 13:55:30.473591,38.0,96.0,10.0,18.0,48.0,114.0
MIL,,,,,,92.5,7.5,99.99,12.25,4.99,,2025-08-30 13:51:31.235725,84.0,52.0,13.0,13.0,97.0,65.0
PHI,,,,,,86.62,13.1,99.72,20.65,10.53,,2025-08-30 13:51:31.235725,78.0,57.0,15.0,12.0,93.0,69.0
LAD,,,,,,65.61,33.77,99.39,25.08,14.09,,2025-08-30 13:51:31.235725,77.0,58.0,16.0,11.0,93.0,69.0
DET,,,,,,97.52,1.34,98.86,13.78,5.66,,2025-08-30 13:51:31.235725,79.0,57.0,13.0,13.0,92.0,70.0
CHC,,,,,,7.5,90.03,97.53,9.49,4.22,,2025-08-30 13:51:31.235725,77.0,58.0,15.0,12.0,92.0,70.0
TOR,,,,,,57.15,41.77,98.91,15.44,7.12,,2025-08-30 13:51:31.235725,78.0,57.0,14.0,13.0,92.0,70.0
SDP,,,,,,34.28,63.9,98.18,15.47,7.85,,2025-08-30 13:51:31.235725,75.0,60.0,16.0,11.0,91.0,71.0
NYY,,,,,,29.13,67.17,96.3,19.72,10.57,,2025-08-30 13:51:31.235725,75.0,60.0,16.0,11.0,91.0,71.0
HOU,,,,,,63.89,26.71,90.61,19.31,9.92,,2025-08-30 13:51:31.235725,75.0,60.0,15.0,12.0,90.0,72.0
BOS,,,,,,13.72,75.55,89.27,10.45,4.98,,2025-08-30 13:51:31.235725,75.0,61.0,14.0,12.0,89.0,73.0
NYM,,,,,,13.38,77.45,90.83,15.57,8.44,,2025-08-30 13:51:31.235725,73.0,62.0,16.0,11.0,89.0,73.0
SEA,,,,,,30.45,46.02,76.47,13.66,7.16,,2025-08-30 13:51:31.235725,72.0,63.0,15.0,12.0,87.0,75.0
KCR,,,,,,1.96,14.19,16.15,2.05,0.91,,2025-08-30 13:51:31.235725,69.0,66.0,14.0,13.0,83.0,79.0
TEX,,,,,,5.64,19.99,25.63,4.67,2.48,,2025-08-30 13:51:31.235725,69.0,67.0,14.0,12.0,83.0,79.0
SFG,,,,,,0.1,4.98,5.08,0.47,0.25,,2025-08-30 13:51:31.235725,67.0,68.0,14.0,13.0,81.0,81.0
CIN,,,,,,0.01,6.65,6.66,0.71,0.29,,2025-08-30 13:51:31.235725,68.0,67.0,13.0,14.0,81.0,81.0
CLE,,,,,,0.52,5.24,5.76,0.71,0.32,,2025-08-30 13:51:31.235725,67.0,66.0,13.0,15.0,80.0,81.0
ARI,,,,,,0.01,0.75,0.77,0.1,0.04,,2025-08-30 13:51:31.235725,67.0,69.0,12.0,14.0,79.0,83.0
STL,,,,,,0.0,1.81,1.81,0.18,0.07,,2025-08-30 13:51:31.235725,67.0,69.0,12.0,14.0,79.0,83.0
TBR,,,,,,0.0,1.88,1.88,0.19,0.1,,2025-08-30 13:51:31.235725,65.0,69.0,13.0,15.0,78.0,84.0
ATL,,,,,,0.0,0.03,0.03,0.01,0.01,,2025-08-30 13:51:31.235725,61.0,74.0,15.0,11.0,76.0,85.0
LAA,,,,,,0.02,0.12,0.14,0.03,0.01,,2025-08-30 13:51:31.235725,62.0,72.0,13.0,15.0,75.0,87.0
MIA,,,,,,0.0,0.01,0.01,0.01,0.0,,2025-08-30 13:51:31.235725,63.0,72.0,11.0,16.0,74.0,88.0
ATH,,,,,,0.0,0.0,0.0,0.0,0.0,,2025-08-30 13:51:31.235725,63.0,73.0,11.0,15.0,74.0,88.0
MIN,,,,,,0.0,0.01,0.01,0.0,0.0,,2025-08-30 13:51:31.235725,61.0,73.0,13.0,14.0,74.0,87.0
BAL,,,,,,0.0,0.01,0.01,0.0,0.0,,2025-08-30 13:51:31.235725,60.0,75.0,13.0,14.0,73.0,89.0
PIT,,,,,,0.0,0.0,0.0,0.0,0.0,,2025-08-30 13:51:31.235725,60.0,76.0,11.0,15.0,71.0,91.0
WSN,,,,,,0.0,0.0,0.0,0.0,0.0,,2025-08-30 13:51:31.235725,53.0,81.0,12.0,15.0,65.0,96.0
CHW,,,,,,0.0,0.0,0.0,0.0,0.0,,2025-08-30 13:51:31.235725,48.0,87.0,11.0,16.0,59.0,103.0
COL,,,,,,0.0,0.0,0.0,0.0,0.0,,2025-08-30 13:51:31.235725,38.0,97.0,10.0,17.0,48.0,114.0
MIL,,,,,,93.62,6.37,100.0,12.93,5.58,,2025-08-31 13:51:44.581332,85.0,52.0,13.0,12.0,98.0,64.0
PHI,,,,,,91.74,8.11,99.84,21.52,11.32,,2025-08-31 13:51:44.581332,79.0,57.0,15.0,11.0,94.0,68.0
LAD,,,,,,56.33,43.05,99.38,23.84,13.34,,2025-08-31 13:51:44.581332,77.0,59.0,16.0,10.0,93.0,69.0
SDP,,,,,,43.59,55.4,99.0,15.82,7.88,,2025-08-31 13:51:44.581332,76.0,60.0,16.0,10.0,92.0,70.0
CHC,,,,,,6.38,92.4,98.78,9.44,4.55,,2025-08-31 13:51:44.581332,78.0,58.0,14.0,12.0,92.0,70.0
TOR,,,,,,52.56,45.84,98.4,15.39,6.86,,2025-08-31 13:51:44.581332,78.0,58.0,14.0,12.0,92.0,70.0
DET,,,,,,96.58,2.02,98.59,13.64,5.92,,2025-08-31 13:51:44.581332,79.0,58.0,13.0,12.0,92.0,70.0
NYY,,,,,,36.04,61.07,97.1,20.87,10.85,,2025-08-31 13:51:44.581332,76.0,60.0,15.0,11.0,91.0,71.0
HOU,,,,,,63.31,24.82,88.13,18.45,9.46,,2025-08-31 13:51:44.581332,75.0,61.0,14.0,12.0,89.0,73.0
BOS,,,,,,11.39,74.44,85.82,10.1,4.48,,2025-08-31 13:51:44.581332,75.0,62.0,14.0,11.0,89.0,73.0
NYM,,,,,,8.26,81.47,89.72,14.99,8.02,,2025-08-31 13:51:44.581332,73.0,63.0,15.0,11.0,88.0,74.0
SEA,,,,,,28.49,41.82,70.31,12.7,6.67,,2025-08-31 13:51:44.581332,72.0,64.0,15.0,11.0,87.0,75.0
TEX,,,,,,8.18,21.41,29.59,5.05,2.64,,2025-08-31 13:51:44.581332,70.0,67.0,14.0,11.0,84.0,78.0
KCR,,,,,,2.5,19.13,21.63,2.56,1.17,,2025-08-31 13:51:44.581332,70.0,66.0,13.0,13.0,83.0,79.0
CIN,,,,,,0.0,5.27,5.27,0.62,0.31,,2025-08-31 13:51:44.581332,68.0,68.0,13.0,13.0,81.0,81.0
CLE,,,,,,0.92,6.82,7.74,0.84,0.37,,2025-08-31 13:51:44.581332,68.0,66.0,13.0,14.0,81.0,80.0
SFG,,,,,,0.06,3.85,3.91,0.46,0.25,,2025-08-31 13:51:44.581332,67.0,69.0,13.0,13.0,80.0,82.0
ARI,,,,,,0.02,1.25,1.27,0.14,0.07,,2025-08-31 13:51:44.581332,68.0,69.0,11.0,14.0,79.0,83.0
TBR,,,,,,0.01,2.43,2.44,0.39,0.14,,2025-08-31 13:51:44.581332,66.0,69.0,13.0,14.0,79.0,83.0
STL,,,,,,0.0,2.79,2.79,0.24,0.09,,2025-08-31 13:51:44.581332,68.0,69.0,11.0,14.0,79.0,83.0
LAA,,,,,,0.02,0.19,0.21,0.03,0.02,,2025-08-31 13:51:44.581332,63.0,72.0,13.0,14.0,76.0,86.0
ATL,,,,,,0.0,0.0,0.0,0.0,0.0,,2025-08-31 13:51:44.581332,61.0,75.0,14.0,11.0,75.0,86.0
MIA,,,,,,0.0,0.06,0.06,0.0,0.0,,2025-08-31 13:51:44.581332,64.0,72.0,10.0,16.0,74.0,88.0
ATH,,,,,,0.01,0.01,0.01,0.0,0.0,,2025-08-31 13:51:44.581332,63.0,74.0,11.0,14.0,74.0,88.0
MIN,,,,,,0.0,0.01,0.01,0.0,0.0,,2025-08-31 13:51:44.581332,61.0,74.0,13.0,13.0,74.0,87.0
BAL,,,,,,0.0,0.01,0.01,0.0,0.0,,2025-08-31 13:51:44.581332,61.0,75.0,12.0,14.0,73.0,89.0
PIT,,,,,,0.0,0.0,0.0,0.0,0.0,,2025-08-31 13:51:44.581332,61.0,76.0,11.0,14.0,72.0,90.0
WSN,,,,,,0.0,0.0,0.0,0.0,0.0,,2025-08-31 13:51:44.581332,53.0,82.0,11.0,15.0,64.0,97.0
CHW,,,,,,0.0,0.0,0.0,0.0,0.0,,2025-08-31 13:51:44.581332,48.0,88.0,10.0,16.0,58.0,104.0
COL,,,,,,0.0,0.0,0.0,0.0,0.0,,2025-08-31 13:51:44.581332,38.0,98.0,9.0,17.0,47.0,115.0
