START DATE,team,game,wins_to_date,se,upper_ci_90,lower_ci_90,upper_ci_95,lower_ci_95,upper_ci_99,lower_ci_99
2026-03-25,NYY,1,0.54765,0.0035195302569606475,0.5534391121083272,0.5418608878916727,0.5545481525461419,0.5407518474538581,0.5567157091706062,0.5385842908293937
2026-03-25,SFG,1,0.45235,0.0035195302569606436,0.45813911210832714,0.4465608878916728,0.4592481525461418,0.44545184745385813,0.4614157091706062,0.44328429082939375
2026-03-26,ARI,1,0.388,0.003445779109241266,0.3936678022655091,0.3823321977344909,0.3947536029527934,0.38124639704720664,0.3968757388031403,0.3791242611968597
2026-03-26,BAL,1,0.54985,0.003518006209969595,0.5556366052741062,0.5440633947258937,0.5567451654689286,0.5429548345310713,0.5589117834857067,0.5407882165142932
2026-03-26,BOS,1,0.5732,0.0034975276460639756,0.5789529210339914,0.5674470789660087,0.5800550282212186,0.5663449717787815,0.582209034200704,0.5641909657992961
2026-03-26,CHC,1,0.6099,0.0034491584966070718,0.6155733608630747,0.6042266391369253,0.6166602264303201,0.6031397735696798,0.6187844435281452,0.6010155564718548
2026-03-26,CHW,1,0.43365,0.0035043541344868473,0.43941414960823305,0.4278858503917669,0.4405184078926682,0.42678159210733174,0.44267661806962394,0.424623381930376
2026-03-26,CIN,1,0.4268,0.0034975276460639704,0.4325529210339914,0.4210470789660086,0.43365502822121854,0.4199449717787815,0.435809034200704,0.41779096579929603
2026-03-26,CLE,1,0.4311,0.003501892725746054,0.43686010095113836,0.4253398990488616,0.43796358362018506,0.4242364163798149,0.4401202779008614,0.4220797220991386
2026-03-26,DET,1,0.5213,0.0035324126878055885,0.5271103018214264,0.5154896981785736,0.5282234016466313,0.5143765983533687,0.5303988921134776,0.5122011078865224
2026-03-26,HOU,1,0.5752,0.0034954053975103684,0.5809494302457607,0.5694505697542394,0.5820508686904873,0.5683491313095128,0.5842035676506903,0.5661964323493098
2026-03-26,LAA,1,0.4248,0.0034954053975103675,0.4305494302457607,0.4190505697542393,0.43165086869048724,0.4179491313095128,0.4338035676506902,0.4157964323493098
2026-03-26,LAD,1,0.612,0.003445779109241268,0.6176678022655091,0.6063321977344909,0.6187536029527934,0.6052463970472066,0.6208757388031403,0.6031242611968597
2026-03-26,MIL,1,0.56635,0.003504354134486847,0.5721141496082331,0.5605858503917669,0.5732184078926683,0.5594815921073317,0.575376618069624,0.557323381930376
2026-03-26,MIN,1,0.45015,0.0035180062099695927,0.4559366052741063,0.4443633947258937,0.45704516546892865,0.44325483453107134,0.4592117834857067,0.4410882165142933
2026-03-26,NYM,1,0.56235,0.0035080249695461654,0.5681201875945944,0.5565798124054057,0.5692256025971777,0.5554743974028223,0.5713860735141383,0.5533139264858618
2026-03-26,PHI,1,0.539,0.003524850525704802,0.5447978631716673,0.5332021368283327,0.5459085800812685,0.5320914199187315,0.5480794132747402,0.5299205867252599
2026-03-26,PIT,1,0.43765,0.003508024969546163,0.44342018759459434,0.4318798124054056,0.44452560259717766,0.4307743974028223,0.44668607351413825,0.4286139264858617
2026-03-26,SDP,1,0.4787,0.0035324126878055894,0.48451030182142646,0.47288969817857357,0.4856234016466313,0.4717765983533687,0.4877988921134776,0.46960110788652243
2026-03-26,SEA,1,0.5689,0.0035018927257460548,0.5746601009511383,0.5631398990488616,0.575763583620185,0.5620364163798149,0.5779202779008614,0.5598797220991385
2026-03-26,STL,1,0.4568,0.0035224009376302267,0.4625938339578383,0.45100616604216165,0.4637037789768653,0.44989622102313465,0.465873103553996,0.44772689644600394
2026-03-26,TBR,1,0.5432,0.0035224009376302262,0.5489938339578384,0.5374061660421616,0.5501037789768654,0.5362962210231347,0.5522731035539961,0.534126896446004
2026-03-26,TEX,1,0.461,0.0035248505257048013,0.4667978631716674,0.45520213682833266,0.4679085800812685,0.45409141991873153,0.4700794132747402,0.45192058672525987
2026-03-26,WSN,1,0.3901,0.0034491584966070726,0.39577336086307463,0.3844266391369254,0.3968602264303202,0.3833397735696798,0.39898444352814516,0.38121555647185484
2026-03-27,ARI,2,0.78105,0.0049180030716451315,0.789139395189754,0.7729606048102461,0.7906891088962819,0.7714108911037182,0.793717936426887,0.768382063573113
2026-03-27,ATH,1,0.436,0.0035065388620033203,0.44176774316521245,0.43023225683478755,0.44287268987991657,0.4291273101200834,0.44503224555478116,0.42696775444521884
2026-03-27,ATL,1,0.54355,0.0035221854244926083,0.5493434794702723,0.5377565205297277,0.5504533565788774,0.5366466434211226,0.5526225484289409,0.5344774515710591
2026-03-27,CLE,2,0.8601,0.004967155436631385,0.8682702436355748,0.8519297563644251,0.8698354457614098,0.8503645542385901,0.8728945445289573,0.8473054554710426
2026-03-27,COL,1,0.44845,0.00351678095172462,0.45423458990363813,0.4426654100963619,0.45534276400689677,0.44155723599310326,0.4575086274296149,0.43939137257038513
2026-03-27,DET,2,1.04675,0.005028368134823166,1.0550209295642112,1.038479070435789,1.0566054204452624,1.0368945795547377,1.0597022179907092,1.033797782009291
2026-03-27,HOU,2,1.1426,0.004994447839897951,1.1508151356440761,1.134384864355924,1.1523889378888639,1.1328110621111362,1.1554648451010556,1.1297351548989445
2026-03-27,KCR,1,0.45645,0.0035221854244926083,0.4622434794702723,0.45065652052972777,0.46335335657887744,0.4495466434211226,0.4655225484289409,0.4473774515710591
2026-03-27,LAA,2,0.8574,0.004994447839897949,0.8656151356440761,0.849184864355924,0.8671889378888639,0.8476110621111362,0.8702648451010557,0.8445351548989444
2026-03-27,LAD,2,1.21895,0.004918003071645129,1.227039395189754,1.210860604810246,1.2285891088962817,1.2093108911037183,1.231617936426887,1.2062820635731129
2026-03-27,MIA,1,0.55155,0.003516780951724619,0.557334589903638,0.5457654100963619,0.5584427640068967,0.5446572359931032,0.5606086274296148,0.5424913725703852
2026-03-27,NYY,2,1.10395,0.004987831572756826,1.1121542528530721,1.0957457471469279,1.1137259702435551,1.0941740297564448,1.1167978027262735,1.0911021972737265
2026-03-27,SDP,2,0.95325,0.005028368134823165,0.9615209295642111,0.944979070435789,0.9631054204452623,0.9433945795547378,0.966202217990709,0.940297782009291
2026-03-27,SEA,2,1.1399,0.004967155436631383,1.1480702436355747,1.131729756364425,1.1496354457614097,1.13016455423859,1.1526945445289574,1.1271054554710425
2026-03-27,SFG,2,0.89605,0.00498783157275683,0.9042542528530721,0.8878457471469279,0.9058259702435552,0.8862740297564449,0.9088978027262734,0.8832021972737266
2026-03-27,TOR,1,0.564,0.003506538862003321,0.5697677431652124,0.5582322568347875,0.5708726898799166,0.5571273101200833,0.5730322455547812,0.5549677544452187
2026-03-28,ARI,3,1.1705,0.006062452075378256,1.1804718462844055,1.1605281537155947,1.1823821877257417,1.1586178122742585,1.1861158417071203,1.15488415829288
2026-03-28,ATH,2,0.87135,0.005014600301699944,0.8795982834939631,0.8631017165060368,0.8811784359881956,0.8615215640118044,0.8842667544027039,0.8584332455972961
2026-03-28,ATL,2,1.08325,0.005027149837310829,1.0915189256431292,1.0749810743568708,1.0931030326260156,1.0733969673739845,1.0961990798642764,1.0703009201357236
2026-03-28,BAL,2,1.10615,0.005019498843852053,1.1144063408787888,1.0978936591212112,1.1159880369543904,1.0963119630456095,1.1190793722111239,1.093220627788876
2026-03-28,BOS,2,1.1503,0.004977121064099648,1.158486635634061,1.1421133643659391,1.160054978032331,1.1405450219676692,1.1631202142842185,1.1374797857157817
2026-03-28,CHC,2,1.2163,0.004939325393894102,1.2244244672888402,1.2081755327111596,1.2259808998799564,1.2066191001200435,1.2290228590893555,1.2035771409106444
2026-03-28,CHW,2,0.86365,0.004993914379927003,0.8718642581805081,0.855435741819492,0.8734378923265337,0.8538621076734664,0.8765134709992303,0.8507865290007698
2026-03-28,CIN,2,0.8497,0.004977121064099645,0.8578866356340609,0.8415133643659392,0.859454978032331,0.8399450219676691,0.8625202142842183,0.8368797857157817
2026-03-28,CLE,3,1.27955,0.0061528028348173305,1.2896704600587665,1.2694295399412334,1.291609271960218,1.267490728039782,1.2953985698408812,1.2637014301591187
2026-03-28,COL,2,0.8925,0.005006839414445617,0.9007355179704144,0.8842644820295855,0.9023132249286889,0.882686775071311,0.9053967636818926,0.8796032363181073
2026-03-28,DET,3,1.573,0.0062068894201374025,1.5832094245747996,1.5627905754252003,1.585165279719492,1.560834720280508,1.5889878876522776,1.5570121123477223
2026-03-28,HOU,3,1.71415,0.0061829523950954115,1.7243200516723411,1.703979948327659,1.7262683640125127,1.7020316359874874,1.7300762299617347,1.6982237700382654
2026-03-28,KCR,2,0.91675,0.0050271498373108256,0.9250189256431292,0.9084810743568708,0.9266030326260155,0.9068969673739844,0.9296990798642762,0.9038009201357237
2026-03-28,LAA,3,1.28585,0.0061829523950954115,1.296020051672341,1.2756799483276589,1.2979683640125126,1.2737316359874873,1.3017762299617346,1.2699237700382653
2026-03-28,LAD,3,1.8295,0.006062452075378256,1.8394718462844053,1.8195281537155945,1.8413821877257415,1.8176178122742583,1.84511584170712,1.8138841582928797
2026-03-28,MIA,2,1.1075,0.0050068394144456175,1.1157355179704145,1.0992644820295854,1.117313224928689,1.0976867750713108,1.1203967636818926,1.0946032363181073
2026-03-28,MIL,2,1.13635,0.004993914379927003,1.144564258180508,1.128135741819492,1.1461378923265335,1.1265621076734664,1.14921347099923,1.1234865290007698
2026-03-28,MIN,2,0.89385,0.005019498843852051,0.9021063408787888,0.8855936591212112,0.9036880369543905,0.8840119630456096,0.9067793722111239,0.8809206277888761
2026-03-28,NYM,2,1.1265,0.004993609346626483,1.1347137564453773,1.1182862435546228,1.1362872944722506,1.1167127055277495,1.1393626852855163,1.1136373147144838
2026-03-28,NYY,3,1.65665,0.006209667211159031,1.6668639936344365,1.6464360063655634,1.668820724089851,1.644479275910149,1.6726450427677901,1.6406549572322098
2026-03-28,PHI,2,1.08525,0.005020496204968891,1.0935079813918391,1.076992018608161,1.095089991746259,1.075410008253741,1.0981819412431149,1.0723180587568852
2026-03-28,PIT,2,0.8735,0.0049936093466264805,0.8817137564453774,0.8652862435546227,0.8832872944722505,0.8637127055277496,0.8863626852855162,0.8606373147144839
2026-03-28,SDP,3,1.427,0.0062068894201374025,1.4372094245747997,1.4167905754252004,1.439165279719492,1.414834720280508,1.4429878876522777,1.4110121123477224
2026-03-28,SEA,3,1.72045,0.0061528028348173305,1.7305704600587666,1.7103295399412335,1.732509271960218,1.708390728039782,1.7362985698408813,1.7046014301591188
2026-03-28,SFG,3,1.34335,0.006209667211159031,1.3535639936344366,1.3331360063655635,1.355520724089851,1.331179275910149,1.3593450427677902,1.3273549572322099
2026-03-28,STL,2,0.9155,0.004994920916465865,0.9237159137857847,0.9072840862142153,0.9252898651018989,0.905710134898101,0.9283660636655421,0.9026339363344579
2026-03-28,TBR,2,1.0845,0.004994920916465864,1.0927159137857847,1.0762840862142153,1.0942898651018989,1.0747101348981012,1.097366063665542,1.071633936334458
2026-03-28,TEX,2,0.91475,0.005020496204968894,0.9230079813918391,0.9064920186081608,0.924589991746259,0.9049100082537409,0.9276819412431149,0.901818058756885
2026-03-28,TOR,2,1.12865,0.005014600301699943,1.136898283493963,1.120401716506037,1.1384784359881954,1.1188215640118044,1.1415667544027037,1.1157332455972961
2026-03-28,WSN,2,0.7837,0.004939325393894104,0.7918244672888402,0.7755755327111598,0.7933808998799565,0.7740191001200434,0.7964228590893556,0.7709771409106443
2026-03-29,ATH,3,1.3151,0.006189306493925134,1.325280503234847,1.304919496765153,1.327230817817373,1.3029691821826268,1.3310425970356978,1.299157402964302
2026-03-29,ATL,3,1.6247,0.006197129635628588,1.6348933711578522,1.614506628842148,1.6368461508933578,1.6125538491066422,1.6406627481133436,1.6087372518866565
2026-03-29,BAL,3,1.65045,0.006214915215315232,1.660672625833107,1.640227374166893,1.6626310099889878,1.6382689900110121,1.6664585607306808,1.6344414392693192
2026-03-29,BOS,3,1.71985,0.006179418106537766,1.7300142382849883,1.7096857617150119,1.7319614369342289,1.7077385630657713,1.7357671262377008,1.7039328737622994
2026-03-29,CHC,3,1.82445,0.006087566245893345,1.8344631554188648,1.814436844581135,1.8363814105954526,1.8125185894045472,1.840130531523467,1.8087694684765327
2026-03-29,CHW,3,1.29365,0.006197814495467406,1.303844497652042,1.283455502347958,1.3057974931939764,1.2815025068060235,1.309614512195385,1.2776854878046149
2026-03-29,CIN,3,1.28015,0.006179418106537766,1.2903142382849881,1.2699857617150117,1.2922614369342287,1.2680385630657711,1.2960671262377006,1.2642328737622992
2026-03-29,CLE,4,1.70415,0.0071685917940984235,1.7159412842126573,1.6923587157873428,1.7182001817363024,1.6900998182636977,1.722615068808419,1.6856849311915811
2026-03-29,COL,3,1.3389,0.006176912433599871,1.3490601168197685,1.3287398831802315,1.3510065259055133,1.3267934740944867,1.3548106720519222,1.3229893279480778
2026-03-29,HOU,4,2.28435,0.007200510137643854,2.296193785215804,2.2725062147841957,2.2984627405400975,2.2702372594599023,2.302897285013044,2.2658027149869557
2026-03-29,KCR,3,1.3753,0.006197129635628588,1.385493371157852,1.3651066288421478,1.3874461508933578,1.3631538491066422,1.3912627481133435,1.3593372518866564
2026-03-29,LAA,4,1.71565,0.007200510137643853,1.7274937852158043,1.7038062147841955,1.7297627405400975,1.7015372594599023,1.7341972850130438,1.697102714986956
2026-03-29,MIA,3,1.6611,0.006176912433599871,1.6712601168197685,1.6509398831802315,1.6732065259055133,1.6489934740944867,1.6770106720519222,1.6451893279480778
2026-03-29,MIL,3,1.70635,0.006197814495467406,1.716544497652042,1.696155502347958,1.7184974931939765,1.6942025068060236,1.7223145121953851,1.690385487804615
2026-03-29,MIN,3,1.34955,0.006214915215315232,1.359772625833107,1.339327374166893,1.3617310099889879,1.3373689900110122,1.3655585607306808,1.3335414392693192
2026-03-29,NYM,3,1.68525,0.0061685512420844215,1.6953963638835785,1.6751036361164213,1.6973401382712752,1.6731598617287247,1.701139135049804,1.6693608649501959
2026-03-29,PHI,3,1.6314,0.006204726176983701,1.6416058663564523,1.6211941336435476,1.643561039840821,1.619238960159179,1.6473823155071716,1.6154176844928283
2026-03-29,PIT,3,1.31475,0.0061685512420844215,1.3248963638835787,1.3046036361164215,1.3268401382712753,1.3026598617287248,1.3306391350498041,1.298860864950196
2026-03-29,SEA,4,2.29585,0.007168591794098419,2.3076412842126577,2.2840587157873427,2.3099001817363023,2.281799818263698,2.314315068808419,2.2773849311915813
2026-03-29,STL,3,1.37585,0.0062017144353877585,1.3860509124823648,1.3656490875176353,1.3880051369357622,1.3636948630642378,1.391824557774914,1.359875442225086
2026-03-29,TBR,3,1.62415,0.0062017144353877585,1.6343509124823647,1.6139490875176352,1.6363051369357622,1.6119948630642378,1.640124557774914,1.608175442225086
2026-03-29,TEX,3,1.3686,0.006204726176983701,1.3788058663564524,1.3583941336435477,1.380761039840821,1.356438960159179,1.3845823155071717,1.3526176844928284
2026-03-29,TOR,3,1.6849,0.006189306493925134,1.695080503234847,1.674719496765153,1.6970308178173732,1.672769182182627,1.700842597035698,1.6689574029643022
2026-03-29,WSN,3,1.17555,0.006087566245893345,1.185563155418865,1.1655368445811352,1.1874814105954528,1.1636185894045474,1.1912305315234673,1.159869468476533
2026-03-30,ARI,4,1.62995,0.007028735308076523,1.6415112407643715,1.6183887592356285,1.643726068060695,1.616173931939305,1.6480548223734324,1.6118451776265676
2026-03-30,ATH,4,1.7725,0.007215940062774146,1.7843691651841185,1.7606308348158815,1.7866429826376369,1.758357017362363,1.7910870298663462,1.7539129701336538
2026-03-30,ATL,4,2.1673,0.00719083589758835,2.179127872506961,2.155472127493039,2.181393779378011,2.153206220621989,2.1858223658220193,2.1487776341779807
2026-03-30,BAL,4,2.1848,0.007182619821581473,2.196614358264542,2.1729856417354583,2.198877676164943,2.170722323835057,2.203301202612681,2.166298797387319
2026-03-30,BOS,4,2.24645,0.007152144960351179,2.258214231578516,2.2346857684214836,2.2604679465344977,2.232432053465502,2.264872704572102,2.2280272954278977
2026-03-30,CHC,4,2.41245,0.007088671408530432,2.4241098268765886,2.400790173123412,2.4263435406589586,2.398556459341042,2.4307092075373222,2.394190792462678
2026-03-30,CHW,4,1.77285,0.007138290526070083,1.7845914430620398,1.7611085569379603,1.7868407923422809,1.7588592076577192,1.791237017914297,1.7544629820857032
2026-03-30,CIN,4,1.7589,0.007146404204539004,1.770654788875497,1.7471452111245027,1.772906694859862,1.7448933051401379,1.7773079173650566,1.7404920826349433
2026-03-30,CLE,5,2.0748,0.008007399947716869,2.087971000846453,2.0616289991535472,2.0904942155073334,2.059105784492667,2.0954256954305652,2.054174304569435
2026-03-30,COL,4,1.6853,0.007046678528492295,1.6968907547355516,1.6737092452644484,1.6991112361264766,1.6714887638735234,1.7034510410463792,1.6671489589536208
2026-03-30,DET,4,2.11355,0.007169406523171537,2.1253426243227285,2.1017573756772716,2.1276017785759427,2.0994982214240574,2.13201716741144,2.09508283258856
2026-03-30,HOU,5,2.75775,0.008061110094136974,2.7710093461755965,2.744490653824404,2.7735494854599207,2.7419505145400795,2.778514043599612,2.7369859564003884
2026-03-30,KCR,4,1.88595,0.007212470510271994,1.8978134582781014,1.8740865417218986,1.9000861824396904,1.8718138175603096,1.9045280928913408,1.8673719071086592
2026-03-30,LAA,5,2.12765,0.008066971406691856,2.140918987176811,2.114381012823189,2.1434609734214307,2.1118390265785694,2.148429141340248,2.106870858659752
2026-03-30,LAD,4,2.45885,0.006993767190432908,2.4703537233292376,2.4473462766707623,2.4725575318095063,2.4451424681904936,2.4768647504713157,2.4408352495286842
2026-03-30,MIA,4,2.1819,0.007158783549535164,2.1936751510860137,2.1701248489139866,2.195930957930207,2.1678690420697935,2.2003398044446567,2.1634601955553436
2026-03-30,MIL,4,2.2019,0.007208288109591214,2.2137565788411724,2.190043421158828,2.2160279850849873,2.187772014915013,2.2204673197411084,2.183332680258892
2026-03-30,MIN,4,1.8389,0.00716797799211358,1.8506902745982363,1.8271097254017636,1.8529489787065183,1.8248510212934816,1.8573634877592797,1.8204365122407202
2026-03-30,NYM,4,2.28425,0.00712145579440268,2.295963752392598,2.2725362476074022,2.2982077968745234,2.270292203125477,2.3025936545191508,2.2659063454808495
2026-03-30,NYY,4,2.1577,0.007203063911037109,2.169547985799233,2.1458520142007673,2.171817745843973,2.143582254156027,2.176253863097385,2.1391461369026152
2026-03-30,PHI,4,2.25735,0.007137478270005622,2.2690901070197063,2.245609892980294,2.2713392003496486,2.2433607996503517,2.275734925681324,2.2389650743186764
2026-03-30,PIT,4,1.836,0.007199499402012753,1.8478421227036357,1.8241578772963645,1.8501107595346626,1.8218892404653375,1.8545446815305873,1.8174553184694129
2026-03-30,SDP,4,1.9404,0.007167981654416383,1.9521902806221882,1.9286097193778116,1.9544489858844998,1.9263510141155,1.9588634971927466,1.9219365028072533
2026-03-30,SEA,5,2.7948,0.008086588752118042,2.8081012548385864,2.7814987451614135,2.810649422711938,2.778950577288062,2.8156296722734546,2.7739703277265453
2026-03-30,SFG,4,1.82995,0.007162696076600907,1.841731586620348,1.8181684133796518,1.8439886263423442,1.8159113736576558,1.8483998824465233,1.8115001175534766
2026-03-30,STL,4,1.77685,0.007128831944101648,1.788575885079183,1.765124114920817,1.790822253862278,1.762877746137722,1.7952126542216926,1.7584873457783075
2026-03-30,TBR,4,2.1286,0.007174306623902874,2.1404006842711887,2.1167993157288114,2.1426613825968968,2.1145386174031033,2.147079789234494,2.110120210765506
2026-03-30,TEX,4,1.83425,0.007181672903738013,1.8460628007232924,1.8224371992767074,1.8483258202400736,1.8201741797599262,1.8527487635139515,1.8157512364860484
2026-03-30,TOR,4,2.3385,0.007084729858636702,2.35015334360395,2.3268466563960497,2.352385815363123,2.3246141846368764,2.356749054777604,2.3202509452223956
2026-03-30,WSN,4,1.5496,0.00702989779251082,1.5611631528811096,1.5380368471188905,1.5633783464883189,1.5358216535116813,1.5677078167349032,1.531492183265097
2026-03-31,ARI,5,2.0887,0.007893968028600163,2.1016844219428816,2.075715578057118,2.104171893031167,2.0732281069688328,2.1090335141693464,2.068366485830653
2026-03-31,ATH,5,2.22055,0.008101460766943678,2.233875717126112,2.2072242828738875,2.2364285713253738,2.204671428674626,2.241417980045045,2.1996820199549547
2026-03-31,ATL,5,2.71925,0.0080904106578239,2.7325575413140486,2.7059424586859517,2.735106913509474,2.7033930864905265,2.7400895168501673,2.698410483149833
2026-03-31,BAL,5,2.71135,0.0080907250519711,2.7246580584464017,2.698041941553598,2.7272075297106793,2.6954924702893206,2.7321903266758243,2.6905096733241756
2026-03-31,BOS,5,2.77785,0.008101126482626614,2.791175167277341,2.764524832722659,2.793727916140152,2.761972083859848,2.7987171189857056,2.7569828810142942
2026-03-31,CHC,5,2.99635,0.007981542402691121,3.0094784689697334,2.9832215310302668,3.0119935356503538,2.9807064643496464,3.0169090908083698,2.9757909091916304
2026-03-31,CHW,5,2.25095,0.008022588296251321,2.2641459834566273,2.2377540165433727,2.2666739841234453,2.2352260158765547,2.2716148180237927,2.2302851819762073
2026-03-31,CIN,5,2.2421,0.008029171992188482,2.2553068126727687,2.2288931873272317,2.257836887930367,2.226363112069633,2.2627817765007134,2.221418223499287
2026-03-31,CLE,6,2.4446,0.008767575806303366,2.45902137886457,2.43017862113543,2.4617841328120793,2.4274158671879205,2.4671837786829625,2.4220162213170373
2026-03-31,COL,5,2.02875,0.007838956839861841,2.041643936589563,2.015856063410437,2.0441140730824934,2.0133859269175067,2.0489418147373715,2.0085581852626286
2026-03-31,DET,5,2.6548,0.008009060822141536,2.6679737327417743,2.6416262672582254,2.670497470761388,2.6391025292386114,2.6754299735595772,2.6341700264404224
2026-03-31,HOU,6,3.22635,0.00888621022211411,3.2409665151136977,3.2117334848863024,3.2437666519943953,3.208933348005605,3.2492393606876173,3.203460639312383
2026-03-31,LAA,6,2.54375,0.008889502125394999,2.5583719298127487,2.5291280701872516,2.561173104006267,2.5263268959937335,2.566647840068553,2.5208521599314473
2026-03-31,LAD,5,3.08905,0.007807627861754256,3.1018924050062937,3.076207594993706,3.10435266941373,3.07374733058627,3.1091611166375115,3.068938883362488
2026-03-31,MIA,5,2.7038,0.00806514292040234,2.717065979584506,2.6905340204154946,2.719607389654157,2.6879926103458436,2.7245744314716824,2.683025568528318
2026-03-31,MIL,5,2.69935,0.008054577747227617,2.7125986014210897,2.68610139857891,2.7151366822952436,2.683563317704756,2.720097217389022,2.678602782610978
2026-03-31,NYM,5,2.8772,0.007999637973707662,2.890358233535352,2.8640417664646485,2.892879002317826,2.8615209976821743,2.897805701910459,2.8565942980895414
2026-03-31,NYY,5,2.66415,0.008064489486293234,2.6774149047810414,2.650885095218958,2.6799561089468367,2.648343891053163,2.6849227483369558,2.643377251663044
2026-03-31,PHI,5,2.891,0.008003383828583724,2.9041643949183307,2.8778356050816694,2.9066863440584743,2.8753136559415258,2.911615350593215,2.870384649406785
2026-03-31,PIT,5,2.3528,0.008077120154702406,2.3660856803817847,2.339514319618215,2.368630864602019,2.3369691353979807,2.373605282782768,2.3319947172172317
2026-03-31,SDP,5,2.4576,0.008048810543649178,2.4708391152153664,2.444360884784633,2.4733753787839383,2.4418246212160613,2.4783323620570448,2.436867637942955
2026-03-31,SEA,6,3.28835,0.008879141615764006,3.302954888290905,3.2737451117090948,3.3057527977805283,3.2709472022194714,3.3112211531642455,3.2654788468357543
2026-03-31,SFG,5,2.31275,0.00803555227598074,2.325967307305705,2.299532692694295,2.328499393056811,2.2970006069431887,2.33344821102267,2.2920517889773295
2026-03-31,STL,5,2.1839,0.008023855595219224,2.1970980679779313,2.1707019320220686,2.19962646798378,2.16817353201622,2.2045680823696103,2.1632319176303896
2026-03-31,TBR,5,2.63115,0.008063698595356371,2.6444136038812154,2.6178863961187844,2.6469545588290844,2.6153454411709154,2.651920711136905,2.610379288863095
2026-03-31,TEX,5,2.3077,0.008080798256671384,2.320991730321149,2.294408269678851,2.32353807354941,2.29186192645059,2.328514756945601,2.286885243054399
2026-03-31,TOR,5,2.99505,0.007899645251196711,3.0080437601430607,2.9820562398569392,3.0105330201829883,2.9795669798170117,3.0153981377256733,2.9747018622743266
2026-03-31,WSN,5,1.91595,0.007924797788965961,1.9289851323860376,1.9029148676139624,1.931482318251136,1.900417681748864,1.9363629263695181,1.895537073630482
2026-04-01,ARI,6,2.5491,0.008734602118225424,2.563467141974141,2.5347328580258592,2.5662195055710093,2.531980494428991,2.5715988440909654,2.526601155909035
2026-04-01,ATH,6,2.6717,0.008921599365963612,2.6863747250753134,2.6570252749246865,2.689186013441784,2.654213986558216,2.6946805170813724,2.6487194829186276
2026-04-01,ATL,6,3.2681,0.008871868743548351,3.2826929254806627,3.2535070745193373,3.2854885432129213,3.2507114567870787,3.2909524194868713,3.2452475805131287
2026-04-01,BAL,6,3.2382,0.008946342261058,3.2529154235160505,3.2234845764839495,3.2557345086250424,3.2206654913749575,3.261244250555611,3.215155749444389
2026-04-01,BOS,6,3.312,0.008931785310868265,3.3266914794637334,3.297308520536266,3.3295059775269453,3.2944940224730543,3.335006754336742,3.288993245663258
2026-04-01,CHC,6,3.58615,0.008798453245541259,3.6006221677324914,3.5716778322675085,3.6033946514809205,3.5689053485190794,3.60881331369577,3.56348668630423
2026-04-01,CHW,6,2.72715,0.008850088139561278,2.7417070995751978,2.712592900424802,2.7444958540135453,2.7098041459864546,2.7499463163688724,2.7043536836311275
2026-04-01,CIN,6,2.72305,0.00887222467555545,2.737643510936716,2.7084564890632845,2.7404392408268365,2.705660759173164,2.7459033363069656,2.700196663693035
2026-04-01,CLE,7,2.8168,0.00949507218612852,2.83241800392352,2.8011819960764806,2.83540999951542,2.7981900004845803,2.841257685176342,2.7923423148236584
2026-04-01,COL,6,2.37665,0.008637879920644652,2.3908580481166437,2.3624419518833566,2.393579933547245,2.359720066452755,2.3988997042201334,2.354400295779867
2026-04-01,DET,6,3.1944,0.008832006126391154,3.208927357310252,3.1798726426897477,3.2117104139189636,3.177089586081036,3.2171497401894817,3.171650259810518
2026-04-01,HOU,7,3.6922,0.009654668229977237,3.7080805160550914,3.676319483944909,3.711122802013439,3.6732771979865615,3.717068777342818,3.6673312226571824
2026-04-01,KCR,5,2.4004,0.008077577258232679,2.4136864322501848,2.387113567749815,2.4162317605084755,2.384568239491524,2.421206460203436,2.3795935397965637
2026-04-01,LAA,7,2.95395,0.009627102571916261,2.96978517458245,2.9381148254175495,2.9728187743164285,2.935081225683571,2.978747772913013,2.9291522270869867
2026-04-01,LAD,6,3.71685,0.008654914745534027,3.731086067910147,3.702613932089853,3.733813321190511,3.699886678809489,3.739143583021264,3.694556416978736
2026-04-01,MIA,6,3.2276,0.008911727270520916,3.2422584869233186,3.212941513076681,3.245066664490264,3.2101333355097355,3.2505550882486434,3.2046449117513562
2026-04-01,MIL,6,3.19525,0.008861450114959006,3.20982578836164,3.1806742116383604,3.212618123076118,3.177881876923882,3.2180755828780483,3.172424417121952
2026-04-01,MIN,5,2.32445,0.008049058904149111,2.3376895237320356,2.3112104762679646,2.3402258655615737,2.3086741344384265,2.3451830017912987,2.3037169982087016
2026-04-01,NYM,6,3.4731,0.008783659666326828,3.487547834460065,3.458652165539935,3.4903156565984577,3.4558843434015425,3.495725207960925,3.450474792039075
2026-04-01,NYY,6,3.16965,0.008901539515459524,3.1842917295574553,3.1550082704425444,3.1870966968572607,3.152203303142739,3.192578846330619,3.1467211536693807
2026-04-01,PHI,6,3.5227,0.008766588741004546,3.5371197552866334,3.5082802447133665,3.5398821981996433,3.5055178018003565,3.5452812361712414,3.5001187638287585
2026-04-01,PIT,6,2.87185,0.008889900471406835,2.886472585033631,2.857227414966369,2.8892738847501027,2.854426115249897,2.894748866139883,2.848951133860117
2026-04-01,SDP,6,2.9663,0.00891864298027625,2.9809698622535925,2.9516301377464074,2.983780219032312,2.9488197809676877,2.989272901936486,2.943327098063514
2026-04-01,SEA,7,3.78285,0.009658387965799731,3.79873663447605,3.76696336552395,3.8017800925616823,3.7639199074383174,3.807728358747351,3.7579716412526487
2026-04-01,SFG,6,2.80405,0.008888004821470653,2.8186694669669583,2.789430533033042,2.821470169344501,2.7866298306554995,2.8269439832692282,2.781156016730772
2026-04-01,STL,6,2.588,0.008775058409065097,2.602433686650862,2.573566313349138,2.605198798444003,2.570801201555997,2.6106030525904234,2.565396947409577
2026-04-01,TBR,6,3.13525,0.00885814852069893,3.1498203577223465,3.1206796422776537,3.1526116520702767,3.1178883479297235,3.158067078534805,3.1124329214651953
2026-04-01,TEX,6,2.78085,0.008919649201739632,2.7955215173406165,2.7661784826593836,2.7983321911901413,2.7633678088098588,2.8038254937912175,2.7578745062087826
2026-04-01,TOR,6,3.64715,0.008718150272976998,3.6614900810968143,3.6328099189031855,3.6642372605468427,3.630062739453157,3.669606466945877,3.624693533054123
2026-04-01,WSN,6,2.28425,0.008691454075337281,2.298546169759301,2.2699538302406994,2.301284936960945,2.267215063039055,2.3066377020977034,2.261862297902297
2026-04-02,ARI,7,3.00555,0.009494496676936443,3.0211670572951377,2.989932942704862,3.0241588715381305,2.9869411284618694,3.0300062027629004,2.9810937972370994
2026-04-02,ATL,7,3.81165,0.00961786561779442,3.827469981144961,3.7958300188550393,3.830500670219023,3.7927993297809772,3.8364239800959106,3.78687601990409
2026-04-02,CHW,7,3.1035,0.00956995123803329,3.1192411690036277,3.087758830996372,3.12225675976035,3.08474324023965,3.1281505608324602,3.0788494391675396
2026-04-02,KCR,6,2.9105,0.008929080239514931,2.9251870300173066,2.895812969982693,2.9280006756845176,2.892999324315482,2.9334997865346817,2.887500213465318
2026-04-02,MIN,6,2.81435,0.008918137727913089,2.8290190311874106,2.7996809688125897,2.8318292287558777,2.7968707712441225,2.837321600492644,2.7913783995073564
2026-04-02,NYM,7,4.0267,0.009541693125194534,4.042394688544234,4.011005311455766,4.045401374876914,4.0079986251230855,4.051277772757347,4.002122227242653
2026-04-02,SFG,7,3.25045,0.009644474618637046,3.2663137490565064,3.2345862509434933,3.269352822902339,3.2315471770976605,3.275292520340019,3.2256074796599807
2026-04-02,TOR,7,4.2708,0.009433600460104389,4.286316891932014,4.255283108067987,4.289289517146345,4.252310482853655,4.29509934450311,4.246500655496891
2026-04-03,ARI,8,3.45985,0.010205861397027812,3.4766371481350653,3.4430628518649344,3.479853120769382,3.439846879230618,3.4861385568544225,3.433561443145577
2026-04-03,ATH,7,3.1548,0.009677888771656479,3.170718710447292,3.1388812895527076,3.1737683134388313,3.1358316865611684,3.1797285894945193,3.1298714105054803
2026-04-03,ATL,8,4.35735,0.010321234193097401,4.374326919497132,4.340373080502869,4.377579247294475,4.337120752705526,4.383935737483371,4.330764262516629
2026-04-03,BAL,7,3.79375,0.009709029824756297,3.8097199329214306,3.7777800670785697,3.8127793487813477,3.7747206512186526,3.8187588035316375,3.768741196468363
2026-04-03,BOS,7,3.8416,0.009696400002508673,3.857549158712499,3.8256508412875014,3.8606045947846113,3.822595405215389,3.8665762712653935,3.8166237287346068
2026-04-03,CHC,7,4.13285,0.00952993099944815,4.14852534156904,4.117174658430961,4.15152832153407,4.11417167846593,4.157397475529178,4.1083025244708224
2026-04-03,CIN,7,3.1985,0.009642589718370462,3.214360648671467,3.1826393513285334,3.2173991285657024,3.179600871434298,3.2233376651586783,3.173662334841322
2026-04-03,CLE,8,3.2701,0.01018000398448136,3.2868446164762544,3.253355383523745,3.2900524411720573,3.2501475588279423,3.2963219525734715,3.243878047426528
2026-04-03,COL,7,2.72945,0.009351845150845174,2.744832416415056,2.714067583584944,2.747779279684652,2.711120720315348,2.753538756781799,2.705361243218201
2026-04-03,DET,7,3.78095,0.009546879700750441,3.7966532197018488,3.765246780298151,3.799661540378207,3.7622384596217926,3.805541132490649,3.7563588675093507
2026-04-03,HOU,8,4.2091,0.010344525603453197,4.226115230457933,4.192084769542068,4.229374897619921,4.18882510238008,4.235745732180687,4.182454267819313
2026-04-03,KCR,7,3.40845,0.009664139881799285,3.424346095535944,3.3925539044640565,3.427391366109884,3.3895086338901166,3.4333431747011343,3.383556825298866
2026-04-03,LAA,8,3.34865,0.010318913841783147,3.365623102858857,3.3316768971411435,3.368874699489467,3.328425300510533,3.3752297606544617,3.3220702393455386
2026-04-03,LAD,7,4.4027,0.00933600522438143,4.418056362054562,4.387343637945438,4.420998233999265,4.384401766000735,4.426747955835047,4.378652044164953
2026-04-03,MIA,7,3.6293,0.009629315224126004,3.645138814071463,3.6134611859285375,3.6481731110350704,3.61042688896493,3.6541034723274133,3.604496527672587
2026-04-03,MIL,7,3.6973,0.00962409822598113,3.713130232873142,3.6814697671268575,3.7161628859065985,3.678437114093401,3.722090034230715,3.672509965769285
2026-04-03,MIN,7,3.29925,0.009699983317450506,3.315205052741077,3.2832949472589226,3.3182616179528424,3.2802383820471572,3.3242355012730243,3.2742644987269753
2026-04-03,NYM,8,4.5789,0.010256168824173476,4.5957698964890685,4.562030103510931,4.5990017215147425,4.558798278485257,4.605318140199451,4.552481859800549
2026-04-03,NYY,7,3.76795,0.009648046129383166,3.783819623668911,3.752080376331089,3.786859822934772,3.7490401770652277,3.7928017199420565,3.7430982800579433
2026-04-03,PHI,7,4.1699,0.009452574625907643,4.185448101657454,4.154351898342546,4.188426705827957,4.151373294172044,4.194248218715396,4.145551781284604
2026-04-03,PIT,7,3.3163,0.009644032655911775,3.332163022092515,3.300436977907485,3.335201956671315,3.297398043328685,3.34114138191948,3.29145861808052
2026-04-03,SDP,7,3.4367,0.009672348898621293,3.4526095981670375,3.4207904018329627,3.4556574554872035,3.4177425445127967,3.4616143197272176,3.4117856802727826
2026-04-03,SEA,8,4.38815,0.010378818086287253,4.4052216365726995,4.371078363427301,4.408492109651216,4.367807890348785,4.414884063762862,4.3614159362371385
2026-04-03,SFG,8,3.69825,0.010382930084367192,3.7153284002076545,3.681171599792345,3.718600169019357,3.6778998309806425,3.7249946555680125,3.671505344431987
2026-04-03,STL,7,3.00145,0.00949852125176853,3.017073677131647,2.9858263228683533,3.020066759559855,2.9828332404401454,3.0259165693806875,2.976983430619313
2026-04-03,TBR,7,3.65035,0.00961219868673031,3.6661606598728467,3.6345393401271533,3.6691895632382345,3.6315104367617654,3.675109383048814,3.625590616951186
2026-04-03,TEX,7,3.3054,0.009677614624030056,3.3213182595145745,3.2894817404854257,3.3243677761193573,3.286432223880643,3.3303278833370302,3.28047211666297
2026-04-03,WSN,7,2.5984,0.009313173935905951,2.6137188079269045,2.583081192073095,2.6166534854961325,2.580146514503867,2.622389146333154,2.5744108536668455
2026-04-04,ARI,9,3.914,0.010902804389567753,3.931933517344123,3.8960664826558773,3.935369103934038,3.8926308960659624,3.9420837630375103,3.88591623696249
2026-04-04,ATH,8,3.63595,0.010357183180632251,3.6529860503196634,3.618913949680336,3.656249706015323,3.6156502939846766,3.662628335938896,3.6092716640611036
2026-04-04,ATL,9,4.9032,0.0110067045648218,4.9213044179242305,4.8850955820757695,4.924772744535523,4.881627255464477,4.931551392153573,4.874848607846427
2026-04-04,BAL,8,4.33835,0.010426835561184941,4.355500618290442,4.321199381709558,4.358786222172644,4.317913777827356,4.365207748581786,4.311492251418215
2026-04-04,BOS,8,4.3759,0.010429065047735001,4.393054285469479,4.35874571453052,4.396340591885986,4.355459408114013,4.402763491358573,4.349036508641427
2026-04-04,CHC,8,4.68645,0.010274341729760552,4.703349788258735,4.669550211741265,4.706587339755187,4.666312660244812,4.712914950502192,4.6599850494978075
2026-04-04,CHW,8,3.4772,0.01024081303962659,3.4940446384711614,3.4603553615288383,3.497271624730076,3.4571283752699236,3.5035785863196356,3.450821413680364
2026-04-04,CIN,8,3.65985,0.010338894694897304,3.6768559684375712,3.642844031562429,3.680113861241951,3.639586138758049,3.6864812279214227,3.6332187720785774
2026-04-04,CLE,9,3.7165,0.010865647270850055,3.734372399322633,3.6986276006773666,3.737796277319582,3.695203722680418,3.7444880526422817,3.688511947357718
2026-04-04,COL,8,3.0801,0.009980940860411056,3.0965171867746353,3.0636828132253644,3.09966228461823,3.06053771538177,3.1058091999452353,3.0543908000547644
2026-04-04,DET,8,4.36125,0.010274127688518762,4.378149436192222,4.344350563807778,4.381386920242063,4.341113079757937,4.38771439916849,4.33478560083151
2026-04-04,HOU,9,4.72795,0.011010812947965668,4.7460611756131454,4.709838824386854,4.74953079681852,4.70636920318148,4.756311974647265,4.6995880253527345
2026-04-04,KCR,8,3.90635,0.010380239464654323,3.923423974532062,3.8892760254679386,3.926694895501624,3.8860051044983766,3.9330877249909117,3.8796122750090887
2026-04-04,LAA,9,3.74605,0.010968545269280983,3.7640916514685583,3.7280083485314415,3.767547953690588,3.724552046309412,3.7743031003219163,3.7177968996780835
2026-04-04,LAD,8,5.0838,0.00996839237000241,5.100196546344674,5.067403453655326,5.103337690028969,5.064262309971031,5.109476877175926,5.058123122824075
2026-04-04,MIA,8,4.0282,0.010355703743831334,4.045233616862676,4.011166383137324,4.048496806372476,4.007903193627524,4.054874525162232,4.001525474837768
2026-04-04,MIL,8,4.1994,0.010352407479278921,4.216428194989971,4.182371805010028,4.21969034581267,4.17910965418733,4.226066034547405,4.172733965452594
2026-04-04,MIN,8,3.7834,0.010404548751951606,3.800513959751441,3.7662860402485587,3.803792540829216,3.7630074591707836,3.81020034156548,3.75659965843452
2026-04-04,NYM,9,5.12895,0.010956144245574562,5.1469712535997365,5.110928746400263,5.150423648130752,5.107476351869248,5.15717115740166,5.10072884259834
2026-04-04,NYY,8,4.36905,0.010312997758709103,4.386013371768155,4.352086628231844,4.389263104179712,4.348836895820288,4.395614521834316,4.342485478165683
2026-04-04,PHI,8,4.81925,0.010119984811235074,4.835895893721454,4.8026041062785465,4.839084805754114,4.799415194245887,4.845317353428249,4.7931826465717515
2026-04-04,PIT,8,3.7717,0.010306030575023058,3.7886519117707995,3.7547480882292006,3.791899448750614,3.751500551249386,3.7982465755584154,3.7451534244415847
2026-04-04,SDP,8,3.9024,0.010384801596814949,3.9194814785716927,3.8853185214283075,3.9227538371163515,3.8820461628836487,3.9291494762646173,3.875650523735383
2026-04-04,SEA,9,4.99075,0.011033780362616184,5.008898953648435,4.972601046351565,5.012375812124053,4.969124187875948,5.01917113478695,4.962328865213051
2026-04-04,SFG,9,4.1482,0.011056805625836637,4.166386826836155,4.130013173163845,4.1698709408107,4.1265290591893,4.176680443934674,4.119719556065326
2026-04-04,STL,8,3.42115,0.010187704517759038,3.437907282726346,3.404392717273654,3.4411175339399436,3.4011824660600563,3.4473917878327414,3.3949082121672585
2026-04-04,TBR,8,4.1662,0.010337273381363591,4.183203301614125,4.149196698385875,4.186460683525817,4.145939316474183,4.192827051694512,4.139572948305488
2026-04-04,TEX,8,3.84405,0.010405618372768006,3.8611657191211206,3.8269342808788798,3.8644446372474937,3.8236553627525067,3.870853096726123,3.8172469032738774
2026-04-04,TOR,8,4.8971,0.010125003964703644,4.913754149494241,4.880445850505759,4.916944643114144,4.877255356885856,4.923180281910833,4.871019718089167
2026-04-04,WSN,8,2.9173,0.00995504850061178,2.933674597632709,2.900925402367291,2.9368115365255485,2.8977884634744515,2.9429425056461262,2.8916574943538738
2026-04-05,ARI,10,4.3757,0.011592204038047437,4.394767478856344,4.3566325211436565,4.398420302416013,4.352979697583987,4.405559538853921,4.3458404611460795
2026-04-05,ATH,9,4.11645,0.011039953075226146,4.13460910685716,4.098290893142841,4.138087910418456,4.094812089581545,4.1448870346409725,4.088012965359028
2026-04-05,ATL,10,5.4415,0.01162693625949411,5.460624608276762,5.422375391723237,5.464288376319151,5.418711623680848,5.4714490031277,5.4115509968722995
2026-04-05,BAL,9,4.88635,0.011101479451735287,4.904610308740714,4.868089691259287,4.9081084999005125,4.864591500099488,4.914945516084526,4.857754483915475
2026-04-05,BOS,9,4.90625,0.01112381381706346,4.924547045502529,4.887952954497471,4.928052274452173,4.884447725547827,4.934903045597214,4.877596954402786
2026-04-05,CHC,9,5.2376,0.010918025103635185,5.255558553190861,5.219641446809138,5.258998935985429,5.21620106401457,5.265722968998825,5.209477031001174
2026-04-05,CHW,9,3.85055,0.0108904391535993,3.8684631783408925,3.832636821659108,3.8718948685168795,3.829205131483121,3.8786019123003577,3.8224980876996426
2026-04-05,CIN,9,4.12325,0.011043508039952315,4.141414954253783,4.1050850457462165,4.144894878021285,4.101605121978714,4.151696191623286,4.094803808376713
2026-04-05,CLE,10,4.16535,0.01150704521062965,4.1842774050501985,4.146422594949802,4.187903394181308,4.142796605818692,4.194990184250802,4.135709815749198
2026-04-05,COL,9,3.43195,0.010619750412789437,3.449417934983796,3.414482065016204,3.452764328333872,3.4111356716661283,3.459304664309639,3.4045953356903613
2026-04-05,DET,9,4.9464,0.010936056504361783,4.964388212205745,4.928411787794254,4.967834276881444,4.9249657231185555,4.974569414809201,4.918230585190798
2026-04-05,HOU,10,5.24745,0.011658590009561652,5.266626674062367,5.228273325937632,5.270300416529259,5.224599583470741,5.277480537784691,5.217419462215308
2026-04-05,KCR,9,4.4067,0.011056937563964763,4.424887043855064,4.388512956144936,4.428371199404679,4.385028800595321,4.435180783784771,4.3782192162152285
2026-04-05,LAA,10,4.13385,0.011593464939200231,4.152919552854178,4.114780447145821,4.15657277373686,4.1111272262631395,4.163712786720058,4.103987213279941
2026-04-05,LAD,9,5.7666,0.010595840485387614,5.784028606652989,5.749171393347011,5.787367465737291,5.74583253426271,5.793893076417992,5.739306923582009
2026-04-05,MIA,9,4.42485,0.011030127245882216,4.442992944806126,4.406707055193874,4.446468652146823,4.403231347853177,4.453261724981816,4.396438275018184
2026-04-05,MIL,9,4.69905,0.011068878935061331,4.717256685662622,4.680843314337378,4.720744604061954,4.677355395938045,4.727561542718366,4.6705384572816335
2026-04-05,MIN,9,4.2721,0.011106270614492904,4.2903681895021535,4.2538318104978465,4.293867890406962,4.250332109593038,4.300707857301955,4.243492142698045
2026-04-05,NYM,10,5.6729,0.011598362194735963,5.691977608122708,5.653822391877292,5.695632372181334,5.650167627818667,5.7027754012143745,5.643024598785626
2026-04-05,NYY,9,4.9724,0.010975560812403022,4.990453191010108,4.954346808989893,4.993911703902439,4.9508882960975615,5.0006711711634715,4.944128828836529
2026-04-05,PHI,9,5.4674,0.010753261999606523,5.485087542001612,5.4497124579983875,5.488476006235552,5.446323993764447,5.495098567367325,5.439701432632674
2026-04-05,PIT,9,4.2237,0.010939785164479817,4.241694345305865,4.205705654694135,4.245141584920986,4.202258415079014,4.251879019201197,4.195520980798803
2026-04-05,SDP,9,4.37205,0.011077570830456263,4.390270982558287,4.353829017441712,4.393761639863886,4.350338360136114,4.400583931557228,4.343516068442772
2026-04-05,SEA,10,5.60295,0.011657909770538249,5.622125555168743,5.583774444831257,5.625799083285273,5.580100916714727,5.632978785605081,5.572921214394919
2026-04-05,SFG,10,4.60425,0.011695658865442961,4.623487646904412,4.585012353095589,4.627173070151735,4.581326929848266,4.63437602082992,4.574123979170081
2026-04-05,STL,9,3.836,0.01087847034540485,3.853893491403323,3.8181065085966766,3.8573214100838804,3.8146785899161193,3.8640210826934815,3.807978917306518
2026-04-05,TBR,9,4.6775,0.011047659935004447,4.6956717835134185,4.659328216486582,4.699153015586055,4.655846984413945,4.705956886196228,4.649043113803772
2026-04-05,TEX,9,4.38065,0.011124026522500908,4.39894739537184,4.36235260462816,4.40245269134717,4.35884730865283,4.4093035934901135,4.351996406509887
2026-04-05,TOR,9,5.52375,0.010772307041899123,5.5414688683085025,5.506031131691497,5.544863333832529,5.50263666616747,5.55149762414535,5.4960023758546495
2026-04-05,WSN,9,3.2345,0.01061301650361314,3.251956858688864,3.2170431413111364,3.255301130114411,3.2136988698855893,3.261837318909055,3.2071626810909453
2026-04-06,ATL,11,6.03545,0.012234874314126521,6.055574577390886,6.015325422609114,6.059429913011062,6.011470086988938,6.066964947783565,6.003935052216435
2026-04-06,BAL,10,5.492,0.01170912700344305,5.511259800020048,5.472740199979952,5.5149494672171535,5.4690505327828465,5.522160712454444,5.461839287545556
2026-04-06,BOS,10,5.4509,0.011764624083199176,5.470251084592971,5.431548915407029,5.473958239494722,5.427841760505277,5.481203663458741,5.420596336541259
2026-04-06,CHC,10,5.7658,0.011525587184954967,5.784757903883918,5.746842096116081,5.788389735783188,5.7432102642168115,5.795487945211614,5.736112054788385
2026-04-06,CHW,10,4.2449,0.011519671637756478,4.2638481736746545,4.225951826325346,4.26747814152373,4.2223218584762705,4.274572707771795,4.215227292228206
2026-04-06,CIN,10,4.64235,0.011664631458231031,4.661536611361124,4.6231633886388765,4.665212257551066,4.619487742448935,4.67239609952521,4.6123039004747906
2026-04-06,CLE,11,4.64075,0.01214421038879427,4.660725448504469,4.62077455149553,4.664552214982714,4.6169477850172855,4.672031412987919,4.60946858701208
2026-04-06,COL,10,3.81955,0.0112470313710211,3.838049720343061,3.801050279656939,3.8415937764201935,3.7975062235798065,3.8485204329834097,3.7905795670165903
2026-04-06,DET,10,5.49385,0.01152344342470679,5.512804377712099,5.474895622287901,5.51643553409031,5.47126446590969,5.523532423251147,5.464167576748853
2026-04-06,HOU,11,5.85985,0.012245525571400606,5.879992097150045,5.839707902849955,5.883850789091709,5.8358492109082905,5.891392383604171,5.828307616395828
2026-04-06,KCR,10,4.9313,0.011717759205327527,4.950573998728627,4.912026001271373,4.9542663860219545,4.908333613978046,4.961482947533013,4.901117052466987
2026-04-06,LAA,11,4.5399,0.012191301443715694,4.559952906396955,4.519847093603046,4.563794511754354,4.516005488245646,4.571302711507121,4.50849728849288
2026-04-06,LAD,10,6.31355,0.011288631074429546,6.332118145766093,6.2949818542339075,6.335675310340642,6.291424689659358,6.342627586718469,6.284472413281532
2026-04-06,MIA,10,4.90575,0.011644317342863834,4.924903197614784,4.886596802385217,4.928572442616568,4.882927557383432,4.935743773831572,4.875756226168429
2026-04-06,MIL,10,5.1544,0.011693582384943061,5.173634231397929,5.135165768602071,5.17731900032474,5.13148099967526,5.184520672170599,5.1242793278294005
2026-04-06,MIN,10,4.72465,0.011739399880337873,4.743959594471407,4.705340405528593,4.747658800965576,4.701641199034423,4.754888690217852,4.694411309782147
2026-04-06,PHI,10,6.0201,0.011393475767495359,6.038840599939749,6.0013594000602515,6.042430802163021,5.99776919783698,6.0494476487511895,5.990752351248811
2026-04-06,PIT,10,4.71035,0.011633761691540444,4.72948583511342,4.69121416488658,4.733151753920141,4.687548246079859,4.740316584275575,4.6803834157244255
2026-04-06,SDP,10,4.8854,0.011736704371819,4.904705160754443,4.866094839245556,4.908403517865959,4.862396482134041,4.915631747048022,4.8551682529519775
2026-04-06,SEA,11,6.15345,0.012303565489775237,6.173687564320292,6.133212435679709,6.17756454524139,6.1293354547586105,6.185141884526696,6.1217581154733045
2026-04-06,SFG,11,5.05155,0.012304153749241488,5.071788531921008,5.031311468078991,5.0756656982087565,5.027434301791243,5.083243399782667,5.019856600217333
2026-04-06,STL,10,4.3749,0.011488650876188541,4.393797149062478,4.356002850937522,4.397417341948285,4.352382658051716,4.404492803585129,4.345307196414871
2026-04-06,TBR,10,5.1493,0.011644408748955679,5.168453347964426,5.130146652035575,5.172122621769216,5.126477378230784,5.1792940092780615,5.119305990721939
2026-04-06,TEX,10,4.83015,0.011783759659997572,4.849532559815871,4.8107674401841285,4.853245744536071,4.807054255463928,4.860502953438199,4.7997970465618005
2026-04-06,TOR,10,5.9768,0.011428456522248533,5.9955981381610775,5.958001861838922,5.9991993631824885,5.954400636817511,6.006237753204342,5.947362246795658
2026-04-06,WSN,10,3.6956,0.011266915246373221,3.714132426407552,3.6770675735924483,3.717682748099757,3.6735172519002433,3.7246216504522103,3.66657834954779
2026-04-07,ARI,11,4.8186,0.012186965500337037,4.838645774404762,4.798554225595238,4.842486013461492,4.7947139865385076,4.849991542857108,4.787208457142892
2026-04-07,ATH,10,4.5523,0.01169615644148861,4.571538465344174,4.533061534655825,4.575224045382863,4.529375954617136,4.582427302500879,4.522172697499121
2026-04-07,ATL,12,6.62575,0.012824491032922635,6.64684441058931,6.60465558941069,6.650885540544586,6.600614459455414,6.658783699805702,6.592716300194298
2026-04-07,BAL,11,6.09845,0.01227906424146124,6.118647263353138,6.078252736646862,6.122516523677118,6.074383476322882,6.130078773493315,6.0668212265066845
2026-04-07,BOS,11,5.9977,0.012375273446257419,6.018055513412593,5.977344486587407,6.021955090253499,5.973444909746501,6.0295765919823,5.9658234080177
2026-04-07,CHC,11,6.2951,0.012195418644384285,6.315159678589406,6.275040321410593,6.319002581319381,6.271197418680618,6.3265133167132515,6.263686683286748
2026-04-07,CHW,11,4.63845,0.01215684865923176,4.6584462366094375,4.618453763390562,4.662276985537598,4.614623014462402,4.669763967015258,4.607136032984742
2026-04-07,CIN,11,5.1631,0.012286678461788665,5.183309787631059,5.142890212368941,5.18718144727473,5.13901855272527,5.194748386425158,5.131451613574842
2026-04-07,CLE,12,5.1188,0.012720747575160186,5.139723767786537,5.097876232213464,5.1437322071037395,5.093867792896261,5.151566474367146,5.086033525632854
2026-04-07,COL,11,4.20275,0.011827050174527533,4.222203766375709,4.183296233624291,4.2259305923854225,4.1795694076145775,4.233214462414091,4.172285537585909
2026-04-07,DET,11,6.0511,0.012151000857587467,6.071086617831693,6.031113382168307,6.074915524056987,6.027284475943013,6.082398904076421,6.019801095923579
2026-04-07,HOU,12,6.47665,0.012813116235810194,6.497725700713024,6.455574299286977,6.5017632463519135,6.451536753648087,6.509654400269978,6.443645599730022
2026-04-07,KCR,11,5.45325,0.012364601329735733,5.473587959343025,5.432912040656975,5.4774841732894775,5.429015826710522,5.485099102431833,5.421400897568167
2026-04-07,LAA,12,4.9496,0.012790276445744916,4.970638132601496,4.928561867398504,4.974668481185971,4.924531518814029,4.982545568869441,4.916654431130559
2026-04-07,LAD,11,6.86485,0.011929641222265863,6.884472513632674,6.8452274863673255,6.888231667144125,6.841468332855874,6.895578719441137,6.834121280558862
2026-04-07,MIA,11,5.385,0.012296800826455994,5.405226437439296,5.364773562560703,5.4091012867449155,5.360898713255084,5.416674459908689,5.35332554009131
2026-04-07,MIL,11,5.6076,0.01230624573881935,5.627841972937653,5.587358027062346,5.631719798432985,5.583480201567014,5.639298788390724,5.575901211609275
2026-04-07,MIN,11,5.1674,0.012393003724967825,5.187784677125836,5.1470153228741635,5.191689840961208,5.143110159038792,5.199322262153762,5.135477737846237
2026-04-07,NYM,11,6.23,0.012207475214906435,6.250079509883159,6.209920490116842,6.253926211763383,6.206073788236618,6.261444372380903,6.198555627619098
2026-04-07,NYY,10,5.53655,0.011600428154670361,5.5556310063244,5.5174689936756005,5.559286421388398,5.513813578611602,5.566430722774514,5.506669277225487
2026-04-07,PHI,11,6.5715,0.012071316139247874,6.59135554813372,6.551644451866281,6.595159344878923,6.547840655121077,6.602593649843878,6.540406350156123
2026-04-07,PIT,11,5.1813,0.012269435294752676,5.201481425145221,5.16111857485478,5.20534765128836,5.157252348711641,5.212903970970221,5.149696029029779
2026-04-07,SDP,11,5.41445,0.012366960295899222,5.434791839497075,5.394108160502926,5.4386887967782,5.390211203221801,5.4463051787260035,5.382594821273997
2026-04-07,SEA,12,6.694,0.0128647376605104,6.71516061040067,6.67283938959933,6.719214422485156,6.668785577514844,6.727137368248412,6.660862631751588
2026-04-07,SFG,12,5.50015,0.012918333601597071,5.521398767878756,5.478901232121244,5.525469468599404,5.474830531400595,5.533425422244013,5.466874577755986
2026-04-07,STL,11,4.91645,0.012111391504084426,4.936371466242923,4.896528533757078,4.9401878911506705,4.89271210884933,4.947646877142974,4.885253122857026
2026-04-07,TBR,11,5.62,0.012310872344350467,5.640249583026542,5.599750416973459,5.644128866413197,5.595871133586803,5.651710705736828,5.588289294263173
2026-04-07,TEX,11,5.2896,0.012388876713137086,5.3099778887954585,5.269222111204542,5.3138817521666555,5.265318247833345,5.321511631675754,5.257688368324247
2026-04-07,TOR,11,6.4255,0.01204926332757885,6.445319274486462,6.405680725513539,6.449116122162295,6.401883877837706,6.456536845565355,6.3944631544346455
2026-04-07,WSN,11,4.15405,0.011932436843639753,4.17367711202063,4.13442288797937,4.177437146461332,4.130662853538667,4.184785920484593,4.123314079515406
2026-04-08,ARI,12,5.259,0.012775919192197503,5.280014517020925,5.2379854829790755,5.284040341486102,5.233959658513899,5.291908587035035,5.226091412964966
2026-04-08,ATH,11,4.9915,0.012306053772350096,5.01174165718091,4.97125834281909,5.01561942218562,4.967380577814381,5.0231982939178685,4.959801706082132
2026-04-08,ATL,13,7.22175,0.013387412297206672,7.243770333672555,7.199729666327445,7.247988845948714,7.195511154051286,7.256233688893836,7.187266311106164
2026-04-08,BAL,12,6.7101,0.012889383472855294,6.731301149154494,6.688898850845505,6.735362727389722,6.684837272610277,6.743300851654059,6.676899148345941
2026-04-08,BOS,12,6.54755,0.012941805298768006,6.5688373753849785,6.526262624615022,6.572915472280515,6.522184527719485,6.580885881329391,6.514214118670609
2026-04-08,CHC,12,6.82605,0.01284436914628112,6.847177107176164,6.8049228928238366,6.851224500930849,6.800875499069152,6.859134902432591,6.79296509756741
2026-04-08,CHW,12,5.0268,0.012720541600455939,5.047723428988297,5.005876571011703,5.051731803400737,5.001868196599262,5.059565943811467,4.994034056188532
2026-04-08,CIN,12,5.6896,0.012925205802897367,5.710860071643991,5.66833992835601,5.714932937866448,5.664267062133553,5.722893123861504,5.656306876138497
2026-04-08,CLE,13,5.59625,0.013357608998653436,5.618221311608835,5.574278688391166,5.622430432556929,5.570069567443071,5.63065692068408,5.561843079315921
2026-04-08,COL,12,4.5897,0.012449917490581068,4.610178291939628,4.569221708060371,4.614101389892034,4.565298610107965,4.621768862299004,4.557631137700995
2026-04-08,DET,12,6.6013,0.012821861624069068,6.62239008559662,6.5802099144033805,6.6264303869979315,6.576169613002069,6.634326926897327,6.568273073102674
2026-04-08,HOU,13,7.0897,0.013388863229674506,7.111722720244087,7.067677279755912,7.115941689724094,7.063458310275905,7.124187426248204,7.0552125737517954
2026-04-08,KCR,12,5.9758,0.012952571422513848,5.997105084082669,5.95449491591733,6.00118657349531,5.9504134265046895,6.009163613026421,5.942436386973578
2026-04-08,LAA,13,5.3536,0.013325998315756874,5.375519316662422,5.331680683337578,5.379718476756925,5.327481523243075,5.38792549696077,5.31927450303923
2026-04-08,LAD,12,7.4157,0.01257666824438038,7.436386778376734,7.395013221623266,7.440349816804495,7.391050183195506,7.448095350604888,7.383304649395113
2026-04-08,MIA,12,5.8585,0.012887287985048642,5.879697702383775,5.837302297616225,5.8837586203090915,5.833241379690909,5.891695454035162,5.825304545964839
2026-04-08,MIL,12,6.05775,0.012922426100768216,6.0790054994408615,6.036494500559139,6.083077489750386,6.0324225102496145,6.0910359638233045,6.024464036176696
2026-04-08,MIN,12,5.6172,0.013026576395378388,5.638626811430699,5.595773188569302,5.642731620576802,5.591668379423199,5.650754237204135,5.583645762795866
2026-04-08,NYM,12,6.7896,0.012789048830483783,6.8106361133540805,6.76856388664592,6.814666075104272,6.764533924895728,6.822542406742078,6.7566575932579225
2026-04-08,NYY,11,6.09735,0.012208443847602278,6.117431103142161,6.077268896857838,6.121278110248579,6.07342188975142,6.128796867413385,6.065903132586614
2026-04-08,PHI,12,7.12425,0.012670975674991551,7.145091900296023,7.103408099703977,7.149084655971967,7.099415344028033,7.156888270448198,7.0916117295518015
2026-04-08,PIT,12,5.66455,0.012889510147736127,5.685751357516132,5.643348642483868,5.689812975667927,5.639287024332074,5.697751177946929,5.631348822053071
2026-04-08,SDP,12,5.9312,0.012990256553981857,5.952567070607847,5.909832929392152,5.956660434995739,5.90573956500426,5.964660683492364,5.897739316507635
2026-04-08,SEA,13,7.2422,0.01350837080495242,7.264419292712732,7.219980707287269,7.268675920267519,7.215724079732482,7.276995257362601,7.2074047426374
2026-04-08,SFG,13,5.9474,0.013541263984263573,5.969673397178023,5.925126602821977,5.973940389714306,5.920859610285694,5.982279984577757,5.912520015422243
2026-04-08,STL,12,5.4642,0.012696219031620583,5.485083421922732,5.443316578077268,5.489084132041809,5.439315867958191,5.496903293025923,5.431496706974077
2026-04-08,TBR,12,6.08905,0.012964929978425205,6.110375412098185,6.067724587901815,6.114460795819797,6.063639204180204,6.122445446556887,6.055654553443113
2026-04-08,TEX,12,5.7414,0.013000952012743618,5.762784663071983,5.720015336928016,5.76688139770971,5.715918602290289,5.774888233168458,5.7079117668315416
2026-04-08,TOR,12,6.87465,0.012660761573427574,6.89547509959402,6.8538249004059795,6.899464636700767,6.849835363299233,6.90726196066608,6.84203803933392
2026-04-08,WSN,12,4.6063,0.012493110877238287,4.6268493387383325,4.585750661261668,4.630786047374253,4.5818139526257475,4.638480121090076,4.574119878909924
2026-04-09,ARI,13,5.7028,0.013386469582320558,5.724818783044555,5.680781216955444,5.729036998261489,5.6765630017385105,5.737281260621208,5.668318739378792
2026-04-09,ATH,12,5.42885,0.012883135590147766,5.450040872301962,5.407659127698038,5.454100481764636,5.403599518235364,5.462034758174696,5.395665241825303
2026-04-09,CHW,13,5.45645,0.013273996377278005,5.478283781085307,5.434616218914694,5.48246655483038,5.43043344516962,5.4906415488437945,5.422258451156206
2026-04-09,CIN,13,6.2148,0.013495264136270396,6.236997734161212,6.192602265838788,6.241250231668945,6.188349768331055,6.249561496821338,6.180038503178663
2026-04-09,COL,13,4.9766,0.01301580164855888,4.998009088549313,4.955190911450687,5.002110502461093,4.9510894975389075,5.010126483295538,4.943073516704462
2026-04-09,DET,13,7.1483,0.013442447339287733,7.170410858261132,7.126189141738868,7.17464671264908,7.1219532873509195,7.18292544976795,7.11367455023205
2026-04-09,KCR,13,6.54615,0.013525814439722726,6.568397984938651,6.523902015061349,6.5726601091634285,6.519639890836571,6.580990189188203,6.511309810811797
2026-04-09,MIA,13,6.3333,0.013539561347624008,6.355570596589971,6.311029403410029,6.359837052607814,6.306762947392187,6.368175598876408,6.298424401123593
2026-04-09,MIN,13,6.0702,0.013620494627350892,6.092603719988671,6.047796280011329,6.0968956789212285,6.043504321078771,6.105284069189961,6.035115930810039
2026-04-09,NYM,13,7.3458,0.013381146092675971,7.367810026683305,7.3237899733166945,7.372026564413513,7.319573435586486,7.3802675482205835,7.311332451779416
2026-04-09,NYY,12,6.66,0.012780382111202528,6.681021857869437,6.638978142130563,6.685049088646617,6.634950911353383,6.692920082752588,6.627079917247412
2026-04-09,SDP,13,6.5443,0.013524644960259175,6.566546061316113,6.522053938683887,6.570807817025799,6.5177921829742,6.579137176808731,6.509462823191269
2026-04-10,ARI,14,6.1443,0.013920257331608829,6.1671967857599945,6.121403214240006,6.171583203025484,6.117016796974517,6.1801562067477,6.108443793252301
2026-04-10,ATH,13,5.87545,0.013481318636268792,5.897624795854955,5.853275204145045,5.901872898991195,5.849027101008804,5.910175575593781,5.840724424406218
2026-04-10,ATL,14,7.78985,0.013951311079215566,7.812797864629377,7.766902135370624,7.817194067252378,7.762505932747623,7.82578619590077,7.753913804099231
2026-04-10,BAL,13,7.2499,0.013464269895846264,7.272046753172437,7.227753246827564,7.276289484073986,7.223510515926015,7.2845816609486125,7.215218339051388
2026-04-10,BOS,13,7.13225,0.013504151768280319,7.154462353014959,7.110037646985041,7.158717651107592,7.105782348892408,7.167034389844308,7.097465610155692
2026-04-10,CHC,13,7.3671,0.013429292490479128,7.389189220460357,7.345010779539643,7.393420929619193,7.3407790703808065,7.401691565122905,7.332508434877094
2026-04-10,CHW,14,5.8862,0.013835716437990008,5.908957728364499,5.8634422716355,5.913317505918769,5.85908249408123,5.921838443836568,5.850561556163432
2026-04-10,CIN,14,6.74795,0.014053323972311063,6.77106566090658,6.72483433909342,6.775494008848804,6.720405991151197,6.7841489637001455,6.711751036299855
2026-04-10,CLE,14,6.02815,0.013956812619861494,6.051106913858462,6.005193086141539,6.055504850073903,6.000795149926097,6.06410036693038,5.99219963306962
2026-04-10,COL,14,5.36915,0.013553342706872232,5.391443264908715,5.3468567350912855,5.395714063575599,5.342585936424402,5.404061097305402,5.334238902694598
2026-04-10,DET,14,7.73175,0.013985863473302405,7.754754698260109,7.70874530173989,7.759161788700367,7.704338211299633,7.767775196969967,7.695724803030033
2026-04-10,HOU,14,7.5488,0.013949396305319536,7.571744715106588,7.525855284893412,7.576140314364502,7.521459685635498,7.584731263770059,7.512868736229941
2026-04-10,KCR,14,7.1164,0.014111254670489768,7.139610948425591,7.0931890515744085,7.144057550930833,7.088742449069167,7.152748183290089,7.0800518167099105
2026-04-10,LAA,14,5.82045,0.013900009006742372,5.843313480229399,5.797586519770602,5.847693517037998,5.7932064829620025,5.856254050519161,5.784645949480839
2026-04-10,LAD,13,8.0194,0.013123063390063973,8.04098551841386,7.997814481586138,8.04512073161136,7.993679268388638,8.053202771232456,7.985597228767543
2026-04-10,MIA,14,6.74985,0.01405075158331407,6.772961429703209,6.726738570296792,6.777388967059015,6.722311032940985,6.786042337665187,6.713657662334814
2026-04-10,MIL,13,6.6389,0.013507200365845056,6.66111736751172,6.6166826324882795,6.665373626249022,6.612426373750977,6.673692242511249,6.60410775748875
2026-04-10,MIN,14,6.49955,0.014193134330658155,6.522895628481593,6.476204371518407,6.527368032115829,6.471731967884171,6.5361090913181155,6.462990908681885
2026-04-10,NYM,14,7.8992,0.01393724077190374,7.922124721033362,7.876275278966639,7.926516489956795,7.871883510043206,7.935099953190886,7.8633000468091145
2026-04-10,NYY,13,7.21195,0.013334738491531474,7.2338836929722445,7.190016307027755,7.238085607186662,7.185814392813338,7.246298010161648,7.177601989838352
2026-04-10,PHI,13,7.68275,0.013225500654734351,7.704504012720189,7.6609959872798115,7.70867150496079,7.6568284950392105,7.716816632140571,7.64868336785943
2026-04-10,PIT,13,6.1235,0.013505610225953446,6.145714751964352,6.101285248035648,6.149970509632104,6.097029490367896,6.15828814658232,6.08871185341768
2026-04-10,SDP,14,7.15175,0.014017521942949541,7.174806771808732,7.128693228191268,7.179223838160681,7.124276161839319,7.187856743783789,7.11564325621621
2026-04-10,SEA,14,7.7831,0.01409459656686276,7.806283548283422,7.759916451716578,7.810724901647673,7.755475098352327,7.819405274858625,7.746794725141375
2026-04-10,SFG,14,6.4076,0.014102767685912591,6.430796988578228,6.384403011421773,6.435240916746724,6.379959083253277,6.443926322266517,6.371273677733484
2026-04-10,STL,13,5.8795,0.013291644777492522,5.90136281012041,5.857637189879591,5.905551145059185,5.853448854940815,5.913737008110228,5.845262991889772
2026-04-10,TBR,13,6.5371,0.013525543483214513,6.559347539254855,6.514852460745145,6.563609578098431,6.5105904219015684,6.571939491250489,6.502260508749511
2026-04-10,TEX,13,6.1377,0.01354385865643042,6.1599776650339475,6.115422334966052,6.164245475178304,6.111154524821695,6.172586668010358,6.102813331989641
2026-04-10,TOR,13,7.4453,0.013230047135492789,7.467061491015554,7.4235385089844454,7.471230415899333,7.419369584100666,7.479378343098935,7.4112216569010645
2026-04-10,WSN,13,5.02515,0.01305505249299214,5.04662365044314,5.00367634955686,5.050737432702545,4.999562567297455,5.058777586770819,4.991522413229181
2026-04-11,ARI,15,6.5883,0.014440068603682764,6.612051799216196,6.564548200783805,6.616602014397506,6.559997985602495,6.625495151854623,6.5511048481453775
2026-04-11,ATH,14,6.31125,0.01404683371980598,6.334354985391207,6.288145014608793,6.338781288187643,6.283718711812358,6.347432245917555,6.275067754082445
2026-04-11,ATL,15,8.3551,0.014486051628535284,8.378927434561403,8.331272565438598,8.383492139470118,8.326707860529883,8.392413596277503,8.317786403722497
2026-04-11,BAL,14,7.7902,0.013998714090937444,7.8132258356451345,7.767174164354865,7.81763697544811,7.762763024551889,7.826258297967439,7.75414170203256
2026-04-11,BOS,14,7.7146,0.014049811808725172,7.737709883911567,7.691490116088433,7.742137125134667,7.687062874865333,7.750789916966261,7.6784100830337385
2026-04-11,CHC,14,7.9059,0.014047317390031927,7.929005780957932,7.882794219042068,7.933432236163866,7.878367763836134,7.9420834917694965,7.869716508230503
2026-04-11,CHW,15,6.32085,0.014381258808089274,6.344505065710614,6.2971949342893865,6.3490367493162045,6.292663250683796,6.3578936678597975,6.283806332140203
2026-04-11,CIN,15,7.2814,0.014647744871532002,7.305493396278599,7.257306603721401,7.310109052402933,7.252690947597066,7.319130090471,7.243669909528999
2026-04-11,CLE,15,6.4629,0.014474690163618895,6.486708746614628,6.439091253385373,6.491269871408069,6.434530128591931,6.500184331083241,6.42561566891676
2026-04-11,COL,15,5.7636,0.014070737410760138,5.786744303463971,5.74045569653603,5.79117813856101,5.73602186143899,5.799843817745178,5.727356182254822
2026-04-11,DET,15,8.3231,0.014507957938392895,8.346963467234625,8.299236532765375,8.351535075048472,8.294664924951528,8.360470023192368,8.285729976807632
2026-04-11,HOU,15,8.0149,0.014538379129854367,8.038813505641738,7.990986494358264,8.043394699488104,7.986405300511898,8.052348382988784,7.977451617011218
2026-04-11,KCR,15,7.68175,0.014685507484642963,7.705905510249738,7.657594489750262,7.710533065764594,7.6529669342354065,7.71957736051643,7.64392263948357
2026-04-11,LAA,15,6.287,0.014406141983416028,6.3106959948918,6.2633040051082,6.315235519443665,6.2587644805563345,6.324107762671969,6.249892237328031
2026-04-11,LAD,14,8.6161,0.013671517290310194,8.638587644800896,8.593612355199102,8.642895681503024,8.589304318496975,8.651315494860356,8.580884505139643
2026-04-11,MIA,15,7.1585,0.014603237662501831,7.182520188434401,7.134479811565599,7.187121819876182,7.129878180123818,7.196115447497761,7.120884552502239
2026-04-11,MIL,14,7.22585,0.014054250779506105,7.248967185368756,7.202732814631244,7.253395825357527,7.198304174642474,7.262051350997277,7.189648649002724
2026-04-11,MIN,15,6.9283,0.014705059246340042,6.952487670035879,6.904112329964121,6.9571213865133545,6.899478613486646,6.966177722517146,6.8904222774828545
2026-04-11,NYM,15,8.4634,0.014467324810563944,8.487196631686942,8.439603368313058,8.491755435581348,8.435044564418652,8.50066535919101,8.42613464080899
2026-04-11,NYY,14,7.766,0.013885850382387219,7.788840191364775,7.743159808635225,7.793215766644191,7.738784233355809,7.801767580319649,7.730232419680351
2026-04-11,PHI,14,8.23875,0.013750340921910744,8.261367298137223,8.216132701862776,8.265700172982092,8.211799827017908,8.274168531080445,8.203331468919554
2026-04-11,PIT,14,6.5847,0.014048350910628813,6.6078074809480345,6.561592519051965,6.6122342618270125,6.557165738172987,6.620886153942135,6.5485138460578645
2026-04-11,SDP,15,7.7573,0.014551303121065359,7.781234763715554,7.733365236284445,7.7858200300454135,7.728779969954586,7.794781672984063,7.719818327015937
2026-04-11,SEA,15,8.317,0.014666843757785451,8.341124811150925,8.292875188849075,8.345746485532135,8.288253514467865,8.354779285941877,8.279220714058123
2026-04-11,SFG,15,6.8673,0.014676181554316181,6.891440170459416,6.843159829540585,6.896064787277031,6.838535212722969,6.905103338511812,6.8294966614881885
2026-04-11,STL,14,6.29715,0.013864422273764247,6.319954945262588,6.274345054737412,6.324323768323033,6.269976231676967,6.3328623851695385,6.261437614830462
2026-04-11,TBR,14,6.98305,0.014100109060882313,7.006242615529204,6.959857384470797,7.010685705937417,6.955414294062584,7.019369474102256,6.9467305258977445
2026-04-11,TEX,14,6.541,0.014055099689840827,6.564118581701999,6.517881418298002,6.568547489191208,6.513452510808793,6.577203537645393,6.504796462354608
2026-04-11,TOR,14,8.01655,0.013806097757576649,8.039259009970596,7.993840990029404,8.04360945437189,7.989490545628111,8.052112151171627,7.980987848828374
2026-04-11,WSN,14,5.4382,0.013625832861372485,5.460612500602263,5.415787499397737,5.464906141667653,5.4114938583323475,5.473297819569583,5.403102180430417
2026-04-12,ARI,16,7.03295,0.01496544062484148,7.057565959290697,7.008334040709302,7.062281724637462,7.003618275362538,7.071498420501987,6.994401579498012
2026-04-12,ATH,15,6.75215,0.014600228669745535,6.776165239081752,6.728134760918248,6.780765922358751,6.72353407764125,6.789757696846046,6.714542303153955
2026-04-12,ATL,16,8.9163,0.015047459479986638,8.94105086830206,8.89154913169794,8.9457924786396,8.8868075213604,8.955059687072515,8.877540312927485
2026-04-12,BAL,15,8.3329,0.014522548836937526,8.356787467127017,8.309012532872984,8.361363672684123,8.304436327315878,8.370307606856404,8.295492393143597
2026-04-12,BOS,15,8.3045,0.014581139118083333,8.328483839563464,8.280516160436537,8.333078507525013,8.275921492474989,8.342058525419484,8.266941474580518
2026-04-12,CHC,15,8.4443,0.014567102852807661,8.468260751961616,8.420339248038385,8.472850996950594,8.415749003049406,8.481822370396072,8.406777629603928
2026-04-12,CHW,16,6.7484,0.014924845377774587,6.7729491860513225,6.723850813948678,6.777652159415267,6.719147840584733,6.786843854075008,6.709956145924992
2026-04-12,CIN,16,7.81015,0.015205653865272369,7.835161074910462,7.785138925089538,7.839952533937316,7.780347466062684,7.84931716880579,7.77098283119421
2026-04-12,CLE,16,6.9017,0.015036560790553787,6.926432941553219,6.876967058446781,6.931171117600832,6.872228882399168,6.940431613908903,6.862968386091097
2026-04-12,COL,16,6.14725,0.014644934126850128,6.171338773015014,6.123161226984985,6.175953543444588,6.1185464565554115,6.184972850472484,6.109527149527516
2026-04-12,DET,16,8.90785,0.015040586086868162,8.93258956257646,8.88311043742354,8.937329007036636,8.878370992963363,8.946591982385105,8.869108017614895
2026-04-12,HOU,16,8.4753,0.015089926467482827,8.50012072028047,8.45047927971953,8.504875712405624,8.445724287594377,8.514169074783341,8.43643092521666
2026-04-12,KCR,16,8.2542,0.015233046979708799,8.279256132574098,8.229143867425904,8.284056223455037,8.224343776544965,8.293437728792671,8.21496227120733
2026-04-12,LAA,16,6.75825,0.01497653370119684,6.782884205777575,6.733615794222426,6.787603466667597,6.728896533332404,6.796826994373131,6.71967300562687
2026-04-12,LAD,15,9.2146,0.014253508344439496,9.238044934897134,9.191155065102867,9.242536363008444,9.186663636991558,9.251314604471986,9.177885395528016
2026-04-12,MIA,16,7.57375,0.015138015221628043,7.598649819242142,7.548850180757859,7.603419964631811,7.54408003536819,7.612742943205439,7.534757056794562
2026-04-12,MIL,15,7.805,0.014564832876412841,7.8289570181827095,7.78104298181729,7.833546547878614,7.776453452121386,7.842516523324356,7.767483476675643
2026-04-12,MIN,16,7.3553,0.015253023576865421,7.380388991152383,7.330211008847616,7.385195376865997,7.325404623134003,7.394589185097012,7.316010814902987
2026-04-12,NYM,16,9.0225,0.014971168768493477,9.04712538124856,8.997874618751442,9.051842951592718,8.993157048407284,9.061063175222262,8.98393682477774
2026-04-12,NYY,15,8.3207,0.014455207475202746,8.344476700443924,8.296923299556077,8.349031686040451,8.29236831395955,8.357934147003506,8.283465852996494
2026-04-12,PHI,15,8.7941,0.014313298118363597,8.817643280323628,8.770556719676373,8.822153548811977,8.766046451188023,8.830968612723712,8.757231387276288
2026-04-12,PIT,15,7.0463,0.014627662626875725,7.070360363925639,7.02223963607436,7.074969691926679,7.01763030807332,7.083978362036733,7.008621637963266
2026-04-12,SDP,16,8.37365,0.01507690782396964,8.398449306517469,8.34885069348253,8.403200196333211,8.344099803666788,8.412485540979887,8.334814459020112
2026-04-12,SEA,16,8.8566,0.01521917879421087,8.881633321438882,8.831566678561119,8.88642904231093,8.826770957689071,8.895802006714078,8.817397993285923
2026-04-12,SFG,16,7.3246,0.01523904043625033,7.349665990932826,7.299534009067174,7.354467970414,7.294732029586,7.36385316691366,7.28534683308634
2026-04-12,STL,15,6.70725,0.014430966167039032,6.730986827040268,6.683513172959732,6.735534173949513,6.678965826050487,6.7444217055315825,6.670078294468418
2026-04-12,TBR,15,7.42835,0.014648858089529228,7.452445227359259,7.404254772640741,7.457061234270116,7.399638765729884,7.4660829579305386,7.3906170420694615
2026-04-12,TEX,15,6.9425,0.014634561695513807,6.966571711883711,6.918428288116289,6.971183213852736,6.9138167861472635,6.9801961328598985,6.904803867140101
2026-04-12,TOR,15,8.58955,0.014364169183869221,8.613176955780231,8.565923044219767,8.617703254268223,8.561396745731775,8.626549647904943,8.552550352095055
2026-04-12,WSN,15,5.85905,0.014197331900278136,5.8824025328692064,5.835697467130793,5.886876259201107,5.831223740798893,5.895619903540946,5.822480096459054
2026-04-13,ARI,17,7.4871,0.015438056748820681,7.51249334363638,7.46170665636362,7.517358035218974,7.456841964781026,7.526865798963463,7.447334201036536
2026-04-13,ATH,16,7.2325,0.015118320531090237,7.2573674243589785,7.207632575641021,7.262131363747669,7.20286863625233,7.271442213044427,7.193557786955573
2026-04-13,ATL,17,9.4986,0.01555737778676663,9.524189609278418,9.473010390721582,9.529091900155946,9.468108099844054,9.538673149589535,9.458526850410465
2026-04-13,BAL,16,8.87875,0.015094496151435575,8.903578236741694,8.853921763258306,8.908334668821592,8.849165331178408,8.917630845509175,8.839869154490826
2026-04-13,BOS,16,8.86675,0.015065227178124415,8.891530093564786,8.841969906435214,8.896277302688038,8.837222697311962,8.905555453630035,8.827944546369965
2026-04-13,CHC,16,8.92105,0.015134473809481299,8.945943994137526,8.896156005862473,8.950713023591547,8.891386976408452,8.960033821132255,8.882066178867744
2026-04-13,CLE,17,7.4181,0.015553350598367603,7.443682985142972,7.392517014857027,7.448584007011725,7.387615992988275,7.458162776239645,7.378037223760355
2026-04-13,HOU,17,8.9265,0.015633365204119704,8.952214597457454,8.900785402542548,8.957140832757236,8.895859167242765,8.966768880205853,8.886231119794148
2026-04-13,LAA,17,7.1459,0.015474903331900195,7.1713539508721995,7.120446049127801,7.176230253194763,7.115569746805237,7.185760709471896,7.106039290528105
2026-04-13,LAD,16,9.7724,0.014814718552651944,9.796768043543594,9.748031956456405,9.801436314804295,9.743363685195703,9.810560186171749,9.73423981382825
2026-04-13,MIA,17,7.99145,0.01564052672318958,8.01717637710807,7.965723622891931,8.022104869076689,7.960795130923312,8.031737327056533,7.951162672943469
2026-04-13,MIN,17,7.79305,0.015727792376797535,7.818919916334915,7.767180083665085,7.823875906614846,7.762224093385154,7.833562108484288,7.752537891515712
2026-04-13,NYM,17,9.4647,0.0154999905801713,9.490195215723508,9.439204784276493,9.495079423297847,9.434320576702154,9.504625329941138,9.424774670058863
2026-04-13,NYY,16,8.93305,0.015009152161512333,8.95773785837033,8.90836214162967,8.962467397675045,8.903632602324954,8.971711013959048,8.894388986040951
2026-04-13,PHI,16,9.31735,0.014860450549176724,9.341793265983945,9.292906734016054,9.346475947870424,9.288224052129575,9.355627983988509,9.27907201601149
2026-04-13,PIT,16,7.6215,0.015147552934979134,7.64641550738454,7.59658449261546,7.651188658206474,7.591811341793527,7.660517510726978,7.582482489273023
2026-04-13,SEA,17,9.4054,0.015756901852769158,9.431317797162047,9.379482202837954,9.43628296013936,9.37451703986064,9.445987089525508,9.364812910474493
2026-04-13,STL,16,7.19085,0.01500008546652981,7.215522944984204,7.166177055015797,7.220249627279421,7.161450372720579,7.229487659700426,7.152212340299575
2026-04-13,TEX,16,7.46215,0.015241718550551278,7.487220396038848,7.437079603961153,7.492023219421577,7.432276780578424,7.5014100652789555,7.422889934721045
2026-04-13,WSN,16,6.28385,0.014747366989285098,6.30810726008031,6.2595927399196905,6.312754308165794,6.254945691834206,6.321836700041191,6.24586329995881
2026-04-14,ARI,18,7.94835,0.015959224565041872,7.9746005884091415,7.922099411590858,7.979629505368669,7.91707049463133,7.989458238296552,7.907241761703447
2026-04-14,ATH,17,7.7151,0.01568403324865605,7.740897938974279,7.68930206102572,7.745840140299694,7.684359859700305,7.755499392439723,7.674700607560276
2026-04-14,ATL,18,10.0864,0.016055828894269982,10.112809488390452,10.059990511609547,10.117868846374707,10.054931153625292,10.127757074558627,10.045042925441372
2026-04-14,BAL,17,9.4175,0.01561319557598009,9.443181421371454,9.391818578628547,9.448101301012501,9.3868986989875,9.45771692668665,9.37728307331335
2026-04-14,BOS,17,9.4255,0.01563104935649552,9.451210788227089,9.39978921177291,9.456136293779299,9.3948637062207,9.46576291497768,9.38523708502232
2026-04-14,CHC,17,9.39865,0.01567430040096381,9.424431929864452,9.372868070135548,9.42937106426875,9.36792893573125,9.43902432228543,9.35827567771457
2026-04-14,CHW,17,7.18105,0.015448640001595427,7.206460751538092,7.155639248461908,7.211328778013252,7.150771221986748,7.2208430596160875,7.141256940383912
2026-04-14,CIN,17,8.28625,0.01571218923382498,8.312094251448606,8.260405748551396,8.317045325016576,8.255454674983426,8.326721917451392,8.24577808254861
2026-04-14,CLE,18,7.933,0.016096071078844355,7.959475680893705,7.906524319106294,7.964547719607132,7.901452280392868,7.974460731556893,7.891539268443107
2026-04-14,COL,17,6.5355,0.015154486808319191,6.560426912591252,6.510573087408748,6.565202248348493,6.505797751651507,6.574535371201113,6.496464628798886
2026-04-14,DET,17,9.4477,0.01557515215875075,9.47331884551864,9.422081154481358,9.478226737284881,9.417173262715117,9.487818933337742,9.407581066662257
2026-04-14,HOU,18,9.53825,0.016120013635756644,9.564765062895281,9.511734937104718,9.569844646156378,9.506655353843621,9.57977240349659,9.49672759650341
2026-04-14,KCR,17,8.71435,0.015760080040442225,8.740273024815567,8.688426975184433,8.745239189272734,8.683460810727265,8.754945275994446,8.673754724005553
2026-04-14,LAA,18,7.53925,0.015984859951290883,7.5655427548671925,7.5129572451328075,7.570579749802447,7.507920250197553,7.58042427067566,7.49807572932434
2026-04-14,LAD,17,10.32595,0.015347869810836516,10.351194999324335,10.300705000675666,10.35603127206865,10.295868727931351,10.365483492805806,10.286416507194195
2026-04-14,MIA,18,8.40365,0.01616582508163527,8.430240416018192,8.37705958398181,8.43533443494038,8.371965565059622,8.445290405961323,8.362009594038678
2026-04-14,MIL,16,8.24775,0.015082767364398612,8.272558944603796,8.222941055396204,8.277311680821418,8.218188319178582,8.286600634155828,8.208899365844172
2026-04-14,MIN,18,8.2343,0.016226162205432198,8.260989661755108,8.20761033824489,8.266102693529952,8.202497306470047,8.27609582409289,8.192504175907109
2026-04-14,NYM,18,9.91115,0.01602734000563983,9.937512628338661,9.884787371661337,9.94256300917903,9.879736990820968,9.952433692044467,9.869866307955531
2026-04-14,NYY,17,9.5397,0.015512518409702906,9.565215822169352,9.514184177830648,9.570103977392533,9.509296022607467,9.579657599491554,9.499742400508445
2026-04-14,PHI,17,9.83975,0.015433742478587142,9.86513624729334,9.814363752706662,9.869999579404697,9.809500420595304,9.879504686139773,9.799995313860228
2026-04-14,PIT,17,8.1966,0.015676884583217136,8.222386180466005,8.170813819533995,8.227326129172896,8.165873870827104,8.236980978697805,8.156219021302196
2026-04-14,SDP,17,8.8324,0.015563502919688653,8.85799968422552,8.80680031577448,8.862903905195873,8.801896094804126,8.872488926886403,8.792311073113597
2026-04-14,SEA,18,9.94665,0.0162674036126241,9.973407497833309,9.919892502166691,9.97853352520272,9.91476647479728,9.988552054918054,9.904747945081946
2026-04-14,SFG,17,7.8485,0.01572719793026518,7.87436893855738,7.822631061442619,7.879324741521052,7.817675258478947,7.88901057729149,7.807989422708509
2026-04-14,STL,17,7.67595,0.015562589424144025,7.70154818165906,7.6503518183409405,7.706452114777506,7.645447885222494,7.716036573877811,7.63586342612219
2026-04-14,TBR,16,7.9957,0.015191300611886888,8.020687465909573,7.970712534090428,8.02547440207762,7.96592559792238,8.034830197275118,7.956569802724881
2026-04-14,TEX,17,7.97955,0.015769877118297946,8.00548913957461,7.953610860425388,8.010458391192486,7.948641608807513,8.020170511594676,7.938929488405322
2026-04-14,TOR,16,9.1468,0.014926943045427398,9.17135263640757,9.12224736359243,9.176056270768319,9.117543729231683,9.185249257308818,9.108350742691183
2026-04-14,WSN,17,6.70875,0.015246730633639143,6.733828640181894,6.683671359818106,6.738633042923916,6.678866957076084,6.7480229755494445,6.669477024450556
2026-04-15,ARI,19,8.4036,0.016459006560082704,8.430672656636371,8.37652734336363,8.435859060079071,8.37134093992093,8.445995591404765,8.361204408595237
2026-04-15,ATH,18,8.20365,0.016187554964286154,8.230276158494481,8.177023841505518,8.235377024727763,8.171922975272237,8.245346378429817,8.161953621570182
2026-04-15,ATL,19,10.66835,0.016572466509464163,10.695609281645623,10.641090718354377,10.700831437493546,10.635868562506454,10.71103784486716,10.62566215513284
2026-04-15,BAL,18,9.96225,0.01612867798635958,9.988779314483795,9.935720685516204,9.993861627971508,9.93063837202849,10.003794721384768,9.92070527861523
2026-04-15,BOS,18,9.9827,0.016133290106251762,10.009236900745927,9.956163099254072,10.014320667560389,9.95107933243961,10.024256601418339,9.94114339858166
2026-04-15,CHC,18,9.8788,0.01615405756083543,9.905371060168923,9.852228939831077,9.910461371023425,9.847138628976575,9.920410094836416,9.837189905163584
2026-04-15,CHW,18,7.61575,0.015926009505332392,7.64194595449771,7.5895540455022905,7.646964405047894,7.584535594952106,7.656772681972433,7.574727318027567
2026-04-15,CIN,18,8.76045,0.016192325325442715,8.787084005040333,8.733815994959668,8.792186374463824,8.728713625536177,8.802158666065873,8.718741333934128
2026-04-15,CLE,19,8.4482,0.0166046566881459,8.475512229777781,8.420887770222219,8.480744529084419,8.415655470915581,8.490970761272695,8.405429238727304
2026-04-15,COL,18,6.92295,0.015689581671403836,6.94875706531756,6.89714293468244,6.953701015008451,6.892198984991549,6.963363684229626,6.882536315770374
2026-04-15,DET,18,9.98585,0.016055228973573442,10.012258501608718,9.95944149839128,10.017317670551748,9.95438232944825,10.027205529265316,9.944494470734682
2026-04-15,HOU,19,10.1508,0.016632702737078477,10.178158361423089,10.123441638576912,10.183399498330235,10.118200501669765,10.193643003107384,10.107956996892616
2026-04-15,KCR,18,9.1762,0.01627700602218512,9.202973292391501,9.149426707608498,9.208102345579624,9.144297654420376,9.218126789085986,9.134273210914014
2026-04-15,LAA,19,7.92525,0.016505354985948077,7.9523988930127585,7.898101106987242,7.957599901324507,7.892900098675494,7.967764977038282,7.882735022961718
2026-04-15,LAD,18,10.8855,0.015887797474962648,10.911633101300962,10.859366898699038,10.916639510844593,10.854360489155408,10.926424254304859,10.844575745695142
2026-04-15,MIA,19,8.8217,0.016664613435872035,8.849110849851739,8.794289150148261,8.85436204215059,8.789037957849409,8.864625199620434,8.778774800379566
2026-04-15,MIL,17,8.68395,0.0155897489360347,8.709592855080698,8.6583071449193,8.71450534644265,8.65339465355735,8.724106532144408,8.643793467855591
2026-04-15,MIN,19,8.6771,0.016729488135883416,8.704617559237349,8.64958244076265,8.709889194226122,8.644310805773877,8.720192305773782,8.634007694226217
2026-04-15,NYM,19,10.3516,0.016533527750513314,10.378795233086734,10.324404766913265,10.3840051189284,10.3191948810716,10.39418754527081,10.309012454729189
2026-04-15,NYY,18,10.1537,0.016080788074197543,10.180150542588082,10.127249457411919,10.18521776546845,10.122182234531552,10.195121365145678,10.112278634854324
2026-04-15,PHI,18,10.3596,0.015931010070114576,10.385804179694828,10.333395820305173,10.39082420597477,10.32837579402523,10.400635562573735,10.318564437426266
2026-04-15,PIT,18,8.7629,0.01621102462418612,8.789564762649693,8.736235237350307,8.794673024415896,8.731126975584104,8.804656832267531,8.72114316773247
2026-04-15,SDP,18,9.2951,0.016054709190276847,9.321507646641278,9.268692353358722,9.326566651795206,9.263633348204793,9.33645419039227,9.253745809607729
2026-04-15,SEA,19,10.48395,0.016745929092829112,10.511494602205012,10.456405397794988,10.516771417909606,10.451128582090394,10.52708465487246,10.44081534512754
2026-04-15,SFG,18,8.3743,0.016227850832970254,8.40099243930024,8.34760756069976,8.40610600317911,8.34249399682089,8.416100173709186,8.332499826290814
2026-04-15,STL,18,8.16075,0.01609467066442145,8.187223377416963,8.134276622583037,8.1922949748453,8.1292050251547,8.202207124328385,8.119292875671615
2026-04-15,TBR,17,8.561,0.015699881347122285,8.586824006776522,8.535175993223477,8.591771202001912,8.530228797998088,8.601440214436158,8.520559785563842
2026-04-15,TEX,18,8.491,0.016235890188299185,8.51770566286301,8.46429433713699,8.522821760026014,8.459178239973985,8.532820881716223,8.449179118283777
2026-04-15,TOR,17,9.7106,0.015477382190408508,9.736058028231607,9.685141971768392,9.740935111668161,9.680264888331838,9.750467094588279,9.67073290541172
2026-04-15,WSN,18,7.14245,0.015719104757832707,7.168305626473352,7.116594373526649,7.173258879194565,7.1116411208054355,7.182939730660781,7.101960269339219
2026-04-16,ATH,19,8.6861,0.016693479958164965,8.71355833105563,8.65864166894437,8.718818619494645,8.653381380505355,8.729099554854447,8.643100445145553
2026-04-16,BAL,19,10.52915,0.016630283887898886,10.556504382770243,10.501795617229757,10.561744757472958,10.496555242527041,10.571986772564786,10.486313227435213
2026-04-16,CHW,19,8.0445,0.01645826634936259,8.071571439098081,8.017428560901918,8.076757609292718,8.01224239070728,8.0868936847483,8.002106315251698
2026-04-16,CIN,19,9.23145,0.016730900783491966,9.258969882835892,9.20393011716411,9.264241962964558,9.198658037035443,9.274545944512889,9.188354055487112
2026-04-16,CLE,20,8.8813,0.017101173585660684,8.9094289273975,8.8531710726025,8.914817684321262,8.847782315678737,8.92534970404702,8.837250295952979
2026-04-16,COL,19,7.30965,0.016216704133381932,7.336324104610993,7.282975895389008,7.341434156049371,7.27786584395063,7.351421461713748,7.2678785382862525
2026-04-16,DET,19,10.52665,0.01654291909801937,10.553860680478742,10.499439319521258,10.559073525631279,10.494226474368721,10.569261735778918,10.484038264221082
2026-04-16,HOU,20,10.7641,0.017128696071547784,10.792274197858234,10.735925802141765,10.797671627402366,10.730528372597632,10.808220597272674,10.719979402727324
2026-04-16,KCR,19,9.6354,0.016759098584627683,9.662966264091363,9.607833735908638,9.668247229639228,9.602552770360774,9.67856857723535,9.592231422764652
2026-04-16,LAA,20,8.3137,0.01700056076879004,8.341663434040754,8.285736565959247,8.347020486823814,8.280379513176188,8.357490542605014,8.269909457394988
2026-04-16,MIL,18,9.12345,0.01610461029639149,9.14993972665666,9.09696027334334,9.155014456165981,9.09188554383402,9.16493272712368,9.08196727287632
2026-04-16,NYY,19,10.76525,0.016567614377673966,10.792501300599051,10.737998699400949,10.79772192748999,10.73277807251001,10.807925346603911,10.722574653396089
2026-04-16,PIT,19,9.3319,0.016709909651282537,9.359385355495943,9.304414644504055,9.364650821101431,9.299149178898567,9.374941874939427,9.288858125060571
2026-04-16,SDP,19,9.7532,0.016570401833113355,9.78045588555524,9.72594411444476,9.785677390802258,9.720722609197741,9.795882526613314,9.710517473386686
2026-04-16,SEA,20,11.02585,0.017229449543487405,11.054189922571982,10.997510077428018,11.059619100578686,10.992080899421314,11.070230121018133,10.981469878981867
2026-04-16,SFG,19,8.9033,0.01673697887383175,8.930829880404833,8.875770119595167,8.936103875802718,8.870496124197281,8.946411600636095,8.860188399363905
2026-04-16,TBR,18,9.13225,0.016229484486062252,9.158945126420454,9.105554873579548,9.164059205080335,9.100440794919667,9.174054381720692,9.09044561827931
2026-04-16,TEX,19,9.00855,0.01676254437785922,9.036121931916856,8.980978068083143,9.041403983269857,8.975696016730142,9.051727453010528,8.965372546989471
2026-04-16,TOR,18,10.2711,0.015980707388924768,10.297385924509923,10.244814075490078,10.302421610929766,10.239778389070235,10.312263574383833,10.229936425616168
2026-04-16,WSN,19,7.57345,0.01624895246770738,7.600177148400671,7.54672285159933,7.60529736162321,7.541602638376791,7.615304527918294,7.531595472081706
2026-04-17,ARI,20,8.8378,0.01696920610098733,8.865711860201696,8.809888139798304,8.871059032804173,8.804540967195827,8.881509778332884,8.794090221667116
2026-04-17,ATH,20,9.2518,0.01719402860678637,9.28008166031578,9.223518339684219,9.285499676818452,9.218100323181547,9.296088882731418,9.20751111726858
2026-04-17,ATL,20,11.15665,0.017110382144588605,11.184794074129053,11.128505925870948,11.190185732765112,11.12311426723489,11.200723423722952,11.11257657627705
2026-04-17,BAL,20,11.0912,0.01708606814589692,11.11930408116012,11.063095918839881,11.124688078203356,11.057711921796646,11.135210795012636,11.047189204987365
2026-04-17,BOS,19,10.49355,0.01667893369542731,10.520984404582608,10.466115595417394,10.52624010934357,10.460859890656431,10.536512086164631,10.45058791383537
2026-04-17,CHC,19,10.35695,0.016656401371855027,10.384347342208455,10.329552657791544,10.38959594680088,10.32430405319912,10.399854046745295,10.314045953254704
2026-04-17,CHW,20,8.4788,0.016986522748866306,8.506740343552766,8.450859656447234,8.512092972810349,8.44550702718965,8.52255438306193,8.43504561693807
2026-04-17,CIN,20,9.71725,0.017161871936575455,9.745478767300153,9.689021232699847,9.750886650902977,9.683613349097023,9.761456052637984,9.673043947362016
2026-04-17,CLE,21,9.31925,0.017601760223714794,9.348202319144708,9.290297680855293,9.353748816102991,9.28475118389701,9.364589129778286,9.273910870221714
2026-04-17,COL,20,7.61495,0.016619059375660404,7.642285920090577,7.587614079909423,7.647522757833228,7.582377242166773,7.657757860137245,7.5721421398627555
2026-04-17,DET,20,11.0158,0.017063911534400365,11.043867636777337,10.987732363222664,11.049244652042804,10.982355347957197,11.059753723363475,10.971846276636526
2026-04-17,HOU,21,11.3222,0.017602268319523464,11.351153154887943,11.293246845112058,11.356699811952478,11.287700188047523,11.36754043854636,11.27685956145364
2026-04-17,KCR,20,10.0775,0.017250929459839543,10.105875253890302,10.0491247461097,10.111311200441127,10.043688799558874,10.12193544961611,10.033064550383891
2026-04-17,LAA,21,8.75255,0.01747687606338288,8.781296902980635,8.723803097019363,8.7868040476465,8.718295952353499,8.797567449498553,8.707532550501446
2026-04-17,LAD,19,11.5802,0.016349365831375674,11.607092313686094,11.553307686313905,11.612244168199565,11.548155831800434,11.622313175602898,11.538086824397102
2026-04-17,MIA,20,9.27025,0.01715926772617188,9.298474483755227,9.242025516244775,9.303881546744378,9.236618453255623,9.314449344636515,9.226050655363487
2026-04-17,MIL,19,9.6749,0.016568621712782,9.702152957517855,9.647647042482143,9.70737390183052,9.642426098169478,9.7175779413272,9.632222058672799
2026-04-17,MIN,20,9.1913,0.01722164465874963,9.219627084679013,9.162972915320987,9.225053803285697,9.157546196714303,9.235660016967314,9.146939983032686
2026-04-17,NYM,20,10.87345,0.017046591571021116,10.901489147972754,10.845410852027246,10.906860705538366,10.840039294461635,10.917359110094266,10.829540889905735
2026-04-17,NYY,20,11.32315,0.01703028788395164,11.351162330793946,11.295137669206055,11.356528750898894,11.289771249101106,11.367017114579356,11.279282885420644
2026-04-17,PHI,19,10.8713,0.01641494099941884,10.898300175239088,10.844299824760911,10.903472693167211,10.839127306832788,10.913582086042329,10.82901791395767
2026-04-17,PIT,20,9.82375,0.017176264089650135,9.852002440285338,9.795497559714663,9.857414859004663,9.790085140995338,9.867993124367615,9.779506875632386
2026-04-17,SDP,20,10.31435,0.017075604899655327,10.342436870651587,10.286263129348411,10.34781757061756,10.280882429382439,10.358333843476355,10.270366156523643
2026-04-17,SEA,21,11.57155,0.017693492669881312,11.600653205591493,11.542446794408507,11.60622860839369,11.53687139160631,11.617125416901208,11.525974583098792
2026-04-17,SFG,20,9.48235,0.017229023937480895,9.510689222512399,9.454010777487602,9.516118266406242,9.448581733593759,9.52672902472971,9.437970975270291
2026-04-17,STL,19,8.60265,0.016642776149876505,8.630024930712667,8.575275069287335,8.635269241856522,8.57003075814348,8.645518950499257,8.559781049500744
2026-04-17,TBR,19,9.6404,0.01672941677612469,9.667917441860991,9.612882558139008,9.673189054363565,9.607610945636434,9.683492121963225,9.597307878036775
2026-04-17,TEX,20,9.46285,0.017263426518792785,9.491245809723045,9.434454190276954,9.496685694226587,9.429014305773412,9.50731763990677,9.41838236009323
2026-04-17,TOR,19,10.8369,0.016464309070643,10.863981378490097,10.809818621509903,10.869169452808796,10.804630547191204,10.879309249766848,10.794490750233152
2026-04-17,WSN,20,7.9944,0.016748506131081697,8.021948841055728,7.966851158944271,8.027226468811769,7.961573531188232,8.037541292883109,7.951258707116891
2026-04-18,ARI,21,9.27675,0.01747435948860431,9.305492763583484,9.248007236416516,9.31099911525057,9.242500884749429,9.321760967231494,9.231739032768505
2026-04-18,ATH,21,9.80985,0.0176560254767822,9.838891577543034,9.780808422456968,9.844455174044615,9.775244825955387,9.855328907807303,9.764371092192698
2026-04-18,ATL,21,11.65235,0.017577398047524128,11.68126224693084,11.62343775306916,11.686801067115072,11.617898932884929,11.697626376970955,11.607073623029045
2026-04-18,BAL,21,11.6536,0.01755436583269216,11.682474362308737,11.624725637691265,11.688005924803518,11.619194075196484,11.698817049917066,11.608382950082936
2026-04-18,BOS,20,11.0005,0.017201592433234603,11.028794101703147,10.972205898296854,11.034214501645877,10.966785498354124,11.04480836585723,10.95619163414277
2026-04-18,CHC,20,10.8383,0.017109275024517964,10.866442253078588,10.810157746921412,10.871833562849647,10.804766437150354,10.88237057197063,10.79422942802937
2026-04-18,CHW,21,8.92075,0.01744487569630127,8.949444267060779,8.892055732939221,8.954941328079528,8.886558671920472,8.9656850220153,8.8758149779847
2026-04-18,CIN,21,10.1988,0.017635035518078355,10.227807052133329,10.169792947866672,10.233364034481518,10.164235965518483,10.244224841256592,10.153375158743408
2026-04-18,CLE,22,9.75685,0.01810546310550251,9.786630836656721,9.727069163343279,9.792336055610203,9.721363944389797,9.803486582421478,9.710213417578522
2026-04-18,COL,21,7.91715,0.017067040108580747,7.945222782823926,7.889077217176075,7.950600783935519,7.883699216064482,7.961111782036527,7.873188217963474
2026-04-18,DET,21,11.50885,0.017535576942260482,11.537693457334164,11.480006542665837,11.543219099254962,11.47448090074504,11.554018652942512,11.46368134705749
2026-04-18,HOU,22,11.8742,0.018103179396316345,11.903977080289383,11.844422919710617,11.909681579622447,11.838718420377553,11.920830699976435,11.827569300023566
2026-04-18,KCR,21,10.52605,0.017700190245071783,10.555164222122338,10.496935777877662,10.560741735399848,10.491358264600152,10.571642668711647,10.480457331288353
2026-04-18,LAA,22,9.18245,0.017942524810762542,9.211962827011648,9.15293717298835,9.21761670242081,9.147283297579188,9.228666881187214,9.136233118812784
2026-04-18,LAD,20,12.278,0.01674260480751988,12.305539134242265,12.250460865757736,12.310814902430126,12.245185097569875,12.321126092080949,12.234873907919052
2026-04-18,MIA,21,9.71655,0.01767175484837235,9.745617450056942,9.687482549943057,9.751186003046431,9.681913996953568,9.76206942398357,9.67103057601643
2026-04-18,MIL,20,10.2286,0.01704660175318131,10.256639164720918,10.200560835279083,10.262010725495033,10.195189274504967,10.272509136321773,10.184690863678227
2026-04-18,MIN,21,9.70975,0.017717390952736486,9.738892514768725,9.680607485231274,9.744475448167378,9.675024551832621,9.75538697479849,9.664113025201509
2026-04-18,NYM,21,11.3921,0.017581903641721533,11.421019657973796,11.363180342026203,11.426559897917427,11.357640102082572,11.437387982612519,11.34681201738748
2026-04-18,NYY,21,11.8746,0.017503544232612852,11.903390768215518,11.84580923178448,11.908906316297724,11.840293683702274,11.919686142150328,11.82951385784967
2026-04-18,PHI,20,11.3756,0.016942862362341618,11.403468528607638,11.347731471392363,11.408807400025209,11.342392599974792,11.419241921358916,11.331958078641085
2026-04-18,PIT,21,10.3106,0.017679847591270163,10.339680761434451,10.28151923856555,10.345251864531047,10.275948135468955,10.356140269507874,10.265059730492128
2026-04-18,SDP,21,10.88445,0.017578406068042538,10.913363904977045,10.855536095022954,10.918903042798982,10.849996957201016,10.929728973459746,10.839171026540253
2026-04-18,SEA,22,12.1178,0.01816363548089131,12.147676521699369,12.087923478300633,12.15340007137086,12.08219992862914,12.164586424530661,12.07101357546934
2026-04-18,SFG,21,10.06435,0.01767373961357917,10.093420714705191,10.035279285294807,10.098989893114753,10.029710106885245,10.10987453639995,10.018825463600049
2026-04-18,STL,20,9.05065,0.017115018991188793,9.078801701063,9.022498298936998,9.084194820817448,9.01710517918255,9.0947353674483,9.006564632551699
2026-04-18,TBR,20,10.15355,0.017213030944511567,10.181862916379908,10.12523708362009,10.187286920716016,10.119813079283983,10.197887829509765,10.109212170490233
2026-04-18,TEX,21,9.9166,0.017776755121538132,9.945840160137092,9.88735983986291,9.951441799800204,9.881758200199798,9.962389886764072,9.87081011323593
2026-04-18,TOR,20,11.39795,0.01692420193999008,11.425787834944252,11.370112165055748,11.431120826269463,11.364779173730536,11.441543855296205,11.354356144703795
2026-04-18,WSN,21,8.4124,0.017236477795893806,8.440751483018444,8.384048516981556,8.446182875700275,8.378617124299724,8.456798224596634,8.368001775403366
2026-04-19,ARI,22,9.71155,0.01793846201032753,9.74105614429962,9.682043855700382,9.746708739478283,9.676391260521719,9.757756416106801,9.6653435838932
2026-04-19,ATH,22,10.36615,0.01813768611642294,10.395983838793105,10.336316161206893,10.40169921155108,10.330600788448919,10.412869583397253,10.319430416602746
2026-04-19,ATL,22,12.1475,0.018092499949639965,12.177259514162785,12.117740485837217,12.182960648291587,12.112039351708415,12.194103191544741,12.10089680845526
2026-04-19,BAL,22,12.218,0.01805104129973118,12.247691320752114,12.188308679247886,12.253379390830919,12.182620609169081,12.26449640113942,12.17150359886058
2026-04-19,BOS,21,11.50985,0.01774967327643165,11.539045614465943,11.480654385534057,11.54463872035916,11.47506127964084,11.555570128553851,11.464129871446149
2026-04-19,CHC,21,11.3176,0.01757646035463146,11.346510704563284,11.288689295436717,11.352049229270774,11.283150770729227,11.362873961634126,11.272326038365875
2026-04-19,CHW,22,9.36445,0.017916120094567434,9.393919395118447,9.334980604881553,9.399564950128045,9.329335049871954,9.410598867145488,9.318301132854511
2026-04-19,CIN,22,10.68475,0.018100683788539067,10.714522975379879,10.65497702462012,10.720226688321084,10.649273311678915,10.73137427171679,10.638125728283208
2026-04-19,CLE,23,10.19245,0.018610694983621324,10.223061869143896,10.161838130856102,10.228926291895156,10.155973708104842,10.24038797349822,10.144512026501777
2026-04-19,COL,22,8.2254,0.01749771557954138,8.254181180934374,8.196618819065627,8.259694892347627,8.191105107652374,8.270471128534947,8.180328871465054
2026-04-19,DET,22,11.9995,0.018048303924849237,12.02918681817111,11.969813181828888,12.034874025674737,11.964125974325261,12.045989350128982,11.953010649871016
2026-04-19,HOU,23,12.4287,0.018580045113072822,12.45926145459316,12.39813854540684,12.465116219252751,12.392283780747247,12.476559024663512,12.380840975336486
2026-04-19,KCR,22,10.96915,0.018156993079661718,10.999015595921616,10.939284404078386,11.00473705250368,10.933562947496322,11.015919314838928,10.922380685161073
2026-04-19,LAA,23,9.6136,0.01842937150547203,9.64391361856321,9.583286381436789,9.649720904408435,9.577479095591565,9.661070915169784,9.566129084830216
2026-04-19,LAD,21,12.96975,0.017179973936249808,12.998008542439973,12.941491457560026,13.003422130170385,12.936077869829614,13.014002680299198,12.925497319700801
2026-04-19,MIA,22,10.17365,0.018122533078608487,10.203458914263898,10.143841085736103,10.209169512142708,10.138130487857293,10.220330551758414,10.126969448241587
2026-04-19,MIL,21,10.7715,0.01756800555672052,10.800396797658275,10.742603202341725,10.805932658171372,10.737067341828627,10.81675218351791,10.72624781648209
2026-04-19,MIN,22,10.2238,0.01817999459873905,10.253703430053696,10.193896569946306,10.259432134652663,10.188167865347339,10.270628562825793,10.176971437174208
2026-04-19,NYM,22,11.9128,0.018087458799076517,11.942551222207998,11.883048777792004,11.948250767818044,11.877349232181958,11.959390206401395,11.866209793598607
2026-04-19,NYY,22,12.4315,0.01798628818928856,12.461084811363545,12.401915188636455,12.466752477066564,12.396247522933436,12.477829608180045,12.385170391819955
2026-04-19,PHI,21,11.88045,0.017464482250614116,11.909176516972751,11.851723483027248,11.914679756219842,11.846220243780158,11.92543552515244,11.835464474847559
2026-04-19,PIT,22,10.79745,0.018114982266183025,10.827246494282692,10.767653505717307,10.8329547128223,10.7619452871777,10.844111102154502,10.750788897845498
2026-04-19,SDP,22,11.4533,0.018066606643578075,11.483016923464396,11.423583076535605,11.488709898344265,11.417890101655736,11.49983649480822,11.406763505191782
2026-04-19,SEA,23,12.66235,0.018679924273228232,12.693075741191999,12.631624258808001,12.698961978809463,12.625738021190537,12.710466296331056,12.614233703668944
2026-04-19,SFG,22,10.65155,0.01815042979601554,10.681404800280704,10.621695199719296,10.687124188704113,10.615975811295888,10.698302408940584,10.604797591059416
2026-04-19,STL,21,9.49615,0.017579525330922427,9.525065746000653,9.467234253999347,9.530605236513917,9.461694763486083,9.54143185648987,9.45086814351013
2026-04-19,TBR,21,10.6667,0.017687458771962997,10.695793280712618,10.637606719287383,10.701366782171085,10.632033217828916,10.712259874610137,10.621140125389864
2026-04-19,TEX,22,10.37205,0.01831306113912723,10.402172305035277,10.341927694964722,10.40794294027937,10.33615705972063,10.419221319519846,10.324878680480154
2026-04-19,TOR,21,11.96315,0.01744906379627196,11.991851155872206,11.934448844127795,11.997349536604636,11.928950463395365,12.008095809845932,11.91820419015407
2026-04-19,WSN,22,8.8252,0.017716036263708785,8.854340286503566,8.796059713496435,8.859922793025675,8.790477206974327,8.870833485350797,8.779566514649204
2026-04-20,ATH,23,10.80155,0.018594237471817942,10.832134798945917,10.770965201054084,10.83799403576475,10.765105964235252,10.849445581757056,10.753654418242945
2026-04-20,ATL,23,12.76685,0.018548632199243797,12.797359784947915,12.736340215052085,12.803204651072997,12.730495348927002,12.814628110359562,12.719071889640437
2026-04-20,BAL,23,12.76295,0.0185257935086802,12.793422218644906,12.732477781355094,12.79925988806204,12.72664011193796,12.810669281791155,12.715230718208845
2026-04-20,BOS,22,12.0178,0.018250090720063908,12.04781872791309,11.98778127208691,12.053569520525913,11.982030479474085,12.064809118469165,11.970790881530833
2026-04-20,CHC,22,11.79215,0.01809886176848884,11.821919978423592,11.762380021576407,11.827623117227407,11.756676882772592,11.838769578504154,11.745530421495845
2026-04-20,CIN,23,11.15615,0.018595043631499844,11.186736124960593,11.125563875039408,11.19259561580869,11.11970438419131,11.204047658286788,11.108252341713213
2026-04-20,CLE,24,10.6572,0.01905157621111196,10.68853705422999,10.62586294577001,10.694540403222499,10.6198595967775,10.706273608283377,10.608126391716622
2026-04-20,COL,23,8.5248,0.01793043008452807,8.554292932957337,8.495307067042665,8.559942997192989,8.489657002807013,8.570985727236963,8.47861427276304
2026-04-20,DET,23,12.49155,0.018498068515440804,12.521976615089219,12.461123384910781,12.527805548073818,12.455294451926182,12.539197866941128,12.443902133058872
2026-04-20,HOU,24,12.96395,0.01904443893654314,12.995275314458029,12.932624685541972,13.001276414421397,12.926623585578604,13.013005223882397,12.914894776117604
2026-04-20,KCR,23,11.4242,0.018614645934106912,11.454818367879135,11.393581632120867,11.460684035615815,11.387715964384187,11.472148150472261,11.37625184952774
2026-04-20,LAA,24,9.9972,0.018859146093330132,10.02822053485282,9.966179465147178,10.034163247122105,9.960236752877893,10.04577794114711,9.948622058852889
2026-04-20,LAD,22,13.67035,0.01764198418135826,13.699368481667326,13.641331518332672,13.704927653611287,13.63577234638871,13.715792739827087,13.624907260172911
2026-04-20,MIA,23,10.6702,0.018641592567392787,10.700862691146627,10.639537308853372,10.706736850046559,10.63366314995344,10.718217560399909,10.62218243960009
2026-04-20,PHI,22,12.4059,0.01794946708591736,12.435424246038117,12.376375753961884,12.441080309030086,12.370719690969915,12.452134763302993,12.359665236697008
2026-04-20,SEA,24,13.22695,0.019114011932286932,13.258389751852416,13.195510248147585,13.26441277498735,13.18948722501265,13.276184432043568,13.177715567956433
2026-04-20,STL,22,9.9996,0.018083040170753673,10.029343954211173,9.969856045788825,10.035042107465667,9.964157892534331,10.046178824769079,9.95302117523092
2026-04-20,TBR,22,11.1953,0.01818569304347715,11.22521280316119,11.16538719683881,11.230943303399116,11.159656696600884,11.242143241046733,11.148456758953266
2026-04-20,TOR,22,12.57955,0.017900547794846056,12.60899378096477,12.550106219035229,12.614634428981436,12.544465571018563,12.625658755559542,12.533441244440457
2026-04-20,WSN,23,9.20585,0.018170038425656065,9.235737053606288,9.175962946393712,9.241462620911994,9.170237379088006,9.252652917423415,9.159047082576585
2026-04-21,ARI,23,10.2809,0.01839664864408911,10.311159794245983,10.250640205754019,10.316956768778653,10.244843231221349,10.32828662666454,10.233513373335462
2026-04-21,ATH,24,11.2392,0.019087754847526107,11.270596562791313,11.207803437208687,11.276611312046882,11.201788687953119,11.288366798275216,11.190033201724784
2026-04-21,ATL,24,13.3886,0.019019926127077775,13.419884994474474,13.357315005525527,13.425878370197685,13.351321629802316,13.437592083069463,13.339607916930538
2026-04-21,BAL,24,13.30515,0.018967331437450344,13.33634848390848,13.273951516091518,13.342325286500236,13.267974713499763,13.354006608126708,13.25629339187329
2026-04-21,BOS,23,12.51465,0.018733574571229362,12.545463988079252,12.483836011920747,12.551367131461305,12.477932868538694,12.562904490340792,12.466395509659208
2026-04-21,CHC,23,12.27265,0.01857519450147262,12.303203476047077,12.242096523952924,12.309056712228713,12.236243287771288,12.320496530316014,12.224803469683987
2026-04-21,CHW,23,9.7951,0.018391919764821525,9.825352015931767,9.764847984068233,9.831147500345601,9.759052499654398,9.842474445878747,9.747725554121253
2026-04-21,CIN,24,11.6325,0.019106031495890973,11.663926625202665,11.601073374797336,11.669947133619434,11.595052866380566,11.681713875801645,11.583286124198356
2026-04-21,CLE,25,11.11325,0.019536384143189523,11.145384492315443,11.081115507684558,11.15154060930879,11.07495939069121,11.163572390761416,11.062927609238585
2026-04-21,COL,24,8.91375,0.0183769538416089,8.94397739917869,8.88352260082131,8.949768167675108,8.877731832324892,8.961085896215183,8.866414103784818
2026-04-21,DET,24,13.03125,0.018950504688698855,13.062420806369767,13.000079193630233,13.068392306678707,12.994107693321293,13.080063265294191,12.982436734705809
2026-04-21,HOU,25,13.5079,0.01951373666922714,13.539997240535753,13.475802759464246,13.546146221075483,13.469653778924515,13.55816405473433,13.457635945265668
2026-04-21,KCR,24,11.882,0.019115100558288106,11.913441542482841,11.850558457517158,11.919464908655106,11.844535091344893,11.931237236158323,11.832762763841677
2026-04-21,LAA,25,10.38495,0.01933524935107822,10.416753655023133,10.353146344976867,10.422846392360215,10.347053607639785,10.434754301869932,10.335145698130068
2026-04-21,LAD,23,14.2771,0.018108345454755266,14.306885577699346,14.247314422300656,14.31259170491093,14.24160829508907,14.323744006861146,14.230455993138856
2026-04-21,MIA,24,11.1593,0.01908020907167716,11.19068415109454,11.12791584890546,11.196696522597982,11.121903477402018,11.208447361644666,11.110152638355334
2026-04-21,MIL,22,11.2318,0.018066260196506513,11.261516353609673,11.202083646390326,11.267209219320483,11.196390780679517,11.2783356024197,11.1852643975803
2026-04-21,MIN,23,10.65845,0.01860247248282127,10.689048344333633,10.627851655666367,10.694910176089728,10.621989823910273,10.706366793739713,10.610533206260287
2026-04-21,NYM,23,12.47815,0.01857130511147975,12.50869707856984,12.447602921430159,12.514549089164404,12.441750910835594,12.525986511911297,12.430313488088702
2026-04-21,NYY,23,12.93465,0.01843206325734578,12.964968046101044,12.904331953898955,12.970776180145162,12.898523819854837,12.982127848663138,12.887172151336861
2026-04-21,PHI,23,12.9254,0.018416804851413438,12.955692948256704,12.895107051743295,12.961496274219073,12.889303725780927,12.972838545614012,12.877961454385987
2026-04-21,PIT,23,11.2795,0.018520964845464748,11.309964276200704,11.249035723799297,11.315800424056043,11.243199575943958,11.327206843978948,11.231793156021054
2026-04-21,SDP,23,12.06435,0.0185135785709996,12.094802126860358,12.03389787313964,12.100635947224111,12.028064052775887,12.112037818196734,12.016662181803264
2026-04-21,SEA,25,13.7893,0.019547874090782093,13.821453391597414,13.757146608402588,13.827613129192258,13.750986870807743,13.839651986905121,13.73894801309488
2026-04-21,SFG,23,11.0448,0.018600321142317182,11.075394805693403,11.014205194306598,11.08125595953982,11.00834404046018,11.092711252253801,10.9968887477462
2026-04-21,STL,23,10.5105,0.018555907511765144,10.541021751772103,10.479978248227898,10.546868910423516,10.474131089576485,10.558296850322748,10.462703149677253
2026-04-21,TBR,23,11.71895,0.018664283073510653,11.749650013707912,11.688249986292087,11.75553132262134,11.682368677378658,11.76702600727048,11.670873992729518
2026-04-21,TEX,23,10.89,0.01877332207897944,10.920879366911539,10.859120633088462,10.926795035144972,10.85320496485503,10.938356873135998,10.841643126864003
2026-04-21,TOR,23,13.1918,0.018381717340243735,13.222035234436698,13.161564765563304,13.227827503960874,13.155772496039127,13.239148166174553,13.144451833825448
2026-04-21,WSN,24,9.5841,0.018616355388055887,9.61472117968066,9.553478820319338,9.620587386083987,9.547612613916012,9.632052553733834,9.536147446266165
2026-04-22,ARI,24,10.85285,0.01887690813555115,10.883899750812391,10.821800249187609,10.889848060085152,10.815851939914849,10.901473693135953,10.804226306864047
2026-04-22,ATH,25,11.6853,0.019548332470190923,11.717454145564446,11.653145854435554,11.723614027599389,11.64698597240061,11.735653167612234,11.634946832387765
2026-04-22,ATL,25,14.0097,0.019460709942383223,14.04171001933178,13.97768998066822,14.047842290600652,13.971557709399349,14.059827466937456,13.959572533062545
2026-04-22,BAL,25,13.84685,0.01944103010536172,13.878827648880478,13.814872351119522,13.884953718828868,13.808746281171132,13.896926775036567,13.796773224963433
2026-04-22,BOS,24,13.00335,0.01919740518646454,13.034926921549012,12.971773078450987,13.040976222762092,12.965723777237907,13.052799238831396,12.953900761168603
2026-04-22,CHC,24,12.7559,0.019086224710473335,12.787294045939833,12.724505954060168,12.793308313033366,12.718491686966635,12.805062856903357,12.706737143096644
2026-04-22,CHW,24,10.22315,0.018853526902116596,10.254161292105774,10.192138707894227,10.260102233709706,10.186197766290295,10.27171346706972,10.174586532930281
2026-04-22,CIN,25,12.1049,0.01955770755217064,12.137069566202046,12.072730433797956,12.143232402422422,12.06656759757758,12.155277316223122,12.054522683776879
2026-04-22,CLE,26,11.5726,0.019980400967476566,11.605464834999298,11.539735165000701,11.611760866292922,11.533439133707077,11.624066102308683,11.521133897691316
2026-04-22,COL,25,9.29835,0.01885721728164525,9.329367362239925,9.267332637760074,9.33530946672067,9.261390533279329,9.346922972857449,9.24977702714255
2026-04-22,DET,25,13.56825,0.019403889363246756,13.600166557796102,13.5363334422039,13.606280924311964,13.530219075688038,13.618231106824673,13.518268893175328
2026-04-22,HOU,26,14.04855,0.019983233255796387,14.081419493699014,14.015680506300987,14.087716417476024,14.009383582523977,14.100023397799934,13.997076602200067
2026-04-22,KCR,25,12.3403,0.019566525954979763,12.372484071183887,12.308115928816111,12.378649686174327,12.301950313825671,12.390700030923487,12.289899969076512
2026-04-22,LAA,26,10.77005,0.01976052058483503,10.802553163954414,10.737546836045585,10.80877990866204,10.73132009133796,10.8209497279758,10.7191502720242
2026-04-22,LAD,24,14.88775,0.018593810350871324,14.91833409639448,14.857165903605521,14.924193198623076,14.851306801376925,14.935644481566406,14.839855518433595
2026-04-22,MIA,25,11.6522,0.019583562847364892,11.684412094378121,11.61998790562188,11.690583077869812,11.613816922130189,11.702643915050135,11.601756084949866
2026-04-22,MIL,23,11.6948,0.01852430310403809,11.725269767147426,11.664330232852576,11.731106966922619,11.658493033077383,11.742515442763203,11.647084557236798
2026-04-22,MIN,24,11.0953,0.019064733638407737,11.126658696271999,11.063941303728,11.132666191306129,11.057933808693871,11.144407499570166,11.046192500429834
2026-04-22,NYM,24,13.0413,0.019074273430339177,13.072674387833358,13.009925612166642,13.078684888954733,13.003915111045266,13.090432072445772,12.992167927554227
2026-04-22,NYY,24,13.44595,0.01888787355589225,13.47701778732381,13.41488221267619,13.482969551914096,13.408930448085904,13.494601938186994,13.397298061813006
2026-04-22,PHI,24,13.44215,0.0189162776505582,13.473264507901941,13.411035492098058,13.479225222916654,13.405074777083346,13.490875102286374,13.393424897713626
2026-04-22,PIT,24,11.76015,0.01904177587139435,11.791470934105659,11.72882906589434,11.797471194909615,11.722828805090383,11.809198364281148,11.711101635718851
2026-04-22,SDP,24,12.67975,0.01896542858068505,12.71094535398763,12.648554646012371,12.71692155696951,12.64257844303049,12.728601706692492,12.630898293307508
2026-04-22,SEA,26,14.3432,0.02004521834600271,14.376171450099456,14.310228549900543,14.382487906020406,14.303912093979593,14.394833060811669,14.29156693918833
2026-04-22,SFG,24,11.43415,0.01903119276845015,11.465453526450398,11.402846473549603,11.471450452409002,11.396849547591,11.483171104014463,11.385128895985538
2026-04-22,STL,24,11.0176,0.019025183570217992,11.048893642198891,10.986306357801109,11.05488867459689,10.98031132540311,11.066605625345565,10.968594374654435
2026-04-22,TBR,24,12.24655,0.019153628845466765,12.278054915875748,12.21504508412425,12.284090422710362,12.209009577289637,12.295886478449452,12.197213521550546
2026-04-22,TEX,24,11.40935,0.019262857569921674,11.441034581139336,11.377665418860664,11.447104507076372,11.371595492923628,11.458967832998693,11.359732167001306
2026-04-22,TOR,24,13.8067,0.01882828937328173,13.837669780064934,13.775730219935065,13.84360276906213,13.769797230937868,13.855198459503397,13.758201540496602
2026-04-22,WSN,25,9.963,0.01907065112907067,9.994368429677976,9.931631570322022,10.000377789374706,9.925622210625292,10.012122742016018,9.91387725798398
2026-04-23,ARI,25,11.41245,0.019360152133945957,11.444294616455853,11.380605383544147,11.45039520091775,11.37450479908225,11.462318447187782,11.362581552812218
2026-04-23,ATL,26,14.6302,0.019922531048091403,14.662969647452506,14.597430352547494,14.66924744333514,14.591152556664861,14.681517039274537,14.578882960725464
2026-04-23,BOS,25,13.49985,0.019673696947767078,13.53221035178008,13.467489648219921,13.538409737460379,13.461290262539622,13.5505260851072,13.449173914892802
2026-04-23,CHC,25,13.2315,0.019560790340012752,13.263674636936807,13.199325363063194,13.269838444575564,13.193161555424437,13.28188525695838,13.18111474304162
2026-04-23,CHW,25,10.66355,0.019337690327139848,10.695357670071461,10.63174232992854,10.701451176585383,10.625648823414618,10.713360589407602,10.6137394105924
2026-04-23,COL,26,9.6887,0.01932946706235969,9.720494144004562,9.65690585599544,9.726585059282579,9.650814940717423,9.738489407681211,9.63891059231879
2026-04-23,DET,26,14.10025,0.019904014805191137,14.132989190943215,14.067510809056786,14.139261152165927,14.061238847834074,14.151519344593483,14.048980655406519
2026-04-23,LAD,25,15.48825,0.01903815168118925,15.519564972843257,15.456935027156744,15.525564091627343,15.450935908372658,15.537289028985818,15.439210971014184
2026-04-23,MIL,24,12.1628,0.01899375808370499,12.194041951873421,12.13155804812658,12.20002708177513,12.125572918224872,12.211724678656527,12.113875321343475
2026-04-23,MIN,25,11.5307,0.01954461498978058,11.56284803085331,11.498551969146689,11.569006741471672,11.492393258528327,11.581043592017258,11.480356407982741
2026-04-23,NYM,25,13.6059,0.019557693746176597,13.638069543493204,13.573730456506796,13.64423237536317,13.56756762463683,13.656277280661238,13.555522719338763
2026-04-23,NYY,25,13.94945,0.019391197379269625,13.981345681340224,13.917554318659777,13.987456048480476,13.911443951519525,13.999398414440424,13.899501585559577
2026-04-23,PHI,25,13.96655,0.019367506548094764,13.99840671339064,13.93469328660936,14.00450961530461,13.92859038469539,14.016437390903258,13.916662609096742
2026-04-23,PIT,25,12.24225,0.019521329385829532,12.274359729443196,12.210140270556805,12.28051110252657,12.203988897473431,12.29253361227625,12.19196638772375
2026-04-23,SDP,25,13.2894,0.019409822746768002,13.321326317343507,13.257473682656494,13.327442553529972,13.25135744647003,13.339396390207815,13.239403609792186
2026-04-23,SFG,25,11.83365,0.019502125538515616,11.86572814192529,11.80157185807471,11.87187346367747,11.79542653632253,11.883884146443599,11.783415853556402
2026-04-23,TEX,25,11.92725,0.019698280965318993,11.959650788890515,11.894849211109486,11.965857921249377,11.888642078750625,11.977989409340008,11.876510590659993
2026-04-23,WSN,26,10.3425,0.019503940824494536,10.374581127805016,10.310418872194983,10.380727021572609,10.30427297842739,10.392738822310417,10.292261177689582
2026-04-24,ATH,26,12.17285,0.020037557711980628,12.205808849477801,12.1398911505222,12.212122891453625,12.133577108546376,12.224463328326072,12.121236671673929
2026-04-24,ATL,27,15.11565,0.020363312282125293,15.149144668064,15.082155331936,15.155561358678908,15.075738641321093,15.168102416493616,15.063197583506385
2026-04-24,BAL,26,14.33995,0.01989406918089986,14.372672831847026,14.307227168152973,14.378941659100512,14.300958340899488,14.39119372636299,14.28870627363701
2026-04-24,BOS,26,14.00675,0.020130461585596726,14.039861662751276,13.973638337248724,14.046204979699937,13.967295020300064,14.058602632846146,13.954897367153855
2026-04-24,CHC,26,13.6518,0.020012442701807933,13.684717538962227,13.618882461037773,13.691023666938214,13.612576333061785,13.70334863634691,13.60025136365309
2026-04-24,CHW,26,11.17755,0.019819080192379886,11.210149485937277,11.144950514062723,11.216394683383776,11.138705316616225,11.228600567528918,11.126499432471082
2026-04-24,CIN,26,12.53315,0.02000025135786338,12.566047485985921,12.500252514014077,12.57234977234316,12.493950227656839,12.584667233525927,12.481632766474071
2026-04-24,CLE,27,11.9973,0.02044151482342762,12.030923299797696,11.963676700202303,12.037364632843358,11.95723536715664,12.049953852891113,11.944646147108886
2026-04-24,COL,27,10.03805,0.01978420280448593,10.070592117739302,10.005507882260698,10.07682632495963,9.99927367504037,10.08901072933115,9.98708927066885
2026-04-24,DET,27,14.672,0.0203629941947796,14.705494144856875,14.638505855143126,14.711910735239167,14.632089264760834,14.72445159715491,14.61954840284509
2026-04-24,HOU,27,14.5071,0.020397384199061088,14.540650711380147,14.473549288619852,14.547078138408985,14.467121861591014,14.559640179935686,14.454559820064313
2026-04-24,KCR,26,12.89445,0.020003011420741006,12.927352025885359,12.861547974114643,12.933655181966996,12.855244818033006,12.945974342976768,12.842925657023233
2026-04-24,LAA,27,11.2159,0.020168036517838002,11.249073468014855,11.182726531985145,11.25542862521385,11.176371374786148,11.267849419457692,11.163950580542307
2026-04-24,LAD,26,16.06795,0.01946999213930754,16.099975287187057,16.035924712812943,16.10611048337232,16.02978951662768,16.118101376292294,16.017798623707705
2026-04-24,MIA,26,12.10435,0.0200151963337664,12.137272068283742,12.071427931716258,12.14357906395768,12.06512093604232,12.155905729232801,12.0527942707672
2026-04-24,MIL,25,12.6721,0.019421069445242183,12.704044816516284,12.640155183483717,12.710164596653927,12.634035403346074,12.722125359783313,12.622074640216688
2026-04-24,MIN,26,12.0214,0.02005460573934496,12.054386890987443,11.988413109012557,12.060706304973266,11.982093695026734,12.073057241134524,11.969742758865475
2026-04-24,NYM,26,14.25655,0.01996200212782893,14.289384571601174,14.223715428398828,14.295674805229858,14.217425194770144,14.307968710038368,14.205131289961633
2026-04-24,NYY,26,14.4909,0.019848313713710455,14.523547570800867,14.458252429199133,14.529801980032724,14.451998019967276,14.542025868089807,14.439774131910193
2026-04-24,PHI,26,14.4811,0.01982515551867292,14.513709478959766,14.448490521040233,14.519956590804505,14.442243409195495,14.532166216532412,14.430033783467588
2026-04-24,PIT,26,12.73295,0.019960376642407972,12.765781897915582,12.700118102084419,12.772071619336975,12.693828380663026,12.784364523065388,12.681535476934613
2026-04-24,SEA,27,14.9318,0.020467862239844113,14.965466637441152,14.89813336255885,14.971916272830622,14.89168372716938,14.984521719338394,14.879078280661608
2026-04-24,SFG,26,12.3815,0.019943113445214468,12.414303502483067,12.348696497516935,12.420587784092218,12.342412215907784,12.432870056016185,12.330129943983817
2026-04-24,STL,25,11.429,0.019503383529491887,11.461080211136311,11.39691978886369,11.467225929294477,11.390774070705524,11.479237386813619,11.378762613186382
2026-04-24,TBR,25,12.75585,0.019632913982406457,12.788143269771588,12.723556730228413,12.79432980431709,12.71737019568291,12.806421035149938,12.705278964850063
2026-04-24,TEX,26,12.4397,0.020167883693551866,12.472873216641274,12.406526783358727,12.479228325683755,12.400171674316246,12.491649025808417,12.387750974191583
2026-04-24,TOR,25,14.382,0.019310034797280808,14.413762180772865,14.350237819227134,14.419846972742885,14.344153027257114,14.431739353483385,14.332260646516614
2026-04-24,WSN,27,10.8285,0.019965453124482897,10.861340247985535,10.795659752014465,10.867631569059009,10.789368430940991,10.879927599216675,10.777072400783325
2026-04-25,ARI,26,11.89205,0.019810715865363246,11.924635727843647,11.859464272156352,11.930878289604067,11.853221710395932,11.943079022450283,11.841020977549716
2026-04-25,ATH,27,12.6561,0.020511281655073654,12.689838056023772,12.622361943976228,12.696301373320702,12.615898626679298,12.708933560340483,12.603266439659517
2026-04-25,ATL,28,15.60085,0.02080572295740743,15.635072368867839,15.56662763113216,15.641628467668836,15.560071532331163,15.65444199087521,15.54725800912479
2026-04-25,BAL,27,14.8314,0.02035446921982646,14.864880122520905,14.797919877479096,14.871294026595288,14.791505973404712,14.883829638274614,14.778970361725387
2026-04-25,BOS,27,14.5153,0.0206179424404455,14.549213497403443,14.481386502596557,14.555710424618592,14.474889575381408,14.568408300316984,14.462191699683016
2026-04-25,CHC,27,14.07165,0.020433347497644617,14.10525986574226,14.03804013425774,14.111698625178976,14.031601374821024,14.12428281525403,14.01901718474597
2026-04-25,CHW,27,11.6876,0.02031011908007563,11.721007173032678,11.654192826967321,11.727407101918669,11.647792898081331,11.739915399885026,11.635284600114973
2026-04-25,CIN,27,12.9666,0.020428658509662953,13.000202153043372,12.932997846956628,13.006639434931406,12.926560565068593,13.019220737221383,12.913979262778616
2026-04-25,CLE,28,12.41645,0.02092075174958322,12.450861574393853,12.382038425606146,12.457453919958686,12.375446080041312,12.470338285408848,12.36256171459115
2026-04-25,COL,28,10.38815,0.020186749468839804,10.421354248080181,10.354945751919818,10.42771530192386,10.34858469807614,10.440147620825238,10.336152379174761
2026-04-25,DET,28,15.23855,0.020805139691116702,15.272771409480166,15.204328590519834,15.279327324487914,15.197772675512086,15.292140488480808,15.184959511519192
2026-04-25,HOU,28,14.9622,0.02085606163122215,14.996505168618038,14.92789483138196,15.003077129656543,14.921322870343456,15.015921654706323,14.908478345293675
2026-04-25,KCR,27,13.45005,0.020457667894552046,13.483699869235322,13.416400130764677,13.490146292281002,13.409953707718996,13.502745460445057,13.397354539554941
2026-04-25,LAA,28,11.6603,0.020592508299619637,11.694171661964656,11.626428338035343,11.700660574618595,11.619939425381403,11.713342786311733,11.607257213688266
2026-04-25,LAD,27,16.6481,0.0199446285728877,16.680905994646313,16.615294005353686,16.687190753687887,16.609009246312112,16.699473958726443,16.596726041273556
2026-04-25,MIA,27,12.5523,0.020422147015052933,12.585891442587847,12.518708557412154,12.592326672636487,12.512273327363514,12.604903964722757,12.499696035277244
2026-04-25,MIL,26,13.18295,0.019886018645316597,13.215659589894374,13.150240410105626,13.221925880340713,13.143974119659287,13.234172989557527,13.131727010442473
2026-04-25,MIN,27,12.51105,0.0205675726843813,12.544880646527492,12.477219353472506,12.551361701710796,12.470738298289202,12.5640285564233,12.458071443576697
2026-04-25,NYM,27,14.90645,0.020414596681367077,14.940029023394098,14.8728709766059,14.946461874254389,14.86643812574561,14.959034516351997,14.853865483648002
2026-04-25,NYY,27,15.0358,0.02031579569147438,15.069216510227527,15.002383489772473,15.075618227872564,14.995981772127436,15.088130021867013,14.983469978132987
2026-04-25,PHI,27,14.9959,0.020282991137563416,15.029262551538046,14.962537448461955,15.03565393212837,14.95614606787163,15.048145522935759,14.943654477064243
2026-04-25,PIT,27,13.2221,0.020410644507718526,13.255672522646938,13.18852747735306,13.262104128136379,13.18209587186362,13.2746743362273,13.1695256637727
2026-04-25,SDP,26,13.8098,0.019839755008415328,13.84243349298342,13.77716650701658,13.848685205278592,13.770914794721406,13.860903822325906,13.758696177674093
2026-04-25,SEA,28,15.52805,0.02088713655575309,15.562406282320362,15.493693717679639,15.568988035389447,15.487111964610554,15.581851698407537,15.474248301592464
2026-04-25,SFG,27,12.93355,0.020396630138359878,12.967099471060669,12.900000528939332,12.97352666047717,12.893573339522831,12.986088237604037,12.881011762395964
2026-04-25,STL,26,11.83275,0.019925956038825462,11.865525281060938,11.799974718939064,11.871804156193628,11.793695843806374,11.884075861466034,11.781424138533968
2026-04-25,TBR,26,13.2662,0.020111367466064237,13.29928025571951,13.23311974428049,13.305617555913337,13.226782444086663,13.318003449653528,13.214396550346471
2026-04-25,TEX,27,12.95645,0.020668430735700717,12.990446543259013,12.922453456740987,12.996959379858934,12.915940620141066,13.009688349547389,12.903211650452612
2026-04-25,TOR,26,14.96285,0.019754569244235666,14.995343374870245,14.930356625129754,15.001568244248803,14.924131755751196,15.013734398338288,14.911965601661711
2026-04-25,WSN,28,11.31845,0.020460154221572643,11.35210395887934,11.28479604112066,11.358551165392418,11.278348834607582,11.371151864799057,11.265748135200944
2026-04-26,ARI,27,12.37695,0.02025755299382581,12.410270709515057,12.343629290484945,12.41665407428281,12.337245925717191,12.429129998619691,12.32477000138031
2026-04-26,ATH,28,13.13735,0.021042014808339046,13.171961034375864,13.102738965624136,13.178591591186503,13.096108408813496,13.19155063834903,13.08314936165097
2026-04-26,ATL,29,16.09125,0.021252264698444243,16.126206864670166,16.05629313532983,16.13290367339886,16.049596326601137,16.14599220617703,16.036507793822967
2026-04-26,BAL,28,15.32875,0.020839395046264995,15.363027754525323,15.294472245474676,15.369594463750282,15.287905536249717,15.3824287244284,15.275071275571598
2026-04-26,BOS,28,15.01795,0.02104764927615431,15.052570302250686,14.983329697749316,15.059202634540494,14.976697365459508,15.072165151776339,14.963734848223663
2026-04-26,CHC,28,14.4935,0.02085820319998914,14.527808691185193,14.459191308814805,14.534381327054197,14.452618672945801,14.547227171021909,14.43977282897809
2026-04-26,CHW,28,12.2027,0.020785144613685743,12.236888520504532,12.168511479495468,12.24343813485628,12.16196186514372,12.256238984574434,12.149161015425566
2026-04-26,CIN,28,13.4078,0.020907817074977953,13.442190298747416,13.373409701252584,13.44877856846231,13.36682143153769,13.461654967894969,13.353945032105031
2026-04-26,CLE,29,12.8347,0.02136858971320575,12.869848202292603,12.799551797707396,12.876581666238296,12.792818333761703,12.88974183955879,12.77965816044121
2026-04-26,COL,29,10.7351,0.020611226082696634,10.76900244997804,10.70119755002196,10.775497260799296,10.694702739200702,10.788191000125881,10.682008999874117
2026-04-26,DET,29,15.79735,0.02124539284670588,15.832295561479913,15.762404438520086,15.838990204816948,15.755709795183051,15.852074505459953,15.742625494540047
2026-04-26,HOU,29,15.4191,0.021300362550253346,15.454135978596165,15.384064021403836,15.460847943456143,15.377352056543858,15.47396609803316,15.364233901966841
2026-04-26,KCR,28,14.0043,0.02089044987655364,14.038661732248098,13.969938267751903,14.045244529378884,13.963355470621117,14.058110232956347,13.950489767043655
2026-04-26,LAA,29,12.10605,0.02107112644102053,12.140708918750466,12.071391081249534,12.14734864893809,12.06475135106191,12.160325624945564,12.051774375054435
2026-04-26,LAD,28,17.22625,0.020390532988786184,17.25978944214208,17.19271055785792,17.2662147102836,17.186285289716402,17.278772532387496,17.173727467612505
2026-04-26,MIA,28,12.9998,0.02087490804984071,13.03413616821806,12.96546383178194,13.040714067958273,12.958885932041728,13.05357019986367,12.946029800136332
2026-04-26,MIL,27,13.6916,0.02037584920344516,13.725115289464503,13.658084710535496,13.731535930593171,13.651664069406827,13.744084709462927,13.639115290537072
2026-04-26,MIN,28,12.99665,0.021058706330888823,13.031288489487268,12.962011510512733,13.037924305969549,12.955375694030453,13.050893632861936,12.942406367138066
2026-04-26,NYM,28,15.5595,0.020846215861296875,15.593788973767667,15.525211026232332,15.60035783230209,15.51864216769791,15.613196293683634,15.505803706316366
2026-04-26,NYY,28,15.5789,0.02075910129351287,15.613045683054889,15.544754316945113,15.619587090886705,15.538212909113296,15.632371901427172,15.52542809857283
2026-04-26,PHI,28,15.5055,0.02073354724833827,15.539603650391,15.471396349609,15.546137005878503,15.464862994121496,15.558906078568786,15.452093921431214
2026-04-26,PIT,28,13.71345,0.02089973193164785,13.747826999870083,13.679073000129916,13.754412721872571,13.672487278127429,13.767284141945854,13.659615858054146
2026-04-26,SDP,27,14.3249,0.020284170475486335,14.358264491376305,14.291535508623694,14.364656243588223,14.285143756411776,14.377148560708939,14.27265143929106
2026-04-26,SEA,29,16.12255,0.021361984729761887,16.15768733806163,16.08741266193837,16.16441872070863,16.080681279291372,16.177574826248886,16.067525173751115
2026-04-26,SFG,28,13.48605,0.020828393144288547,13.520309658006955,13.451790341993046,13.526872900418647,13.445227099581354,13.539700385406896,13.432399614593105
2026-04-26,STL,27,12.23825,0.02035964323431604,12.271738633017403,12.204761366982599,12.278154167477345,12.198345832522657,12.290692965652752,12.185807034347249
2026-04-26,TBR,27,13.7806,0.020607266072207375,13.814495936340425,13.746704063659575,13.82098949932136,13.74021050067864,13.83368079981482,13.72751920018518
2026-04-26,TEX,28,13.4752,0.02116947461163757,13.510020687095608,13.44037931290439,13.516691407810443,13.433708592189555,13.52972895304539,13.420671046954608
2026-04-26,TOR,27,15.5446,0.020191852999325643,15.577812642640813,15.511387357359188,15.584175304659807,15.505024695340195,15.596610766648615,15.492589233351387
2026-04-26,WSN,29,11.80335,0.020944471165885853,11.837800589361787,11.768899410638213,11.844400409160373,11.762299590839627,11.857299382576423,11.749400617423577
2026-04-27,BOS,29,15.5005,0.021516694353612868,15.535891812747547,15.465108187252454,15.542671945999437,15.458328054000564,15.555923331831542,15.44507666816846
2026-04-27,CHC,29,15.01075,0.021287423037887353,15.04576469499232,14.97573530500768,15.052472582477927,14.969027417522073,15.065582768058032,14.955917231941967
2026-04-27,CHW,29,12.6891,0.021208360361599447,12.723984648462471,12.654215351537529,12.730667622479881,12.647532377520118,12.743729116099633,12.634470883900367
2026-04-27,CLE,30,13.30675,0.02177513328768592,13.342566906965601,13.270933093034397,13.349428477002423,13.264071522997575,13.362839026411104,13.250660973588895
2026-04-27,LAA,30,12.61965,0.02152492415765972,12.655055349570581,12.584244650429419,12.661838076118968,12.577461923881032,12.675094530401967,12.564205469598033
2026-04-27,LAD,29,17.87275,0.020803473534497942,17.906968668896408,17.838531331103592,17.91352405888095,17.83197594111905,17.926336196745766,17.819163803254234
2026-04-27,MIA,29,13.3533,0.02130121223269066,13.388337376199406,13.318262623800596,13.395049608803118,13.311550391196883,13.40816828667008,13.298431713329922
2026-04-27,MIN,29,13.4301,0.02153726751922378,13.46552565259362,13.39467434740638,13.472312268663082,13.387887731336917,13.485576324794389,13.37462367520561
2026-04-27,NYY,29,16.1217,0.021175619845562755,16.15653079510592,16.086869204894082,16.163203452247615,16.080196547752386,16.176244782119014,16.067155217880988
2026-04-27,PIT,29,14.2463,0.021327085073396344,14.281379933235279,14.21122006676472,14.288100318639078,14.204499681360922,14.301234930691335,14.191365069308665
2026-04-27,SDP,28,14.80765,0.020724238190520487,14.841738338353485,14.773561661646516,14.848268760460451,14.76703123953955,14.86103210002487,14.754267899975131
2026-04-27,SEA,30,16.6891,0.021793710280500412,16.724947463399612,16.653252536600387,16.73181488723928,16.64638511276072,16.745236877573568,16.632963122426432
2026-04-27,STL,28,12.7054,0.0208193951487722,12.739644857621393,12.671155142378606,12.7462052646715,12.664594735328498,12.759027208106371,12.651772791893627
2026-04-27,TBR,28,14.30855,0.02104208837898863,14.343161155388813,14.273938844611187,14.349791735382327,14.267308264617673,14.362750827854464,14.254349172145536
2026-04-27,TEX,29,13.9324,0.021633536754206952,13.967984001393944,13.896815998606055,13.97480095289647,13.88999904710353,13.988124297910888,13.876675702089111
2026-04-27,TOR,28,16.06205,0.02061495182354141,16.09595857827638,16.028141421723618,16.10245456311717,16.021645436882828,16.115150596998326,16.008949403001672
2026-04-28,ARI,28,12.87535,0.020695580064997207,12.909391199931774,12.841308800068225,12.915912591566558,12.83478740843344,12.928658281585362,12.822041718414637
2026-04-28,ATH,29,13.62665,0.021433874111391304,13.661905585571743,13.591394414428256,13.668659621307492,13.584640378692507,13.681860001024699,13.5714399989753
2026-04-28,ATL,30,16.5919,0.021728468096400392,16.627640149556463,16.556159850443535,16.63448701490817,16.549312985091827,16.647868824843936,16.535931175156062
2026-04-28,BAL,29,15.8534,0.021276819714253794,15.888397254076983,15.818402745923018,15.89510180034549,15.811698199654511,15.908205455706302,15.7985945442937
2026-04-28,BOS,30,15.98225,0.021932300339109676,16.018325423760174,15.946174576239827,16.02523651876277,15.93926348123723,16.038743861907715,15.925756138092286
2026-04-28,CHC,30,15.5298,0.021736932228608914,15.565554071815026,15.494045928184974,15.572403604302462,15.487196395697538,15.585790627003707,15.473809372996293
2026-04-28,CHW,30,13.17585,0.021664828804201463,13.211485472235873,13.140214527764128,13.218312284187462,13.133387715812539,13.231654900890232,13.120045099109769
2026-04-28,CIN,29,13.9872,0.02133833578863903,14.022298439015051,13.952101560984948,14.029022369635754,13.945377630364245,14.042163910613342,13.932236089386658
2026-04-28,CLE,31,13.77645,0.022237771826327166,13.813027879643855,13.739872120356146,13.820035231876021,13.73286476812398,13.833730704315888,13.719169295684113
2026-04-28,COL,30,11.1557,0.021045665147508982,11.190317038649486,11.121082961350513,11.196948745719807,11.114451254280192,11.209910040999631,11.101489959000368
2026-04-28,DET,30,16.2967,0.021697741705065877,16.332389609140236,16.261010390859767,16.339226792287782,16.25417320771222,16.352589678904746,16.240810321095257
2026-04-28,HOU,30,15.89445,0.02176359672899054,15.93024793101519,15.858652068984812,15.937105865762875,15.851794134237126,15.950509310205156,15.838390689794846
2026-04-28,KCR,29,14.515,0.021292520249395763,14.550023079159157,14.479976920840844,14.556732572828906,14.473267427171095,14.569845897604802,14.4601541023952
2026-04-28,LAA,31,13.1329,0.02195155969512538,13.169007102581768,13.096792897418231,13.175924266406927,13.089875733593072,13.189443470721306,13.076356529278693
2026-04-28,LAD,30,18.52155,0.021193967044585007,18.556410973562777,18.486689026437226,18.563089412096918,18.480010587903084,18.57614204137189,18.46695795862811
2026-04-28,MIA,30,13.7045,0.02170362964752656,13.740199293943745,13.668800706056254,13.747038332442948,13.661961667557051,13.76040484523947,13.648595154760528
2026-04-28,MIL,28,14.1932,0.02078064676000212,14.227381122193586,14.159018877806412,14.233929319225052,14.152470680774947,14.24672739887111,14.139672601128888
2026-04-28,MIN,30,13.87035,0.021953841177163525,13.906460855285774,13.834239144714227,13.913378738029554,13.827321261970447,13.926899347429597,13.813800652570404
2026-04-28,NYM,29,16.1972,0.021266716287689648,16.23218063541915,16.162219364580846,16.238881997993303,16.155518002006694,16.25197943100409,16.142420568995906
2026-04-28,NYY,30,16.66755,0.021636999742637383,16.703139697503023,16.631960302496974,16.709957740229072,16.625142259770925,16.723283217977965,16.611816782022032
2026-04-28,PHI,29,16.05925,0.02117190082029041,16.094074677853712,16.024425322146286,16.100746163092023,16.017753836907975,16.113785202544733,16.004714797455264
2026-04-28,PIT,30,14.7801,0.021765359772912215,14.815900830964377,14.74429916903562,14.822759321265464,14.737440678734535,14.83616385150535,14.724036148494648
2026-04-28,SDP,29,15.2886,0.021168677512905323,15.32341937598487,15.253780624015132,15.330089845525638,15.247110154474363,15.343126899855118,15.234073100144883
2026-04-28,SEA,31,17.24885,0.02220835078111876,17.285379486330935,17.212320513669066,17.292377567687026,17.205322432312975,17.3060549207255,17.1916450792745
2026-04-28,SFG,29,13.9323,0.021265781132428607,13.967279097225632,13.897320902774368,13.973980165122672,13.890619834877327,13.987077022203767,13.877522977796232
2026-04-28,STL,29,13.1716,0.021288267461599005,13.206616083945724,13.136583916054276,13.21332423751799,13.12987576248201,13.226434943149373,13.116765056850626
2026-04-28,TBR,29,14.83885,0.021509699375708694,14.874230307032771,14.80346969296723,14.881008236094674,14.796691763905327,14.894255313962478,14.783444686037523
2026-04-28,TEX,30,14.38655,0.02204962049930129,14.422818398251179,14.35028160174882,14.429766462051406,14.343333537948594,14.443346058614232,14.329753941385768
2026-04-28,TOR,29,16.5803,0.02107047208155733,16.614957842424932,16.54564215757507,16.62159736641711,16.539002633582893,16.634573939427284,16.52602606057272
2026-04-28,WSN,30,12.16565,0.021362661866937412,12.20078845185317,12.13051154814683,12.207520047873103,12.123779952126895,12.220676570438663,12.110623429561336
2026-04-29,ARI,29,13.37375,0.021124993731194572,13.408497522558083,13.339002477441916,13.415154226886775,13.332345773113223,13.428164377890097,13.319335622109902
2026-04-29,ATH,30,14.11985,0.021902928703470017,14.155877111718763,14.083822888281237,14.162778951414749,14.07692104858525,14.17626820558794,14.06343179441206
2026-04-29,ATL,31,17.08975,0.02215579587465868,17.126193041202427,17.05330695879757,17.133174561963152,17.046325438036845,17.146819548257394,17.032680451742603
2026-04-29,BAL,30,16.38685,0.021746574432539342,16.422619931829132,16.351080068170866,16.429472502674894,16.344227497325104,16.44286546367514,16.330834536324858
2026-04-29,BOS,31,16.4684,0.022361687643237288,16.505181703024732,16.431618296975266,16.51222810241428,16.424571897585718,16.525999890308256,16.410800109691742
2026-04-29,CHC,31,16.05215,0.022170500567866482,16.088617228270387,16.015682771729615,16.095603382632245,16.008696617367757,16.109257425037057,15.995042574962943
2026-04-29,CHW,31,13.6611,0.022144228544767455,13.697524014637903,13.624675985362096,13.704501890413168,13.617698109586831,13.718139752790096,13.604060247209903
2026-04-29,CIN,30,14.56445,0.02178660236652649,14.60028577192153,14.528614228078471,14.607150955983888,14.521749044016113,14.620568568800467,14.508331431199535
2026-04-29,CLE,32,14.2524,0.022684365563578238,14.289712460972344,14.215087539027655,14.296860539516754,14.207939460483246,14.31083105355108,14.19396894644892
2026-04-29,COL,31,11.57845,0.021456591041914257,11.613742951597308,11.543157048402692,11.620504145673157,11.536395854326843,11.633718515960028,11.523181484039972
2026-04-29,DET,31,16.79885,0.02214946870295515,16.835282633931104,16.7624173660689,16.842262160934492,16.75543783906551,16.85590325054311,16.741796749456892
2026-04-29,HOU,31,16.361,0.022189041612435245,16.39749772557479,16.32450227442521,16.404489722411835,16.317510277588166,16.418155183602977,16.303844816397024
2026-04-29,KCR,30,15.0218,0.02175706566831394,15.057587188376349,14.986012811623652,15.06444306511917,14.979156934880832,15.07784248730768,14.96575751269232
2026-04-29,LAA,32,13.64765,0.022387497266927747,13.684474156077872,13.610825843922129,13.691528688347168,13.603771311652833,13.705316371493273,13.589983628506728
2026-04-29,LAD,31,19.1727,0.021625381345907302,19.208270586941023,19.137129413058975,19.21508496858992,19.130315031410078,19.228403290971208,19.11699670902879
2026-04-29,MIA,31,14.05335,0.022126560241221456,14.089744952864732,14.016955047135268,14.09671726117455,14.00998273882545,14.110344242256078,13.996355757743922
2026-04-29,MIL,29,14.6948,0.02125512260637069,14.729761565510389,14.659838434489613,14.73645927479547,14.653140725204532,14.749549567660015,14.640050432339986
2026-04-29,MIN,31,14.3021,0.022402162224741142,14.33894827778692,14.265251722213078,14.346007431136316,14.258192568863683,14.359804145921343,14.244395854078656
2026-04-29,NYM,30,16.82665,0.02170998744939185,16.862359751597204,16.790940248402798,16.869200793505627,16.784099206494375,16.882571221851823,16.77072877814818
2026-04-29,NYY,31,17.21645,0.022083689780983462,17.25277443723272,17.180125562767277,17.25973323661648,17.173166763383517,17.273333815268337,17.15956618473166
2026-04-29,PHI,30,16.60895,0.021566866980685207,16.64442433937516,16.57347566062484,16.65122028254151,16.56667971745849,16.66450256795459,16.55339743204541
2026-04-29,PIT,31,15.30655,0.02219219411299786,15.343052910976775,15.270047089023224,15.350045901199397,15.263054098800602,15.363713303906305,15.249386696093694
2026-04-29,SDP,30,15.76625,0.021616288073360423,15.801805629838695,15.730694370161304,15.808617146103229,15.72388285389677,15.821929868253315,15.710570131746683
2026-04-29,SEA,32,17.8171,0.02267384141812395,17.854395150293524,17.779804849706476,17.861539912570695,17.772660087429305,17.875503945148825,17.758696054851175
2026-04-29,SFG,30,14.3826,0.021682005614526826,14.418263725574636,14.346936274425364,14.425095950117068,14.340104049882932,14.43844914542161,14.32675085457839
2026-04-29,STL,30,13.64515,0.021766379180702865,13.68095250774098,13.609347492259019,13.68781131926802,13.602488680731978,13.70121647732581,13.589083522674189
2026-04-29,TBR,30,15.3629,0.021928616525242434,15.398969364425573,15.326830635574426,15.405879298620265,15.319920701379734,15.419384373032006,15.306415626967993
2026-04-29,TEX,31,14.83765,0.02247019958452669,14.874610189284931,14.800689810715069,14.881690781911098,14.793609218088902,14.895529398546417,14.779770601453583
2026-04-29,TOR,30,17.09415,0.021551624358749105,17.129599267493184,17.058700732506814,17.136390407551485,17.051909592448514,17.149663305562342,17.038636694437656
2026-04-29,WSN,31,12.5362,0.021768283600425285,12.572005640232668,12.50039435976733,12.578865051862087,12.493534948137912,12.592271382785938,12.48012861721406
2026-04-30,ARI,30,13.87375,0.021587701320831168,13.909258608815113,13.838241391184885,13.916061117097836,13.831438882902162,13.929356233658458,13.81814376634154
2026-04-30,ATH,31,14.61285,0.02233535733504986,14.649588393521814,14.576111606478186,14.65662649595853,14.56907350404147,14.670382067928857,14.555317932071143
2026-04-30,ATL,32,17.58635,0.02255997853515321,17.623457862517494,17.549242137482505,17.630566745420897,17.542133254579102,17.64446065379828,17.52823934620172
2026-04-30,BAL,31,16.911,0.02216491629074447,16.947458042951908,16.874541957048095,16.954442437650204,16.8675575623498,16.96809304089241,16.853906959107594
2026-04-30,CIN,31,15.13815,0.02224090739545237,15.174733037196102,15.101566962803897,15.181741377478577,15.094558622521422,15.195438781006724,15.080861218993276
2026-04-30,COL,32,12.00475,0.021884362411112315,12.040746572885437,11.968753427114562,12.047642562150402,11.961857437849597,12.061120381988026,11.948379618011973
2026-04-30,DET,32,17.30225,0.022609739204385877,17.339439711534762,17.26506028846524,17.34656427454044,17.25793572545956,17.360488828788256,17.244011171211746
2026-04-30,HOU,32,16.83685,0.022624371747848638,16.874063779926946,16.79963622007305,16.881192953798628,16.79250704620137,16.895126519722492,16.778573480277505
2026-04-30,KCR,31,15.5288,0.022209754425917917,15.565331795121173,15.492268204878828,15.572330318780278,15.485269681219723,15.586008536274905,15.471591463725096
2026-04-30,MIL,30,15.1948,0.021722597486536467,15.230530493262536,15.159069506737465,15.237375508724272,15.15222449127573,15.250753703155018,15.138846296844983
2026-04-30,MIN,32,14.73885,0.022863260272947,14.776456716583892,14.701243283416106,14.78366116670414,14.694038833295858,14.797741855785722,14.679958144214277
2026-04-30,NYM,31,17.4603,0.022130085461518807,17.496700751336125,17.423899248663876,17.50367417047937,17.41692582952063,17.51730332262182,17.40329667737818
2026-04-30,PHI,31,17.16125,0.022012647494281216,17.19745758306977,17.125042416930228,17.204393996293167,17.11810600370683,17.21795082246446,17.10454917753554
2026-04-30,PIT,32,15.8395,0.02262526425545413,15.876715247971319,15.80228475202868,15.88384470308139,15.795155296918608,15.897778818669735,15.781221181330263
2026-04-30,SFG,31,14.8303,0.02214937076377696,14.86673247283549,14.793867527164508,14.873711968977227,14.786888031022771,14.887352998268506,14.773247001731493
2026-04-30,STL,31,14.1122,0.022234776303436503,14.148772952447162,14.075627047552837,14.15577936075904,14.06862063924096,14.169472988360246,14.054927011639753
2026-04-30,TOR,31,17.6574,0.022005805478867133,17.693596328955902,17.621203671044096,17.700530586189373,17.614269413810625,17.71408319860066,17.600716801399336
2026-04-30,WSN,32,12.90255,0.022204669041473248,12.939073430408124,12.866026569591876,12.946070351609919,12.85902964839008,12.959745437192632,12.845354562807367
2026-05-01,ARI,31,14.3354,0.022047214018607878,14.371664439942682,14.299135560057318,14.378611745435919,14.292188254564081,14.392189859930744,14.278610140069256
2026-05-01,ATH,32,15.12575,0.02276977755740055,15.16320295120017,15.08829704879983,15.170377943948493,15.081122056051507,15.184401060267643,15.067098939732357
2026-05-01,ATL,33,18.21935,0.022925271149494875,18.25705871539909,18.181641284600907,18.264282705788823,18.174417294211175,18.27840158521867,18.160298414781327
2026-05-01,BAL,32,17.3937,0.022612841098126595,17.43089481369593,17.35650518630407,17.438020354140455,17.349379645859543,17.45194681873705,17.33545318126295
2026-05-01,BOS,32,17.0013,0.022820296969971465,17.03883604823917,16.963763951760832,17.046026960177652,16.95657303982235,17.06008118965094,16.94251881034906
2026-05-01,CHC,32,16.5905,0.022612740972794906,16.627694649004415,16.553305350995583,16.63482015789841,16.546179842101587,16.648746560831285,16.532253439168713
2026-05-01,CHW,32,14.07615,0.02258634689427005,14.113301234608624,14.038998765391376,14.120418426455098,14.031881573544903,14.134328574190382,14.017971425809618
2026-05-01,CIN,32,15.62365,0.022671595310800145,15.660941455775745,15.586358544224254,15.668085510281236,15.579214489718764,15.682048159559761,15.565251840440238
2026-05-01,CLE,33,14.7395,0.02313846920039975,14.777559394986381,14.701440605013618,14.784850566290173,14.694149433709827,14.799100747005653,14.679899252994346
2026-05-01,COL,33,12.37175,0.02229601875890905,12.40842368732217,12.335076312677831,12.415449393766092,12.328050606233909,12.429180738471674,12.314319261528327
2026-05-01,DET,33,17.83095,0.023044742521514457,17.868855228318676,17.793044771681327,17.876116865375167,17.785783134624836,17.89030932307966,17.771590676920344
2026-05-01,HOU,33,17.30395,0.02306262808345368,17.3418846474501,17.2660153525499,17.349151920432412,17.25874807956759,17.36335539323421,17.24454460676579
2026-05-01,KCR,32,15.97325,0.022609340569531247,16.010439055838773,15.936060944161225,16.017563493230483,15.928936506769519,16.031487801972915,15.915012198027085
2026-05-01,LAA,33,14.04645,0.022824781891803914,14.08399342527911,14.008906574720891,14.091185750462918,14.001714249537082,14.105242742044021,13.987657257955979
2026-05-01,LAD,32,19.81715,0.022049605509626577,19.85341837359536,19.780881626404643,19.860366432672187,19.773933567327816,19.87394602000339,19.760353979996612
2026-05-01,MIA,32,14.45515,0.02256490378040935,14.492265963825018,14.418034036174982,14.499376398724214,14.410923601275785,14.51327334038934,14.39702665961066
2026-05-01,MIL,31,15.7746,0.022138749924338813,15.81101500310922,15.738184996890778,15.817991152514443,15.731208847485556,15.831625640799052,15.717574359200947
2026-05-01,MIN,33,15.16805,0.023354501311558265,15.206464736187959,15.12963526381204,15.213823981447547,15.122276018552451,15.228207208848081,15.107892791151917
2026-05-01,NYM,32,18.0615,0.022539105751213945,18.098573529843126,18.02442647015687,18.105675835516116,18.01732416448388,18.119556889069763,18.003443110930235
2026-05-01,NYY,32,17.73375,0.022524506976751443,17.770799516996004,17.696700483003998,17.777897222443954,17.689602777556047,17.791769285118708,17.675730714881293
2026-05-01,PHI,32,17.75945,0.022452494084166427,17.796381066328447,17.722518933671555,17.803456079768065,17.715443920231937,17.817283792199756,17.701616207800246
2026-05-01,PIT,33,16.354,0.023105429947193213,16.392005050250912,16.315994949749086,16.399285810543812,16.308714189456186,16.413515643529077,16.29448435647092
2026-05-01,SDP,31,16.3512,0.02207186639965729,16.387504989501064,16.314895010498933,16.394460063214908,16.30793993678509,16.408053360256254,16.294346639743743
2026-05-01,SEA,33,18.37265,0.023112243674411757,18.410666257834844,18.334633742165156,18.417949165203762,18.32735083479624,18.432183194527312,18.31311680547269
2026-05-01,SFG,32,15.33575,0.022637065152332214,15.372984658719352,15.29851534128065,15.380117832414259,15.291382167585743,15.394059215765724,15.277440784234278
2026-05-01,STL,32,14.46775,0.022677052482861757,14.505050432025005,14.430449567974996,14.512196206141935,14.423303793858066,14.526162216303472,14.409337783696529
2026-05-01,TBR,31,15.85745,0.022408292693868313,15.8943083615113,15.8205916384887,15.901369446635014,15.813530553364986,15.915169936963366,15.799730063036634
2026-05-01,TEX,32,15.30895,0.02288801406707007,15.346597432951937,15.271302567048062,15.353809683249104,15.264090316750895,15.367905617333998,15.249994382666001
2026-05-01,TOR,32,18.2282,0.02243237389510819,18.2650979715625,18.1913020284375,18.272166644922148,18.184233355077854,18.285981966027187,18.170418033972815
2026-05-01,WSN,33,13.32275,0.02262741085190911,13.359968778808282,13.285531221191716,13.367098910333132,13.278401089666866,13.381034347935786,13.264465652064212
2026-05-02,ARI,32,14.8003,0.02247801722934937,14.837273048166374,14.763326951833626,14.844356104213396,14.756243895786604,14.858199535465035,14.742400464534965
2026-05-02,ATH,33,15.64505,0.023186847702314266,15.683188970540723,15.606911029459276,15.69049538641155,15.599604613588449,15.704775361768545,15.585324638231453
2026-05-02,ATL,34,18.85415,0.023319650065533944,18.892507410989534,18.815792589010467,18.899855674260525,18.808444325739476,18.914217437987308,18.794082562012694
2026-05-02,BAL,33,17.87645,0.023047469040362274,17.91435971304309,17.838540286956906,17.92162220925391,17.831277790746086,17.9358163461268,17.817083653873198
2026-05-02,BOS,33,17.52475,0.023284468647555824,17.563049542706572,17.48645045729343,17.570386719948363,17.47911328005164,17.58472681665994,17.46477318334006
2026-05-02,CHC,33,17.1256,0.023039916967920952,17.163497290989344,17.087702709010653,17.170757407463917,17.08044259253608,17.184946893277303,17.066253106722694
2026-05-02,CHW,33,14.4945,0.022978792151556515,14.532296749613453,14.456703250386548,14.539537605025282,14.449462394974718,14.553689446184139,14.435310553815862
2026-05-02,CIN,33,16.1027,0.023078870579241146,16.140661363978207,16.06473863602179,16.14793375513917,16.057466244860827,16.16214723113082,16.043252768869177
2026-05-02,CLE,34,15.2202,0.02350006831182695,15.258854172596315,15.181545827403685,15.266259287525411,15.174140712474589,15.280732164593005,15.159667835406996
2026-05-02,COL,34,12.73695,0.022705693389557916,12.774297542124263,12.699602457875738,12.781452341287542,12.692447658712458,12.79543599039022,12.67846400960978
2026-05-02,DET,34,18.3604,0.02348314640137143,18.399026338530525,18.32177366146947,18.406426121190368,18.31437387880963,18.42088857664018,18.299911423359816
2026-05-02,HOU,34,17.7805,0.02349390528795247,17.819144035324143,17.741855964675857,17.826547208220582,17.734452791779418,17.84101628969551,17.71998371030449
2026-05-02,KCR,33,16.4264,0.023028583712060784,16.46427864944234,16.388521350557664,16.471535194690606,16.381264805309396,16.485717700744758,16.367082299255244
2026-05-02,LAA,34,14.43935,0.02320318939876388,14.477515850239397,14.401184149760601,14.484827415548038,14.39387258445196,14.49911745518913,14.379582544810868
2026-05-02,LAD,33,20.4634,0.02244333324531717,20.50031599808944,20.42648400191056,20.50738812485385,20.41941187514615,20.521210195442602,20.405589804557398
2026-05-02,MIA,33,14.8545,0.022971566601858104,14.892284864641823,14.816715135358177,14.899523443208105,14.809476556791894,14.913670834401492,14.795329165598508
2026-05-02,MIL,32,16.35415,0.022602033790603295,16.391327037256954,16.316972962743048,16.39844917220694,16.30985082779306,16.412368980957638,16.295931019042364
2026-05-02,MIN,34,15.59725,0.023808621640032373,15.636411697657323,15.558088302342679,15.643914040936005,15.550585959063996,15.658576945297504,15.535923054702497
2026-05-02,NYM,33,18.6686,0.0229698733726187,18.706382079527568,18.630817920472435,18.71362012453978,18.623579875460223,18.727766472932,18.609433527068003
2026-05-02,NYY,33,18.251,0.02297806235450411,18.288795549204124,18.213204450795878,18.296036174649345,18.205963825350658,18.310187566351505,18.191812433648497
2026-05-02,PHI,33,18.3601,0.022873402876003278,18.397723399681315,18.322476600318684,18.40493104584084,18.31526895415916,18.41901798139989,18.30118201860011
2026-05-02,PIT,34,16.87495,0.023581845348625802,16.913738683851893,16.836161316148104,16.9211695675723,16.828730432427697,16.93569280828075,16.814207191719248
2026-05-02,SDP,32,16.93285,0.022469252040051513,16.969808630712965,16.895891369287032,16.976888924758054,16.888811075241943,16.99072695783359,16.874973042166406
2026-05-02,SEA,34,18.9195,0.023509543220384326,18.95816975743402,18.880830242565978,18.96557785800494,18.873422141995057,18.980056570340114,18.858943429659885
2026-05-02,SFG,33,15.83485,0.023096113209743068,15.872839725581526,15.796860274418473,15.880117550073956,15.789582449926042,15.894341645203738,15.77535835479626
2026-05-02,STL,33,14.8215,0.023028534542392398,14.859378568565432,14.783621431434568,14.866635098319826,14.776364901680175,14.880817574092083,14.762182425907918
2026-05-02,TBR,32,16.35835,0.02284967985045884,16.39593437877671,16.320765621223295,16.40313454956517,16.313565450434833,16.417206874935523,16.29949312506448
2026-05-02,TEX,33,15.7795,0.023304959634317696,15.817833247380465,15.741166752619536,15.825176881544422,15.733823118455579,15.8395295979441,15.7194704020559
2026-05-02,TOR,33,18.799,0.022844825328774486,18.836576393799106,18.761423606200893,18.843775034877506,18.754224965122493,18.857844370516315,18.740155629483684
2026-05-02,WSN,34,13.7432,0.02305415933650878,13.781120717600974,13.705279282399026,13.788385321993404,13.698014678006595,13.802583579187665,13.683816420812335
2026-05-03,ARI,33,15.2718,0.02291227807583374,15.309487343694757,15.234112656305244,15.316707239832402,15.2268927601676,15.330818117278794,15.212781882721208
2026-05-03,ATH,34,16.1621,0.023583341328136942,16.20089114451922,16.12330885548078,16.20832249963826,16.115877500361737,16.22284666166861,16.10135333833139
2026-05-03,ATL,35,19.48615,0.023736123926495555,19.525192449530266,19.44710755046973,19.532671948028508,19.43962805197149,19.547290203562532,19.425009796437465
2026-05-03,BAL,34,18.3687,0.023512138493400114,18.407374026278255,18.330025973721746,18.414782944646582,18.32261705535342,18.4292632553204,18.3081367446796
2026-05-03,BOS,34,18.05145,0.023780526077991353,18.0905654845702,18.0123345154298,18.09805897464628,18.00484102535372,18.1127045759255,17.9901954240745
2026-05-03,CHC,34,17.6541,0.02343491240128627,17.692647000660546,17.615552999339453,17.700031584287373,17.608168415712626,17.714464334089335,17.593735665910664
2026-05-03,CHW,34,14.91615,0.023397293231088214,14.954635122632002,14.877664877367998,14.962007852068655,14.870292147931345,14.976417433528363,14.855882566471637
2026-05-03,CIN,34,16.58165,0.023536978636672267,16.62036488467801,16.54293511532199,16.627781630432764,16.535518369567235,16.642277239289346,16.521022760710654
2026-05-03,CLE,35,15.70315,0.023903453152811047,15.742467681615066,15.663832318384936,15.74999990728565,15.656300092714352,15.76472121508702,15.641578784912982
2026-05-03,COL,35,13.10495,0.0231380323991079,13.143008676512194,13.066891323487807,13.150299710175373,13.059600289824628,13.164549621880086,13.045350378119915
2026-05-03,DET,35,18.8913,0.023937060484596515,18.930672960756645,18.851927039243357,18.938215776445567,18.844384223554435,18.952957781837046,18.829642218162956
2026-05-03,HOU,35,18.2538,0.023978282380130885,18.29324076474102,18.214359235258975,18.300796569876187,18.20680343012381,18.31556396240351,18.192036037596488
2026-05-03,KCR,34,16.87285,0.023469590643197234,16.91145404129253,16.83424595870747,16.918849552392565,16.826850447607434,16.933303659321044,16.812396340678955
2026-05-03,LAA,35,14.83685,0.023621272237119257,14.875703535312434,14.797996464687566,14.883146842853769,14.790553157146231,14.897694365215479,14.776005634784521
2026-05-03,LAD,34,21.1101,0.022885805371547933,21.147743799971096,21.072456200028903,21.154955354285427,21.06524464571457,21.16904992811135,21.05115007188865
2026-05-03,MIA,34,15.262,0.02341164678659454,15.300508732129837,15.223491267870164,15.3078859845205,15.216114015479501,15.322304405837247,15.201695594162754
2026-05-03,MIL,33,16.9348,0.022987145721977367,16.972610490014056,16.896989509985943,16.97985397772245,16.88974602227755,16.994010963555617,16.87558903644438
2026-05-03,MIN,35,16.0296,0.024221798586734684,16.06944131325668,15.98975868674332,16.077073852870782,15.982126147129215,16.09199121858437,15.967208781415628
2026-05-03,NYM,34,19.2711,0.023401658517743396,19.30959230288959,19.23260769711041,19.316966407873284,19.225233592126717,19.33137867776165,19.210821322238353
2026-05-03,NYY,34,18.75875,0.023404803163358575,18.797247475371336,18.720252524628663,18.80462257126543,18.71287742873457,18.819036777831972,18.698463222168026
2026-05-03,PHI,34,18.9526,0.02329806433998537,18.990921905630575,18.914278094369426,18.99826336701587,18.90693663298413,19.012611836842904,18.892588163157097
2026-05-03,PIT,35,17.396,0.023993915591234143,17.435466479085008,17.356533520914994,17.443027210406914,17.348972789593088,17.45780423088678,17.334195769113222
2026-05-03,SDP,33,17.5112,0.02289726931856969,17.548862656485934,17.473537343514064,17.55607782320871,17.466322176791287,17.570179457282023,17.452220542717974
2026-05-03,SEA,35,19.47305,0.023951041052392177,19.51244595674429,19.43365404325571,19.51999317785493,19.426106822145073,19.534743793393254,19.411356206606747
2026-05-03,SFG,34,16.3377,0.023537536750514374,16.37641580269359,16.298984197306414,16.3838327243158,16.291567275684205,16.398328676895336,16.277071323104668
2026-05-03,STL,34,15.1748,0.023403624387725083,15.21329553645796,15.13630446354204,15.220670260907644,15.128929739092355,15.235083741507154,15.114516258492845
2026-05-03,TBR,33,16.8555,0.023293628252289374,16.893814608915637,16.81718539108436,16.901154672443752,16.809845327556246,16.91550041023822,16.79549958976178
2026-05-03,TEX,34,16.2486,0.023783779880609136,16.287720836599235,16.209479163400765,16.295215351982222,16.201984648017778,16.30986295716563,16.18733704283437
2026-05-03,TOR,34,19.36665,0.023248395928980998,19.404890208364588,19.328409791635412,19.412216018719132,19.321083981280868,19.426533899494377,19.306766100505623
2026-05-03,WSN,35,14.16255,0.02346665525954758,14.201149213016086,14.123950786983913,14.20854379914633,14.116556200853669,14.222996098273821,14.102103901726178
2026-05-04,ATL,36,19.9734,0.024151993456843227,20.0131264940356,19.933673505964403,20.02073703733026,19.926062962669743,20.03561141248526,19.911188587514744
2026-05-04,BAL,35,18.8547,0.023939988547461398,18.89407777699147,18.815322223008533,18.901621515343326,18.807778484656676,18.916365324027176,18.793034675972827
2026-05-04,BOS,35,18.56275,0.02420438833136922,18.602562675934994,18.52293732406501,18.610189729397305,18.515310270602697,18.62509637273842,18.500403627261583
2026-05-04,CHC,35,18.20455,0.023876535957367512,18.243823406768513,18.16527659323149,18.251347150552018,18.157752849447984,18.26605188098623,18.143048119013773
2026-05-04,CHW,35,15.39785,0.023788265236312455,15.436978214352832,15.358721785647168,15.444474143117858,15.351225856882142,15.459124510676288,15.336575489323712
2026-05-04,CIN,35,17.0312,0.023928956470098874,17.070559630839004,16.991840369160993,17.07809989286902,16.984300107130977,17.092836907279025,16.96956309272097
2026-05-04,CLE,36,16.1701,0.02433460310227824,16.210126860173208,16.130073139826795,16.217794945658543,16.12240505434146,16.23278178376108,16.107418216238923
2026-05-04,COL,36,13.44865,0.02355612241902673,13.48739637339785,13.409903626602151,13.49481915155671,13.402480848443291,13.509326550404914,13.387973449595087
2026-05-04,DET,36,19.38,0.024388824095003828,19.42011604576975,19.33988395423025,19.42780121685149,19.33219878314851,19.44282144778301,19.317178552216987
2026-05-04,HOU,36,18.65865,0.024351512451651434,18.698704673577854,18.61859532642215,18.70637808737432,18.610921912625685,18.7213753393587,18.595924660641302
2026-05-04,KCR,35,17.4059,0.023939212890061592,17.44527650114858,17.366523498851418,17.452819995082756,17.358980004917242,17.467563326066117,17.34423667393388
2026-05-04,LAA,36,15.35515,0.02405628523105664,15.394719068013282,15.315580931986718,15.402299452654693,15.308000547345307,15.417114884432687,15.293185115567313
2026-05-04,LAD,35,21.70525,0.023246088722773277,21.743486413348087,21.667013586651912,21.750811496678057,21.65968850332194,21.765127956525017,21.645372043474982
2026-05-04,MIA,35,15.6605,0.023824364997169965,15.699687593175412,15.62131240682459,15.707194897348991,15.61380510265101,15.721867497498156,15.599132502501845
2026-05-04,MIL,34,17.4773,0.02338047407193427,17.515757457577067,17.438842542422933,17.523124887122464,17.431475112877536,17.537524110245354,17.417075889754646
2026-05-04,NYM,35,19.9274,0.02379095967984736,19.96653264631805,19.888267353681947,19.974029424130144,19.880770575869853,19.9886814511029,19.8661185488971
2026-05-04,NYY,35,19.27275,0.023836973002860504,19.311958331499298,19.2335416685007,19.319469608586058,19.22603039141394,19.33414997356867,19.211350026431326
2026-05-04,PHI,35,19.5541,0.02376229980125219,19.593185505012798,19.5150144949872,19.600673251800295,19.5075267481997,19.61530762814778,19.492892371852218
2026-05-04,SDP,34,18.01835,0.023308964568733298,18.056689834911367,17.980010165088636,18.06403473107164,17.972665268928363,18.078389913971527,17.958310086028476
2026-05-04,SEA,36,19.9858,0.02439671449158477,20.025929024317183,19.94567097568282,20.033616681744615,19.937983318255387,20.048641772097742,19.92295822790226
2026-05-04,SFG,35,16.83055,0.023952568153562538,16.86994846860219,16.79115153139781,16.87749617091822,16.783603829081777,16.892247726945197,16.7688522730548
2026-05-04,STL,35,15.6323,0.023852531996920844,15.671533923767113,15.593066076232889,15.679050103654054,15.585549896345947,15.693740050881507,15.570859949118494
2026-05-04,TBR,34,17.29905,0.023721806235604215,17.338068899024474,17.260031100975528,17.345543885870022,17.25255611412998,17.36015332363478,17.237946676365222
2026-05-04,TOR,35,19.9231,0.023659719115311423,19.962016774799476,19.884183225200527,19.969472197350346,19.876727802649658,19.984043397810957,19.862156602189046
2026-05-05,ARI,34,15.7737,0.02333788011650611,15.812087396754993,15.735312603245006,15.819441404503864,15.727958595496135,15.833814395486808,15.713585604513192
2026-05-05,ATH,35,16.5993,0.023987616509092567,16.6387561180169,16.5598438819831,16.646314864432778,16.55228513556722,16.661088005526413,16.537511994473586
2026-05-05,ATL,37,20.45765,0.024550467615668915,20.49803192570099,20.417268074299013,20.50576803233033,20.409531967669672,20.52088781390027,20.394412186099732
2026-05-05,BAL,36,19.4473,0.024377876231174742,19.48739803813622,19.407201961863777,19.495079759432677,19.39952024056732,19.510093247954547,19.38450675204545
2026-05-05,BOS,36,19.0711,0.024680917666992156,19.111696496941043,19.03050350305896,19.119473709732706,19.022726290267297,19.134673830965117,19.007526169034886
2026-05-05,CHC,36,18.75275,0.02429239341633291,18.792707431418187,18.71279256858181,18.80036221619429,18.705137783805707,18.815323058815128,18.69017694118487
2026-05-05,CHW,36,15.8801,0.02422633990674742,15.919948783063374,15.840251216936627,15.92758275369445,15.832617246305551,15.942502916249536,15.817697083750465
2026-05-05,CIN,36,17.483,0.024347077627704078,17.523047378941598,17.442952621058403,17.530719395279103,17.435280604720898,17.54571391600922,17.42028608399078
2026-05-05,CLE,37,16.64895,0.024759469833627704,16.68967570375724,16.60822429624276,16.697477669150217,16.60042233084978,16.71272616793779,16.585173832062207
2026-05-05,COL,37,13.80295,0.02393010023714621,13.842311512168381,13.763588487831617,13.84985213461124,13.756047865388759,13.864589853427702,13.741310146572296
2026-05-05,DET,37,19.87165,0.024855476330381918,19.912533620391635,19.830766379608363,19.920365838426136,19.822934161573862,19.93567346428546,19.807626535714537
2026-05-05,HOU,37,19.0614,0.024742213135763372,19.102097319015165,19.020702680984833,19.10989384664391,19.012906153356088,19.12513171762975,18.99766828237025
2026-05-05,KCR,36,17.92705,0.02439705260239001,17.96717958045997,17.886920419540033,17.974867344429615,17.879232655570387,17.989892643013462,17.86420735698654
2026-05-05,LAA,37,15.8729,0.024470435623645547,15.913150284788635,15.832649715211364,15.920861172508351,15.824938827491648,15.935931665149992,15.809868334850007
2026-05-05,LAD,36,22.3025,0.02362726391015253,22.341363390737552,22.263636609262445,22.34880858631712,22.256191413682878,22.363359798742454,22.241640201257542
2026-05-05,MIA,36,16.0679,0.02423713785583137,16.10776654410909,16.028033455890913,16.115403917285764,16.02039608271424,16.130330729923205,16.005469270076798
2026-05-05,MIL,35,18.01965,0.023817673227099597,18.05882658619314,17.98047341380686,18.066331781720656,17.97296821827934,18.081000260640714,17.958299739359283
2026-05-05,MIN,36,16.599,0.024571327548727918,16.639416237237537,16.558583762762463,16.647158917047843,16.550841082952157,16.66229154552711,16.53570845447289
2026-05-05,NYM,36,20.5731,0.024208513422060967,20.61291946110538,20.53328053889462,20.620547814426494,20.525652185573506,20.6354569982679,20.5107430017321
2026-05-05,NYY,36,19.81565,0.024256188323984393,19.855547879340726,19.775752120659277,19.863191255517233,19.76810874448277,19.87812980067732,19.753170199322682
2026-05-05,PHI,36,20.1169,0.024175213371283342,20.15666468739608,20.07713531260392,20.164282547526287,20.069517452473715,20.1791712230213,20.054628776978703
2026-05-05,PIT,36,17.8941,0.024416164050754197,17.934261015995126,17.853938984004877,17.941954802180103,17.8462451978199,17.95699187084219,17.83120812915781
2026-05-05,SDP,35,18.5341,0.02373109811515027,18.573134182806246,18.49506581719375,18.58061209761928,18.487587902380717,18.595227257930397,18.4729727420696
2026-05-05,SEA,37,20.50155,0.02478095205302312,20.542311038863726,20.460788961136277,20.55011977352654,20.452980226473464,20.565381502468018,20.437718497531986
2026-05-05,SFG,36,17.3148,0.02437241778604328,17.354889059792953,17.27471094020705,17.36256906107681,17.26703093892319,17.37757918793163,17.252020812068373
2026-05-05,STL,36,16.08995,0.02430900031366599,16.1299347473335,16.049965252666503,16.13759476511496,16.042305234885042,16.15256583534792,16.027334164652082
2026-05-05,TBR,35,17.74255,0.02411695578328268,17.78221886219116,17.70288113780884,17.78981836475198,17.695281635248023,17.804671161418973,17.68042883858103
2026-05-05,TEX,35,16.7057,0.024215154225912066,16.74553038425568,16.66586961574432,16.75316083016287,16.65823916983713,16.76807410384506,16.64332589615494
2026-05-05,TOR,36,20.4796,0.024110438769605242,20.519258142657577,20.439941857342426,20.526855591639887,20.432344408360116,20.54170437470417,20.41749562529583
2026-05-05,WSN,36,14.59315,0.02390836118101196,14.632475754603053,14.553824245396946,14.640009526844159,14.54629047315584,14.654733857329882,14.531566142670117
2026-05-06,ARI,35,16.278,0.023710944950497494,16.31700103380027,16.238998966199727,16.324472598142385,16.231527401857612,16.339075346818326,16.21692465318167
2026-05-06,ATH,36,17.0459,0.024403164450983887,17.086039633556293,17.005760366443706,17.093729323432736,16.998070676567263,17.108758386092166,16.983041613907833
2026-05-06,ATL,38,20.95395,0.024921126037985304,20.994941604551293,20.912958395448705,21.002794509488634,20.905105490511364,21.018142566726077,20.88975743327392
2026-05-06,BAL,37,20.03245,0.02478196031698975,20.073212697310368,19.991687302689634,20.0810217496876,19.9838782503124,20.09628409958389,19.96861590041611
2026-05-06,BOS,37,19.5754,0.02514552359502269,19.616760705686865,19.534039294313132,19.624684320618645,19.526115679381352,19.640170576529137,19.51062942347086
2026-05-06,CHC,37,19.3137,0.0246966619557297,19.354322393991477,19.273077606008524,19.362104567971592,19.26529543202841,19.37731438556541,19.250085614434592
2026-05-06,CHW,37,16.3679,0.024673526676296784,16.408484339843188,16.32731566015681,16.41625922365713,16.31954077634287,16.4314547930347,16.304345206965298
2026-05-06,CIN,37,17.92205,0.02476124685556629,17.962778626698217,17.88132137330178,17.970581152049213,17.873518847950784,17.985830745242975,17.858269254757023
2026-05-06,CLE,38,17.1176,0.025217460379970847,17.1590790311685,17.0761209688315,17.16702531412631,17.06817468587369,17.18255587340781,17.052644126592188
2026-05-06,COL,38,14.15285,0.024305531918044736,14.19282904233038,14.112870957669621,14.200487967184458,14.105212032815544,14.215456901352843,14.090243098647159
2026-05-06,DET,38,20.36735,0.025288676808677326,20.408946171769554,20.325753828230443,20.41691489576168,20.317785104238318,20.432489314771768,20.30221068522823
2026-05-06,HOU,38,19.4667,0.02520399407962717,19.50815688107554,19.42524311892446,19.51609892066263,19.41730107933737,19.531621186516777,19.401778813483222
2026-05-06,KCR,37,18.4584,0.02485436297650673,18.499281789087476,18.417518210912526,18.50711365629264,18.409686343707364,18.52242059647593,18.394379403524074
2026-05-06,LAA,38,16.3851,0.02492641100917446,16.426100297555326,16.344099702444677,16.433954867841827,16.336245132158176,16.449306179909737,16.320893820090266
2026-05-06,LAD,37,22.8972,0.024051830128425322,22.936761740021563,22.85763825997844,22.94434072081399,22.850059279186013,22.95915340884878,22.835246591151222
2026-05-06,MIA,37,16.48275,0.024648742359398287,16.523293573269648,16.44220642673035,16.531060647288626,16.434439352711372,16.546240952864963,16.419259047135036
2026-05-06,MIL,36,18.56125,0.024281822464965654,18.601190043750492,18.52130995624951,18.60884149751033,18.513658502489672,18.62379582984883,18.49870417015117
2026-05-06,MIN,37,17.168,0.02498979840857511,17.20910456054913,17.12689543945087,17.21697910486172,17.119020895138277,17.232369455030586,17.103630544969413
2026-05-06,NYM,37,21.2232,0.024612077842368033,21.26368326550583,21.182716734494168,21.271438786155738,21.17496121384426,21.2865965113276,21.1598034886724
2026-05-06,NYY,37,20.35145,0.024648266099790598,20.391992789892306,20.310907210107693,20.39975971383695,20.30314028616305,20.41493972610151,20.287960273898488
2026-05-06,PHI,37,20.6703,0.024573056123615607,20.71071908049021,20.62988091950979,20.718462304992368,20.622137695007634,20.73359599804096,20.60700400195904
2026-05-06,PIT,37,18.3898,0.024847407665255224,18.430670348618538,18.348929651381464,18.438500024133084,18.341099975866918,18.45380268078139,18.325797319218612
2026-05-06,SDP,36,19.0499,0.02416608572948831,19.08964967376137,19.01015032623863,19.097264657677105,19.002535342322897,19.112147711774092,18.98765228822591
2026-05-06,SEA,38,21.00525,0.025209579489152492,21.046716068256654,20.963783931743347,21.05465986786414,20.95584013213586,21.070185573578303,20.940314426421697
2026-05-06,SFG,37,17.799,0.024801123054919084,17.839794217209352,17.758205782790647,17.847609307963786,17.750390692036213,17.862883459525783,17.735116540474216
2026-05-06,STL,37,16.54835,0.024739113061319547,16.589042219846473,16.507657780153526,16.59683777060965,16.49986222939035,16.612073732367154,16.484626267632844
2026-05-06,TBR,36,18.1813,0.024485842712160494,18.22157562719406,18.14102437280594,18.229291369846948,18.133308630153053,18.24437135118007,18.11822864881993
2026-05-06,TEX,36,17.1699,0.02466479509555786,17.210469977670943,17.129330022329054,17.21824211007335,17.121557889926645,17.233432301973167,17.10636769802683
2026-05-06,TOR,37,21.04085,0.02452466384747896,21.08118948227929,21.00051051772071,21.088917457874008,20.99278254212599,21.10402134779802,20.977678652201977
2026-05-06,WSN,37,15.02415,0.02429573734253916,15.064112931687337,14.984187068312664,15.071768770169221,14.97653122983078,15.08673167219824,14.96156832780176
2026-05-07,ARI,36,16.78375,0.024165647018025153,16.82349895214523,16.744001047854773,16.83111379781844,16.736386202181563,16.84599658172825,16.72150341827175
2026-05-07,ATH,37,17.4912,0.024838216015824113,17.53205522970063,17.450344770299367,17.539882008831242,17.442517991168756,17.555179004661436,17.427220995338562
2026-05-07,BAL,38,20.6216,0.02519846066967197,20.663047779426105,20.580152220573897,20.670988075378407,20.572211924621595,20.686506933397265,20.556693066602737
2026-05-07,BOS,38,20.12135,0.025548656433700773,20.16337380019871,20.07932619980129,20.17142444646344,20.07127555353656,20.18715897790823,20.05554102209177
2026-05-07,CHC,38,19.8735,0.02511207714070891,19.91480569116518,19.83219430883482,19.922718766772782,19.824281233227218,19.938184424172018,19.808815575827982
2026-05-07,CIN,38,18.36225,0.02517494658925402,18.403659102205644,18.320840897794355,18.411591988627656,18.312908011372343,18.427096365139878,18.29740363486012
2026-05-07,CLE,39,17.5896,0.025653683898708958,17.631796555005458,17.547403444994544,17.639880296512246,17.539319703487756,17.655679510730277,17.523520489269725
2026-05-07,KCR,38,18.9864,0.025311119782404575,19.02803308717629,18.94476691282371,19.036008883181893,18.936791116818107,19.051597124041155,18.921202875958844
2026-05-07,MIA,38,16.8936,0.025068713050707275,16.93483436358446,16.852365636415538,16.942733774718153,16.844466225281845,16.95817272567827,16.829027274321728
2026-05-07,MIN,38,17.735,0.025434545323335205,17.77683610412495,17.69316389587505,17.784850792796888,17.68514920720311,17.80051504716629,17.66948495283371
2026-05-07,NYY,38,20.8976,0.02510711513419087,20.93889752939076,20.85630247060924,20.946809041418714,20.848390958581287,20.962271642890226,20.832928357109775
2026-05-07,PHI,38,21.225,0.024997599764771415,21.26611739263817,21.183882607361834,21.2739943952389,21.1760056047611,21.289389549992485,21.160610450007518
2026-05-07,PIT,38,18.88405,0.02528650332168356,18.92564259670159,18.842457403298408,18.93361063580545,18.834489364194546,18.949183716240277,18.81891628375972
2026-05-07,SDP,37,19.61145,0.02456367467584359,19.65185364938182,19.571046350618182,19.659593917692614,19.56330608230739,19.67472183303288,19.548178166967123
2026-05-07,STL,38,16.9868,0.025154083652485237,17.02817478572843,16.945425214271566,17.03610109802298,16.93749890197702,17.051592625775992,16.922007374224005
2026-05-07,TBR,37,18.63535,0.024890761265473935,18.676291658945097,18.5944083410549,18.684134995628114,18.586565004371884,18.699464352255248,18.57123564774475
2026-05-07,TEX,37,17.62375,0.025104298599351597,17.665042896603218,17.582457103396784,17.672953521111868,17.574546478888134,17.688414387977254,17.55908561202275
2026-05-07,WSN,38,15.45715,0.02471494963198922,15.497802474542102,15.416497525457899,15.50559041115842,15.40870958884158,15.520811491497813,15.393488508502188
2026-05-08,ARI,37,17.2266,0.024587249716925046,17.267042426873648,17.186157573126355,17.274790123924067,17.178409876075936,17.289932558314533,17.16326744168547
2026-05-08,ATH,38,17.9431,0.025215965413713324,17.984576572167832,17.90162342783217,17.992522384046286,17.893677615953717,18.00805202262992,17.878147977370084
2026-05-08,ATL,39,21.38845,0.02531530906622814,21.430089977934983,21.346810022065014,21.438067094027307,21.33883290597269,21.453657914921187,21.32324208507881
2026-05-08,BAL,39,21.1697,0.025648644957373706,21.211888266684525,21.127511733315472,21.219970420368707,21.11942957963129,21.235766531277523,21.103633468722474
2026-05-08,BOS,39,20.66995,0.025991818493641974,20.71270273692033,20.62719726307967,20.72089302814024,20.61900697185976,20.736900487728448,20.602999512271552
2026-05-08,CHC,39,20.39075,0.02551775420494492,20.43272297055566,20.348777029444342,20.44076387920804,20.340736120791963,20.456479379041856,20.325020620958146
2026-05-08,CHW,38,16.74045,0.02502220005114995,16.781607856508437,16.69929214349156,16.78949261091421,16.69140738908579,16.804902916131013,16.675997083868985
2026-05-08,CIN,39,18.8199,0.025588101474061188,18.86198868151641,18.77781131848359,18.870051757321917,18.769748242678084,18.88581058159907,18.75398941840093
2026-05-08,CLE,40,18.0737,0.026040493867552576,18.11653280078565,18.03086719921435,18.124738430120036,18.02266156987996,18.140775867182928,18.00662413281707
2026-05-08,COL,39,14.5009,0.024743798663071304,14.54159992697551,14.46020007302449,14.54939695422033,14.45240304577967,14.564635801677452,14.437164198322547
2026-05-08,DET,39,20.90955,0.025726766862582257,20.951866765783652,20.867233234216346,20.95997353648932,20.85912646351068,20.97581775997021,20.84328224002979
2026-05-08,HOU,39,20.00905,0.02561408223878903,20.051181416071504,19.966918583928493,20.059252678685073,19.958847321314924,20.075027503614184,19.943072496385813
2026-05-08,KCR,39,19.4442,0.0257725149942037,19.486592014763875,19.401807985236122,19.494713201179657,19.39368679882034,19.51058559934822,19.377814400651776
2026-05-08,LAA,39,16.76945,0.02534278887025634,16.811135178190305,16.727764821809693,16.819120953453503,16.719779046546495,16.83472869820566,16.70417130179434
2026-05-08,LAD,38,23.4627,0.02449939686037856,23.50299792178392,23.422402078216084,23.510717935489296,23.414682064510707,23.525806264352237,23.399593735647766
2026-05-08,MIA,39,17.4326,0.0255026543965342,17.47454813358103,17.39065186641897,17.48258428412738,17.38261571587262,17.498290484512875,17.366909515487126
2026-05-08,MIL,37,19.0074,0.024687704148762157,19.048007659710198,18.966792340289803,19.055787010992553,18.959012989007448,19.07099131178373,18.943808688216272
2026-05-08,MIN,39,18.2509,0.02584561586213347,18.293412254991626,18.208387745008377,18.30155647624804,18.20024352375196,18.31747389470595,18.18432610529405
2026-05-08,NYM,38,21.78035,0.025016024543264286,21.821497698701894,21.739202301298103,21.829380507141167,21.73131949285883,21.844787009076835,21.71591299092316
2026-05-08,NYY,39,21.45145,0.025539180827952673,21.49345821421423,21.409441785785774,21.501505874617443,21.40139412538256,21.517234570365275,21.385665429634727
2026-05-08,PHI,39,21.87695,0.025409894096806086,21.918745556465584,21.835154443534417,21.92675247728072,21.827147522719283,21.94240154981463,21.811498450185372
2026-05-08,PIT,39,19.36835,0.025691757767732755,19.410609180947013,19.326090819052986,19.418704919924284,19.317995080075715,19.434527582517806,19.302172417482193
2026-05-08,SDP,38,20.1705,0.02499955472377085,20.211620608259565,20.129379391740436,20.21949822688813,20.12150177311187,20.234894585633164,20.106105414366837
2026-05-08,SEA,39,21.6327,0.025579527968915945,21.67477457935538,21.59062542064462,21.68283495356061,21.582565046439388,21.69858849771328,21.56681150228672
2026-05-08,SFG,38,18.3147,0.02520297512195243,18.35615520503931,18.273244794960686,18.364096923542284,18.265303076457712,18.379618561855736,18.24978143814426
2026-05-08,STL,39,17.42775,0.02556974163849483,17.46980848227429,17.38569151772571,17.477865772705442,17.377634227294557,17.49361328979661,17.36188671020339
2026-05-08,TBR,38,19.08675,0.025303620996544575,19.128370752771172,19.045129247228825,19.13634418583168,19.03715581416832,19.151927808448793,19.021572191551204
2026-05-08,TEX,38,18.1065,0.025468908904113637,18.14839262718543,18.06460737281457,18.156418144177596,18.056581855822404,18.172103561884633,18.040896438115368
2026-05-08,TOR,38,21.6565,0.02488536420403726,21.69743278156902,21.615567218430982,21.705274417582075,21.607725582417928,21.720600450346247,21.592399549653756
2026-05-08,WSN,39,15.91815,0.025136410261432315,15.959495715587058,15.876804284412943,15.96741645881303,15.868883541186971,15.982897102137425,15.853402897862576
2026-05-09,ARI,38,17.67525,0.025024701469931365,17.716411970976193,17.634088029023804,17.72429751360493,17.626202486395066,17.739709359358812,17.610790640641184
2026-05-09,ATH,39,18.39585,0.025629094431896534,18.438006108931788,18.35369389106821,18.446082102042894,18.345617897957105,18.4618661724611,18.3298338275389
2026-05-09,ATL,40,21.82,0.025739330326492248,21.86233743084283,21.77766256915717,21.870448160426104,21.769551839573897,21.886300121308704,21.753699878691297
2026-05-09,BAL,40,21.71695,0.02611054811586962,21.75989802977008,21.67400197022992,21.768125733923704,21.665774266076298,21.784206314968582,21.64969368503142
2026-05-09,BOS,40,21.2122,0.026444442202969133,21.25569723667026,21.168702763329737,21.26403015430907,21.16036984569093,21.28031636914241,21.144083630857587
2026-05-09,CHC,40,20.9101,0.025931535275144996,20.95275357984974,20.86744642015026,20.960924875203116,20.859275124796884,20.97689520844773,20.84330479155227
2026-05-09,CHW,39,17.1204,0.025374345013600693,17.16213708342714,17.07866291657286,17.17013280235795,17.07066719764205,17.18575998144439,17.05504001855561
2026-05-09,CIN,40,19.2849,0.025989716673496845,19.327649279733844,19.242150720266157,19.335838908648455,19.233961091351546,19.351845073798525,19.217954926201475
2026-05-09,CLE,41,18.56135,0.0264530111133845,18.60486133127364,18.517838668726363,18.61319694906487,18.50950305093513,18.62948844119296,18.49321155880704
2026-05-09,COL,40,14.85275,0.02511344074634748,14.89405793409686,14.81144206590314,14.901971439390723,14.803528560609278,14.917437936587381,14.78806206341262
2026-05-09,DET,40,21.451,0.02618032124441989,21.49406279635364,21.407937203646362,21.502312486742753,21.39968751325725,21.518436038637702,21.3835639613623
2026-05-09,HOU,40,20.54405,0.026070423150059575,20.586932030074532,20.501167969925465,20.595147090435834,20.492952909564163,20.611202959905842,20.476897040094155
2026-05-09,KCR,40,19.90275,0.02619673520348987,19.94583979491375,19.859660205086254,19.954094657511373,19.85140534248863,19.97022831819446,19.83527168180554
2026-05-09,LAA,40,17.15345,0.025788241633452433,17.195867882783485,17.111032117216514,17.203994024826184,17.102905975173815,17.219876108486446,17.087023891513553
2026-05-09,LAD,39,24.03115,0.024910640515160228,24.072124357401044,23.990175642598956,24.07997395824154,23.982326041758462,24.095315557809123,23.966984442190878
2026-05-09,MIA,40,17.96735,0.025890011848407384,18.00993527989067,17.92476472010933,18.018093490782192,17.916606509217807,18.034038251188356,17.900661748811643
2026-05-09,MIL,38,19.45515,0.025093443524562165,19.496425041594076,19.413874958405923,19.50433224555623,19.40596775444377,19.519786427157516,19.390513572842483
2026-05-09,MIN,40,18.76325,0.026241558696943647,18.806413522999527,18.72008647700047,18.814682509944202,18.711817490055797,18.830843775862384,18.695656224137615
2026-05-09,NYM,39,22.3317,0.025440049435992953,22.37354515758462,22.289854842415384,22.381561580659465,22.281838419340538,22.397229224820965,22.266170775179038
2026-05-09,NYY,40,22.0037,0.02596580494903502,22.046409948447135,21.960990051552862,22.0545920425297,21.9528079574703,22.070583481277957,21.93681651872204
2026-05-09,PHI,40,22.5251,0.025812822677706765,22.56755831500328,22.482641684996718,22.57569220278762,22.474507797212375,22.591589425060548,22.45861057493945
2026-05-09,PIT,40,19.8601,0.026098284532182894,19.90302785796997,19.817172142030028,19.911251697741356,19.808948302258642,19.927324726070353,19.792875273929646
2026-05-09,SDP,39,20.7319,0.02540862844428978,20.77369347465245,20.69010652534755,20.78169999664737,20.68210000335263,20.797348289709788,20.66645171029021
2026-05-09,SEA,40,22.25275,0.025945269891186014,22.295426171282752,22.210073828717245,22.303601794555895,22.201898205444103,22.3195805864742,22.1859194135258
2026-05-09,SFG,39,18.82295,0.025647184129601576,18.865135863836667,18.78076413616333,18.873217557198885,18.772682442801113,18.88901276843454,18.756887231565457
2026-05-09,STL,40,17.86635,0.025950588731814515,17.90903491999705,17.82366508000295,17.91721221929197,17.815487780708033,17.933194286899756,17.799505713100245
2026-05-09,TBR,39,19.5445,0.025751876542443906,19.586858067531644,19.502141932468355,19.59497275055751,19.49402724944249,19.6108324382194,19.478167561780598
2026-05-09,TEX,39,18.58715,0.02590152096527182,18.62975421070329,18.544545789296713,18.637916048236743,18.53638395176326,18.653867896708835,18.520432103291167
2026-05-09,TOR,39,22.2725,0.025284069128753486,22.314088592810524,22.230911407189478,22.32205586487498,22.222944135125022,22.3376274461748,22.207372553825202
2026-05-09,WSN,40,16.3834,0.025511718177892717,16.425363042174673,16.34143695782533,16.433402048812408,16.333397951187596,16.449113831266498,16.317686168733506
2026-05-10,ARI,39,18.1198,0.02545849180018796,18.161675492574254,18.07792450742575,18.169697727029078,18.069902272970925,18.185376729203085,18.054223270796918
2026-05-10,ATH,40,18.8419,0.026063272707187245,18.88477026864264,18.799029731357358,18.89298307582533,18.790816924174667,18.90903454158556,18.77476545841444
2026-05-10,ATL,41,22.24915,0.02614006272025668,22.292146576974154,22.206153423025846,22.30038358148532,22.19791641851468,22.316482339551442,22.18181766044856
2026-05-10,BAL,41,22.2709,0.026504731361385796,22.31449640351115,22.227303596488852,22.322848318888227,22.218951681111776,22.33917166372335,22.202628336276653
2026-05-10,BOS,41,21.75955,0.02685074930075325,21.80371555237371,21.715384447626292,21.81217650158739,21.70692349841261,21.828712946871125,21.690387053128877
2026-05-10,CHC,41,21.42695,0.026336341147134474,21.470269426256497,21.383630573743506,21.478568280132944,21.37533171986706,21.49478791927505,21.35911208072495
2026-05-10,CHW,40,17.50465,0.02579587545005035,17.547080439294405,17.4622195607056,17.555208986831783,17.45409101316822,17.57109577189494,17.438204228105064
2026-05-10,CIN,41,19.7375,0.026386066374602623,19.78090121697725,19.694098783022753,19.789215739787906,19.685784260212095,19.805466002973088,19.669533997026914
2026-05-10,CLE,42,19.04615,0.026863489930192632,19.090336508844253,19.00196349115575,19.098801472762233,18.99349852723777,19.11534576455778,18.97695423544222
2026-05-10,COL,41,15.2073,0.025512033997584983,15.249263561651837,15.165336438348163,15.257302667807629,15.157297332192371,15.273014644764116,15.141585355235884
2026-05-10,DET,41,21.99275,0.026607898656010903,22.036516098609898,21.948983901390104,22.044900523070073,21.94059947692993,22.061287405064014,21.924212594935987
2026-05-10,HOU,41,21.09145,0.026486778255313013,21.135016873279508,21.04788312672049,21.14336313144691,21.039536868553085,21.159675419586634,21.023224580413363
2026-05-10,KCR,41,20.361,0.026620938821145745,20.404787547772816,20.317212452227185,20.41317608132409,20.308823918675913,20.42957099430349,20.292429005696512
2026-05-10,LAA,41,17.53775,0.026188986998870418,17.580827050251276,17.494672949748722,17.589079471309372,17.486420528690626,17.60520836014195,17.470291639858047
2026-05-10,LAD,40,24.602,0.025335684218997217,24.643673492078914,24.560326507921086,24.651657028592915,24.552342971407086,24.667260397836756,24.536739602163244
2026-05-10,MIA,41,18.50075,0.026321846702989593,18.54404558501747,18.45745441498253,18.552339871544444,18.449160128455556,18.568550584061082,18.432949415938918
2026-05-10,MIL,39,19.902,0.02547444302359462,19.94390173000193,19.860098269998073,19.951928990852466,19.852071009147537,19.967617816831762,19.83638218316824
2026-05-10,MIN,41,19.27845,0.02667951217120514,19.322333892360103,19.234566107639896,19.33074088298066,19.22615911701934,19.34717186925498,19.20972813074502
2026-05-10,NYM,40,22.88715,0.025844905529564026,22.92966108659852,22.844638913401475,22.937805084021782,22.836494915978214,22.953722065010503,22.820577934989494
2026-05-10,NYY,41,22.55685,0.026397599238136712,22.600270186849663,22.51342981315034,22.60858834378507,22.505111656214932,22.624845709660935,22.488854290339066
2026-05-10,PHI,41,23.17055,0.026252287405190075,23.213731170154198,23.1273688298458,23.222003537825966,23.11909646217403,23.238171411183476,23.10292858881652
2026-05-10,PIT,41,20.35155,0.026526464380701543,20.395182151146795,20.307917848853204,20.40354091482336,20.29955908517664,20.419877644271356,20.283222355728643
2026-05-10,SDP,40,21.2817,0.025822095084050162,21.324173566754485,21.239226433245516,21.332310376370106,21.231089623629895,21.348213309196524,21.215186690803478
2026-05-10,SEA,41,22.8685,0.026310644233845666,22.911777158595473,22.82522284140453,22.920067915108383,22.81693208489162,22.93627172841279,22.80072827158721
2026-05-10,SFG,40,19.3315,0.026079961574354077,19.37439771938633,19.288602280613667,19.38261578540392,19.280384214596076,19.39867752925865,19.264322470741348
2026-05-10,STL,41,18.31655,0.026340690888335162,18.359876580944086,18.273223419055913,18.368176805469037,18.26492319453096,18.384399123465897,18.2487008765341
2026-05-10,TBR,40,19.99715,0.02614758647923237,20.040158952456395,19.954141047543608,20.048398327781943,19.94590167221806,20.064501719470286,19.929798280529717
2026-05-10,TEX,40,19.0703,0.02632807539258607,19.113605830300145,19.026994169699854,19.121902079551724,19.018697920448275,19.138116628102267,19.002483371897732
2026-05-10,TOR,40,22.8882,0.025732628050926395,22.93052640658056,22.84587359341944,22.938635024207382,22.83776497579262,22.9544828573909,22.821917142609102
2026-05-10,WSN,41,16.85,0.025891379225060823,16.892587529025118,16.807412470974885,16.90074617079119,16.799253829208812,16.91669177331721,16.78330822668279
2026-05-11,ARI,40,18.61425,0.02582635663251495,18.65673057637793,18.571769423622065,18.664868728851616,18.56363127114838,18.680774286217936,18.54772571378206
2026-05-11,BAL,42,22.75125,0.026917278816216642,22.795524983688516,22.706975016311482,22.804006897041607,22.69849310295839,22.820584315546604,22.681915684453394
2026-05-11,CLE,43,19.57755,0.027274649313964755,19.622412805847905,19.532687194152093,19.63100733034633,19.52409266965367,19.64780484094693,19.50729515905307
2026-05-11,HOU,42,21.5517,0.026897444657930945,21.595942359401324,21.507457640598677,21.604418022805703,21.498981977194298,21.620983226140485,21.482416773859516
2026-05-11,LAA,42,18.00635,0.026563899674432016,18.050043726725466,17.962656273274536,18.058414286650823,17.95428571334918,18.074774071197936,17.937925928802066
2026-05-11,LAD,41,25.2123,0.025758195001406563,25.254668460471787,25.16993153952821,25.262785134509514,25.161814865490484,25.278648713491148,25.14595128650885
2026-05-11,NYY,42,23.0765,0.02680584479485316,23.120591691034313,23.032408308965685,23.12903849037308,23.02396150962692,23.145547280528966,23.007452719471033
2026-05-11,SEA,42,23.40825,0.026733402900052442,23.452222534720907,23.36427746527909,23.4606465068683,23.355853493131697,23.47711068257353,23.339389317426466
2026-05-11,SFG,41,19.7212,0.026480437849088396,19.764756444239335,19.677643555760664,19.773100704479063,19.669299295520936,19.789409087782488,19.65299091221751
2026-05-11,TBR,41,20.44125,0.02654934397039342,20.484919784722884,20.397580215277117,20.493285757995135,20.389214242004865,20.50963657818894,20.37286342181106
2026-05-11,TEX,41,19.57585,0.02677887589658531,19.61989733114418,19.531802668855818,19.628335632303774,19.523364367696225,19.644827813250522,19.506872186749476
2026-05-11,TOR,41,23.4441,0.026143028370803227,23.48710145503521,23.40109854496479,23.49533939405358,23.392860605946417,23.511439978561025,23.376760021438972
2026-05-12,ARI,41,19.1044,0.026237653338716027,19.14755709925688,19.061242900743117,19.15582485558273,19.052975144417267,19.17198371632622,19.036816283673776
2026-05-12,ATH,41,19.37315,0.026473675540994102,19.41669532123234,19.32960467876766,19.425037450598747,19.32126254940125,19.441341669231136,19.304958330768862
2026-05-12,ATL,42,22.76045,0.026540412761494128,22.80410509419153,22.716794905808467,22.812468253147355,22.708431746852643,22.828813572919337,22.69208642708066
2026-05-12,BAL,43,23.2371,0.027351537156606792,23.282089275094744,23.19211072490526,23.29070802774876,23.183491972251243,23.307552890905097,23.166647109094907
2026-05-12,BOS,42,22.2498,0.027244487719638964,22.294613194440082,22.20498680555992,22.303198214707738,22.196401785292263,22.319977149828425,22.179622850171576
2026-05-12,CHC,42,21.91565,0.02673831521898938,21.959630614766525,21.871669385233474,21.968056134836498,21.8632438651635,21.984523335868598,21.8467766641314
2026-05-12,CHW,41,17.9361,0.02619370430098146,17.979184809522764,17.893015190477236,17.987438717051614,17.884761282948386,18.00357051110696,17.86862948889304
2026-05-12,CIN,42,20.2914,0.026790486903179384,20.33546642955049,20.24733357044951,20.343908389458523,20.238891610541476,20.360407721221552,20.222392278778447
2026-05-12,CLE,44,20.1094,0.02768067724956619,20.154930662370422,20.06386933762958,20.163653130476828,20.055146869523174,20.180700699601513,20.03809930039849
2026-05-12,COL,42,15.6167,0.02594971531416563,15.659383483352864,15.574016516647136,15.667560507424833,15.565839492575167,15.68354203712498,15.54985796287502
2026-05-12,DET,42,22.47715,0.026988892416894453,22.521542777579334,22.43275722242067,22.53004725711974,22.424252742880263,22.546668779957766,22.407631220042237
2026-05-12,HOU,43,22.0078,0.027328543694551604,22.052751454215283,21.962848545784716,22.06136296139125,21.95423703860875,22.07819366367174,21.93740633632826
2026-05-12,KCR,42,20.92955,0.02704442474745017,20.974034120134657,20.88506587986534,20.982556098487606,20.87654390151239,20.999211821762103,20.859888178237895
2026-05-12,LAA,43,18.4745,0.02701432909029602,18.518934617183834,18.430065382816164,18.527447112083493,18.421552887916505,18.544084300486496,18.404915699513502
2026-05-12,LAD,42,25.8217,0.026177752371736716,25.86475857093409,25.77864142906591,25.873007451844813,25.770392548155186,25.889129421660165,25.754270578339835
2026-05-12,MIA,42,18.9657,0.02672118778411294,19.009652442643148,18.92174755735685,19.018072565680992,18.913327434319005,19.03452921851995,18.896870781480047
2026-05-12,MIL,40,20.3854,0.02583421592260182,20.42789350375974,20.34290649624026,20.43603413277713,20.33476586722287,20.451944530407648,20.318855469592354
2026-05-12,MIN,42,19.8135,0.027085375544348908,19.858051478201467,19.768948521798535,19.86658636057467,19.760413639425334,19.883267304024763,19.74373269597524
2026-05-12,NYM,41,23.40275,0.02625512499407364,23.445935837572566,23.359564162427436,23.454209099397982,23.35129090060202,23.470378720328075,23.335121279671927
2026-05-12,NYY,43,23.59065,0.02722078576077247,23.635424208187075,23.545875791812925,23.644001759721995,23.537298240278005,23.660766097628226,23.520533902371774
2026-05-12,PHI,42,23.6803,0.02666542982510099,23.724160728962037,23.63643927103796,23.732563282089476,23.628036717910522,23.74898559553522,23.611614404464778
2026-05-12,PIT,42,20.94215,0.026893239507198758,20.98638544254389,20.89791455745611,20.99485978086172,20.889440219138283,21.011422394390003,20.87287760561
2026-05-12,SDP,41,21.7983,0.026247862827574256,21.84147389237166,21.755126107628342,21.849744865813193,21.74685513418681,21.8659100142268,21.730689985773203
2026-05-12,SEA,43,23.95215,0.027171399174898175,23.996842974482178,23.90745702551782,24.005404963792362,23.898895036207637,24.022138886213128,23.88216111378687
2026-05-12,SFG,42,20.1118,0.02691126620604169,20.156065093824864,20.067534906175133,20.16454511254221,20.059054887457787,20.181118828089126,20.04248117191087
2026-05-12,STL,42,18.7853,0.026770525369357697,18.829333595749183,18.741266404250815,18.837769265571158,18.73283073442884,18.85425630371779,18.71634369628221
2026-05-12,TBR,42,20.8826,0.02699559779139934,20.927003806938906,20.838196193061094,20.935510399412273,20.829689600587727,20.952136051857906,20.813063948142094
2026-05-12,TEX,42,20.0857,0.027215708887341386,20.130465857473396,20.040934142526602,20.139041809232914,20.032358190767084,20.15580302046887,20.01559697953113
2026-05-12,TOR,42,24.00275,0.0265575297607732,24.046433249149878,23.95906675085012,24.054801801849464,23.950698198150533,24.07115766338767,23.93434233661233
2026-05-12,WSN,42,17.2961,0.026253870243930527,17.33928377369224,17.252916226307757,17.34755664013289,17.24464335986711,17.363725488305885,17.228474511694113
2026-05-13,ARI,42,19.59685,0.02663768913023633,19.640665099579476,19.553034900420524,19.649058911326637,19.544641088673362,19.665464140240488,19.528235859759512
2026-05-13,ATH,42,19.90915,0.026847268998310293,19.953309827785613,19.864990172214387,19.961769680319946,19.856530319680054,19.978303982206107,19.839996017793894
2026-05-13,ATL,43,23.27355,0.02693719177067313,23.31785773758388,23.229242262416122,23.326345925715167,23.220754074284834,23.342935607918218,23.204164392081783
2026-05-13,BAL,44,23.72245,0.02779576280832212,23.76816996126915,23.676730038730845,23.776928694027127,23.66797130597287,23.79404714035617,23.650852859643827
2026-05-13,BOS,43,22.73925,0.027668145008066716,22.784760048667536,22.69373995133246,22.79347856773484,22.685021432265156,22.810518418686616,22.66798158131338
2026-05-13,CHC,43,22.40255,0.027117650031338727,22.44715456500845,22.357945434991553,22.455699617406786,22.349400382593217,22.472400437594107,22.332699562405896
2026-05-13,CHW,42,18.36725,0.026643186086563374,18.411074141268024,18.323425858731973,18.41946968516306,18.315030314836935,18.435878299461674,18.298621700538323
2026-05-13,CIN,43,20.847,0.027156056830311914,20.89166773857104,20.802332261428962,20.900224893349534,20.793775106650468,20.91694936695236,20.777050633047644
2026-05-13,CLE,45,20.645,0.028067831055445018,20.69116747371221,20.59883252628779,20.700011937992826,20.589988062007173,20.717297941719675,20.572702058280324
2026-05-13,COL,43,16.024,0.02634010041826921,16.067325609707257,15.980674390292744,16.075625648168977,15.972374351831025,16.0918476025158,15.956152397484203
2026-05-13,DET,43,22.96855,0.027433932928196673,23.013674804078487,22.923425195921514,23.022319520493554,22.914780479506447,23.039215128348044,22.897884871651957
2026-05-13,HOU,44,22.47375,0.027745612947399377,22.51938747208852,22.428112527911477,22.52813040210589,22.419369597894107,22.545217962874837,22.40228203712516
2026-05-13,KCR,43,21.4984,0.027476037171159366,21.543594059395236,21.453205940604764,21.552252043293358,21.444547956706643,21.569173581690873,21.427626418309128
2026-05-13,LAA,44,18.9389,0.027427831737082162,18.984014768512154,18.893785231487847,18.992657562378707,18.885142437621294,19.009549412721185,18.868250587278816
2026-05-13,LAD,43,26.42505,0.02656123867301731,26.468739349767635,26.381360650232363,26.477109071183886,26.37299092881611,26.493467216912514,26.356632783087484
2026-05-13,MIA,43,19.4354,0.02711444452049649,19.479999292412316,19.390800707587687,19.488543334720983,19.38225666527902,19.50524218074535,19.365557819254654
2026-05-13,MIL,41,20.8682,0.026248445421478802,20.91137485065336,20.825025149346644,20.919646007676267,20.816753992323736,20.935811514889252,20.80058848511075
2026-05-13,MIN,43,20.3438,0.027512050516931345,20.38905329607765,20.298546703922355,20.397722628154035,20.289877371845968,20.41466634592223,20.27293365407777
2026-05-13,NYM,42,23.91135,0.026671335303680394,23.955220442609896,23.8674795573901,23.963624856614803,23.859075143385194,23.980050807039998,23.84264919296
2026-05-13,NYY,44,24.1053,0.027669909228145856,24.150812950551334,24.059787049448666,24.159532025542656,24.051067974457343,24.176572963016397,24.034027036983602
2026-05-13,PHI,43,24.19085,0.027053519337055413,24.23534907940336,24.146350920596642,24.243873923555686,24.137826076444316,24.260535247872514,24.121164752127488
2026-05-13,PIT,43,21.53485,0.02728042310795874,21.579722302893895,21.489977697106102,21.588318646774614,21.481381353225384,21.60511971325469,21.464580286745306
2026-05-13,SDP,42,22.3155,0.026641011142104477,22.359320563802747,22.271679436197253,22.367715422350255,22.263284577649745,22.384122697176007,22.246877302823993
2026-05-13,SEA,44,24.4862,0.02757731864096245,24.531560652588183,24.440839347411817,24.540250551326473,24.432149448673528,24.557234465468696,24.415165534531305
2026-05-13,SFG,43,20.50845,0.027273313358594228,20.553310608396867,20.463589391603133,20.56190471192192,20.45499528807808,20.57870139975394,20.43819860024606
2026-05-13,STL,43,19.2493,0.027203390904882375,19.294045596195275,19.20455440380473,19.302617666430937,19.195982333569066,19.319371291448693,19.17922870855131
2026-05-13,TBR,43,21.32695,0.027450052097273043,21.372101317752207,21.281798682247793,21.380751113484404,21.273148886515596,21.3976566485761,21.2562433514239
2026-05-13,TEX,43,20.59325,0.027589187737934697,20.638630175515388,20.547869824484614,20.647323814329066,20.539176185670936,20.664315038236484,20.522184961763518
2026-05-13,TOR,43,24.5584,0.02700094303068377,24.60281259907513,24.51398740092487,24.611320875888758,24.50547912411124,24.627949820281888,24.48885017971811
2026-05-13,WSN,43,17.7405,0.02663181274664773,17.784305433788617,17.696694566211384,17.792697393826444,17.688302606173558,17.809099003679442,17.67190099632056
2026-05-14,ATH,43,20.4391,0.027297469060168517,20.484000340990214,20.394199659009786,20.492602056227028,20.38559794377297,20.5094136207179,20.3687863792821
2026-05-14,ATL,44,23.78705,0.027321281768922803,23.831989509410576,23.742110490589425,23.84059872827856,23.73350127172144,23.857424958190908,23.716675041809093
2026-05-14,BOS,44,23.23725,0.02806986850255779,23.28342082501448,23.191079174985518,23.29226593131579,23.18223406868421,23.30955318983565,23.16494681016435
2026-05-14,CHC,44,22.88905,0.027544508343261265,22.93435668445101,22.84374331554899,22.943036244324656,22.835063755675346,22.95999995174242,22.81810004825758
2026-05-14,CHW,43,18.8032,0.02706473929314021,18.847717534588817,18.758682465411184,18.85624591426552,18.75015408573448,18.87291414856418,18.73348585143582
2026-05-14,CIN,44,21.40705,0.02755323890078438,21.452371044940218,21.361728955059785,21.461053355902965,21.353046644097038,21.478022440168324,21.33607755983168
2026-05-14,COL,44,16.4338,0.026733716774527065,16.477773050998476,16.389826949001527,16.486197122050967,16.381402877949036,16.502661491060604,16.3649385089394
2026-05-14,DET,44,23.4544,0.027836931884437977,23.50018767837332,23.40861232162668,23.508959383933593,23.399840616066406,23.52610318486883,23.38269681513117
2026-05-14,HOU,45,22.9418,0.028193623073650875,22.988174383169596,22.895425616830405,22.997058485818055,22.886541514181946,23.014421960486324,22.869178039513677
2026-05-14,KCR,44,22.06245,0.027865145310784926,22.108284085329974,22.016615914670023,22.117064681233114,22.007835318766883,22.134225857839166,21.99067414216083
2026-05-14,LAD,44,27.02695,0.026951577027146446,27.071281399225164,26.982618600774835,27.079774120299763,26.974125879700235,27.09637266188338,26.95752733811662
2026-05-14,MIA,44,19.9018,0.02751110105092213,19.947051734345038,19.856548265654965,19.95572076723485,19.847879232765152,19.97266390025986,19.830936099740143
2026-05-14,MIL,42,21.3473,0.026690536801228622,21.391202026262782,21.30339797373722,21.39961249085845,21.294987509141553,21.416050266820054,21.278549733179947
2026-05-14,MIN,44,20.8774,0.02792306299230706,20.923329351438493,20.83147064856151,20.932128197802967,20.822671802197036,20.949325043900426,20.805474956099577
2026-05-14,NYM,43,24.4255,0.02704623934030614,24.4699871048743,24.3810128951257,24.47850965502425,24.37249034497575,24.495166495843556,24.355833504156443
2026-05-14,PHI,44,24.69285,0.02749542223329524,24.738075944985,24.647624055015,24.74674003731698,24.63895996268302,24.76367351430197,24.62202648569803
2026-05-14,PIT,44,22.12505,0.027681111557736445,22.170581376743794,22.07951862325621,22.1793039817052,22.070796018294804,22.196351818305224,22.05374818169478
2026-05-14,SDP,43,22.8364,0.02707994494401544,22.88094254565881,22.79185745434119,22.889475716793598,22.783324283206404,22.906153315725287,22.766646684274715
2026-05-14,SEA,45,25.01815,0.028018391823747112,25.064236153412637,24.97206384658736,25.073065038879275,24.963234961120722,25.09032059469792,24.945979405302076
2026-05-14,SFG,44,20.90655,0.02770594224777055,20.952122219594354,20.860977780405644,20.960852648963375,20.852247351036624,20.977915777924242,20.835184222075757
2026-05-14,STL,44,19.71935,0.02764231328505601,19.76481755926425,19.673882440735746,19.77352793848808,19.665172061511917,19.790551880577524,19.648148119422473
2026-05-14,WSN,44,18.18045,0.027014086657129382,18.22488421841676,18.13601578158324,18.233396636923217,18.127503363076784,18.250033676020042,18.11086632397996
2026-05-15,ARI,43,20.19265,0.026988297784148286,20.237041799495504,20.148258200504497,20.245546091660973,20.139753908339028,20.262167248285312,20.12313275171469
2026-05-15,ATH,44,20.92945,0.02773557459256796,20.97507096046417,20.88382903953583,20.983810727291957,20.875089272708042,21.000892105786303,20.858007894213696
2026-05-15,ATL,45,24.28015,0.027736650211646834,24.32577272970011,24.23452727029989,24.33451283546661,24.225787164533386,24.351594876397446,24.208705123602552
2026-05-15,BAL,45,24.3402,0.028226371258128848,24.386628249139612,24.293771750860387,24.39552267108019,24.28487732891981,24.412906314219537,24.26749368578046
2026-05-15,BOS,45,23.74415,0.02843430963419399,23.790920277331665,23.697379722668337,23.79988022280828,23.688419777191722,23.81739192798194,23.67090807201806
2026-05-15,CHC,45,23.4875,0.027951319312557784,23.53347582894934,23.441524171050663,23.54228357917299,23.43271642082701,23.55949782735814,23.41550217264186
2026-05-15,CHW,44,19.20475,0.027493893278024064,19.249973430077375,19.159526569922626,19.258637040619714,19.150862959380287,19.27556957597418,19.13393042402582
2026-05-15,CIN,45,21.90515,0.027955710507202216,21.951133051821778,21.85916694817822,21.959942185756343,21.850357814243655,21.97715913832598,21.833140861674018
2026-05-15,CLE,46,21.1469,0.028423078880913968,21.1936518043864,21.1001481956136,21.20260821093633,21.091191789063668,21.220112999478538,21.07368700052146
2026-05-15,COL,45,16.838,0.027077379105499785,16.882538325230023,16.79346167476998,16.891070687842518,16.784929312157484,16.90774670656325,16.768253293436754
2026-05-15,DET,45,23.9376,0.028261904549453844,23.984086696202723,23.891113303797276,23.99299231505144,23.88220768494856,24.010397841912585,23.864802158087414
2026-05-15,HOU,46,23.44535,0.028590497367166918,23.49237718329073,23.39832281670927,23.501386345139736,23.389313654860267,23.518994240921387,23.371705759078615
2026-05-15,KCR,45,22.5993,0.02823786189395744,22.64574714955363,22.552852850446367,22.65464519231257,22.543954807687427,22.67203591213602,22.526564087863978
2026-05-15,LAA,45,19.2888,0.027797002746125087,19.33452200078534,19.243077999214655,19.343281124260564,19.234318875739433,19.3604003342243,19.2171996657757
2026-05-15,LAD,45,27.67705,0.027340081179048206,27.722020431688506,27.632079568311497,27.730635574445337,27.623464425554666,27.7474733822624,27.606626617737604
2026-05-15,MIA,45,20.35055,0.02787332202983787,20.396397534835963,20.304702465164034,20.405180707307967,20.29591929269203,20.42234691967171,20.278753080328286
2026-05-15,MIL,43,21.86635,0.02709107011874963,21.910910844942823,21.82178915505718,21.9194475217354,21.8132524782646,21.936131972276375,21.796568027723627
2026-05-15,MIN,45,21.35835,0.02832387466376725,21.40493862797002,21.311761372029984,21.413863774243612,21.30283622575639,21.43130746634898,21.285392533651024
2026-05-15,NYM,44,24.9237,0.027495667223870028,24.968926347958632,24.878473652041368,24.977590517489684,24.869809482510316,24.994524145355875,24.852875854644125
2026-05-15,NYY,45,24.6071,0.0281010847308098,24.653322171140744,24.560877828859255,24.662177113998894,24.552022886001104,24.67948359751113,24.53471640248887
2026-05-15,PHI,45,25.2508,0.02788581806120175,25.29666808897848,25.204931911021525,25.305455199079393,25.19614480092061,25.32262910731548,25.178970892684525
2026-05-15,PIT,45,22.5671,0.028065267902927987,22.613263257701497,22.520936742298503,22.622106914306208,22.51209308569379,22.63939133947631,22.494808660523688
2026-05-15,SDP,44,23.2999,0.02748200797864173,23.34510388049958,23.254696119500423,23.35376374586098,23.24603625413902,23.37068896147175,23.229111038528252
2026-05-15,SEA,46,25.55465,0.028350941036725454,25.601283148191744,25.508016851808254,25.6102168233598,25.499083176640198,25.627677184705583,25.481622815294415
2026-05-15,SFG,45,21.4162,0.028111979513538464,21.46244009146363,21.36995990853637,21.471298467380663,21.361101532619337,21.48861166061174,21.34378833938826
2026-05-15,STL,45,20.1825,0.02800622975241851,20.228566148585504,20.1364338514145,20.237391201657495,20.127608798342507,20.254639267278204,20.110360732721798
2026-05-15,TBR,44,21.8782,0.027883276562405575,21.924063908584962,21.832336091415037,21.932850217833284,21.823549782166715,21.950022560848403,21.806377439151596
2026-05-15,TEX,44,21.0897,0.027962864509731122,21.135694819108785,21.043705180891216,21.144506207343646,21.034893792656355,21.161727565815333,21.017672434184668
2026-05-15,TOR,44,25.0752,0.027385666811990034,25.120245413382186,25.03015458661781,25.12887492064411,25.021525079355886,25.14574080307155,25.004659196928447
2026-05-15,WSN,45,18.5627,0.027406039298839002,18.60777892314107,18.51762107685893,18.616414849984615,18.508985150015384,18.633293279120164,18.492106720879836
2026-05-16,ARI,44,20.79455,0.02734866381280105,20.839534548864762,20.74956545113524,20.848152396098385,20.740947603901617,20.864995489661922,20.72410451033808
2026-05-16,ATH,45,21.4189,0.02813930934718421,21.465185045039625,21.372614954960376,21.474052032870315,21.363747967129687,21.491382057598106,21.346417942401896
2026-05-16,ATL,46,24.77595,0.0281842561989823,24.822308976031827,24.729591023968176,24.831190127081058,24.720709872918945,24.84854783301607,24.703352166983933
2026-05-16,BAL,46,24.95725,0.028616901792968597,25.004320614706277,24.91017938529372,25.013338096863336,24.90116190313666,25.03096225421511,24.88353774578489
2026-05-16,BOS,46,24.24835,0.028836265194794555,24.29578143539339,24.200918564606607,24.304868041230442,24.191831958769555,24.322627296893657,24.17407270310634
2026-05-16,CHC,46,24.0867,0.02829848398253501,24.133246864015902,24.0401531359841,24.142164009422853,24.031235990577148,24.159592064288223,24.013807935711778
2026-05-16,CHW,45,19.60555,0.027910963992140277,19.651459450354185,19.559640549645817,19.66025448419839,19.550845515801612,19.677443878941254,19.533656121058748
2026-05-16,CIN,46,22.3995,0.02834819515433788,22.44612863161714,22.35287136838286,22.455061441529214,22.343938558470786,22.472520111781265,22.326479888218735
2026-05-16,CLE,47,21.65255,0.028814977702958613,21.69994642058524,21.605153579414765,21.709026318513125,21.596073681486878,21.72677246394839,21.578327536051614
2026-05-16,COL,46,17.2361,0.027420255889062176,17.281202307351062,17.19099769264894,17.289842713989433,17.182357286010568,17.306729898629857,17.165470101370143
2026-05-16,DET,46,24.41275,0.028640013694029826,24.459858630400564,24.365641369599434,24.468883395357032,24.356616604642966,24.486521786527124,24.338978213472874
2026-05-16,HOU,47,23.95605,0.0289968612227778,24.003745592352494,23.908354407647508,24.012882803661352,23.89921719633865,24.030740964848572,23.88135903515143
2026-05-16,KCR,46,23.14205,0.02867236814617442,23.189211848738523,23.09488815126148,23.198246808917975,23.085853191082027,23.21590512607306,23.06819487392694
2026-05-16,LAA,46,19.62545,0.028167761466156627,19.671781844610713,19.57911815538929,19.680657797998784,19.570242202001218,19.698005345399903,19.5528946546001
2026-05-16,LAD,46,28.3404,0.027735444015604602,28.386020745684174,28.294779254315824,28.39476047136581,28.286039528634188,28.411841769442333,28.268958230557665
2026-05-16,MIA,46,20.802,0.028276399660120945,20.84851053853808,20.75548946146192,20.857420724946298,20.7465792750537,20.874835178843398,20.7291648211566
2026-05-16,MIL,44,22.38175,0.02747678284579146,22.42694528592086,22.336554714079142,22.43560350478878,22.32789649521122,22.45252550242144,22.31097449757856
2026-05-16,MIN,46,21.84295,0.028724127813580844,21.890196985815184,21.795703014184813,21.899248256001943,21.786651743998053,21.916938450141103,21.768961549858894
2026-05-16,NYM,45,25.42615,0.027885591067511154,25.47201771560708,25.38028228439292,25.480804754179932,25.371495245820068,25.497978522618478,25.35432147738152
2026-05-16,NYY,46,25.10465,0.028518951337738113,25.15155950054473,25.057740499455267,25.160546117498818,25.04875388250118,25.17810995056223,25.031190049437768
2026-05-16,PHI,46,25.80995,0.028309126094000284,25.856514368731542,25.76338563126846,25.865434867578045,25.754465132421956,25.882869476550788,25.737030523449214
2026-05-16,PIT,46,23.00795,0.028452325328799166,23.054749910512278,22.961150089487724,23.063715532920863,22.95218446707914,23.081238333336028,22.934661666663974
2026-05-16,SDP,45,23.76455,0.027878208776770986,23.81040557281938,23.71869442718062,23.81919028515596,23.70990971484404,23.83635950709766,23.692740492902338
2026-05-16,SEA,47,26.09,0.02878587207853127,26.13734854609333,26.042651453906668,26.1464192725375,26.0335807274625,26.16414749282809,26.01585250717191
2026-05-16,SFG,46,21.92675,0.028482183617380606,21.973599023026544,21.879900976973452,21.98257405409112,21.870925945908876,22.00011524319071,21.853384756809287
2026-05-16,STL,46,20.63975,0.0283682698593296,20.686411651568456,20.593088348431543,20.695350787227998,20.584149212772,20.712821820794645,20.566678179205354
2026-05-16,TBR,45,22.42675,0.028295260256139237,22.473291561457845,22.38020843854215,22.482207691035217,22.37129230896478,22.499633760519306,22.35386623948069
2026-05-16,TEX,45,21.579,0.028362883715493985,21.625652792150234,21.532347207849767,21.634590230580066,21.523409769419935,21.65205794700752,21.50594205299248
2026-05-16,TOR,45,25.60005,0.027785213707654608,25.645752609542658,25.55434739045734,25.65450801816975,25.54559198183025,25.671619967673546,25.528480032326453
2026-05-16,WSN,46,18.94565,0.02779340618827384,18.991366084974118,18.899933915025883,19.00012407513671,18.89117592486329,19.017241070105193,18.874058929894808
2026-05-17,ARI,45,21.3905,0.027791439432049744,21.43621284994801,21.34478715005199,21.44497022036534,21.336029779634657,21.462086004076877,21.318913995923122
2026-05-17,ATH,46,21.91275,0.028522579630048055,21.959665468554494,21.865834531445504,21.96865322882107,21.85684677117893,21.986219296423883,21.839280703576115
2026-05-17,ATL,47,25.2667,0.028550907397413113,25.31366206358539,25.21973793641461,25.322658750224868,25.210741249775133,25.34024226391717,25.19315773608283
2026-05-17,BAL,47,25.581,0.02898031992485851,25.628668384338617,25.533331615661382,25.63780038331317,25.52419961668683,25.655648357288673,25.506351642711326
2026-05-17,BOS,47,24.7576,0.029272938992316113,24.80574969987304,24.70945030012696,24.814973906146577,24.700226093853423,24.833002094057406,24.682197905942594
2026-05-17,CHC,47,24.68725,0.028660302554615966,24.734392002606487,24.64010799739351,24.743423160793068,24.63107683920693,24.761074047168755,24.613425952831243
2026-05-17,CHW,46,20.005,0.028340499452117307,20.05161597331343,19.958384026686566,20.060546358230027,19.94945364176997,20.078000288965974,19.931999711034024
2026-05-17,CIN,47,22.89615,0.028739773095883797,22.943422720014524,22.848877279985473,22.952478920191783,22.839821079808214,22.97017874971772,22.822121250282276
2026-05-17,CLE,48,22.1559,0.029225373660969296,22.203971461865258,22.10782853813474,22.213180679810225,22.098619320189773,22.23117957388309,22.08062042611691
2026-05-17,COL,47,17.64015,0.027829959112550012,17.68592620918419,17.59437379081581,17.69469571755182,17.585604282448177,17.711835224198673,17.568464775801324
2026-05-17,DET,47,24.88785,0.02900992412364917,24.93556707891237,24.84013292108763,24.944708406476593,24.830991593523407,24.962574612651427,24.813125387348574
2026-05-17,HOU,48,24.4643,0.029432712918273186,24.512712504594646,24.415887495405357,24.521987057287124,24.40661294271288,24.540113644417833,24.38848635558217
2026-05-17,KCR,47,23.6824,0.029120335020318376,23.730298688676214,23.63450131132379,23.739474807857565,23.625325192142437,23.757409012274497,23.607390987725505
2026-05-17,LAA,47,19.9651,0.028532521878380054,20.012031822097725,19.918168177902274,20.021022715269726,19.909177284730273,20.03859490595848,19.89160509404152
2026-05-17,LAD,47,29.00075,0.028117645740266057,29.046999411577215,28.954500588422786,29.055859572980978,28.945640427019022,29.073176255844583,28.928323744155417
2026-05-17,MIA,47,21.25265,0.02870029763311207,21.29985778865641,21.205442211343588,21.30890154970648,21.19639845029352,21.326577067663944,21.178722932336054
2026-05-17,MIL,45,22.89745,0.02788333819510222,22.94331400996173,22.85158599003827,22.95210033863115,22.842799661368847,22.96927271960371,22.82562728039629
2026-05-17,MIN,47,22.32725,0.029124908324134603,22.375156211091582,22.279343788908417,22.384333771368333,22.270166228631666,22.40227079232448,22.25222920767552
2026-05-17,NYM,46,25.925,0.02831755364066981,25.97157823081225,25.878421769187753,25.980501385265995,25.869498614734006,25.997941184472456,25.852058815527545
2026-05-17,NYY,47,25.6058,0.028903669128753362,25.653342304998635,25.558257695001362,25.66245015051342,25.54914984948658,25.680250917921924,25.531349082078073
2026-05-17,PHI,47,26.3691,0.028714099053848457,26.416330489973365,26.321869510026634,26.42537859999406,26.31282140000594,26.443062617767907,26.29513738223209
2026-05-17,PIT,47,23.4488,0.028830721262646627,23.49622231643649,23.401377683563506,23.5053071753231,23.392292824676897,23.523063016670775,23.37453698332922
2026-05-17,SDP,46,24.2255,0.02826388914978783,24.271989960579784,24.179010039420216,24.280896204796615,24.170103795203385,24.298302953904283,24.152697046095717
2026-05-17,SEA,48,26.62905,0.02915295524668087,26.677002344173857,26.58109765582614,26.6861887423264,26.571911257673598,26.704143036409448,26.55395696359055
2026-05-17,SFG,47,22.4329,0.0288881741518964,22.480416818029752,22.385383181970248,22.489519780916837,22.376280219083164,22.50731100550648,22.35848899449352
2026-05-17,STL,47,21.0994,0.028747387752891942,21.146685245010723,21.052114754989276,21.155743844645276,21.043056155354723,21.17344836377438,21.02535163622562
2026-05-17,TBR,46,22.9761,0.028682530813697215,23.023278564839057,22.92892143516094,23.032316727380305,22.919883272619693,23.049981303369865,22.902218696630133
2026-05-17,TEX,46,22.07075,0.02874880078459494,22.118037569241046,22.023462430758954,22.127096614136523,22.014403385863478,22.14480200350285,21.99669799649715
2026-05-17,TOR,46,26.12495,0.028194177066479885,26.17132529440671,26.078574705593287,26.180209571624044,26.069690428375953,26.197573387477284,26.052326612522712
2026-05-17,WSN,47,19.3219,0.02814895446871666,19.36820090985276,19.27559909014724,19.377070936961143,19.266729063038856,19.394406901784784,19.249393098215215
2026-05-18,ARI,46,21.8853,0.028227682079862225,21.931730405249496,21.838869594750506,21.940625240243577,21.829974759756425,21.958009690672572,21.81259030932743
2026-05-18,ATH,47,22.46055,0.028947695647998775,22.5081647221785,22.412935277821504,22.517286440905504,22.4038135590945,22.535114322720332,22.38598567727967
2026-05-18,ATL,48,25.85175,0.02894668361660136,25.899363057534984,25.804136942465014,25.908484457360412,25.795015542639586,25.9263117159002,25.777188284099797
2026-05-18,BAL,48,26.1138,0.029323377551427398,26.162032663919934,26.06556733608007,26.17127276390587,26.056327236094134,26.189332015175996,26.038267984824007
2026-05-18,BOS,48,25.30565,0.02962102756723185,25.35437225462799,25.25692774537201,25.363706147216842,25.247593852783158,25.381948710808906,25.229351289191094
2026-05-18,CHC,48,25.2204,0.029039513712661204,25.26816574945518,25.172634250544824,25.277316401005375,25.163483598994627,25.295200830381884,25.14559916961812
2026-05-18,CHW,47,20.39015,0.028720426389933777,20.437390897515073,20.342909102484924,20.4464410013449,20.333858998655096,20.464128915905608,20.31617108409439
2026-05-18,CIN,48,23.31905,0.029115979150409737,23.366941523907794,23.271158476092207,23.376116270509424,23.261983729490577,23.394047792297144,23.244052207702858
2026-05-18,CLE,49,22.5914,0.029582529612981353,22.640058931128312,22.54274106887169,22.649380692613033,22.533419307386968,22.66759954665022,22.51520045334978
2026-05-18,COL,48,18.03195,0.02819168669013832,18.078321198102152,17.985578801897844,18.087204690576108,17.97669530942389,18.104566972692925,17.95933302730707
2026-05-18,DET,48,25.45235,0.02940339609399054,25.50071428270989,25.40398571729011,25.509979597367387,25.39472040263261,25.528088129282754,25.376611870717245
2026-05-18,HOU,49,24.98835,0.02982415443703974,25.037406368596525,24.939293631403476,25.04680426856596,24.92989573143404,25.065171930952495,24.911528069047506
2026-05-18,KCR,48,24.13435,0.029498195047333954,24.182870213112132,24.08582978688787,24.192165399901715,24.076534600098288,24.210332315204724,24.05836768479528
2026-05-18,LAA,48,20.4173,0.028958763198698674,20.46493292667941,20.369667073320592,20.474058132906276,20.360541867093726,20.491892830841742,20.34270716915826
2026-05-18,LAD,48,29.5964,0.028481413440094232,29.643247756197642,29.549552243802356,29.65222254457138,29.54057745542862,29.669763259345487,29.52303674065451
2026-05-18,MIA,48,21.6676,0.029116110650204807,21.71549174020571,21.61970825979429,21.724666528244285,21.610533471755716,21.74259813101817,21.59260186898183
2026-05-18,MIL,46,23.3643,0.028270200489416156,23.41080034180966,23.31779965819034,23.41970857479498,23.30889142520502,23.437119210837842,23.291480789162158
2026-05-18,MIN,48,22.8032,0.029478160324158797,22.85168725892505,22.75471274107495,22.86097613256585,22.745423867434152,22.87913070917768,22.72726929082232
2026-05-18,NYM,47,26.56405,0.028700366991177544,26.611257902740277,26.516842097259726,26.620301685645792,26.50779831435421,26.637977246318485,26.49012275368152
2026-05-18,NYY,48,26.1024,0.02931183500198434,26.150613678115615,26.054186321884384,26.159850140924668,26.04494985907533,26.177902283538902,26.026897716461097
2026-05-18,PHI,48,26.9462,0.02910365319219322,26.994071249510718,26.898328750489284,27.003242112075245,26.889157887924757,27.021166042732776,26.871233957267226
2026-05-18,SDP,47,24.62985,0.02868428294867099,24.677031446844627,24.582668553155376,24.686070161501753,24.57362983849825,24.703735816570475,24.555964183429527
2026-05-18,SEA,49,27.2439,0.029489729088380746,27.292406287848838,27.195393712151162,27.30169880692707,27.18610119307293,27.31986050833957,27.16793949166043
2026-05-18,SFG,48,22.9381,0.029227660397414854,22.986175223211994,22.890024776788003,22.9953851617313,22.880814838268698,23.013385464125836,22.86281453587416
2026-05-18,TBR,47,23.4433,0.02907424153913658,23.491122871646514,23.395477128353487,23.500284466294527,23.386315533705474,23.518190283334967,23.368409716665035
2026-05-18,TEX,47,22.67895,0.029109469471902898,22.72683081643949,22.63106918356051,22.736003511773998,22.621896488226003,22.75393102447649,22.60396897552351
2026-05-18,TOR,47,26.62835,0.02855769757840342,26.675323232439222,26.58137676756078,26.68432205873506,26.572377941264943,26.70190975426434,26.554790245735663
2026-05-18,WSN,48,19.68285,0.028528476783283997,19.729775168508382,19.635924831491614,19.738764787029023,19.626935212970974,19.756334486483997,19.609365513516
2026-05-19,ARI,47,22.38385,0.028636104137923658,22.430952199753023,22.336747800246975,22.439975732767866,22.32772426723213,22.45761171617794,22.310088283822058
2026-05-19,ATH,48,23.0125,0.029328999250057136,23.060741910791315,22.964258089208684,23.069983782232715,22.955016217767284,23.08804649571206,22.93695350428794
2026-05-19,ATL,49,26.44225,0.029329358285476902,26.490492501352026,26.394007498647976,26.499734485929206,26.384765514070796,26.51779742052602,26.366702579473984
2026-05-19,BAL,49,26.64875,0.029756309310332657,26.69769477329379,26.59980522670621,26.707071294561086,26.590428705438914,26.72539717348702,26.572102826512978
2026-05-19,BOS,49,25.85685,0.02996711206081187,25.90614151296249,25.807558487037515,25.91558446035987,25.798115539640133,25.934040165388975,25.779659834611028
2026-05-19,CHC,49,25.75305,0.029446419807117045,25.801485050420474,25.70461494957953,25.8107639222956,25.695336077704404,25.828898951023778,25.677201048976226
2026-05-19,CHW,48,20.77125,0.029131059074553795,20.819166328175715,20.72333367182428,20.828345826617632,20.714154173382365,20.846286635607647,20.69621336439235
2026-05-19,CIN,49,23.7386,0.029480026383939664,23.78709032832025,23.690109671679753,23.796379789975813,23.68082021002419,23.81453551582915,23.662664484170854
2026-05-19,CLE,50,23.03165,0.029976196264571705,23.080956455147987,22.98234354485201,23.090402265072065,22.972897734927933,23.108863564747217,22.95443643525278
2026-05-19,COL,49,18.42635,0.02855091139704793,18.473312070164205,18.379387929835794,18.482308758064008,18.37039124193599,18.499892274219544,18.352807725780455
2026-05-19,DET,49,26.0121,0.029799699337477035,26.061116143537312,25.96308385646269,26.070506337451576,25.953693662548424,26.08885893879042,25.93534106120958
2026-05-19,HOU,50,25.5151,0.030199738421218692,25.564774149275127,25.465425850724873,25.57429039964812,25.45590960035188,25.59288937118489,25.437310628815112
2026-05-19,KCR,49,24.58315,0.029882502439933067,24.63230234252071,24.53399765747929,24.641718628550198,24.524581371449802,24.660122225448152,24.506177774551848
2026-05-19,LAA,49,20.86535,0.02934738544277175,20.913622153387085,20.817077846612914,20.922869818508246,20.807830181491752,20.940943855406037,20.789756144593962
2026-05-19,LAD,49,30.19215,0.028870367053082113,30.239637527958685,30.14466247204132,30.248734879644495,30.13556512035551,30.266515137459542,30.11778486254046
2026-05-19,MIA,49,22.0771,0.02951222336704574,22.12564328764469,22.028556712355314,22.134942894903112,22.01925710509689,22.153118449761717,22.001081550238286
2026-05-19,MIL,47,23.83165,0.02864230146036882,23.878762393441324,23.784537606558676,23.887787879296663,23.775512120703336,23.9054276794227,23.7578723205773
2026-05-19,MIN,49,23.27645,0.029854326887684166,23.325555997861404,23.227344002138597,23.334963405482547,23.217936594517454,23.353349650035025,23.199550349964976
2026-05-19,NYM,48,27.19055,0.029087872732326117,27.23839529296407,27.142704707035932,27.247561182942245,27.133538817057758,27.26547539496183,27.115624605038175
2026-05-19,NYY,49,26.6025,0.02963112531915364,26.651238863951864,26.553761136048134,26.660575938446932,26.544424061553066,26.678824720894205,26.526175279105793
2026-05-19,PHI,49,27.52665,0.029510557983993223,27.57519054833333,27.47810945166667,27.584489630812307,27.468810369187693,27.60266416001925,27.45063583998075
2026-05-19,PIT,48,23.98965,0.029227980731105538,24.037725750114028,23.941574249885974,24.046935789573798,23.932364210426204,24.064936289250745,23.914363710749257
2026-05-19,SDP,48,25.0341,0.02907652200154947,25.081926622673382,24.986273377326615,25.091088935918723,24.977111064081274,25.108996157416875,24.959203842583122
2026-05-19,SEA,50,27.8628,0.029872117855472897,27.911935261399297,27.813664738600703,27.921348275138662,27.804251724861338,27.939745476531193,27.785854523468807
2026-05-19,SFG,49,23.43955,0.029605001480841643,23.488245894061667,23.390854105938335,23.497574736664706,23.381525263335295,23.515807430345962,23.36329256965404
2026-05-19,STL,48,21.55855,0.02915494975865622,21.606505624854115,21.510594375145885,21.61569265149804,21.50140734850196,21.633648173931842,21.48345182606816
2026-05-19,TBR,48,23.90835,0.029472206303943732,23.956827465433303,23.859872534566694,23.966114462900663,23.850585537099334,23.984265372637935,23.832434627362062
2026-05-19,TEX,48,23.28455,0.02949139793232265,23.333059032852848,23.23604096714715,23.342352077801092,23.226747922198907,23.360514806996697,23.2085851930033
2026-05-19,TOR,48,27.12825,0.028947573213911233,27.175864520792345,27.080635479207658,27.184986200939104,27.0715137990609,27.20281400735102,27.053685992648983
2026-05-19,WSN,49,20.05635,0.028933986808848622,20.1039421731447,20.008757826855298,20.113059572074498,19.9996404279255,20.130879011090727,19.98182098890927
2026-05-20,ARI,48,22.88255,0.02904961219833139,22.930332359985957,22.83476764001404,22.939486193673584,22.825613806326412,22.957376842357192,22.807723157642805
2026-05-20,ATH,49,23.55865,0.029706853312521705,23.607513425416418,23.509786574583583,23.616874362586557,23.500425637413443,23.635169783278624,23.482130216721377
2026-05-20,ATL,50,27.0304,0.029671582568858875,27.079205410205777,26.981594589794224,27.08855523319927,26.97224476680073,27.10682893186354,26.95397106813646
2026-05-20,BAL,50,27.1829,0.030174374958649983,27.23253243009173,27.13326756990827,27.24204068817496,27.12375931182504,27.260624039234763,27.105175960765237
2026-05-20,BOS,50,26.40685,0.030383586226622454,26.456826552004653,26.356873447995344,26.466400734725347,26.34729926527465,26.485112931749438,26.32858706825056
2026-05-20,CHC,50,26.28645,0.029806697935817847,26.335477655207175,26.237422344792822,26.344870054452265,26.228029945547732,26.36322696598511,26.209673034014887
2026-05-20,CHW,49,21.1603,0.02954037621952976,21.208889594966205,21.111710405033794,21.218198073480043,21.102401926519956,21.236390966704125,21.084209033295874
2026-05-20,CIN,50,24.15515,0.02987831252853772,24.204295450729752,24.106004549270246,24.213710416474765,24.096589583525233,24.232111432951598,24.0781885670484
2026-05-20,CLE,51,23.46775,0.03035908563476561,23.517686252117272,23.417813747882725,23.527252714447705,23.408247285552292,23.54594982240698,23.38955017759302
2026-05-20,COL,50,18.816,0.02896349675379702,18.863640712684678,18.76835928731532,18.872767410503783,18.759232589496214,18.89060502367167,18.741394976328326
2026-05-20,DET,50,26.576,0.030175018253289134,26.62563348821725,26.52636651178275,26.635141949009284,26.516858050990717,26.653725696251946,26.498274303748055
2026-05-20,HOU,51,26.0398,0.03054688942630119,26.090045161864936,25.989554838135064,26.099670803115277,25.979929196884722,26.118483572916535,25.961116427083464
2026-05-20,KCR,50,25.03315,0.03026967734455267,25.082939188566836,24.983360811433162,25.09247747741897,24.973822522581028,25.111119521913068,24.95518047808693
2026-05-20,LAA,50,21.3192,0.02974272683346263,21.368122432107448,21.27027756789255,21.3774946733956,21.260905326604398,21.395812187345083,21.242587812654914
2026-05-20,LAD,50,30.7818,0.029258370436714882,30.82992573673152,30.73367426326848,30.839145352302292,30.72445464769771,30.85716456794498,30.70643543205502
2026-05-20,MIA,50,22.48895,0.029889857227046984,22.53811444006897,22.43978555993103,22.547533043668057,22.43036695633194,22.56594117012432,22.41195882987568
2026-05-20,MIL,48,24.29825,0.028979938556127568,24.345917757042876,24.250582242957123,24.355049635844193,24.241450364155806,24.372897374947918,24.22360262505208
2026-05-20,MIN,50,23.75175,0.030272461379460016,23.801543767896753,23.70195623210325,23.811082934027123,23.69241706597288,23.829726693111766,23.673773306888236
2026-05-20,NYM,49,27.82145,0.029513506183226675,27.869995397689532,27.772904602310465,27.879295409176624,27.763604590823373,27.897471754077227,27.74542824592277
2026-05-20,NYY,50,27.0973,0.03005373182884017,27.146733989802094,27.047866010197907,27.15620423198555,27.03839576801445,27.174713283125726,27.019886716874275
2026-05-20,PHI,50,28.1101,0.029929979780890063,28.15933043579718,28.060869564202818,28.168761682428556,28.051438317571442,28.18719451897424,28.033005481025757
2026-05-20,PIT,49,24.5253,0.029640545264825666,24.57405435838367,24.476545641616333,24.58339440120119,24.467205598798813,24.60164898506631,24.448951014933694
2026-05-20,SDP,49,25.44445,0.02945953331402514,25.492906620219873,25.395993379780126,25.502189624296847,25.386710375703153,25.52033272917914,25.368567270820858
2026-05-20,SEA,51,28.47375,0.030283434435266095,28.523561816967394,28.423938183032604,28.5331044408213,28.414395559178697,28.55175495783046,28.395745042169537
2026-05-20,SFG,50,23.94085,0.029989540384967983,23.99017840427282,23.89152159572718,23.99962841906745,23.882071580932553,24.018097936923564,23.86360206307644
2026-05-20,STL,49,22.0229,0.029550760427983807,22.07150667546914,21.97429332453086,22.080818426154618,21.96498157384538,22.099017714652554,21.946782285347446
2026-05-20,TBR,49,24.3742,0.02988006624688018,24.42334833533973,24.32505166466027,24.432763853699555,24.31563614630044,24.451165950230696,24.2972340497693
2026-05-20,TEX,49,23.8949,0.029859793700961736,23.944014989969048,23.84578501003095,23.95342412023968,23.83637587976032,23.971813731612862,23.817986268387138
2026-05-20,TOR,49,27.63345,0.029371460450741245,27.681761753251262,27.585138246748738,27.691017004656796,27.575882995343203,27.709105868517046,27.557794131482954
2026-05-20,WSN,50,20.42545,0.029370737935696296,20.473760564819774,20.37713943518023,20.48301558855333,20.367884411446674,20.501104007441622,20.34979599255838
2026-05-21,ARI,49,23.4698,0.0295332525917892,23.518377877641278,23.42122212235872,23.52768411142623,23.41191588857377,23.545872617455043,23.393727382544956
2026-05-21,ATH,50,24.1143,0.030104353324800916,24.163817254753326,24.064782745246674,24.17330344829448,24.05529655170552,24.19184367545841,24.03675632454159
2026-05-21,ATL,51,27.61915,0.030023577978594354,27.66853439113215,27.56976560886785,27.677995131525076,27.560304868474926,27.69648561195465,27.541814388045353
2026-05-21,CLE,52,23.9063,0.030752045459042237,23.956882613509485,23.855717386490518,23.966572901550663,23.84602709844934,23.985512019837472,23.82708798016253
2026-05-21,COL,51,19.22875,0.029374977724941614,19.277067538652492,19.18043246134751,19.286323898387554,19.17117610161245,19.304414928415003,19.153085071585
2026-05-21,DET,51,27.13745,0.030589535152696364,27.187765307842675,27.087134692157328,27.197404387203107,27.077495612796895,27.216243421028256,27.058656578971746
2026-05-21,LAA,51,21.76355,0.03012461525890787,21.81310058266913,21.713999417330868,21.822593160955584,21.704506839044413,21.84114586674203,21.68595413325797
2026-05-21,MIA,51,22.9002,0.030332869995272474,22.95009313122757,22.85030686877243,22.95965133273847,22.840748667261533,22.978332295394562,22.82206770460544
2026-05-21,NYM,50,28.45155,0.029918011034228413,28.500760748960825,28.402339251039177,28.51018822411616,28.392911775883842,28.528613689525866,28.374486310474136
2026-05-21,NYY,51,27.5934,0.03041397824197982,27.64342654242134,27.543373457578657,27.653010301980864,27.533789698019135,27.67174121639319,27.515058783606808
2026-05-21,PIT,50,25.05595,0.030072598789178527,25.105415023190236,25.006484976809762,25.11489121054831,24.997008789451687,25.133411881195034,24.978488118804965
2026-05-21,STL,50,22.49225,0.029986362833341464,22.5415731776655,22.442926822334496,22.5510221911807,22.433477808819298,22.56948975209297,22.415010247907027
2026-05-21,TOR,50,28.13735,0.029723028476184677,28.186240031193037,28.088459968806966,28.19560606532478,28.07909393467522,28.213911447739175,28.060788552260828
2026-05-21,WSN,51,20.79535,0.02977369212093331,20.844323365472853,20.746376634527145,20.85370536424381,20.736994635756187,20.872041948639943,20.718658051360055
2026-05-22,ARI,50,24.0579,0.029920764397105767,24.10711527783974,24.00868472216026,24.116543620608237,23.999256379391763,24.134970781718646,23.980829218281354
2026-05-22,ATH,51,24.58915,0.03047965000337467,24.63928456285626,24.53901543714374,24.648889016268,24.529410983732,24.667660375640608,24.510639624359392
2026-05-22,ATL,52,28.24165,0.030388796254901092,28.29163512173856,28.191664878261438,28.30121094619313,28.18208905380687,28.319926351892953,28.163373648107047
2026-05-22,BAL,51,27.68275,0.030575102023021675,27.733041567456976,27.63245843254302,27.74267609878876,27.622823901211238,27.761506243749896,27.6039937562501
2026-05-22,BOS,51,26.9618,0.0308497913036891,27.01254339111657,26.91105660888343,27.02226447988581,26.90133552011419,27.041263796448412,26.88233620355159
2026-05-22,CHC,51,26.80605,0.030173534628621178,26.855681047871833,26.756418952128165,26.86518904115837,26.746910958841628,26.883771874688048,26.72832812531195
2026-05-22,CHW,50,21.5862,0.029958443774963883,21.635477254901073,21.53692274509893,21.6449174708318,21.527482529168203,21.663367837364277,21.509032162635727
2026-05-22,CIN,51,24.6723,0.030248907175619916,24.722055024679136,24.622544975320864,24.73158676863591,24.61301323136409,24.75021602150329,24.594383978496708
2026-05-22,CLE,53,24.33115,0.031153057787727367,24.382392220092772,24.27990777990723,24.392208871272242,24.27009112872776,24.411394959144783,24.25090504085522
2026-05-22,COL,52,19.64065,0.029757438635284284,19.689596630868035,19.591703369131967,19.69897350799732,19.582326492002682,19.717300082435326,19.563999917564676
2026-05-22,DET,52,27.6376,0.031012600682142937,27.68861118871322,27.586588811286777,27.69838358040392,27.576816419596078,27.717483165616322,27.557716834383676
2026-05-22,HOU,52,26.5202,0.030925433175961498,26.571067810924525,26.469332189075473,26.580812735231184,26.459587264768814,26.599858636999585,26.440541363000413
2026-05-22,KCR,51,25.48205,0.0306306350189656,25.532432911106774,25.431667088893228,25.542084941460764,25.422015058539237,25.560949287268162,25.40315071273184
2026-05-22,LAA,52,22.1954,0.030536577511704032,22.245628200274812,22.145171799725187,22.255250592134054,22.135549407865945,22.274057011184738,22.11674298881526
2026-05-22,LAD,51,31.38915,0.029643035427440175,31.437908454336675,31.340391545663326,31.447249281830228,31.331050718169774,31.465505399300138,31.312794600699863
2026-05-22,MIA,52,23.2989,0.030697720713480415,23.34939325725471,23.24840674274529,23.359066427005892,23.238733572994107,23.377972088565944,23.219827911434056
2026-05-22,MIL,49,24.6909,0.029371857190169996,24.73921240582955,24.642587594170447,24.748467782251787,24.63333221774821,24.766556890450094,24.615243109549905
2026-05-22,MIN,51,24.1968,0.03064507210013058,24.247206657992088,24.14639334200791,24.25686323761989,24.13673676238011,24.275736474724884,24.117863525275116
2026-05-22,NYM,51,29.05285,0.030246464029772435,29.10260100606183,29.00309899393817,29.11213198015804,28.99356801984196,29.130759728376624,28.974940271623375
2026-05-22,NYY,52,28.14295,0.030809466500351903,28.193627062717542,28.092272937282456,28.20333544472358,28.082564555276416,28.222309926638314,28.063590073361684
2026-05-22,PHI,51,28.68525,0.030376063884872583,28.735214178853543,28.635285821146457,28.744785991206438,28.62571400879356,28.763493555481126,28.607006444518873
2026-05-22,PIT,51,25.48775,0.030419217006904732,25.53778515942283,25.43771484057717,25.54737056977144,25.428129430228555,25.566104710557397,25.4093952894426
2026-05-22,SDP,50,25.9696,0.02986249119579645,26.01871942695321,25.920480573046788,26.028129407232406,25.911070592767594,26.046520679899103,25.892679320100896
2026-05-22,SEA,52,29.02485,0.03065996780096609,29.075281159239633,28.974418840760368,29.08494243265705,28.96475756734295,29.103824843507596,28.945875156492406
2026-05-22,SFG,51,24.51495,0.0304060857621886,24.56496356044733,24.464936439552666,24.574544833004726,24.455355166995272,24.593270886712464,24.436629113287534
2026-05-22,STL,51,22.9751,0.030367583193356775,23.025050229357344,22.92514977064266,23.034619369356506,22.915580630643497,23.053321710667408,22.896878289332594
2026-05-22,TBR,50,24.82465,0.030244435110739886,24.874397668786997,24.774902331213,24.88392800354981,24.765371996450188,24.902554502227524,24.746745497772473
2026-05-22,TEX,50,24.46305,0.030229826777478378,24.51277364021705,24.41332635978295,24.52229937174274,24.403800628257258,24.540916873654634,24.385183126345364
2026-05-22,TOR,51,28.70555,0.030133915486012193,28.755115880181414,28.655984119818584,28.764611389065756,28.64648861093424,28.783169822539534,28.627930177460463
2026-05-22,WSN,52,21.17285,0.030150109375087893,21.222442516758598,21.123257483241403,21.231943128505115,21.113756871494886,21.250511535233557,21.095188464766444
2026-05-23,ARI,51,24.6486,0.030264941769893024,24.698381399239683,24.598818600760314,24.70791819586319,24.589281804136807,24.72655732388109,24.570642676118908
2026-05-23,ATH,52,25.0734,0.030892852578177747,25.124214220610092,25.022585779389907,25.133948878432932,25.012851121567067,25.152974714941084,24.993825285058914
2026-05-23,ATL,53,28.86045,0.030769321205242284,28.911061029583276,28.809838970416724,28.92075676139102,28.80014323860898,28.939706519210773,28.781193480789227
2026-05-23,BAL,52,28.1861,0.030941981349139426,28.236995030247197,28.135204969752802,28.246745169054623,28.125454830945376,28.265801262268976,28.106398737731023
2026-05-23,BOS,52,27.52325,0.03121092241441928,27.574587398933858,27.471912601066144,27.584422283856536,27.462077716143465,27.603644008545853,27.44285599145415
2026-05-23,CHC,52,27.32395,0.030542870906697075,27.374188551988393,27.273711448011607,27.383812926961582,27.264087073038418,27.402623221895983,27.245276778104017
2026-05-23,CHW,51,22.01325,0.030337513743087192,22.063150769513005,21.963349230486994,22.07271043431694,21.95378956568306,22.091394256896262,21.935105743103737
2026-05-23,CIN,52,25.1956,0.030653858076117358,25.246021109636555,25.145178890363443,25.255680457816393,25.135519542183605,25.27455910589929,25.11664089410071
2026-05-23,CLE,54,24.75935,0.031542298976235554,24.81123246487345,24.707467535126554,24.821171769983017,24.697528230016985,24.84059757800429,24.678102421995714
2026-05-23,COL,53,20.04995,0.0301528308710058,20.099546993221026,20.000353006778973,20.109048462539096,19.9908515374609,20.12761854534249,19.97228145465751
2026-05-23,DET,53,28.13425,0.03141616933459238,28.185925000074928,28.082574999925075,28.195824560428015,28.072675439571988,28.215172689577297,28.053327310422706
2026-05-23,HOU,53,27.0023,0.03131906415729863,27.05381527627186,26.950784723728145,27.063684237777807,26.940915762222197,27.0829725632161,26.921627436783904
2026-05-23,KCR,52,25.9258,0.03104292030632834,25.97686106005703,25.87473893994297,25.98664300577535,25.86495699422465,26.005761263792774,25.845838736207224
2026-05-23,LAA,53,22.6249,0.030938937609313932,22.675790023740706,22.574009976259294,22.68553920343419,22.56426079656581,22.70459342211474,22.54520657788526
2026-05-23,LAD,52,31.98875,0.03000035288015205,32.03809618924474,31.93940381075526,32.04754961116859,31.929950388831408,32.0660257880655,31.911474211934497
2026-05-23,MIA,53,23.69505,0.031087957442229884,23.746185139553365,23.643914860446632,23.755981276939682,23.634118723060315,23.775127271767175,23.61497272823282
2026-05-23,MIL,50,25.0913,0.029732514468521314,25.140205634261935,25.042394365738065,25.149574657528117,25.033025342471884,25.16788588203621,25.01471411796379
2026-05-23,MIN,52,24.63535,0.031041620414934804,24.686408921925956,24.584291078074042,24.696190458035034,24.574509541964964,24.71530791549443,24.555392084505566
2026-05-23,NYM,52,29.6567,0.03060929763903606,29.707047814240006,29.606352185759995,29.716693120964578,29.596706879035423,29.73554432581968,29.57785567418032
2026-05-23,NYY,53,28.7002,0.03118404432127126,28.751493188404858,28.64890681159514,28.76131960376199,28.639080396238008,28.780524775165897,28.6198752248341
2026-05-23,PHI,52,29.25705,0.03077525175658258,29.30767078447216,29.20642921552784,29.317368385058053,29.196731614941946,29.3363217952987,29.177778204701298
2026-05-23,PIT,52,25.91975,0.03077844801997209,25.970376041857588,25.869123958142413,25.980074649619183,25.859425350380818,25.999030028327603,25.8404699716724
2026-05-23,SDP,51,26.48535,0.03028597251008361,26.535165991728963,26.435534008271038,26.544709415356536,26.425990584643465,26.56336149547795,26.407338504522052
2026-05-23,SEA,53,29.5811,0.03107111858656712,29.632207442100555,29.529992557899444,29.641998273389042,29.520201726610956,29.661133897749323,29.501066102250675
2026-05-23,SFG,52,25.0879,0.030777118790621987,25.138523855469874,25.03727614453013,25.14822204437753,25.027577955622473,25.16717660445969,25.00862339554031
2026-05-23,STL,52,23.4518,0.030797828873366573,23.502457920524588,23.40114207947541,23.512162635393825,23.391437364606173,23.5311299500977,23.372470049902297
2026-05-23,TBR,51,25.2674,0.030607053134613926,25.317744122358764,25.217055877641233,25.327388721816746,25.20741127818325,25.346238544359416,25.18856145564058
2026-05-23,TEX,51,25.03355,0.030590243673848033,25.08386647325626,24.983233526743742,25.09350577587905,24.973594224120955,25.1123452460578,24.954754753942204
2026-05-23,TOR,52,29.27355,0.03048110028769861,29.323686948361694,29.223413051638307,29.333291858773045,29.213808141226956,29.35206411132547,29.195035888674532
2026-05-23,WSN,53,21.55405,0.030546285922419182,21.604294169189387,21.503805830810613,21.613919620269403,21.494180379730597,21.63273201839355,21.47536798160645
2026-05-24,ARI,52,25.24425,0.030647863897065857,25.294661250089405,25.193838749910597,25.304318709441336,25.184181290558666,25.32319366591724,25.16530633408276
2026-05-24,ATH,53,25.55025,0.031309787000442756,25.601750016706756,25.49874998329324,25.611616054884486,25.48888394511551,25.630898666843613,25.469601333156383
2026-05-24,ATL,54,29.48015,0.031129387254048915,29.531353285529597,29.4289467144704,29.541162477878736,29.41913752212126,29.5603339878905,29.3999660121095
2026-05-24,BAL,53,28.6907,0.03131646071214894,28.742210993985662,28.639189006014337,28.752079135119075,28.629320864880924,28.771365857185792,28.610034142814207
2026-05-24,BOS,53,28.07815,0.03164019886132509,28.130193495854517,28.026106504145485,28.140163650231884,28.016136349768118,28.159649751397115,27.996650248602887
2026-05-24,CHC,53,27.8411,0.030957962776529187,27.892021317356004,27.790178682643997,27.90177649207673,27.78042350792327,27.92084242769796,27.761357572302042
2026-05-24,CHW,52,22.44255,0.030703861503572585,22.493053357955567,22.392046642044434,22.50272846273331,22.382371537266692,22.52163790619301,22.36346209380699
2026-05-24,CIN,53,25.7117,0.031085727780182072,25.762831472085658,25.660568527914343,25.772626906882373,25.65077309311763,25.791771528538337,25.631628471461664
2026-05-24,CLE,55,25.1806,0.031963029639932215,25.2331745052316,25.128025494768398,25.24324638693105,25.117953613068945,25.26293130837674,25.098268691623257
2026-05-24,COL,54,20.4543,0.030576335966169182,20.50459359711284,20.40400640288716,20.514228517272887,20.394371482727113,20.533059422176816,20.375540577823184
2026-05-24,DET,54,28.62965,0.03183457579245863,28.68201321745469,28.577286782545315,28.692044622016333,28.56725537798367,28.711650433192265,28.54764956680774
2026-05-24,HOU,54,27.48515,0.03173845207854379,27.53735510801522,27.432944891984782,27.547356222998996,27.422943777001006,27.566902834913197,27.403397165086805
2026-05-24,KCR,53,26.3719,0.031425529394027485,26.423590396002638,26.320209603997363,26.433492905807398,26.310307094192602,26.452846799492672,26.290953200507328
2026-05-24,LAA,54,23.06225,0.031361647350246595,23.113835319391224,23.010664680608773,23.12371769930233,23.00078230069767,23.143032250252332,22.981467749747665
2026-05-24,LAD,53,32.5934,0.03039703967495921,32.643398680957944,32.54340131904206,32.65297710299956,32.53382289700045,32.6716975855359,32.5151024144641
2026-05-24,MIA,54,24.0932,0.03142522975657081,24.14488990314288,24.04151009685712,24.154792318528774,24.031607681471225,24.174146027677732,24.012253972322267
2026-05-24,MIL,51,25.48665,0.030118041830391216,25.536189770341394,25.437110229658607,25.54568027727244,25.427619722727563,25.564228934712233,25.40907106528777
2026-05-24,MIN,53,25.08045,0.03141923373170339,25.132130040559627,25.02876995944037,25.142030566535983,25.018869433464015,25.161380582941174,24.999519417058824
2026-05-24,NYM,53,30.25855,0.030956308073242175,30.3094685956113,30.2076314043887,30.31922324891788,30.19787675108212,30.338288165464743,30.178811834535257
2026-05-24,NYY,54,29.25405,0.03163566769721371,29.306086042752792,29.202013957247207,29.316054769313414,29.192045230686585,29.33553807989182,29.17256192010818
2026-05-24,PHI,53,29.8358,0.03118902941384668,29.887101388152463,29.784498611847535,29.8969293743639,29.774670625636098,29.916137615913435,29.755462384086563
2026-05-24,PIT,53,26.3519,0.031199150450764532,26.403218035776746,26.300581964223255,26.413049211231744,26.290750788768257,26.43226368597691,26.27153631402309
2026-05-24,SDP,52,27.0085,0.03070885115364872,27.059011565199594,26.95798843480041,27.068688242267754,26.94831175773225,27.08760075867989,26.929399241320112
2026-05-24,SEA,54,30.135,0.03143657365089496,30.186708562188603,30.0832914378114,30.196614552153097,30.073385447846906,30.21597524761315,30.05402475238685
2026-05-24,SFG,53,25.6586,0.031171475503162474,25.709872514538805,25.607327485461195,25.719694969331172,25.597505030668827,25.7388924000359,25.5783075999641
2026-05-24,STL,53,23.9357,0.03124367270111165,23.98709126836171,23.884308731638292,23.996936473238936,23.874463526761065,24.016178367694014,23.855221632305987
2026-05-24,TBR,52,25.71355,0.031008916419634432,25.764555128640673,25.66254487135933,25.774326359382098,25.652773640617905,25.793423675584993,25.63367632441501
2026-05-24,TEX,52,25.5962,0.030999279439468983,25.647189277218892,25.545210722781107,25.656957471248052,25.535442528751947,25.676048852369085,25.516351147630914
2026-05-24,TOR,53,29.8414,0.030914237601861308,29.892249395843862,29.790550604156138,29.901990792309164,29.780809207690837,29.921029799111746,29.761770200888254
2026-05-24,WSN,54,21.93435,0.030941070947343916,21.9852435327695,21.8834564672305,21.994993384699892,21.873706615300105,22.014048917229353,21.854651082770644
2026-05-25,ARI,53,25.74205,0.031066683872234258,25.7931501476446,25.6909498523554,25.80293958150867,25.681160418491327,25.82207247468219,25.662027525317807
2026-05-25,ATH,54,25.98795,0.031675075459977595,26.040050862754306,25.935849137245697,26.050032007109145,25.925867992890858,26.069539587561934,25.90636041243807
2026-05-25,BAL,54,29.2297,0.03171375385553063,29.281864483053518,29.177535516946485,29.291857815371408,29.167542184628594,29.311389216506615,29.148010783493387
2026-05-25,CHC,54,28.379,0.031323425863886374,28.430522450640762,28.32747754935924,28.440392786565628,28.317607213434375,28.45968379822774,28.298316201772263
2026-05-25,CHW,53,22.8916,0.031060838861588124,22.94269053345764,22.84050946654236,22.952478125498317,22.830721874501684,22.97160741893249,22.81159258106751
2026-05-25,CIN,54,26.13505,0.03146188276912834,26.186800191983522,26.083299808016477,26.196714157113313,26.073385842886687,26.216090439581542,26.054009560418457
2026-05-25,CLE,56,25.7412,0.03233795626150118,25.794391204644928,25.68800879535507,25.804581229606175,25.677818770393824,25.824497055355256,25.657902944644743
2026-05-25,COL,55,20.75395,0.030881275111831512,20.80474517737258,20.70315482262742,20.814476187015863,20.693423812984136,20.833494893364012,20.674405106635987
2026-05-25,HOU,55,27.9888,0.03215688777340809,28.041693373485565,27.935906626514438,28.051826341890777,27.925773658109225,28.07163065383768,27.905969346162323
2026-05-25,KCR,54,26.81055,0.031838477025541996,26.862919634412073,26.758180365587926,26.872952268292668,26.74814773170733,26.89256048210276,26.72853951789724
2026-05-25,LAD,54,33.29375,0.030759475843107415,33.34434483540367,33.24315516459634,33.35403746483583,33.23346253516418,33.372981159238485,33.21451884076152
2026-05-25,MIA,55,24.4771,0.031773011436009496,24.52936195309969,24.42483804690031,24.53937395809496,24.41482604190504,24.558941853918867,24.395258146081133
2026-05-25,MIL,52,26.0306,0.030526460247443817,26.080811558856,25.980388441144,26.090430762660482,25.970769237339518,26.109230950838985,25.951969049161015
2026-05-25,MIN,54,25.6314,0.03179932800961511,25.683705240011236,25.579094759988763,25.69372553763142,25.56907446236858,25.71330964092033,25.54949035907967
2026-05-25,NYM,54,30.8352,0.031326763578541264,30.886727940692815,30.783672059307186,30.896599328366143,30.773800671633857,30.915892395610957,30.754507604389044
2026-05-25,NYY,55,29.8154,0.031981671053341994,29.86800516762806,29.76279483237194,29.878082923429957,29.752717076570043,29.89777932547566,29.73302067452434
2026-05-25,PHI,54,30.36565,0.03160019671610651,30.417627698180866,30.313672301819132,30.42758524746795,30.30371475253205,30.447046712699255,30.284253287300743
2026-05-25,PIT,54,26.814,0.03153014283975541,26.86586246980827,26.76213753019173,26.875797944393323,26.752202055606677,26.895216265871724,26.732783734128276
2026-05-25,SDP,53,27.47865,0.03111158313884512,27.52982400036613,27.427475999633867,27.53962758245416,27.417672417545838,27.558788127528832,27.398511872471165
2026-05-25,SEA,55,30.6973,0.03180666940613137,30.74961731553392,30.644982684466076,30.75963992650419,30.634960073495808,30.779228551104605,30.61537144889539
2026-05-25,SFG,54,26.1608,0.03154476060451372,26.212686513891647,26.10891348610835,26.22262659468578,26.098973405314215,26.242053918738538,26.07954608126146
2026-05-25,STL,54,24.39175,0.03164007192758222,24.443793287067088,24.33970671293291,24.453763401446317,24.32973659855368,24.47324942443746,24.310250575562538
2026-05-25,TBR,53,26.17455,0.03142862553151414,26.22624548869561,26.12285451130439,26.236148974125364,26.112951025874636,26.25550477461434,26.09359522538566
2026-05-25,TEX,53,26.09255,0.03140212619475756,26.144201901165435,26.040898098834564,26.154097036379707,26.031002963620292,26.173436516846195,26.011663483153804
2026-05-25,TOR,54,30.4575,0.03128351994950411,30.50895681125275,30.406043188747248,30.51881457241067,30.39618542758933,30.538081007404088,30.37691899259591
2026-05-25,WSN,55,22.37375,0.03131744060390797,22.425262605764175,22.322237394235827,22.435131055671633,22.31236894432837,22.4544183812197,22.293081618780302
2026-05-26,ARI,54,26.23315,0.03144429981848151,26.28487127060338,26.181428729396618,26.294779695163303,26.171520304836694,26.31414514890202,26.152154851097976
2026-05-26,ATH,55,26.4246,0.03204148989753339,26.477303560870887,26.371896439129117,26.487400166210172,26.36179983378983,26.507133408607434,26.34206659139257
2026-05-26,ATL,55,29.9812,0.03153263457677087,30.03306656835094,29.929333431649063,30.043002828108136,29.919397171891866,30.062422684160946,29.899977315839056
2026-05-26,BAL,55,29.7678,0.03211161340988318,29.82061890378451,29.714981096215492,29.830737605768846,29.704862394231156,29.85051403480541,29.68508596519459
2026-05-26,BOS,54,28.5771,0.03200279657232196,28.629739916014575,28.524460083985428,28.639824328686313,28.51437567131369,28.659533741206502,28.4946662587935
2026-05-26,CHC,55,28.91545,0.03173043343377606,28.96764191851829,28.86325808148171,28.977640506744045,28.853259493255955,28.997182180253027,28.833717819746973
2026-05-26,CHW,54,23.33,0.031471010807186645,23.38176520627003,23.27823479372997,23.391682047739156,23.26831795226084,23.411063951849453,23.248936048150544
2026-05-26,CIN,55,26.55105,0.03183096535439623,26.603407278812547,26.498692721187453,26.61343754568776,26.48866245431224,26.633041133320102,26.469058866679898
2026-05-26,CLE,57,26.299,0.0327285579872593,26.352833687310234,26.245166312689765,26.363146794920958,26.23485320507904,26.383303178726482,26.214696821273517
2026-05-26,COL,56,21.0575,0.031194283797950542,21.108810030845213,21.00618996915479,21.118639672767504,20.996360327232498,21.137851150309984,20.977148849690018
2026-05-26,DET,55,29.22415,0.032234411608397365,29.277170888846722,29.17112911115328,29.2873282858153,29.160971714184704,29.30718034200357,29.141119657996434
2026-05-26,HOU,56,28.5004,0.03253932900962495,28.55392243334005,28.44687756665995,28.564175912939962,28.436624087060036,28.58421575718081,28.416584242819187
2026-05-26,KCR,55,27.2553,0.03221526015181836,27.3082893875039,27.202310612496095,27.31844074965015,27.192159250349846,27.338281011120504,27.172318988879493
2026-05-26,LAA,55,23.46775,0.03171526903227357,23.519916975297477,23.41558302470252,23.529910785063255,23.405589214936743,23.549443119343266,23.38605688065673
2026-05-26,LAD,55,33.9902,0.03111331869039355,34.04137685509439,33.93902314490561,34.05118098407269,33.929219015927316,34.070342598013376,33.91005740198663
2026-05-26,MIA,56,24.8711,0.03218875650444217,24.924045792883387,24.81815420711661,24.934188803455836,24.80801119654416,24.954012742248942,24.788187257751055
2026-05-26,MIL,53,26.57695,0.03094877745915516,26.627856208853405,26.526043791146595,26.63760848918549,26.51629151081451,26.656668767888306,26.497231232111695
2026-05-26,MIN,55,26.193,0.032195409256893494,26.24595673568739,26.140043264312613,26.25610184261104,26.12989815738896,26.27592987860366,26.110070121396344
2026-05-26,NYM,55,31.4192,0.031672760002663336,31.471297054165944,31.367102945834056,31.481277468896202,31.357122531103798,31.50078362333913,31.33761637666087
2026-05-26,NYY,56,30.37065,0.032400014150009974,30.423943280787924,30.31735671921208,30.434152860832608,30.307147139167395,30.454106905882995,30.287193094117008
2026-05-26,PHI,55,30.9065,0.03194501387846906,30.959044871941018,30.853955128058985,30.969111076687433,30.84388892331257,30.988784902850437,30.824215097149565
2026-05-26,PIT,55,27.27755,0.03196704388068628,27.330131108070066,27.224968891929937,27.340204254698357,27.214895745301646,27.359891648375708,27.195208351624295
2026-05-26,SDP,54,27.9378,0.03150105036040374,27.98961461693809,27.885985383061907,27.999540924181574,27.876059075818425,28.018941328610897,27.856658671389102
2026-05-26,SEA,56,31.26065,0.03220826675711337,31.313627884393256,31.20767211560674,31.3237770428484,31.197522957151598,31.34361299732949,31.177687002670506
2026-05-26,SFG,55,26.6697,0.031955690476152945,26.722262433381438,26.61713756661856,26.73233200243437,26.60706799756563,26.752012403943613,26.587387596056384
2026-05-26,STL,55,24.8454,0.03203328344960019,24.89809006246524,24.792709937534763,24.90818408186778,24.782615918132223,24.92791227019837,24.762887729801633
2026-05-26,TBR,54,26.63645,0.031866908304183525,26.688866399703866,26.584033600296134,26.69890799257484,26.57399200742516,26.718533716223423,26.554366283776577
2026-05-26,TEX,54,26.58095,0.03178494720804875,26.633231585697622,26.52866841430238,26.643247351778285,26.518652648221718,26.66282259843025,26.499077401569753
2026-05-26,TOR,55,31.0635,0.031712752520612494,31.115662836004145,31.011337163995858,31.125655852791034,31.001344147208968,31.14518663723879,30.981813362761212
2026-05-26,WSN,56,22.81595,0.03170266602080395,22.86809624518835,22.76380375481165,22.87808608361468,22.753813916385322,22.89761065613701,22.73428934386299
2026-05-27,ARI,55,26.72595,0.03183281320076517,26.77831031824935,26.673589681750652,26.78834116740009,26.66355883259991,26.80794589305693,26.64395410694307
2026-05-27,ATH,56,26.8647,0.03245669988412819,26.918086520523282,26.811313479476716,26.928313962829915,26.801086037170084,26.94830291865803,26.78109708134197
2026-05-27,ATL,56,30.4742,0.031896984009141725,30.52666586983625,30.42173413016375,30.53671693987337,30.41168306012663,30.556361186105576,30.392038813894423
2026-05-27,BAL,56,30.30625,0.032527233942073755,30.35975253872432,30.25274746127568,30.37000220704317,30.242497792956826,30.39003460235138,30.222465397648616
2026-05-27,BOS,55,29.0841,0.032428443374558996,29.137440042701034,29.030759957298965,29.14765858108883,29.02054141891117,29.167630134712663,29.000569865287336
2026-05-27,CHC,56,29.4527,0.032088699252711725,29.505481213349977,29.399918786650023,29.515592694846053,29.389807305153948,29.5353550118479,29.3700449881521
2026-05-27,CHW,55,23.77035,0.03186034051826653,23.82275559665738,23.71794440334262,23.832795119950987,23.707904880049014,23.852416798727997,23.688283201272004
2026-05-27,CIN,56,26.9731,0.032219104938470126,27.02609571161517,26.920104288384827,27.036248285293517,26.90995171470648,27.056090914634627,26.89010908536537
2026-05-27,CLE,58,26.86145,0.033114083438940366,26.915917820247717,26.806982179752286,26.92635241092138,26.796547589078624,26.946746226482187,26.776153773517816
2026-05-27,COL,57,21.3598,0.03150748853989637,21.41162520680098,21.30797479319902,21.421553542781506,21.298046457218494,21.440957912262295,21.278642087737705
2026-05-27,DET,56,29.81475,0.032614257715994646,29.868395680094483,29.761104319905517,29.878672770505858,29.750827229494142,29.898758760738353,29.730741239261647
2026-05-27,HOU,57,29.01,0.0329333300808088,29.064170507431008,28.955829492568995,29.074548140849355,28.945451859150648,29.094830636685597,28.925169363314406
2026-05-27,KCR,56,27.6995,0.03256828245626575,27.753070057521768,27.645929942478233,27.76333266065261,27.635667339347393,27.783390336317108,27.615609663682893
2026-05-27,LAA,56,23.87715,0.032059074894468825,23.929882485616876,23.824417514383125,23.93998463217083,23.81431536782917,23.959728704557843,23.794571295442157
2026-05-27,LAD,56,34.6879,0.03140802449534414,34.73956160300655,34.63623839699345,34.749458596836426,34.62634140316357,34.76880170986169,34.60699829013831
2026-05-27,MIA,57,25.26265,0.03256272816331997,25.316210921522874,25.209089078477128,25.326471774438478,25.198828225561524,25.346526029406576,25.178773970593426
2026-05-27,MIL,54,27.11375,0.031378651625968486,27.165363288935822,27.062136711064177,27.175251027070328,27.05224897292967,27.19457605036402,27.03292394963598
2026-05-27,MIN,56,26.75265,0.03253961186295885,26.80617289859238,26.69912710140762,26.816426467322312,26.688873532677686,26.836466485762717,26.66883351423728
2026-05-27,NYM,56,31.99715,0.03206506669726591,32.04989234125544,31.944407658744563,32.05999637588852,31.934303624111486,32.079744138419066,31.914555861580933
2026-05-27,NYY,57,30.92645,0.03282629888016475,30.98044445677243,30.872455543227566,30.99078836355087,30.86211163644913,31.01100494258258,30.841895057417418
2026-05-27,PHI,56,31.4516,0.03234409032588415,31.504801294282977,31.39839870571702,31.51499325215144,31.388206747848557,31.534912855658042,31.368287144341956
2026-05-27,PIT,56,27.7403,0.03238063033297893,27.793561397246176,27.687038602753827,27.803764869249346,27.676835130750657,27.823706976479073,27.65689302352093
2026-05-27,SDP,55,28.3927,0.031890205153922165,28.445154719611658,28.340245280388345,28.45520365356128,28.330196346438722,28.47484372493166,28.310556275068343
2026-05-27,SEA,57,31.82055,0.03257300162552947,31.874127819864448,31.766972180135554,31.884391910054404,31.756708089945597,31.904452492091586,31.736647507908415
2026-05-27,SFG,56,27.1769,0.03238445239830154,27.230167683984185,27.123632316015815,27.24037236035972,27.11342763964028,27.26031682146693,27.09348317853307
2026-05-27,STL,56,25.3086,0.03243155704394414,25.361945164231415,25.255254835768582,25.372164683768684,25.245035316231313,25.392138154993507,25.22506184500649
2026-05-27,TBR,55,27.098,0.03229035356490639,27.15111290517678,27.044887094823217,27.16128793003528,27.03471206996472,27.18117443893444,27.014825561065557
2026-05-27,TEX,55,27.07135,0.03220395649009106,27.12432079463491,27.018379205365086,27.13446859488027,27.008231405119727,27.15430189481739,26.988398105182608
2026-05-27,TOR,56,31.67195,0.032050476151315996,31.724668341943012,31.619231658056986,31.734767778943937,31.60913222105606,31.754506555663255,31.589393444336743
2026-05-27,WSN,57,23.2535,0.032061164723293636,23.3062359230794,23.2007640769206,23.316338728160062,23.190661271839936,23.336084087600167,23.17091591239983
2026-05-28,ATL,57,30.9691,0.03230602797423675,31.02223868728582,30.91596131271418,31.032418651313048,30.905781348686954,31.05231481353731,30.88588518646269
2026-05-28,BAL,57,30.79115,0.03288161559150024,30.8452354446657,30.737064555334296,30.85559678231283,30.726703217687167,30.875847428988614,30.706452571011383
2026-05-28,BOS,56,29.5892,0.032823711517771595,29.643190200940015,29.535209799059988,29.653533292413766,29.524866707586238,29.673748277978714,29.50465172202129
2026-05-28,CHC,57,29.9908,0.03245687046561982,30.044186801104868,29.937413198895133,30.054414297163497,29.927185702836503,30.074403358046833,29.907196641953167
2026-05-28,CHW,56,24.2194,0.03224608770856747,24.272440094322434,24.166359905677567,24.28260117055111,24.15619882944889,24.302460417644536,24.136339582355465
2026-05-28,DET,57,30.41065,0.03295770227703941,30.464860596126375,30.356439403873626,30.475245909476193,30.346054090523808,30.495543415302837,30.325756584697164
2026-05-28,HOU,58,29.51575,0.03334371285616454,29.570595527027493,29.46090447297251,29.581102476308928,29.450397523691073,29.60163771266403,29.429862287335972
2026-05-28,LAA,57,24.28125,0.03242869104473921,24.334590450082228,24.227909549917772,24.344809066513466,24.217690933486534,24.364780772668773,24.197719227331227
2026-05-28,MIN,57,27.3036,0.03295293077682684,27.357802747706945,27.249397252293054,27.36818655750762,27.23901344249238,27.388481124732767,27.218718875267232
2026-05-28,PIT,57,28.2022,0.032820186109021536,28.25618440215865,28.148215597841354,28.266526382739585,28.137873617260418,28.28673919712755,28.117660802872454
2026-05-28,TEX,56,27.5656,0.03263193334992129,27.61927475392506,27.51192524607494,27.62955741411176,27.50164258588824,27.64965429015418,27.48154570984582
2026-05-28,TOR,57,32.18705,0.032431245800311356,32.240394652281196,32.1337053477188,32.250614073742376,32.12348592625762,32.27058735328304,32.10351264671696
2026-05-29,ARI,56,27.16825,0.03220083759115716,27.22121566450269,27.11528433549731,27.231362481950693,27.105137518049307,27.25119386106612,27.08530613893388
2026-05-29,ATH,57,27.29705,0.03284622518038311,27.351077232619616,27.24302276738038,27.36142741838164,27.232672581618356,27.381656269330595,27.212443730669403
2026-05-29,ATL,58,31.5362,0.032733744865240395,31.590042218965294,31.482357781034708,31.600356961014995,31.472043038985007,31.620516539238782,31.45188346076122
2026-05-29,BAL,58,31.27475,0.033273314796528404,31.32947973252377,31.220020267476233,31.33996449864746,31.20953550135254,31.360456379279107,31.189043620720895
2026-05-29,BOS,57,30.1534,0.033216992495250376,30.208037090582234,30.09876290941777,30.21850410896543,30.088295891034573,30.23896130264503,30.067838697354972
2026-05-29,CHC,58,30.5611,0.03284329876266502,30.61512241909082,30.50707758090918,30.625471682708312,30.496728317291687,30.645698731378083,30.476501268621917
2026-05-29,CHW,57,24.623,0.03261972949516321,24.676654680370298,24.569345319629704,24.68693349499596,24.559066505004044,24.707022855107482,24.53897714489252
2026-05-29,CIN,57,27.406,0.032566873200562306,27.45956773950241,27.352432260497586,27.469829898562182,27.342170101437816,27.48988670631497,27.322113293685028
2026-05-29,CLE,59,27.29725,0.033474402887242564,27.352310492999113,27.242189507000884,27.362858624062977,27.23164137593702,27.383474347875758,27.21102565212424
2026-05-29,COL,58,21.75845,0.03184031831135653,21.810822663057724,21.706077336942275,21.82085587714655,21.69604412285345,21.840465224940715,21.676434775059285
2026-05-29,DET,58,31.00705,0.03332049710990787,31.06185734052306,30.95224265947694,31.07235697428239,30.94174302571761,31.092877912864516,30.921222087135483
2026-05-29,HOU,59,30.036,0.033726355767465625,30.09147491860797,29.98052508139203,30.10210244263402,29.969897557365982,30.122873335487753,29.94912666451225
2026-05-29,KCR,57,28.18735,0.03295401033584331,28.241554523423506,28.13314547657649,28.25193867340441,28.122761326595587,28.272233905492516,28.10246609450748
2026-05-29,LAA,58,24.72685,0.0328497474749877,24.780883026278673,24.672816973721325,24.79123432195221,24.662465678047788,24.811465342160254,24.642234657839744
2026-05-29,LAD,57,35.24205,0.03177481033465953,35.29431491202466,35.18978508797534,35.304327483871525,35.17977251612847,35.32389648757472,35.16020351242528
2026-05-29,MIA,58,25.66495,0.03293355136961828,25.71912087141871,25.610779128581292,25.72949857456745,25.60040142543255,25.749781206687796,25.580118793312206
2026-05-29,MIL,55,27.5935,0.03179360673423916,27.645795829350682,27.541204170649316,27.655814324137737,27.53118567586226,27.67539490389156,27.511605096108436
2026-05-29,MIN,58,27.8025,0.033303530499891244,27.857279432933034,27.747720567066963,27.867773720337816,27.73722627966218,27.888284209773254,27.716715790226743
2026-05-29,NYM,57,32.59485,0.03244337840785273,32.648214608644714,32.54148539135529,32.6584378532162,32.5312621467838,32.678418604809075,32.51128139519093
2026-05-29,NYY,58,31.4941,0.033173231417275774,31.548665110014404,31.439534889985595,31.55911833882867,31.429081661171328,31.579548581578027,31.40865141842197
2026-05-29,PHI,57,31.89745,0.032707417562889,31.951248914406534,31.843651085593464,31.961555360450575,31.833344639549424,31.981698724601898,31.8132012753981
2026-05-29,PIT,58,28.7033,0.0331874001042005,28.757888415430482,28.648711584569515,28.76834610894475,28.638253891055246,28.788785077697,28.617814922302998
2026-05-29,SDP,56,28.98965,0.03224948286922248,29.04269567886475,28.936604321135253,29.052857824943718,28.926442175056284,29.072719162998844,28.906580837001158
2026-05-29,SEA,58,32.37825,0.03290506015834335,32.43237400754651,32.324125992453496,32.442742732819475,32.31375726718053,32.4630078181909,32.2934921818091
2026-05-29,SFG,57,27.77825,0.032730832745984595,27.832087428955376,27.724412571044624,27.842401253366134,27.714098746633866,27.862559038116665,27.693940961883335
2026-05-29,STL,57,25.7383,0.03283099982071002,25.792302189131536,25.68429781086846,25.80264757722503,25.673952422774967,25.82286705140299,25.653732948597007
2026-05-29,TBR,56,27.6524,0.03267463991545562,27.70614499997427,27.59865500002573,27.71644111744211,27.58835888255789,27.73656429497714,27.56823570502286
2026-05-29,TEX,57,28.07775,0.033029680514118566,28.1320789897907,28.023421010209304,28.14248698422854,28.013013015771463,28.162828818955127,27.992671181044877
2026-05-29,TOR,58,32.70345,0.03283373733814624,32.75745669194702,32.64944330805297,32.76780294266061,32.639097057339384,32.78802410278062,32.618875897219375
2026-05-29,WSN,58,23.65655,0.03243088332106678,23.709894056055894,23.603205943944104,23.72011336329611,23.592986636703888,23.740086419598377,23.57301358040162
2026-05-30,ARI,57,27.61085,0.03255086161385885,27.66439140278595,27.55730859721405,27.67464851642891,27.54705148357109,27.69469546320074,27.527004536799257
2026-05-30,ATH,58,27.7362,0.033234330202897164,27.79086560857354,27.68153439142646,27.80133809024799,27.67106190975201,27.82180596162044,27.65059403837956
2026-05-30,ATL,59,32.10155,0.033095039567240206,32.15598649586628,32.047113504133726,32.16641508561872,32.03668491438128,32.18679717271941,32.0163028272806
2026-05-30,BAL,59,31.75555,0.03365473728826439,31.8109071166927,31.7001928833073,31.821512072994153,31.689587927005846,31.84223885851035,31.66886114148965
2026-05-30,BOS,58,30.7287,0.03358885568252219,30.783948751094545,30.673451248905454,30.794532947419658,30.662867052580342,30.815219158739716,30.642180841260284
2026-05-30,CHC,59,31.12965,0.03322096063460949,31.18429361759065,31.075006382409352,31.19476188637566,31.064538113624344,31.215221523894673,31.04407847610533
2026-05-30,CHW,58,25.01585,0.03296383275028072,25.070070679857523,24.961629320142478,25.08045792498295,24.95124207501705,25.10075920635546,24.93094079364454
2026-05-30,CIN,58,27.84065,0.0329106674875598,27.894783230782306,27.786516769217695,27.905153722982792,27.776146277017208,27.92542226171381,27.75587773828619
2026-05-30,CLE,60,27.72195,0.03381359309255505,27.77756841123855,27.666331588761448,27.7882234246493,27.6556765753507,27.80904804394608,27.634851956053918
2026-05-30,COL,59,22.15485,0.03217919124049643,22.207780059424294,22.101919940575705,22.217920055883,22.091779944117,22.237738103761775,22.071961896238225
2026-05-30,DET,59,31.6142,0.0336986601808574,31.66962936342189,31.55877063657811,31.680248160281735,31.548151839718265,31.70100199638419,31.52739800361581
2026-05-30,HOU,60,30.5463,0.03412720394058737,30.602434255179386,30.49016574482061,30.613188090616603,30.479411909383394,30.634205851958352,30.458394148041645
2026-05-30,KCR,58,28.6759,0.03331273699986723,28.730694576277912,28.621105423722085,28.741191764746194,28.610608235253803,28.761707924145675,28.590092075854322
2026-05-30,LAA,59,25.1717,0.03325494324250909,25.22639951400651,25.117000485993493,25.236878491063244,25.10652150893676,25.25735905729191,25.08604094270809
2026-05-30,LAD,58,35.799,0.03216211544789158,35.851901972244896,35.7460980277551,35.86203658794449,35.73596341205551,35.8818441194348,35.716155880565196
2026-05-30,MIA,59,26.06545,0.03331957119421307,26.12025581752727,26.010644182472728,26.130755159520973,26.000144840479024,26.151275527863735,25.979624472136262
2026-05-30,MIL,56,28.0832,0.03217919612161171,28.136130067453017,28.030269932546986,28.146270065449812,28.02012993455019,28.166088116334695,28.000311883665308
2026-05-30,MIN,59,28.2973,0.0336766587025356,28.352693174210472,28.241906825789528,28.363305038176616,28.231294961823384,28.384045324331606,28.210554675668394
2026-05-30,NYM,58,33.19435,0.03281817721191681,33.24833109781696,33.14036890218304,33.25867244537361,33.13002755462639,33.278884022551516,33.109815977448484
2026-05-30,NYY,59,32.05495,0.03358694581264342,32.11019560963815,31.99970439036185,32.120779204143474,31.98912079585652,32.14146423924091,31.968435760759082
2026-05-30,PHI,58,32.3405,0.03308175792843215,32.39491464951451,32.286085350485486,32.405339054085,32.275660945915,32.42571296148497,32.25528703851503
2026-05-30,PIT,59,29.2085,0.03359661923678053,29.263761521004927,29.153238478995075,29.274348163706396,29.142651836293606,29.295039156330276,29.121960843669726
2026-05-30,SDP,57,29.58745,0.03263419792822727,29.641128478824896,29.533771521175105,29.651411852603676,29.523488147396325,29.671510123321344,29.503389876678657
2026-05-30,SEA,59,32.93565,0.033300313803626025,32.99042414193852,32.880875858061486,33.00091741572899,32.87038258427101,33.021425924112755,32.84987407588725
2026-05-30,SFG,58,28.38185,0.03311822564266516,28.436324633566535,28.327375366433465,28.446760529491495,28.316939470508505,28.46715689609192,28.29654310390808
2026-05-30,STL,58,26.16975,0.033171927374110906,26.224312965054278,26.115187034945723,26.234765782951037,26.104734217048964,26.25519522258543,26.08430477741457
2026-05-30,TBR,57,28.20755,0.03301618017400966,28.261856783707305,28.153243216292697,28.272260524048146,28.142839475951856,28.292594044383467,28.122505955616536
2026-05-30,TEX,58,28.5892,0.033405732519258755,28.644147540295275,28.534252459704728,28.654674032614928,28.523725967385076,28.675247464729626,28.503152535270377
2026-05-30,TOR,59,33.22265,0.03320502940179214,33.27726741304457,33.168032586955434,33.28773066173311,33.157569338266896,33.30818048775834,33.13711951224166
2026-05-30,WSN,59,24.05875,0.032790298596674886,24.112685241575562,24.004814758424438,24.1230178042918,23.9944821957082,24.143212211997433,23.974287788002567
2026-05-31,ARI,58,28.05335,0.03290295304514403,28.10747054165372,27.999229458346278,28.117838602953494,27.988861397046502,28.138102390626972,27.968597609373024
2026-05-31,ATH,59,28.1739,0.03360326469957814,28.22917245181851,28.11862754818149,28.23976118857414,28.10803881142586,28.260456273908083,28.087343726091916
2026-05-31,ATL,60,32.6625,0.033475673533715875,32.71756258302658,32.607437416973426,32.72811111448431,32.596888885515696,32.748727620844186,32.57627237915582
2026-05-31,BAL,60,32.23835,0.034038652960564755,32.294338601778726,32.18236139822127,32.30506453388496,32.171635466115035,32.32602775974915,32.15067224025084
2026-05-31,BOS,59,31.3006,0.03401962446504131,31.35655730268885,31.24464269731115,31.36727723871906,31.23392276128094,31.38822874559278,31.21297125440722
2026-05-31,CHC,60,31.7066,0.03360494437749202,31.76187521464282,31.651324785357183,31.77246448068236,31.640735519317644,31.793160600471676,31.620039399528327
2026-05-31,CHW,59,25.4097,0.033322407095537694,25.46451048216985,25.354889517830152,25.475010717785437,25.344389282214564,25.49553283266147,25.32386716733853
2026-05-31,CIN,59,28.2797,0.033302685311284566,28.33447804272149,28.224921957278507,28.344972063798586,28.21442793620141,28.36548203271167,28.193917967288325
2026-05-31,CLE,61,28.15005,0.03421323248596741,28.206325759544278,28.093774240455723,28.21710670346719,28.08299329653281,28.238177446806485,28.061922553193515
2026-05-31,COL,60,22.55115,0.03256665799918161,22.604717385527643,22.497582614472357,22.61497947677523,22.48732052322477,22.635036151992946,22.467263848007054
2026-05-31,DET,60,32.22035,0.03411521634511958,32.27646453733951,32.1642354626605,32.28721459536123,32.15348540463878,32.30822497395867,32.132475026041334
2026-05-31,HOU,61,31.05965,0.034552992480239124,31.11648461500315,31.002815384996854,31.127372620819354,30.991927379180648,31.148652610555907,30.970647389444096
2026-05-31,KCR,59,29.16435,0.0336573705866151,29.219711448083043,29.108988551916955,29.230317234164083,29.098382765835915,29.251045641437408,29.07765435856259
2026-05-31,LAA,60,25.6156,0.0336412457954655,25.670934925161838,25.560265074838163,25.681535630154173,25.54966436984583,25.702254106727853,25.528945893272148
2026-05-31,LAD,59,36.35615,0.03255853746397545,36.409704028435854,36.302595971564145,36.41996356081869,36.29233643918131,36.440015234880406,36.27228476511959
2026-05-31,MIA,60,26.4662,0.03369064604577287,26.52161618134273,26.410783818657272,26.532232452865603,26.400167547134398,26.552981353340197,26.379418646659804
2026-05-31,MIL,57,28.56985,0.03255132913302333,28.623392171786545,28.516307828213453,28.633649432749635,28.506050567250362,28.653696667450305,28.486003332549693
2026-05-31,MIN,60,28.79195,0.03411827168392528,28.84806956292462,28.73583043707538,28.858820583715246,28.725079416284753,28.8798328439899,28.7040671560101
2026-05-31,NYM,59,33.7936,0.03317981309470942,33.848175935910405,33.73902406408959,33.8586312386794,33.728568761320595,33.87906553485563,33.70813446514437
2026-05-31,NYY,60,32.61725,0.03397035944968873,32.673126268949666,32.56137373105033,32.68383068106327,32.55066931893673,32.7047518473226,32.5297481526774
2026-05-31,PHI,59,32.78335,0.03344475394517541,32.83836172482922,32.72833827517078,32.84890051320435,32.71779948679565,32.869497977261965,32.69720202273803
2026-05-31,PIT,60,29.71385,0.03395918241328122,29.769707884360795,29.657992115639207,29.78040877447446,29.647291225525542,29.801323057184693,29.62637694281531
2026-05-31,SDP,58,30.1782,0.03293571733048788,30.232374434107303,30.124025565892698,30.242752819772747,30.113647180227254,30.263036785833275,30.093363214166725
2026-05-31,SEA,60,33.49315,0.03364631120327873,33.548493257016254,33.437806742983746,33.55909555817105,33.42720444182895,33.579817154353734,33.406482845646266
2026-05-31,SFG,59,28.98555,0.03347802411702254,29.040616449392054,28.930483550607946,29.051165721542926,28.919934278457074,29.071783675545543,28.899316324454457
2026-05-31,STL,59,26.5928,0.033553549738217045,26.647990677984005,26.537609322015996,26.65856374904038,26.527036250959622,26.679228216653787,26.506371783346214
2026-05-31,TBR,58,28.76365,0.03345923504647847,28.81868554412122,28.708614455878777,28.829228895641357,28.69807110435864,28.849835278107047,28.67746472189295
2026-05-31,TEX,59,29.10075,0.033784198088411446,29.156320060759374,29.04517993924063,29.166965811499853,29.03453418850015,29.18777232743303,29.013727672566972
2026-05-31,TOR,60,33.73985,0.03360788707102354,33.795130054942945,33.68456994505705,33.805720248255696,33.6739797517443,33.8264181803479,33.65328181965209
2026-05-31,WSN,60,24.468,0.03316992330697506,24.52255966865718,24.41344033134282,24.533011855051626,24.402988144948374,24.553440060450576,24.382559939549424
2026-06-01,ARI,59,28.4408,0.033286336040609016,28.49555115056432,28.386048849435678,28.50604001981689,28.37555998018311,28.526539919781175,28.355060080218824
2026-06-01,CHW,60,25.8492,0.033709861846932726,25.90464778852296,25.793752211477038,25.91527011514381,25.78312988485619,25.936030849963913,25.762369150036086
2026-06-01,CIN,60,28.75625,0.03369478540966225,28.811672989990434,28.70082701000957,28.822290565869746,28.690209434130256,28.843042015635003,28.669457984365
2026-06-01,COL,61,23.0024,0.03294471095182017,23.05658922729797,22.948210772702033,23.06697044694665,22.93782955305335,23.08725995186665,22.917540048133354
2026-06-01,DET,61,32.75375,0.034545987004801396,32.810573092021464,32.69692690797853,32.8214588903398,32.686041109660195,32.842734565646985,32.66476543435301
2026-06-01,KCR,60,29.6878,0.034058105580430965,29.743820598491066,29.631779401508933,29.754552660319305,29.621047339680693,29.775527866377434,29.600072133622565
2026-06-01,LAA,61,26.16435,0.03402748664487833,26.22032023482387,26.108379765176128,26.231042648308378,26.09765735169162,26.251998997225996,26.076701002774
2026-06-01,LAD,60,36.9687,0.03292028558138789,37.02284905113882,36.91455094886118,37.03322257410029,36.904177425899704,37.05349703628173,36.88390296371826
2026-06-01,MIA,61,27.00105,0.034051658118893845,27.057059993360575,26.945040006639424,27.067790023526904,26.934309976473095,27.088761258817076,26.913338741182923
2026-06-01,MIL,58,29.06605,0.032898305196457145,29.12016289662295,29.01193710337705,29.130529493337463,29.00157050666254,29.15079041856213,28.98130958143787
2026-06-01,MIN,61,29.35245,0.03452420956267208,29.409237271316794,29.295662728683208,29.42011620733755,29.284783792662452,29.441378470673396,29.263521529326606
2026-06-01,NYM,60,34.2928,0.03354094002458614,34.3479699368508,34.2376300631492,34.35853903445581,34.22706096554419,34.3791957361839,34.2064042638161
2026-06-01,SEA,61,33.99395,0.034021001474119794,34.04990956766723,33.93799043233277,34.06062993760726,33.927270062392736,34.08158229253311,33.90631770746688
2026-06-01,SFG,60,29.48935,0.03390961253046244,29.54512634915925,29.433573650840753,29.555811619289415,29.42288838071059,29.576695373627956,29.402004626372047
2026-06-01,STL,60,27.04865,0.0339234682625457,27.10444913981042,26.992850860189577,27.115138776025276,26.98216122397472,27.136031063628675,26.961268936371322
2026-06-01,TBR,59,29.23025,0.03382682307833504,29.285890172628648,29.174609827371356,29.296549354944947,29.163950645055056,29.317382122131143,29.14311787786886
2026-06-01,TEX,60,29.6449,0.03412892378426152,29.701037084070492,29.588762915929507,29.711791461448264,29.578008538551735,29.732810281982086,29.556989718017913
2026-06-01,WSN,61,24.93315,0.03354303669378388,24.988323385564737,24.877976614435266,24.998893143851923,24.86740685614808,25.019551136845866,24.846748863154136
2026-06-02,ARI,60,28.82835,0.0336477476574751,28.883695619773146,28.773004380226855,28.894298373569544,28.762401626430457,28.915020854414543,28.741679145585458
2026-06-02,ATH,60,28.63,0.03396759764664693,28.685871726187916,28.574128273812082,28.696575268028774,28.563424731971224,28.71749473338939,28.542505266610608
2026-06-02,ATL,61,33.14605,0.03388618278213382,33.20178781065274,33.090312189347266,33.212465697826524,33.07963430217348,33.23333502259564,33.058764977404365
2026-06-02,BAL,61,32.73105,0.034451925078754095,32.78771837392125,32.674381626078755,32.79857453235243,32.663525467647574,32.81979227818153,32.642307721818476
2026-06-02,BOS,60,31.8079,0.03438159368323712,31.864452689070244,31.751347310929756,31.875286685350236,31.740513314649764,31.896461116511993,31.719338883488007
2026-06-02,CHC,61,32.2505,0.033952910442351956,32.30634756788666,32.194652432113344,32.31704648163733,32.18395351836268,32.33795690165818,32.163043098341824
2026-06-02,CHW,61,26.29155,0.034092455831931955,26.347627099626838,26.235472900373164,26.35836998557511,26.224730014424892,26.379366346761838,26.203733653238164
2026-06-02,CIN,61,29.23105,0.0340656912221215,29.287083075761316,29.175016924238683,29.29781752790382,29.16428247209618,29.318797405695587,29.143302594304412
2026-06-02,CLE,62,28.5717,0.034599751626863455,28.628611526955066,28.514788473044934,28.639514267062683,28.503885732937317,28.66082305413599,28.48257694586401
2026-06-02,COL,62,23.45475,0.03326646892552233,23.509468472068015,23.400031527931986,23.519951080986846,23.389548919013155,23.54043874548396,23.36906125451604
2026-06-02,DET,62,33.28895,0.0349221831049927,33.34639187954131,33.23150812045869,33.3573962211473,33.2205037788527,33.37890358258574,33.19899641741426
2026-06-02,HOU,62,31.58215,0.03492761895410677,31.63960082071744,31.524699179282557,31.650606875215786,31.51369312478421,31.67211758440518,31.49218241559482
2026-06-02,KCR,61,30.213,0.03442652769726363,30.26962659894619,30.156373401053813,30.280474754399407,30.145525245600595,30.301676858862052,30.12432314113795
2026-06-02,LAA,62,26.712,0.03443489637133246,26.768640364190084,26.655359635809916,26.77949115669918,26.64450884330082,26.800698415137948,26.623301584862052
2026-06-02,LAD,61,37.58115,0.03331217823763474,37.63594365719583,37.52635634280417,37.646440669592344,37.51585933040766,37.666956484869544,37.49534351513046
2026-06-02,MIA,62,27.537,0.03444772680880577,27.593661468381697,27.4803385316183,27.604516303894535,27.469483696105463,27.625731464154768,27.44826853584523
2026-06-02,MIL,59,29.5681,0.03325324658466329,29.622796723252698,29.513403276747304,29.63327516567497,29.502924834325032,29.653754686990915,29.482445313009087
2026-06-02,MIN,62,29.9101,0.03485924063763994,29.967438348395596,29.852761651604403,29.978422856178188,29.841777143821812,29.999891453533895,29.820308546466105
2026-06-02,NYM,61,34.7934,0.0339577454849984,34.849255520824094,34.7375444791759,34.85995595814677,34.72684404185323,34.88086935590271,34.705930644097286
2026-06-02,NYY,61,33.1956,0.03431735590114437,33.25204702732138,33.139152972678616,33.26286078161088,33.128339218389115,33.28399565095048,33.10720434904952
2026-06-02,PHI,60,33.32525,0.03385587737596896,33.380937962695484,33.26956203730451,33.391606300321904,33.25889369967809,33.41245696104237,33.23804303895762
2026-06-02,PIT,61,30.19135,0.03430875418032061,30.247782878749685,30.134917121250314,30.258593922547867,30.124106077452133,30.279723494385927,30.102976505614073
2026-06-02,SDP,59,30.6363,0.03334833910535945,30.691153136530257,30.58144686346974,30.70166154359073,30.570938456409266,30.72219962909227,30.550400370907727
2026-06-02,SEA,62,34.49335,0.03435501131152642,34.549858964959725,34.436841035040274,34.56068458485906,34.42601541514094,34.58184264485998,34.40485735514002
2026-06-02,SFG,61,29.9873,0.03426683011721846,30.043663919802437,29.930936080197565,30.054461752894102,29.9201382471059,30.075565505155666,29.899034494844337
2026-06-02,STL,61,27.49205,0.03428922027994171,27.5484507483428,27.4356492516572,27.559255636806647,27.42484436319335,27.580373178392914,27.403726821607084
2026-06-02,TBR,60,29.69505,0.03423041572845784,29.75135402346301,29.63874597653699,29.762140382003608,29.62795961799639,29.783221707906023,29.606878292093974
2026-06-02,TEX,61,30.2015,0.03450832404973379,30.25826114197322,30.144738858026777,30.269135072304316,30.133864927695683,30.290387552303663,30.112612447696335
2026-06-02,TOR,61,34.2563,0.0340495004944888,34.31230644438425,34.20029355561576,34.32303579466078,34.189564205339224,34.34400570114491,34.1685942988551
2026-06-02,WSN,62,25.3972,0.03394965739093471,25.45304221709324,25.341357782906762,25.46374010577371,25.330659894226294,25.484648522353016,25.309751477646987
2026-06-03,ARI,61,29.2173,0.0340722332897928,29.273343836505052,29.16125616349495,29.284080350120842,29.15051964987916,29.305064256945204,29.1295357430548
2026-06-03,ATH,61,29.09315,0.03431512101467096,29.14959335126026,29.03670664873974,29.16040640131389,29.025893598686114,29.181539894264418,29.004760105735585
2026-06-03,ATL,62,33.6288,0.03431288965855016,33.68523968100605,33.572360318993944,33.696052027936254,33.56154797206374,33.71718414667193,33.540415853328064
2026-06-03,BAL,62,33.22255,0.03483118911926165,33.27984220775385,33.165257792246145,33.29081787621246,33.15428212378754,33.312269197610846,33.13283080238915
2026-06-03,BOS,61,32.3164,0.034763989683995404,32.37358167451902,32.25921832548098,32.384536167739554,32.24826383226045,32.40594610333631,32.22685389666369
2026-06-03,CHC,62,32.78735,0.034322228943426514,32.84380504276266,32.730894957237346,32.85462033259826,32.72007966740175,32.8757582030756,32.69894179692441
2026-06-03,CHW,62,26.7346,0.03446023095360607,26.791282035869624,26.677917964130376,26.802140811568,26.667059188432,26.82336367269736,26.64583632730264
2026-06-03,CIN,62,29.712,0.03447466062358347,29.768705770564623,29.655294229435377,29.779569093201463,29.644430906798537,29.80080084106413,29.62319915893587
2026-06-03,CLE,63,28.9824,0.03497764548657034,29.039933107040806,28.92486689295919,29.050954925417685,28.913845074582312,29.072496444213453,28.892303555786544
2026-06-03,COL,63,23.9055,0.033607587848550606,23.96077956276578,23.85022043723422,23.971369661790426,23.839630338209574,23.99206740960189,23.81893259039811
2026-06-03,DET,63,33.8222,0.03529804039295637,33.880260109764635,33.76413989023537,33.891382887895034,33.75301711210497,33.91312172680203,33.73127827319797
2026-06-03,HOU,63,32.10435,0.03529979260056461,32.16241299188967,32.046287008110326,32.17353632215884,32.035163677841155,32.19527624018973,32.013423759810266
2026-06-03,KCR,62,30.73205,0.034826473896149866,30.789334451902015,30.674765548097987,30.80030863454498,30.663791365455022,30.821757052000983,30.64234294799902
2026-06-03,LAA,63,27.26125,0.03480740581614755,27.318503087701462,27.20399691229854,27.329471261794918,27.193028738205083,27.35090793588175,27.17159206411825
2026-06-03,LAD,62,38.1922,0.033717796524834226,38.247660839906686,38.13673916009331,38.25828566682672,38.12611433317328,38.279051288339765,38.105348711660234
2026-06-03,MIA,63,28.06535,0.034841780470554605,28.122659628976436,28.00804037102356,28.133638634879535,27.997061365120462,28.15509647912387,27.975603520876128
2026-06-03,MIL,60,30.07195,0.03364327946838222,30.127288270256113,30.01661172974389,30.137889616079846,30.006010383920156,30.158609345122144,29.985290654877858
2026-06-03,MIN,63,30.46705,0.03523070784150887,30.524999357573172,30.40910064242683,30.53610091851921,30.39799908148079,30.55779828964293,30.376301710357072
2026-06-03,NYM,62,35.29055,0.03434524005813221,35.34704289267814,35.23405710732187,35.35786543355432,35.22323456644568,35.379017475779165,35.20208252422084
2026-06-03,NYY,62,33.7849,0.03467508785260504,33.84193544401922,33.72786455598078,33.85286192335187,33.716938076648134,33.874217107393875,33.695582892606126
2026-06-03,PHI,61,33.8659,0.034286945609545955,33.92229700684295,33.809502993157054,33.9331011785346,33.79869882146541,33.95421731923026,33.77758268076975
2026-06-03,PIT,62,30.66915,0.03469437416721822,30.72621716718376,30.612082832816238,30.7371497238339,30.601150276166095,30.758516785648208,30.57978321435179
2026-06-03,SDP,60,31.09565,0.03375502961006255,31.151172082881963,31.040127917118035,31.161808642332804,31.029491357667194,31.18259719441176,31.00870280558824
2026-06-03,SEA,63,34.9962,0.03470128941371407,35.05327854175204,34.93912145824796,35.064213277467985,34.92818672253202,35.08558459814278,34.90681540185722
2026-06-03,SFG,62,30.48345,0.034641395846448146,30.540430025600692,30.42646997439931,30.551345888233236,30.415554111766767,30.57268032253712,30.394219677462882
2026-06-03,STL,62,27.9395,0.03470060797896344,27.99657742089162,27.88242257910838,28.00751194188041,27.87148805811959,28.028882842883174,27.850117157116824
2026-06-03,TBR,61,30.1618,0.03459741156566987,30.218707677896923,30.104892322103076,30.22960968062702,30.093990319372978,30.250917026537795,30.072682973462204
2026-06-03,TEX,62,30.75405,0.03488163938683666,30.811425191059453,30.696674808940546,30.822416756919914,30.685683243080085,30.84389914888844,30.66420085111156
2026-06-03,TOR,62,34.77355,0.034431639472508956,34.830185007068245,34.716914992931756,34.84103477329479,34.70606522670521,34.86224002592252,34.68485997407748
2026-06-03,WSN,63,25.86885,0.03435442468154225,25.925358000039264,25.812341999960733,25.936183435085415,25.801516564914582,25.95734113380128,25.780358866198718
2026-06-04,ARI,62,29.6113,0.034413149067492106,29.667904593058488,29.554695406941512,29.678748532766893,29.543851467233107,29.699942397795443,29.522657602204557
2026-06-04,ATH,62,29.55865,0.03466068488978326,29.615661753253583,29.501638246746417,29.626583694063466,29.490716305936534,29.64793000782018,29.46936999217982
2026-06-04,ATL,63,34.11085,0.034693850997544975,34.16791630664623,34.05378369335377,34.178848698440184,34.042851301559814,34.20021543805243,34.02148456194757
2026-06-04,BAL,63,33.71955,0.035191715114720315,33.77743522024509,33.66166477975491,33.78852449417904,33.65057550582095,33.81019785103464,33.62890214896536
2026-06-04,BOS,62,32.8194,0.0351333303224301,32.87718918580774,32.76161081419227,32.88826006208891,32.75053993791109,32.90989746177578,32.728902538224226
2026-06-04,CHC,63,33.32185,0.03464466974199757,33.378835410679656,33.26486458932034,33.3897523049506,33.2539476950494,33.41108875553321,33.23261124446679
2026-06-04,CLE,64,29.4079,0.03534958782175495,29.466044897739856,29.349755102260147,29.47718391899898,29.338616081001025,29.498954504179654,29.31684549582035
2026-06-04,HOU,64,32.6278,0.03563869896395191,32.68642044325069,32.56917955674931,32.69765056642521,32.55794943357479,32.71959920513171,32.53600079486829
2026-06-04,KCR,63,31.24275,0.035206222401441764,31.300659082608274,31.18484091739173,31.311752927938535,31.173747072061467,31.333435219328894,31.152064780671108
2026-06-04,LAD,63,38.7982,0.03408411542560873,38.854263380879246,38.74213661912076,38.8650036386791,38.731396361320904,38.885994863298826,38.710405136701176
2026-06-04,MIL,61,30.56355,0.034038228507444264,30.619537903615473,30.507562096384525,30.630263701972133,30.496836298027866,30.651226666430368,30.47587333356963
2026-06-04,MIN,64,30.95635,0.03563089546882865,31.01495760764343,30.89774239235657,31.026185271855816,30.886514728144185,31.048129104660298,30.864570895339703
2026-06-04,NYY,63,34.3594,0.03506526858093392,34.41707723420538,34.30172276579462,34.428126663526854,34.29067333647315,34.44972214634758,34.26907785365242
2026-06-04,PHI,62,34.4047,0.03468149414027298,34.46174598142472,34.34765401857528,34.47267447944497,34.33672552055503,34.494033608897375,34.31536639110262
2026-06-04,PIT,63,31.1457,0.035052175513802464,31.203355698026417,31.088044301973586,31.214401001586833,31.07699899841317,31.235988420841593,31.05541157915841
2026-06-04,SDP,61,31.55685,0.034151965122245664,31.613024983698846,31.500675016301155,31.62378662164087,31.48991337835913,31.64481963253566,31.46888036746434
2026-06-04,SFG,63,30.99185,0.035039771234318985,31.04948529480232,30.93421470519768,31.060526689645787,30.923173310354212,31.08210646953501,30.90159353046499
2026-06-04,TOR,63,35.2915,0.034847626968780326,35.34881924561025,35.23418075438975,35.3598000938055,35.2231999061945,35.381261538705324,35.201738461294674
2026-06-05,ARI,63,30.18735,0.03477647148609896,30.244552205256483,30.130147794743515,30.255510631622137,30.11918936837786,30.276928254327924,30.097771745672073
2026-06-05,ATH,63,30.0322,0.035052811484667656,30.0898567441054,29.9745432558946,30.10090224806682,29.96349775193318,30.122490058993982,29.941909941006017
2026-06-05,ATL,64,34.6592,0.03504774151367331,34.71684840474522,34.601551595254776,34.72789231110627,34.59050768889373,34.749476999614124,34.56892300038587
2026-06-05,BAL,64,34.20255,0.035586998982772275,34.26108540434913,34.14401459565087,34.2722992363241,34.1328007636759,34.29421603480519,34.110883965194816
2026-06-05,BOS,63,33.306,0.03556390641608399,33.364497420457056,33.24750257954294,33.375703975725074,33.23629602427492,33.397606552295215,33.21439344770478
2026-06-05,CHC,64,33.84275,0.03505192653411057,33.90040528849127,33.785094711508734,33.911450513595604,33.7740494864044,33.93303777951241,33.752462220487594
2026-06-05,CHW,63,27.11835,0.0348093054837698,27.17560621237664,27.06109378762336,27.18657498507504,27.05012501492496,27.20801282910128,27.02868717089872
2026-06-05,CIN,63,30.22375,0.03487061936472803,30.281107064736116,30.166392935263882,30.292095158073472,30.155404841926526,30.313570763192565,30.133929236807433
2026-06-05,CLE,65,29.8758,0.03573433314234723,29.934577747475885,29.81702225252412,29.945838005970558,29.805761994029446,29.96784554245084,29.783754457549165
2026-06-05,COL,64,24.3061,0.0339480892413425,24.361939637716695,24.250260362283306,24.372637032256982,24.23956296774302,24.393544483067345,24.218655516932657
2026-06-05,DET,64,34.31115,0.03568102353698701,34.36984006097815,34.25245993902185,34.38108352106402,34.241216478935975,34.40305822600719,34.219241773992806
2026-06-05,HOU,65,33.15425,0.03603550713898353,33.213523134616594,33.0949768653834,33.224878296157044,33.08362170384295,33.24707131525684,33.061428684743156
2026-06-05,KCR,64,31.75425,0.03555567545663919,31.81273388173356,31.695766118266437,31.823937843341007,31.68456215665899,31.845835350748686,31.66266464925131
2026-06-05,LAA,64,27.60165,0.03513709001368399,27.659445369949527,27.543854630050472,27.67051743094836,27.532782569051637,27.692157146098683,27.511142853901315
2026-06-05,LAD,64,39.4578,0.03442913339399226,39.514430884935905,39.40116911506409,39.52527986147115,39.39032013852885,39.54648357069204,39.36911642930796
2026-06-05,MIA,64,28.5166,0.03527638648121671,28.57462449224937,28.45857550775063,28.5857404470079,28.4474595529921,28.607465950021634,28.425734049978367
2026-06-05,MIL,62,31.16295,0.03443470854142104,31.219590055237372,31.106309944762625,31.230440788559317,31.09545921144068,31.251647931320157,31.07425206867984
2026-06-05,MIN,65,31.44485,0.03605153130617996,31.504149492026123,31.385550507973875,31.51550970294763,31.37419029705237,31.537712590776266,31.35198740922373
2026-06-05,NYM,63,35.82725,0.03476666230622941,35.8844360705914,35.7700639294086,35.89539140598288,35.75910859401712,35.91680298755497,35.737697012445025
2026-06-05,NYY,64,34.8728,0.03547589230656156,34.93115265012979,34.81444734987021,34.94233147124028,34.803268528759716,34.96417984297278,34.78142015702721
2026-06-05,PHI,63,35.02095,0.03504293017461239,35.07859049079672,34.96330950920328,35.08963288105499,34.95226711894501,35.11121460642598,34.93068539357402
2026-06-05,PIT,64,31.59735,0.03544444899167173,31.655650930479247,31.53904906952075,31.666819843475544,31.527880156524454,31.68864885036089,31.506051149639106
2026-06-05,SDP,62,32.02015,0.03453537075907346,32.07695562985118,31.963344370148825,32.08783808288052,31.95246191711948,32.109107220010145,31.931192779989853
2026-06-05,SEA,64,35.50725,0.03509649498273294,35.56497859706563,35.449521402934366,35.57603786614975,35.43846213385025,35.59765258022838,35.41684741977162
2026-06-05,SFG,64,31.47095,0.035412434354338655,31.529198271086912,31.412701728913085,31.54035709593939,31.401542904060605,31.562166386119905,31.37973361388009
2026-06-05,STL,63,28.42775,0.03510684579118537,28.485495622630456,28.370004377369543,28.496558153361523,28.358941846638476,28.518179242144107,28.337320757855892
2026-06-05,TBR,62,30.71055,0.03499542354163537,30.768112349339162,30.65298765066084,30.779139769765333,30.64196023023467,30.80069223744865,30.620407762551352
2026-06-05,TEX,63,31.28615,0.03528279542011425,31.344185034015762,31.228114965984236,31.35530300829732,31.21699699170268,31.37703245835425,31.195267541645748
2026-06-05,TOR,64,35.8085,0.03522354925928283,35.866437582753235,35.75056241724677,35.87753688795587,35.739463112044135,35.89922985035706,35.717770149642945
2026-06-05,WSN,64,26.2928,0.034713522717133946,26.349898663745538,26.23570133625446,26.360837254302094,26.224762745697905,26.382216109044204,26.203383890955795
2026-06-06,ARI,64,30.7567,0.03514558316632138,30.814509339942447,30.69889066005755,30.825584077221645,30.687815922778352,30.847229023010126,30.66617097698987
2026-06-06,ATH,64,30.5097,0.035424963541295165,30.567968879765523,30.451431120234474,30.57913165269458,30.440268347305416,30.600948659166818,30.41845134083318
2026-06-06,ATL,65,35.20875,0.03539648736020103,35.26697204061577,35.150527959384235,35.278125840405224,35.13937415959478,35.29992530938511,35.117574690614894
2026-06-06,BAL,65,34.6817,0.036007764210711134,34.7409275015604,34.6224724984396,34.7522739210168,34.6111260789832,34.77444985420923,34.58895014579077
2026-06-06,BOS,64,33.7953,0.03599568974174542,33.85450764082633,33.73609235917367,33.8658502554925,33.7247497445075,33.88801875243824,33.70258124756175
2026-06-06,CHC,65,34.37605,0.03541136142682037,34.434296506278194,34.317803493721804,34.4454549930401,34.3066450069599,34.46726362244176,34.284836377558236
2026-06-06,CHW,64,27.4982,0.03519363248640837,27.556088374040865,27.440311625959136,27.5671782521585,27.429221747841503,27.588852789856823,27.40754721014318
2026-06-06,CIN,64,30.73605,0.03523593476026873,30.79400795508945,30.678092044910546,30.805111163091727,30.66698883690827,30.826811753293438,30.64528824670656
2026-06-06,CLE,66,30.3493,0.03613515965079086,30.408737048412075,30.289862951587924,30.420123611491153,30.278476388508846,30.442378003116925,30.256221996883074
2026-06-06,COL,65,24.70435,0.03428681719213168,24.760746795615102,24.6479532043849,24.771550926841087,24.637149073158916,24.792666988448918,24.616033011551085
2026-06-06,DET,65,34.7969,0.03608403556118856,34.85625295676787,34.737547043232134,34.86762341011679,34.72617658988321,34.88984631618881,34.70395368381119
2026-06-06,HOU,66,33.67675,0.036425462421095275,33.73666455397672,33.61683544602327,33.74814259446556,33.605357405534434,33.77057577349957,33.582924226500424
2026-06-06,KCR,65,32.26185,0.035959823196439936,32.3209986456092,32.202701354390804,32.33232995835545,32.191370041644554,32.35447636633983,32.169223633660174
2026-06-06,LAA,65,27.9417,0.035495183488785435,28.000084381300837,27.883315618699164,28.01126928126266,27.872130718737342,28.03312953376526,27.850270466234743
2026-06-06,LAD,65,40.11775,0.0347586630224433,40.17492291294045,40.06057708705955,40.185875727674755,40.04962427232525,40.20728238276539,40.02821761723461
2026-06-06,MIA,65,28.9645,0.035673808578997004,29.023178193428336,28.905821806571666,29.034419380006213,28.89458061999379,29.056389641506975,28.872610358493027
2026-06-06,MIL,63,31.7647,0.03479320657630155,31.821929732030302,31.7074702679697,31.832893431796215,31.696506568203787,31.85432136106367,31.675078638936334
2026-06-06,MIN,66,31.93725,0.036428312793398046,31.997169242421943,31.877330757578054,32.00864818109262,31.86585181890738,32.03108311557208,31.843416884427917
2026-06-06,NYM,64,36.36465,0.035120801420377934,36.422418577597746,36.30688142240225,36.43348550589212,36.29581449410787,36.45511518946273,36.274184810537264
2026-06-06,NYY,65,35.3835,0.035834767949991006,35.4424429480335,35.324557051966494,35.45373485457633,35.313265145423664,35.47580424537146,35.29119575462854
2026-06-06,PHI,64,35.6411,0.035376010411091154,35.699288359031755,35.58291164096825,35.71043570632246,35.571764293677546,35.732222564259544,35.54997743574046
2026-06-06,PIT,65,32.0478,0.03577400937814151,32.10664300907624,31.98895699092377,32.11791576996376,31.977684230036246,32.13994774166165,31.955652258338354
2026-06-06,SDP,63,32.48275,0.03488912415673723,32.540137502410374,32.42536249758963,32.55113142679935,32.414368573200655,32.572618428378085,32.39288157162192
2026-06-06,SEA,65,36.0215,0.0354763980167212,36.07985348194898,35.963146518051026,36.091032462413985,35.95196753758602,36.112881145595836,35.93011885440417
2026-06-06,SFG,65,31.93765,0.0358219525499271,31.996571868576233,31.87872813142377,32.00785973685376,31.867440263146243,32.029921235088445,31.845378764911562
2026-06-06,STL,64,28.91545,0.03547855692210517,28.97380703303233,28.85709296696767,28.98498669379078,28.84591330620922,29.006836706567587,28.824063293432413
2026-06-06,TBR,63,31.26265,0.03536227896238689,31.32081577280855,31.20448422719145,31.331958793177538,31.193341206822463,31.353737194391588,31.171562805608414
2026-06-06,TEX,64,31.81265,0.035642264482294975,31.87127630800647,31.754023691993535,31.88250755471275,31.742792445287254,31.904458389298338,31.720841610701665
2026-06-06,TOR,65,36.32935,0.03563014740700926,36.38795637719123,36.270743622808766,36.39918380568159,36.25951619431841,36.42112717778074,36.237572822219256
2026-06-06,WSN,65,26.72345,0.0350655811961565,26.78112774841166,26.66577225158834,26.792177276241432,26.654722723758567,26.813772951591034,26.633127048408966
2026-06-07,ARI,65,31.33565,0.03549200526874883,31.394029153594083,31.27727084640592,31.405213052065854,31.26608694793415,31.427071347212955,31.244228652787047
2026-06-07,ATH,65,30.98855,0.03579399398467938,31.04742588082878,30.92967411917122,31.058704939072815,30.918395060927185,31.08074921859679,30.89635078140321
2026-06-07,ATL,66,35.75755,0.0357762127222103,35.81639663325472,35.698703366745285,35.82767008843878,35.687429911561225,35.84970341709987,35.66539658290014
2026-06-07,BAL,66,35.16105,0.03639803409140784,35.22091943838916,35.101180561610846,35.232388835927225,35.08971116407278,35.25480512280422,35.067294877195785
2026-06-07,BOS,65,34.28175,0.036368523208249966,34.341570897305964,34.22192910269404,34.35303099565908,34.21046900434092,34.37542910780661,34.188070892193394
2026-06-07,CHC,66,34.9039,0.03577327530239989,34.962741801629086,34.845058198370914,34.97401433120174,34.833785668798264,34.996045850807846,34.811754149192154
2026-06-07,CHW,65,27.87175,0.03555352724470509,27.93023034823937,27.813269651760628,27.941433632922983,27.802066367077014,27.963329817321434,27.780170182678564
2026-06-07,CIN,65,31.259,0.03560855723653263,31.31757086452102,31.20042913547898,31.328791489725038,31.189208510274963,31.35072156518696,31.167278434813042
2026-06-07,CLE,67,30.82125,0.03651981115374693,30.881319743831824,30.761180256168174,30.892827514583548,30.74967248541645,30.915318799729892,30.727181200270106
2026-06-07,COL,66,25.1094,0.03464125550307248,25.16637979475638,25.05242020524362,25.177295613165274,25.041504386834728,25.198629961036538,25.020170038963464
2026-06-07,DET,66,35.2861,0.03645310385878067,35.34606002009575,35.22613997990425,35.357546770687904,35.21465322931209,35.379996973124754,35.19220302687524
2026-06-07,HOU,67,34.1979,0.03681242368042157,34.25845104860761,34.13734895139238,34.27005102459725,34.12574897540274,34.29272251965068,34.10307748034931
2026-06-07,KCR,66,32.77595,0.0363738743167626,32.83577969909621,32.716120300903796,32.847241483639046,32.70465851636096,32.869642891348725,32.68225710865128
2026-06-07,LAA,66,28.2838,0.035853411990458724,28.342773614751092,28.224826385248907,28.354071396224175,28.213528603775824,28.376152269237235,28.191447730762764
2026-06-07,LAD,66,40.77565,0.0351173392393382,40.83341288281671,40.71788711718329,40.84447872014198,40.70682127985802,40.86610627147535,40.685193728524645
2026-06-07,MIA,66,29.4138,0.03609963486216808,29.47317861533466,29.354421384665336,29.484553984184895,29.3430460158151,29.506786497325386,29.32081350267461
2026-06-07,MIL,64,32.35965,0.03515966302412748,32.41748249924763,32.30181750075237,32.428561673235855,32.29073832676415,32.45021529032046,32.26908470967955
2026-06-07,MIN,67,32.42315,0.03684423399602634,32.48375337192061,32.362546628079386,32.49536337167018,32.35093662832982,32.51805445759378,32.32824554240622
2026-06-07,NYM,65,36.9062,0.035500747783034775,36.96459353375041,36.84780646624959,36.97578018707899,36.83661981292101,36.997643866437436,36.81475613356256
2026-06-07,NYY,66,35.89705,0.03622524228054127,35.95663522115235,35.837464778847654,35.968050170201096,35.826049829798905,35.990360040594375,35.803739959405625
2026-06-07,PHI,65,36.26755,0.03572453165519591,36.32631162546419,36.20878837453581,36.33756879540874,36.19753120459126,36.359570295493015,36.175529704506985
2026-06-07,PIT,66,32.499,0.03615750708035484,32.55847380666265,32.43952619333736,32.56986741164825,32.42813258835176,32.59213556628086,32.405864433719145
2026-06-07,SDP,64,32.9412,0.03528270640793571,32.99923488760376,32.88316511239624,33.010352833836656,32.87204716616335,33.03208222907408,32.850317770925926
2026-06-07,SEA,66,36.5323,0.035861778244489405,36.59128737601438,36.47331262398562,36.60258779378076,36.462012206219235,36.62467381927953,36.43992618072047
2026-06-07,SFG,66,32.4098,0.03621834875362647,32.46937388230959,32.350226117690404,32.48078665913662,32.338813340863375,32.50309228404574,32.31650771595425
2026-06-07,STL,65,29.3925,0.03584789311901129,29.451464537015372,29.333535462984624,29.462760579434903,29.322239420565094,29.48483805356644,29.30016194643356
2026-06-07,TBR,64,31.81335,0.03575387399779638,31.87215988932284,31.75454011067716,31.883426305343463,31.743273694656537,31.905445876358918,31.72125412364108
2026-06-07,TEX,65,32.3407,0.036043392345984686,32.39998610462793,32.28141389537207,32.41134375087878,32.27005624912122,32.4335416262041,32.2478583737959
2026-06-07,TOR,66,36.85,0.036014717172187294,36.90923893816431,36.790761061835696,36.920587548570886,36.77941245142912,36.942767763851144,36.75723223614886
2026-06-07,WSN,66,27.1445,0.03541735036582138,27.202756357206233,27.086243642793768,27.21391673114485,27.075083268855153,27.23572904892634,27.05327095107366
2026-06-08,ATH,66,31.48405,0.03617219514019095,31.54354796637114,31.42455203362886,31.55494619971653,31.41315380028347,31.577223400215793,31.390876599784207
2026-06-08,BAL,67,35.65285,0.03678375315407335,35.713353889788365,35.592346110211636,35.7249448313982,35.580755168601804,35.747598669268775,35.558101330731226
2026-06-08,BOS,66,34.8302,0.036778404404643875,34.89069509187846,34.76970490812153,34.90228434804195,34.75811565195804,34.924934891803254,34.73546510819674
2026-06-08,CIN,66,31.71835,0.03600133287356773,31.777566922952175,31.659133077047827,31.788911315827633,31.64778868417237,31.811083288182555,31.625616711817447
2026-06-08,CLE,68,31.24395,0.03687600726584424,31.304605634298714,31.18329436570129,31.316225646134694,31.17167435386531,31.338936300113247,31.148963699886757
2026-06-08,HOU,68,34.767,0.0371467972270451,34.82810104414854,34.70589895585147,34.83980638470602,34.69419361529398,34.86268380883042,34.67131619116959
2026-06-08,LAA,67,28.7147,0.036224105300065514,28.774283350985886,28.655116649014115,28.785697941760315,28.643702058239686,28.80800711192675,28.621392888073252
2026-06-08,MIL,65,32.86415,0.035578687876684716,32.92267173379614,32.80562826620386,32.9338829468555,32.79441705314451,32.95579462681459,32.77250537318542
2026-06-08,NYY,67,36.47435,0.03658625468091227,36.53452903370847,36.41417096629153,36.5460577415038,36.4026422584962,36.5685899469142,36.3801100530858
2026-06-08,PHI,66,36.7622,0.03613084319375196,36.82162994847206,36.70277005152794,36.83301515139082,36.69138484860918,36.855266884660395,36.669133115339605
2026-06-08,SDP,65,33.48185,0.03563021196225506,33.540456483375166,33.42324351662484,33.55168393220755,33.41201606779245,33.573627344064036,33.39007265593597
2026-06-08,SEA,67,37.0405,0.03623277008705532,37.10009760329219,36.98090239670781,37.11151492443075,36.96948507556925,37.13382943093899,36.947170569061015
2026-06-08,SFG,67,32.9905,0.036613351586214045,33.05072360415143,32.930276395848566,33.06226085046228,32.918739149537714,33.08480974391691,32.89619025608309
2026-06-08,TBR,65,32.2649,0.036173772634207416,32.32440056111789,32.205399438882104,32.335799291547985,32.19400070845201,32.35807746357111,32.17172253642889
2026-06-08,TOR,67,37.35535,0.03637244790529404,37.41517735285813,37.29552264714187,37.42663868792394,37.28406131207606,37.44903921715626,37.26166078284374
2026-06-08,WSN,67,27.5638,0.03576003938785368,27.622620030487038,27.504979969512963,27.63388838928593,27.493711610714072,27.655911757351298,27.471688242648703
2026-06-09,ARI,66,31.8832,0.035882060477531216,31.94222073731896,31.82417926268104,31.953527546227047,31.81287245377295,31.975626062849738,31.79077393715026
2026-06-09,ATH,67,31.98195,0.03659321198027223,32.04214047744755,31.921759522552446,32.05367137755997,31.910228622440027,32.076207867729764,31.88769213227024
2026-06-09,ATL,67,36.3662,0.03617043396221076,36.42569506949115,36.30670493050885,36.43709274787112,36.29530725212888,36.45936886372194,36.27303113627806
2026-06-09,BAL,68,36.13565,0.037171784204582434,36.196792144069164,36.07450785593083,36.208505358282075,36.06279464171792,36.23139817101936,36.03990182898064
2026-06-09,BOS,67,35.3713,0.03717386057830839,35.432445559400016,35.31015444059998,35.4441594278998,35.2984405721002,35.46705351940365,35.27554648059635
2026-06-09,CHC,67,35.53345,0.036092231675727136,35.59281643817659,35.47408356182341,35.6041894742061,35.4627105257939,35.62641742798082,35.440482572019185
2026-06-09,CHW,66,28.2631,0.035918775416505705,28.322181128019498,28.204018871980505,28.333499506185134,28.19270049381487,28.355620634265428,28.170579365734575
2026-06-09,CIN,67,32.1768,0.03636719973631235,32.23661872038834,32.11698127961166,32.24807840170175,32.10552159829825,32.270475698768806,32.083124301231194
2026-06-09,CLE,69,31.66895,0.03723844961839166,31.73020179891686,31.60769820108314,31.741936020092155,31.595963979907843,31.764869889745782,31.573030110254216
2026-06-09,COL,67,25.47985,0.03499236948494782,25.53740732586294,25.422292674137058,25.548433783924214,25.411266216075784,25.569984370719936,25.38971562928006
2026-06-09,DET,67,35.83435,0.03681906144973424,35.89491196676654,35.77378803323346,35.90651403438605,35.76218596561395,35.929189617411396,35.739510382588605
2026-06-09,HOU,69,35.3327,0.03753393098649209,35.39443782251688,35.27096217748313,35.40626515293174,35.25913484706827,35.42938099931239,35.23601900068761
2026-06-09,KCR,67,33.2626,0.03679007661702912,33.32311429095934,33.20208570904066,33.33470722515784,33.190492774842156,33.35736495742995,33.16783504257005
2026-06-09,LAA,68,29.149,0.036592989797843964,29.209190111989983,29.08880988801002,29.220720942090416,29.077279057909585,29.243257295425753,29.05474270457425
2026-06-09,LAD,67,41.39115,0.035504515380520504,41.449549730896805,41.3327502691032,41.46073757143437,41.321562428565635,41.48260357112545,41.299696428874554
2026-06-09,MIA,67,29.86625,0.03652313984123213,29.92632521903551,29.806174780964493,29.937834038691136,29.794665961308866,29.96032737386066,29.77217262613934
2026-06-09,MIL,66,33.36625,0.03593598637342277,33.425359437524406,33.307140562475595,33.43668323904083,33.29581676095917,33.4588149667526,33.2736850332474
2026-06-09,MIN,68,32.8749,0.03717871181644972,32.936053538976665,32.81374646102333,32.94776893615183,32.80203106384816,32.970666015365005,32.77913398463499
2026-06-09,NYM,66,37.50465,0.035872806717457864,37.563655516238136,37.44564448376186,37.57495940919058,37.43434059080941,37.59705222674337,37.412247773256624
2026-06-09,NYY,68,37.04935,0.03699904289753674,37.110208009903744,36.98849199009625,37.12186679154162,36.97683320845837,37.14465321889873,36.95404678110126
2026-06-09,PHI,67,37.25075,0.03651034609728597,37.31080417519937,37.19069582480062,37.32230896341377,37.179191036586225,37.3447944193601,37.156705580639894
2026-06-09,PIT,67,32.8835,0.036504424610597545,32.94354443522052,32.82345556477948,32.95504735751312,32.81195264248687,32.97752916662117,32.78947083337883
2026-06-09,SDP,66,34.0234,0.03604063773545655,34.08268157369681,33.964118426303195,34.09403835194135,33.952761648058654,34.116234530797584,33.93056546920242
2026-06-09,SEA,68,37.5577,0.03658237894154033,37.617872658684504,37.49752734131549,37.62940014519421,37.48599985480578,37.651929963671144,37.46347003632885
2026-06-09,SFG,68,33.5662,0.03694460885171417,33.62696847386605,33.505431526133954,33.63861010277228,33.49378989722772,33.6613630060884,33.4710369939116
2026-06-09,STL,66,29.79405,0.03622447156953465,29.85363395344555,29.73446604655445,29.86504865963528,29.723051340364716,29.88735805537438,29.700741944625616
2026-06-09,TBR,66,32.7238,0.036563814402031124,32.78394212273436,32.663657877265635,32.79546375936538,32.65213624063461,32.817982144586274,32.62961785541372
2026-06-09,TEX,66,32.85405,0.03639750910170148,32.91391857485793,32.79418142514207,32.925387806966306,32.782712193033696,32.94780377052035,32.76029622947965
2026-06-09,TOR,68,37.8668,0.03673561437172597,37.92722470853762,37.80637529146237,37.938800481118534,37.79479951888146,37.96142467198256,37.77217532801743
2026-06-09,WSN,68,27.9881,0.03614814315995622,28.047558404384215,27.928641595615783,28.05894905870151,27.917250941298487,28.081211446420294,27.894988553579704
2026-06-10,ARI,67,32.42125,0.03630290369813211,32.48096296281674,32.36153703718326,32.49240238378257,32.35009761621743,32.51476008314956,32.32773991685044
2026-06-10,ATH,68,32.47295,0.03694809430753699,32.53372420693069,32.4121757930693,32.54536693414016,32.40053306585983,32.56812198402764,32.37777801597235
2026-06-10,ATL,68,36.97165,0.03654448096264927,37.03176032205647,36.91153967794352,37.043275866520496,36.9000241334795,37.06578234494658,36.87751765505342
2026-06-10,BAL,69,36.62185,0.03757084251497912,36.68364853657839,36.560051463421615,36.69548749819819,36.548212501801814,36.71862607710911,36.5250739228909
2026-06-10,BOS,68,35.916,0.037558191262180726,35.97777772711933,35.85422227288066,35.989612702198336,35.84238729780166,36.012743489641416,35.81925651035858
2026-06-10,CHC,68,36.16655,0.036420624348971496,36.226456596056245,36.10664340394376,36.237933112018446,36.095166887981556,36.26036331145163,36.072736688548375
2026-06-10,CHW,67,28.65765,0.03627213954649441,28.717312360290343,28.597987639709658,28.72874208715334,28.58655791284666,28.751080839946276,28.564219160053725
2026-06-10,CIN,68,32.64035,0.03679249622224499,32.70086827085576,32.57983172914424,32.71246196749692,32.568238032503075,32.735121189919965,32.54557881008003
2026-06-10,CLE,70,32.08985,0.037604781010567544,32.15170436043594,32.027995639564054,32.16355401642723,32.01614598357277,32.18671349688056,31.99298650311944
2026-06-10,COL,68,25.84675,0.03536192507715404,25.904915190719144,25.788584809280856,25.916058099575224,25.777441900424776,25.937836282843634,25.755663717156366
2026-06-10,DET,68,36.389,0.037216504449103904,36.450215702325565,36.32778429767444,36.46194300835072,36.31605699164928,36.484863362735666,36.29313663726434
2026-06-10,HOU,70,35.899,0.037888411507825556,35.96132089108808,35.83667910891192,35.973259921986774,35.82474007801323,35.99659408062678,35.801405919373224
2026-06-10,KCR,68,33.75215,0.03715743603409175,33.81326854342889,33.69103145657111,33.82497723638467,33.67932276361533,33.84786121258136,33.656438787418644
2026-06-10,LAA,69,29.5827,0.036987449750854016,29.643538940874375,29.521861059125623,29.65519406939166,29.51020593060834,29.67797335693179,29.487426643068208
2026-06-10,LAD,68,42.0038,0.0358493171019593,42.06276687925889,41.94483312074111,42.07406337039019,41.933536629609804,42.09614172150344,41.91145827849655
2026-06-10,MIA,68,30.3282,0.036864985953604684,30.3888375058533,30.2675624941467,30.400454044759638,30.25594595524036,30.42315791109421,30.233242088905786
2026-06-10,MIL,67,33.87525,0.036355679867772196,33.935049771890796,33.815450228109206,33.946505823174306,33.8039941768257,33.96889602555385,33.78160397444615
2026-06-10,MIN,69,33.32025,0.03752792179325557,33.381977938273586,33.25852206172642,33.393803375129416,33.24669662487059,33.41691552065636,33.22358447934364
2026-06-10,NYM,67,38.1025,0.03626210741975328,38.162145858910286,38.04285414108971,38.17357242454624,38.03142757545376,38.19590499890024,38.00909500109976
2026-06-10,NYY,69,37.62845,0.03737498995810846,37.68992638778987,37.566973612210134,37.70170363424044,37.55519636575956,37.724721594353944,37.53217840564606
2026-06-10,PHI,68,37.7411,0.036926098038322606,37.801838026287506,37.6803619737125,37.81347382224471,37.668726177755296,37.836215325392835,37.64598467460717
2026-06-10,PIT,68,33.27085,0.036841788498171234,33.3314493494346,33.210250650565406,33.34305857858246,33.19864142141755,33.36574815840874,33.175951841591264
2026-06-10,SDP,67,34.55985,0.036426188961200895,34.61976574902885,34.499934250971144,34.631244018458,34.488455981541996,34.65367764494287,34.46602235505713
2026-06-10,SEA,69,38.0715,0.03695379096430211,38.13228357709724,38.01071642290276,38.14392809938225,37.99907190061775,38.16668665764307,37.97631334235693
2026-06-10,SFG,69,34.15275,0.037333638476621696,34.21415837065556,34.091341629344434,34.225922586826016,34.07957741317398,34.24891507999618,34.056584920003814
2026-06-10,STL,67,30.1962,0.03660132867619761,30.256403828224286,30.135996171775716,30.26793728599166,30.12446271400834,30.290478774952977,30.101921225047025
2026-06-10,TBR,67,33.1791,0.03694569540177089,33.23987026108185,33.11832973891815,33.251512232371255,33.10668776762874,33.27426580485587,33.083934195144124
2026-06-10,TEX,67,33.3645,0.036808351365369654,33.42504435024543,33.30395564975457,33.43664304300642,33.29235695699358,33.45931203006224,33.269687969937756
2026-06-10,TOR,69,38.37645,0.037087606345007275,38.43745368381153,38.31544631618846,38.44914037270901,38.30375962729099,38.471981343221955,38.28091865677804
2026-06-10,WSN,69,28.40155,0.03654253887912525,28.461657127613346,28.341442872386654,28.47317206010674,28.32992793989326,28.495677342470927,28.307422657529074
2026-06-11,ARI,68,32.96785,0.036656759332696374,33.02814500354067,32.907554996459325,33.03969592808203,32.896004071917964,33.0622715548623,32.8734284451377
2026-06-11,ATL,69,37.5811,0.03689809226722502,37.641791960893336,37.52040803910666,37.653418931942,37.508781068058,37.67614318730697,37.48605681269303
2026-06-11,BAL,70,37.11025,0.037929562078396956,37.17263857775333,37.04786142224667,37.184590575623034,37.03590942437697,37.20795007747231,37.01254992252769
2026-06-11,CHC,69,36.8008,0.036743073778244754,36.861236978169494,36.74036302183051,36.87281510128666,36.72878489871334,36.89544388614046,36.70615611385954
2026-06-11,CHW,68,29.0482,0.036633945191543525,29.108457477617854,28.98794252238215,29.12000121318704,28.97639878681296,29.142562789528984,28.95383721047102
2026-06-11,COL,69,26.2125,0.03575005022100712,26.27130359976972,26.153696400230277,26.282568810878672,26.142431189121325,26.304586026962614,26.120413973037383
2026-06-11,DET,69,36.9327,0.0376031811880562,36.99455172896209,36.87084827103791,37.00640088083272,36.85899911916727,37.02955937601085,36.83584062398914
2026-06-11,KCR,69,34.24965,0.03756303758969235,34.31143569861872,34.18786430138128,34.32327220082573,34.17602779917428,34.34640597295384,34.152894027046166
2026-06-11,LAD,69,42.62525,0.03616042036087285,42.68472859858267,42.56577140141733,42.69612312157314,42.554376878426865,42.718393070394185,42.53210692960582
2026-06-11,MIA,69,30.7816,0.037255730719898246,30.84288022379935,30.72031977620065,30.854619890428722,30.70858010957128,30.877564402913443,30.68563559708656
2026-06-11,MIN,70,33.77655,0.03794302292285663,33.838960718872166,33.714139281127835,33.85091695839338,33.702183041606624,33.874284750309926,33.678815249690075
2026-06-11,NYM,68,38.6961,0.036643544819911375,38.75637326760139,38.63582673239861,38.767920028112904,38.6242799718871,38.790487516533034,38.60171248346697
2026-06-11,PIT,69,33.6494,0.037235981360982044,33.71064773899471,33.58815226100529,33.72238118239653,33.57641881760347,33.74531353193602,33.55348646806398
2026-06-11,SEA,70,38.5831,0.0372886610340474,38.64443438934602,38.521765610653986,38.656184432658456,38.51001556734155,38.6791492257816,38.4870507742184
2026-06-11,STL,68,30.6026,0.03693835248213174,30.663358183053845,30.541841816946153,30.67499784051322,30.530202159486777,30.69774689074829,30.507453109251706
2026-06-11,TEX,68,33.867,0.037195358913932275,33.92818092101534,33.805819078984655,33.939901563863344,33.79409843613665,33.96280889544652,33.77119110455347
2026-06-12,ARI,69,33.48365,0.0370283025351477,33.54455613772479,33.422743862275205,33.55622413937754,33.411075860622454,33.57902858673071,33.38827141326929
2026-06-12,ATH,69,33.06215,0.03729442200343952,33.12349386529742,33.000806134702586,33.13524572395098,32.989054276049025,33.15821406505538,32.96608593494462
2026-06-12,ATL,70,38.0688,0.03724772070388856,38.13006704849547,38.00753295150454,38.14180419108583,37.995795808914174,38.16474377047948,37.972856229520524
2026-06-12,BAL,71,37.6393,0.03829664616066728,37.70229237733745,37.57630762266255,37.71436004720358,37.56423995279642,37.73794562340829,37.54065437659171
2026-06-12,BOS,69,36.46115,0.03794010419661905,36.52355591799473,36.39874408200528,36.53551123779507,36.38678876220494,36.55887723216935,36.363422767830656
2026-06-12,CHC,70,37.33075,0.037129929348945274,37.391823298958066,37.26967670104194,37.40352332427245,37.257976675727555,37.42639036005571,37.23510963994429
2026-06-12,CHW,69,29.3717,0.03695186365410237,29.432480406954067,29.310919593045934,29.444124321923677,29.299275678076324,29.46688169322098,29.27651830677902
2026-06-12,CIN,69,33.12455,0.03715738013396428,33.18566845148136,33.063431548518636,33.19737712682243,33.05172287317757,33.22026106859217,33.028838931407826
2026-06-12,CLE,71,32.53165,0.037977783367074885,32.59411789471491,32.469182105285086,32.60608508761213,32.45721491238787,32.62947428728074,32.433825712719255
2026-06-12,COL,70,26.6233,0.0361028395870922,26.682683886638078,26.563916113361923,26.69406026533033,26.552539734669672,26.716294752149757,26.530305247850244
2026-06-12,DET,70,37.4909,0.0379391991038482,37.5533044292496,37.42849557075041,37.56525946384584,37.416540536154166,37.588624900804874,37.39317509919513
2026-06-12,HOU,71,36.41515,0.03825393041289496,36.4780721161848,36.352227883815196,36.490126325876375,36.34017367412362,36.51368559493345,36.316614405066545
2026-06-12,KCR,70,34.7335,0.0379168929639363,34.79586773891446,34.67113226108554,34.80781574461498,34.65918425538502,34.83116744399604,34.63583255600396
2026-06-12,LAA,70,30.0205,0.0374025257829835,30.082021680191286,29.95897831980871,30.09380760346548,29.94719239653452,30.11684252193855,29.924157478061446
2026-06-12,LAD,70,43.30175,0.03653308884017364,43.3618415836825,43.2416584163175,43.37335353837074,43.23014646162925,43.395853000783674,43.20764699921632
2026-06-12,MIA,70,31.23885,0.037648185921371556,31.30077575516091,31.17692424483909,31.312639088489156,31.165060911510842,31.335825300521726,31.141874699478272
2026-06-12,MIL,68,34.3242,0.03674115150088088,34.38463381630459,34.2637661836954,34.39621133369226,34.25218866630774,34.4188389346821,34.229561065317895
2026-06-12,MIN,71,34.30275,0.03833507663720056,34.36580558984617,34.23969441015384,34.377885369553496,34.22761463044651,34.401494613755894,34.20400538624411
2026-06-12,NYM,69,39.2084,0.037027719678657284,39.26930517901118,39.14749482098882,39.28097299699981,39.13582700300019,39.30377708539188,39.113022914608116
2026-06-12,NYY,70,38.12455,0.037741861205819724,38.186629837292294,38.062470162707704,38.19852268867292,38.05057731132708,38.22176659206443,38.02733340793557
2026-06-12,PHI,69,38.29215,0.03734755227398501,38.35358125681562,38.230718743184376,38.36534985736774,38.21895014263226,38.38835091956315,38.19594908043685
2026-06-12,PIT,70,34.19215,0.037631465892737304,34.254048253161166,34.13025174683883,34.26590631783521,34.118393682164786,34.28908223258201,34.095217767417985
2026-06-12,SDP,68,35.0308,0.03681263813578589,35.0913514013553,34.9702485986447,35.10295144492205,34.95864855507795,35.1256230720511,34.9359769279489
2026-06-12,SEA,71,39.2129,0.037652816179249,39.27483337125737,39.15096662874262,39.28669816362783,39.13910183637216,39.309887227275645,39.11591277272435
2026-06-12,SFG,70,34.6228,0.03769472181357272,34.68480229989198,34.56079770010802,34.696680297161855,34.54891970283814,34.71989516903652,34.52570483096348
2026-06-12,STL,69,31.0764,0.03728709788094833,31.137731818187973,31.015068181812026,31.149481368934676,31.003318631065323,31.17244519936604,30.980354800633958
2026-06-12,TBR,68,33.7413,0.03726275809916733,33.802591782809635,33.68000821719037,33.814333663839,33.668266336161004,33.83728250424289,33.64531749575711
2026-06-12,TEX,69,34.32185,0.03754275698194117,34.383602339987505,34.26009766001249,34.39543245156494,34.24826754843505,34.4185537335701,34.225146266429896
2026-06-12,TOR,70,38.88035,0.03743870693164811,38.941931192884894,38.818768807115106,38.95372851721378,38.80697148278622,38.976785718401516,38.783914281598484
2026-06-12,WSN,70,28.77175,0.036900686713244236,28.83244622837728,28.711053771622723,28.844074016962754,28.699425983037248,28.866799870157053,28.67670012984295
2026-06-13,ARI,70,34.00785,0.03741128705477745,34.06938609120097,33.94631390879903,34.08117477524265,33.934525224757344,34.104215089479176,33.91148491052082
2026-06-13,ATH,70,33.65035,0.03764778362208823,33.712275093437476,33.58842490656253,33.72413829999705,33.576561700002955,33.74732426426745,33.55337573573256
2026-06-13,ATL,71,38.5534,0.037619385732746244,38.6152783830662,38.49152161693381,38.627132641156706,38.4796673588433,38.65030111615192,38.456498883848084
2026-06-13,BAL,72,38.1645,0.038664411728833024,38.228097297866114,38.10090270213388,38.24028085447194,38.08871914552805,38.26409292473561,38.06490707526439
2026-06-13,BOS,70,36.99555,0.03832949213560445,37.05859640415846,36.932503595841546,37.0706744241315,36.92042557586851,37.09428022903304,36.896819770966964
2026-06-13,CHC,71,37.8651,0.03754877621214508,37.926862240740135,37.80333775925986,37.93869424903936,37.79150575096064,37.96181923807964,37.768380761920355
2026-06-13,CHW,70,29.7065,0.03727703537525905,29.76781526683899,29.645184733161006,29.779561646785933,29.633438353214064,29.80251928006902,29.610480719930976
2026-06-13,CIN,70,33.60035,0.0375409371216676,33.66209934658373,33.53860065341627,33.67392888470435,33.526771115295645,33.69704904592068,33.50365095407932
2026-06-13,CLE,72,32.96965,0.03834083912582302,33.032715068296476,32.90658493170353,33.04479666382366,32.89450333617634,33.06840945694295,32.87089054305705
2026-06-13,COL,71,27.0351,0.03646347321284595,27.0950770761654,26.9751229238346,27.10656709424842,26.96363290575158,27.129023682810818,26.941176317189182
2026-06-13,DET,71,38.0529,0.03829684597875664,38.115892706008964,37.98990729399104,38.12796043883984,37.97783956116016,38.15154613810558,37.95425386189442
2026-06-13,HOU,72,36.9271,0.03864044427405937,36.99065787491121,36.8635421250888,37.002833879123784,36.85136612087622,37.02663118866327,36.82756881133673
2026-06-13,KCR,71,35.22155,0.038305373578092855,35.284556732661656,35.158543267338345,35.296627152627416,35.146472847372586,35.32021810374584,35.122881896254164
2026-06-13,LAA,71,30.4659,0.03777556365112834,30.528035272881695,30.403764727118308,30.539938744251913,30.39186125574809,30.563203403810654,30.36859659618935
2026-06-13,LAD,71,43.96695,0.036859270410111854,44.02757810462086,43.906321895379136,44.03919284250024,43.89470715749975,44.0618931888298,43.872006811170195
2026-06-13,MIA,71,31.69825,0.03798680029595593,31.760732726243084,31.63576727375692,31.77270276046799,31.623797239532013,31.796097513350386,31.600402486649617
2026-06-13,MIL,69,34.7742,0.037119935512883416,34.83525686056057,34.71314313943943,34.8469537367137,34.7014462632863,34.86981461763993,34.67858538236007
2026-06-13,MIN,72,34.8275,0.03874096321223212,34.891223213851234,34.76377678614877,34.90343089262237,34.751569107377634,34.927290108289775,34.72770989171023
2026-06-13,NYM,70,39.7238,0.037395997125762706,39.78531094150578,39.66228905849422,39.79709480753245,39.65050519246754,39.820125705231966,39.62747429476803
2026-06-13,NYY,71,38.61625,0.038113671162346235,38.67894141024782,38.55355858975218,38.6909514227968,38.5415485772032,38.714424311045796,38.518075688954205
2026-06-13,PHI,70,38.84215,0.03775755488008365,38.90425565108932,38.78004434891067,38.916153447709256,38.76814655229074,38.939407016290474,38.74489298370952
2026-06-13,PIT,71,34.73275,0.03798464839314263,34.79522918667794,34.67027081332206,34.80719854281598,34.658301457184024,34.83059197041606,34.63490802958395
2026-06-13,SDP,69,35.5056,0.037171461067274265,35.566741612555596,35.444458387444406,35.57845472494459,35.43274527505541,35.60134733867282,35.409852661327186
2026-06-13,SEA,72,39.84435,0.03802510288345672,39.90689572839305,39.781804271606944,39.91887783216001,39.76982216783999,39.942296174277665,39.74640382572233
2026-06-13,SFG,71,35.08845,0.0380986732750666,35.15111674091853,35.02578325908147,35.16312202747789,35.013777972522114,35.18658567904826,34.99031432095175
2026-06-13,STL,70,31.55165,0.03768438163889615,31.61363529181816,31.489664708181838,31.625510030791897,31.4777899692081,31.648718534511588,31.45458146548841
2026-06-13,TBR,69,34.2959,0.03763838455486088,34.357809633347664,34.23399036665234,34.3696698781638,34.22213012183621,34.39285005387465,34.19894994612535
2026-06-13,TEX,70,34.78745,0.037869385120324756,34.849739595465586,34.725160404534414,34.86167263095251,34.71322736904749,34.88499507190031,34.689904928099686
2026-06-13,TOR,71,39.38865,0.03786649907850762,39.450934848349235,39.32636515165076,39.462866974414496,39.3144330255855,39.48618763794923,39.29111236205077
2026-06-13,WSN,71,29.1403,0.037283914762468236,29.201626582423994,29.078973417576005,29.2133751301371,29.0672248698629,29.236337000196183,29.044262999803816
2026-06-14,ARI,71,34.52295,0.03779179905586394,34.58511197774606,34.46078802225394,34.59702056506047,34.448879434939535,34.62029522344193,34.425604776558075
2026-06-14,ATH,71,34.2452,0.03801823401087775,34.30773443010308,34.18266556989691,34.319714369417134,34.17068563058286,34.343128481234395,34.1472715187656
2026-06-14,ATL,72,39.04165,0.03795883042870746,39.104086719905496,38.9792132800945,39.11604794053552,38.96725205946447,39.139425467746705,38.94387453225329
2026-06-14,BAL,73,38.69175,0.03906338303667143,38.75600354726886,38.62749645273114,38.76831282386617,38.61518717613383,38.79237060672161,38.591129393278386
2026-06-14,BOS,71,37.5308,0.038732190450952574,37.59450878394303,37.46709121605697,37.60671369832621,37.45488630167379,37.6305675111542,37.4310324888458
2026-06-14,CHC,72,38.3937,0.03794208739117785,38.45610918005949,38.33129081994051,38.468065124784985,38.31933487521502,38.49143234054001,38.29596765946
2026-06-14,CHW,71,30.0382,0.03765392315412094,30.100135192069008,29.976264807930992,30.112000333258717,29.964399666741283,30.135190078653963,29.941209921346037
2026-06-14,CIN,71,34.08525,0.03792797184700778,34.14763596205547,34.02286403794454,34.159587458826785,34.01091254117322,34.182945981307704,33.9875540186923
2026-06-14,CLE,73,33.401,0.03870387383056741,33.46466220724729,33.33733779275272,33.476858198770095,33.32514180122991,33.50069457237364,33.30130542762637
2026-06-14,COL,72,27.44025,0.03682959839369544,27.500829298497035,27.379670701502963,27.512434686416718,27.36806531358328,27.53511675878042,27.34538324121958
2026-06-14,DET,72,38.62155,0.03863717020462377,38.68510248954622,38.55799751045378,38.69727746206561,38.54582253793439,38.721072755219275,38.52202724478072
2026-06-14,HOU,73,37.44165,0.03899904883667691,37.505797726926666,37.37750227307334,37.51808673115121,37.3652132688488,37.54210489280405,37.34119510719596
2026-06-14,KCR,72,35.707,0.03864313929549093,35.77056230782698,35.64343769217302,35.78273916126873,35.63126083873127,35.806538130578446,35.607461869421556
2026-06-14,LAA,72,30.90775,0.038127676074724746,30.970464446278744,30.845035553721257,30.98247887192067,30.83302112807933,31.005960385309496,30.809539614690504
2026-06-14,LAD,72,44.63525,0.037201405472151956,44.69644086671856,44.57405913328144,44.70816341489969,44.56233658510031,44.731074470348375,44.53942552965162
2026-06-14,MIA,72,32.1555,0.03838742850508957,32.21864170100594,32.092358298994064,32.230737977329085,32.08026202267092,32.2543794632313,32.056620536768705
2026-06-14,MIL,70,35.22535,0.03752417583456835,35.287071776719856,35.16362822328014,35.2988960331853,35.1518039668147,35.3220058717062,35.128694128293795
2026-06-14,MIN,73,35.35635,0.03911572236149804,35.42068963779714,35.29201036220286,35.4330154070578,35.279684592942196,35.45710542388823,35.25559457611177
2026-06-14,NYM,71,40.23555,0.037809718176871204,40.29774145207724,40.17335854792277,40.30965568589228,40.161444314107726,40.33294138003891,40.1381586199611
2026-06-14,NYY,72,39.1159,0.03851029098339266,39.179243791798996,39.05255620820101,39.191378783361614,39.04042121663839,39.21509593600322,39.016704063996784
2026-06-14,PHI,71,39.391,0.038122350605396725,39.4537056866612,39.328294313338795,39.46571843419258,39.316281565807415,39.489196667809544,39.29280333219045
2026-06-14,PIT,72,35.2755,0.03835046968977392,35.33858090916452,35.21241909083548,35.350665539382156,35.200334460617846,35.374284263631786,35.176715736368216
2026-06-14,SDP,70,35.97835,0.037540771560417754,36.04009907425971,35.91660092574029,36.051928560210264,35.904771439789734,36.07504861946316,35.88165138053684
2026-06-14,SEA,73,40.4769,0.03831490207590337,40.53992240564584,40.41387759435416,40.55199582813995,40.40180417186005,40.57559264752972,40.378207352470284
2026-06-14,SFG,72,35.55985,0.03851980124078253,35.62320943478035,35.496490565219645,35.63534742312357,35.484352576876425,35.659070432802885,35.46062956719711
2026-06-14,STL,71,32.0228,0.03809267069369151,32.08545686755078,31.96014313244921,32.09746026263458,31.948139737365416,32.12092021742325,31.924679782576746
2026-06-14,TBR,70,34.85405,0.0380407647775941,34.91662148991644,34.791478510083564,34.92860852890845,34.77949147109155,34.95203651664354,34.75606348335646
2026-06-14,TEX,71,35.2522,0.038218880048211924,35.315064463465326,35.18933553653468,35.32710762842395,35.17729237157605,35.350645311177004,35.153754688823
2026-06-14,TOR,72,39.889,0.03828775584455675,39.95197775406876,39.82602224593125,39.964042622504195,39.81395737749581,39.98762272347154,39.79037727652847
2026-06-14,WSN,72,29.50775,0.03763984371336763,29.56966203344982,29.445837966550183,29.581522738061917,29.433977261938086,29.604703812417895,29.410796187582108
2026-06-15,ARI,72,35.0753,0.03817891272638403,35.13809872307105,35.012501276928944,35.150129293912606,35.00047070608739,35.173642362178256,34.97695763782174
2026-06-15,ATH,72,34.74055,0.03836046612259894,34.803647351833305,34.67745264816669,34.81573513203046,34.66536486796954,34.839360012736385,34.64173998726361
2026-06-15,CHC,73,39.01745,0.038283750562775956,39.080421165966484,38.95447883403351,39.09248477229615,38.94241522770384,39.116062406549354,38.91883759345064
2026-06-15,CIN,72,34.51015,0.03830069445891033,34.5731490361955,34.4471509638045,34.58521798172234,34.43508201827767,34.608806051133534,34.41149394886647
2026-06-15,COL,73,27.8165,0.037167128719782304,27.877634486478108,27.755365513521895,27.889346233699538,27.743653766300465,27.91223617928519,27.72076382071481
2026-06-15,DET,73,39.14255,0.03897380431451545,39.20665620338283,39.07844379661717,39.21893725279696,39.06616274720304,39.24293986722411,39.04216013277589
2026-06-15,HOU,74,37.92065,0.0393566401783906,37.98538591234205,37.85591408765795,37.99778759730215,37.843512402697854,38.02202598706073,37.819274012939275
2026-06-15,KCR,73,36.28645,0.0390308978941623,36.350650113964385,36.22224988603562,36.36294915415682,36.20995084584318,36.386986930539614,36.18591306946039
2026-06-15,LAA,73,31.3554,0.038510825701155986,31.418744671331442,31.292055328668557,31.430879831389166,31.279920168610833,31.4545973133449,31.256202686655097
2026-06-15,LAD,73,45.23535,0.03749404364749761,45.29702221368266,45.173677786317334,45.308836975183866,45.16186302481613,45.331928256335765,45.13877174366423
2026-06-15,MIA,73,32.55375,0.038788732580013,32.61755178746908,32.48994821253092,32.62977451886278,32.47772548113722,32.65366315402712,32.45383684597288
2026-06-15,MIN,74,35.84035,0.03949336754670339,35.90531080884973,35.775389191150275,35.917755578019744,35.76294442198026,35.94207817342263,35.73862182657737
2026-06-15,NYM,72,40.81065,0.0381686084499886,40.873431774044654,40.74786822595535,40.88545909790199,40.73584090209801,40.90896582012117,40.71233417987884
2026-06-15,PHI,72,39.99275,0.03849712941666778,40.056072142948224,39.92942785705178,40.068202987164845,39.91729701283516,40.09191203405397,39.89358796594603
2026-06-15,PIT,73,35.78015,0.038738428364695134,35.84386904439807,35.71643095560193,35.85607592441249,35.70422407558751,35.87993357895521,35.68036642104479
2026-06-15,SDP,71,36.5344,0.037919424127171475,36.59677190230749,36.47202809769251,36.60872070560375,36.460079294396245,36.63207396384047,36.43672603615953
2026-06-15,STL,72,32.46675,0.03849615330868747,32.53007053739347,32.403429462606525,32.542201074028355,32.39129892597164,32.56590951976643,32.36759048023357
2026-06-15,TBR,71,35.25395,0.03840724834860328,35.31712430174743,35.19077569825258,35.32922682350855,35.17867317649146,35.352880515765015,35.15501948423499
2026-06-15,TEX,72,35.7682,0.038575352764323924,35.83165080890533,35.70474919109467,35.843806302109,35.692593697891,35.86756352404508,35.66883647595492
2026-06-15,WSN,73,29.9283,0.03800125208803005,29.990806497325693,29.865793502674308,30.002781085459965,29.853818914540035,30.026184738699897,29.830415261300104
2026-06-16,ARI,73,35.6305,0.038520938210719016,35.69386130492947,35.567138695070526,35.7059996515437,35.555000348456296,35.72972336144336,35.53127663855663
2026-06-16,ATH,73,35.23815,0.03869317235578319,35.30179460488767,35.17450539511233,35.313987224264935,35.16231277573506,35.337817007201295,35.1384829927987
2026-06-16,ATL,73,39.57995,0.03831629949271387,39.64297470419194,39.51692529580805,39.65504856702657,39.504851432973425,39.67864624703689,39.481253752963106
2026-06-16,BAL,74,39.1851,0.03947213956691598,39.25002589193017,39.120174108069826,39.262463971943895,39.1077360280561,39.286773493770234,39.08342650622976
2026-06-16,BOS,72,38.0207,0.03908234827895272,38.084984742316415,37.95641525768358,38.097299995057995,37.944100004942,38.121369457948425,37.92003054205157
2026-06-16,CHC,74,39.6366,0.03865096010238083,39.70017517190956,39.573024828090446,39.712354489768565,39.56084551023144,39.73615827564201,39.53704172435799
2026-06-16,CHW,72,30.41865,0.0379709256989465,30.481106614854617,30.35619338514538,30.49307164682958,30.34422835317042,30.516456623098225,30.320843376901774
2026-06-16,CIN,73,34.928,0.038687150771047195,34.991634700262175,34.86436529973782,35.00382542217572,34.85217457782427,35.02765149662687,34.82834850337312
2026-06-16,CLE,74,33.8821,0.03910116909468611,33.94641569980344,33.817784300196564,33.95873688317899,33.80546311682101,33.982817937157115,33.78138206284289
2026-06-16,COL,74,28.19735,0.03752346664958423,28.259070610214362,28.135629389785638,28.270894643208276,28.123805356791724,28.29400404496674,28.10069595503326
2026-06-16,DET,74,39.6728,0.03931881618850351,39.7374736974151,39.60812630258491,39.74986346364422,39.59573653635579,39.7740785589192,39.571521441080804
2026-06-16,HOU,75,38.3904,0.03969323833675559,38.45568956704366,38.325110432956336,38.4681973175698,38.312602682430196,38.49264300646057,38.28815699353943
2026-06-16,KCR,74,36.86865,0.039436437725864915,36.933517167627436,36.80378283237257,36.94594399762126,36.79135600237875,36.97023153192187,36.767068468078136
2026-06-16,LAA,74,31.8002,0.03885626704245305,31.864112871774573,31.736287128225428,31.87635688397688,31.72404311602312,31.900287111274473,31.700112888725528
2026-06-16,LAD,74,45.84035,0.03786422822221457,45.90263111312303,45.77806888687697,45.914562523617946,45.766137476382056,45.937881788611044,45.74281821138896
2026-06-16,MIA,74,32.9517,0.039185458151035066,33.01615434296349,32.887245657036516,33.028502086693734,32.87489791330627,33.05263505137843,32.850764948621574
2026-06-16,MIL,71,35.74425,0.037897676822866475,35.80658613117513,35.68191386882487,35.81852808167056,35.669971918329445,35.84186794649677,35.64663205350323
2026-06-16,MIN,75,36.3168,0.03987344207074589,36.38238597580911,36.251214024190894,36.39495051039831,36.23864948960169,36.41950718051919,36.21409281948081
2026-06-16,NYM,73,41.3928,0.03852096313995877,41.456161345934426,41.32943865406558,41.46829970040412,41.317300299595885,41.49202342565683,41.29357657434317
2026-06-16,NYY,73,39.73545,0.03882915850301799,39.799318282195166,39.671581717804834,39.811553752215914,39.659346247784086,39.83546728430422,39.63543271569578
2026-06-16,PHI,73,40.5948,0.03889616039617122,40.65877849050213,40.53082150949787,40.67103507351339,40.51856492648661,40.69498986974399,40.49461013025601
2026-06-16,PIT,74,36.28255,0.03909011610028621,36.34684751924551,36.218252480754494,36.35916521970805,36.20593478029195,36.38323946653025,36.18186053346975
2026-06-16,SDP,72,37.09105,0.03832005240335426,37.15408087718063,37.02801912281937,37.16615592259627,37.01594407740374,37.18975591389409,36.992344086105916
2026-06-16,SEA,74,40.98355,0.03872923918144243,41.047253929536666,40.919846070463336,41.059457913944264,40.90764208605574,41.08330990918771,40.88379009081229
2026-06-16,SFG,73,36.02155,0.038859873704944224,36.08546880420645,35.957631195793546,36.097713952905465,35.94538604709453,36.1216464014214,35.921453598578594
2026-06-16,STL,73,32.9101,0.03885101503910139,32.974004232997814,32.846195767002186,32.98624659023946,32.83395340976054,33.010173583010335,32.810026416989665
2026-06-16,TBR,72,35.64895,0.038738297944816556,35.712668829876456,35.58523117012354,35.72487566879422,35.57302433120578,35.74873324301586,35.549166756984135
2026-06-16,TEX,73,36.29175,0.03892187485838929,36.355770787028575,36.227729212971425,36.368035472933215,36.215464527066786,36.3920061058093,36.1914938941907
2026-06-16,TOR,73,40.3991,0.03865094635688382,40.462675149300225,40.33552485069977,40.47485446282788,40.323345537172116,40.498658240235955,40.29954175976404
2026-06-16,WSN,74,30.3461,0.03835393448806189,30.409186608250547,30.283013391749453,30.42127233026201,30.27092766973799,30.444893188360744,30.247306811639255
2026-06-17,ARI,74,36.1812,0.038918428285363786,36.24521511792043,36.11718488207956,36.25747871777421,36.10492128222578,36.281447228025506,36.08095277197449
2026-06-17,ATH,74,35.7334,0.03907022582641794,35.7976648026564,35.66913519734361,35.80997623548763,35.656823764512374,35.834038232579964,35.63276176742004
2026-06-17,ATL,74,40.12035,0.03870591946053042,40.184015572009145,40.05668442799086,40.19621220813115,40.04448779186885,40.22004984156724,40.020650158432765
2026-06-17,BAL,75,39.67275,0.0398588422842462,39.73831196129733,39.607188038702674,39.750871895342584,39.59462810465742,39.775419573961294,39.57008042603871
2026-06-17,BOS,73,38.5107,0.03948135274228484,38.5756410462551,38.4457589537449,38.5880820294358,38.4333179705642,38.612397225337325,38.409002774662675
2026-06-17,CHC,75,40.26825,0.0390212215295919,40.332434197761025,40.20406580223898,40.34473018883076,40.191769811169245,40.3687620058762,40.167737994123804
2026-06-17,CHW,73,30.79935,0.03833096583732395,30.862398828182076,30.736301171817924,30.87447731253379,30.72422268746621,30.89808402503711,30.70061597496289
2026-06-17,CIN,74,35.3482,0.039052837210690826,35.412436200928745,35.28396379907125,35.42474215442706,35.27165784557294,35.44879344247402,35.24760655752598
2026-06-17,CLE,75,34.36035,0.039473634267256405,34.42527835049345,34.295421649506544,34.437716901502725,34.28298309849727,34.46202734386317,34.258672656136824
2026-06-17,COL,75,28.5657,0.037855459676133414,28.627966690148202,28.503433309851797,28.63989533758343,28.49150466241657,28.663209202333096,28.468190797666903
2026-06-17,DET,75,40.19435,0.03969562559035377,40.2596434937264,40.1290565062736,40.27215199650088,40.11654800349912,40.29659915561834,40.09210084438166
2026-06-17,HOU,76,38.86885,0.04004113695323143,38.93471180934478,38.80298819065522,38.947329186328375,38.79037081367163,38.97198913391155,38.765710866088455
2026-06-17,KCR,75,37.4454,0.039833594838576666,37.51092043294475,37.37987956705525,37.52347241125837,37.36732758874163,37.5480045408509,37.3427954591491
2026-06-17,LAA,75,32.2495,0.03923874961659158,32.31404199962389,32.184958000376106,32.3264065360469,32.17259346395309,32.35057232109703,32.14842767890296
2026-06-17,LAD,75,46.4454,0.03821124110713162,46.50825189852538,46.38254810147462,46.52029265637455,46.37050734362545,46.54382563456872,46.34697436543128
2026-06-17,MIA,75,33.3508,0.0395557859359419,33.41586347796365,33.28573652203635,33.42832791581462,33.27327208418538,33.45268895253871,33.24891104746129
2026-06-17,MIL,72,36.266,0.03824742270097646,36.328911411951246,36.20308858804875,36.34096357099539,36.191036429004605,36.3645188321784,36.1674811678216
2026-06-17,NYM,74,41.9726,0.038875931228736366,42.0365452164827,41.9086547835173,42.04879542507378,41.89640457492622,42.07273776286173,41.87246223713827
2026-06-17,NYY,74,40.35475,0.03918471505535921,40.41920312067987,40.29029687932014,40.43155063025297,40.277949369747034,40.45568313729081,40.25381686270919
2026-06-17,PHI,74,41.1957,0.03928825847327287,41.26032343444637,41.131076565553634,41.27270357162292,41.118696428377085,41.296899847460864,41.09450015253914
2026-06-17,PIT,75,36.7873,0.03946436122998023,36.85221309770446,36.72238690229555,36.86464872668364,36.70995127331636,36.88895345810202,36.68564654189798
2026-06-17,SDP,73,37.64775,0.03870346747766583,37.71141153885624,37.584088461143764,37.723607402333045,37.57189259766696,37.74744352567792,37.54805647432208
2026-06-17,SEA,75,41.4959,0.039128259743253874,41.56026025995499,41.43153974004501,41.57258997987451,41.41921002012549,41.59668771804355,41.39511228195645
2026-06-17,SFG,74,36.48115,0.039234859533138815,36.545685601006014,36.416614398993985,36.55804891162344,36.40425108837656,36.582212300906086,36.38008769909391
2026-06-17,STL,74,33.3534,0.039209020510138665,33.41789309959532,33.28890690040468,33.430248268068965,33.276551731931036,33.454395743993466,33.252404256006535
2026-06-17,TBR,73,36.0439,0.03908260497971707,36.1081851645516,35.9796148354484,36.12050049818225,35.96729950181775,36.144570119165785,35.94322988083422
2026-06-17,TOR,74,40.9091,0.0390771443514049,40.973376182617315,40.84482381738269,40.98568979554743,40.832510204452575,41.00975605351936,40.808443946480644
2026-06-17,WSN,75,30.76935,0.03869783462928194,30.833002273645143,30.705697726354856,30.84519636215308,30.69350363784692,30.869029016421994,30.669670983578005
2026-06-18,ATH,75,36.2856,0.03944520792468221,36.35048159332077,36.22071840667923,36.362911186895076,36.20828881310493,36.38720412245698,36.183995877543026
2026-06-18,ATL,75,40.65935,0.03910788731467751,40.72367675029196,40.59502324970805,40.73600005064822,40.582699949351785,40.76008524214504,40.55861475785497
2026-06-18,BAL,76,40.1601,0.04022628875766889,40.22626635696185,40.09393364303815,40.23894207719674,40.08125792280326,40.263716053355026,40.056483946644974
2026-06-18,BOS,74,38.9957,0.03988155717158143,39.061299323962146,38.93010067603785,39.07386641570368,38.91753358429632,39.09842808363372,38.89297191636628
2026-06-18,CHW,74,31.18835,0.03870275970852007,31.25201037467959,31.12468962532041,31.264206015131006,31.112493984868994,31.288041702585417,31.088658297414582
2026-06-18,CLE,76,34.83885,0.039830181471376694,34.90436481845533,34.773335181544674,34.916915721181596,34.760784278818406,34.94144574859964,34.73625425140036
2026-06-18,KCR,76,37.98635,0.04020558429279961,38.05248230114772,37.920217698852284,38.06515149719128,37.90754850280872,38.0899127221877,37.882787277812305
2026-06-18,LAA,76,32.6973,0.03961650046199755,32.76246334447204,32.63213665552796,32.774946914099026,32.61965308590097,32.79934534279407,32.59525465720593
2026-06-18,MIL,73,36.7875,0.038612196681704486,36.85101141175647,36.723988588243536,36.86317851486012,36.711821485139886,36.88695842768713,36.688041572312876
2026-06-18,MIN,76,36.80215,0.040224509561130405,36.86831343044397,36.735986569556026,36.8809885900356,36.723311409964396,36.90576147044844,36.698538529551556
2026-06-18,NYM,75,42.4783,0.039232428100625376,42.54283160165542,42.41376839834457,42.55519414610328,42.40140585389671,42.579356037950966,42.37724396204903
2026-06-18,NYY,75,40.96575,0.039545948477398445,41.030797296784286,40.900702703215714,41.043258634750174,40.888241365249826,41.06761361292472,40.86388638707528
2026-06-18,PHI,75,41.69,0.03964150063290514,41.75520446609383,41.624795533906166,41.767695913533615,41.61230408646638,41.792109738966886,41.58789026103311
2026-06-18,SEA,76,42.00855,0.03953279634650649,42.073575663454086,41.94352433654591,42.08603285704731,41.93106714295269,42.11037973528056,41.90672026471944
2026-06-18,SFG,75,36.94215,0.03962131574428176,37.00732126490657,36.876978735093424,37.01980635187888,36.86449364812112,37.044207746139286,36.84009225386071
2026-06-18,STL,75,33.81245,0.0395965547015422,33.87758053661561,33.747319463384386,33.89005782112689,33.73484217887311,33.91444396591981,33.71045603408019
2026-06-18,TEX,74,36.8064,0.03932452508185749,36.87108308770903,36.74171691229096,36.88347465286958,36.72932534713041,36.90769326405399,36.705106735946
2026-06-18,TOR,75,41.4241,0.03942612941291629,41.488950211961495,41.35924978803851,41.50137379369913,41.346826206300875,41.525654979467305,41.3225450205327
2026-06-19,ARI,75,36.6854,0.0393235128000152,36.75008142265358,36.62071857734642,36.76247266883363,36.60832733116637,36.78669065658876,36.58410934341124
2026-06-19,ATH,76,36.83925,0.03983095275178413,36.90476608709871,36.77373391290129,36.91731723286341,36.76118276713659,36.941847735286316,36.73665226471368
2026-06-19,ATL,76,41.1999,0.0394573800922234,41.264801614754695,41.134998385245304,41.277235043905065,41.122564956094934,41.301535475882815,41.098264524117184
2026-06-19,BAL,77,40.5972,0.04058491055488782,40.663956237325706,40.530443762674295,40.67674496300336,40.51765503699664,40.70173980188919,40.49266019811081
2026-06-19,CHC,76,40.73685,0.03938162832473377,40.80162701418519,40.6720729858148,40.81403657316902,40.659663426830974,40.838290352260316,40.63540964773968
2026-06-19,CHW,75,31.58585,0.03909217183490749,31.65015090062806,31.521549099371942,31.66246924887387,31.509230751126132,31.686544761751723,31.48515523824828
2026-06-19,CIN,75,35.7692,0.039435698633552035,35.834065951928764,35.70433404807123,35.846492549026934,35.69190745097306,35.870779628146224,35.66762037185377
2026-06-19,CLE,77,35.2968,0.040179425173966256,35.36288927322622,35.23071072677377,35.37555022626049,35.2180497737395,35.40029534076285,35.19330465923714
2026-06-19,COL,76,28.97695,0.03822792177944254,29.039829335789733,28.914070664210264,29.05187534989152,28.902024650108476,29.07541860113326,28.878481398866736
2026-06-19,DET,76,40.79685,0.04004465235938671,40.862717591673345,40.73098240832665,40.87533607639782,40.718363923602176,40.899998188997735,40.69370181100226
2026-06-19,HOU,77,39.4109,0.040415587716703075,39.47737772604119,39.344422273958806,39.49011309633875,39.33168690366124,39.51500365516083,39.306796344839164
2026-06-19,KCR,77,38.5275,0.040563277190986693,38.59422065360864,38.46077934639137,38.607002562389255,38.44799743761075,38.631984078036524,38.42301592196348
2026-06-19,LAA,77,33.14365,0.03999588375584255,33.20943737445893,33.07786262554107,33.2220404916913,33.0652595083087,33.246672569399635,33.04062743060037
2026-06-19,LAD,76,47.0083,0.038542130588376924,47.07169616328873,46.94490383671127,47.083841187840655,46.93275881215934,47.107577949390745,46.90902205060925
2026-06-19,MIA,76,33.8038,0.039907642237990516,33.86944223007824,33.73815776992176,33.88201754149437,33.725582458505635,33.90659527431217,33.70100472568784
2026-06-19,MIL,74,37.24695,0.03894398691172792,37.31100715811971,37.18289284188029,37.323278811761384,37.17062118823861,37.34726306268425,37.14663693731575
2026-06-19,MIN,77,37.29795,0.04061134390706231,37.36474971632091,37.23115028367909,37.37754677142161,37.21835322857839,37.40255788969231,37.19334211030769
2026-06-19,NYY,76,41.54475,0.039899178802306895,41.61037830896536,41.47912169103464,41.62295095346525,41.46654904653475,41.64752347394652,41.44197652605348
2026-06-19,PIT,76,37.37605,0.03982789390529755,37.44156105574397,37.31053894425603,37.454111237634464,37.297988762365534,37.4786398562199,37.2734601437801
2026-06-19,SDP,74,38.1489,0.039110905418388575,38.21323171463079,38.08456828536921,38.22555596602279,38.072244033977206,38.24964301626501,38.048156983734984
2026-06-19,SFG,76,37.48915,0.0399625945644576,37.55488261861174,37.42341738138826,37.56747524607511,37.41082475392489,37.592086822124976,37.38621317787503
2026-06-19,STL,76,34.2713,0.039938822854192285,34.33699351762789,34.205606482372104,34.34957865437914,34.193021345620856,34.374175590257074,34.16842440974292
2026-06-19,TBR,74,36.62615,0.03947160003389096,36.69107500447733,36.56122499552268,36.7035129144786,36.548787085521404,36.72782210402526,36.52447789597475
2026-06-19,TEX,75,37.30525,0.03966468563141912,37.37049260202273,37.24000739797727,37.38299135529569,37.227508644704315,37.40741945956547,37.203080540434534
2026-06-19,TOR,76,41.9555,0.03977430184496465,42.020922904649154,41.89007709535085,42.033456199126356,41.877543800873646,42.05795181222046,41.85304818777954
2026-06-19,WSN,76,31.1871,0.039065470495685144,31.251356980833393,31.12284301916661,31.263666915210656,31.110533084789346,31.287725983659712,31.08647401634029
2026-06-20,ARI,76,37.1984,0.03969522209955358,37.26369283004309,37.13310716995691,37.276201205673445,37.120598794326554,37.30064811629491,37.09615188370509
2026-06-20,ATH,77,37.3871,0.040247343663074295,37.45330098919937,37.32089901080062,37.46598334405303,37.308216655946964,37.49077028719735,37.28342971280264
2026-06-20,ATL,77,41.74375,0.0398341390619498,41.80927132811254,41.67822867188746,41.82182347791658,41.665676522083416,41.84635594267741,41.641144057322585
2026-06-20,BAL,78,41.0337,0.040910718642490095,41.100992143940296,40.96640785605971,41.113883535120934,40.95351646487907,41.13907902790857,40.928320972091434
2026-06-20,BOS,75,39.9866,0.04063635795293883,40.053440860764994,39.91975913923501,40.06624579805064,39.90695420194937,40.091272321604684,39.88192767839532
2026-06-20,BOS,76,39.73275,0.04021327177980388,39.7988949459386,39.66660505406141,39.81156656438894,39.653933435611066,39.836332523841996,39.62916747615801
2026-06-20,BOS,77,41.70711049832578,0.07959201262958987,41.83802770897593,41.576193287675636,41.86310797653684,41.55111302011473,41.912125936785515,41.50209505986605
2026-06-20,BOS,78,40.70711049832578,0.07959201262958987,40.83802770897593,40.576193287675636,40.86310797653684,40.55111302011473,40.912125936785515,40.50209505986605
2026-06-20,CHC,77,41.206,0.039714129231333106,41.27132392950738,41.140676070492624,41.28383826297078,41.128161737029224,41.308296817839,41.103703182161006
2026-06-20,CHW,76,31.98095,0.039466216362690536,32.045866149126226,31.916033850873777,32.05830236267694,31.90359763732306,32.08260823660722,31.879291763392782
2026-06-20,CIN,76,36.1973,0.03979054912777648,36.262749629051214,36.13185037094878,36.27528804321551,36.119311956784486,36.29979366244763,36.09480633755237
2026-06-20,CLE,78,35.7614,0.04056840879045653,35.828129094338635,35.69467090566137,35.84091262013939,35.68188737986061,35.86589729616081,35.656902703839194
2026-06-20,COL,77,29.38185,0.03855361653518904,29.445265055990003,29.318434944009997,29.45741369988274,29.30628630011726,29.481157535229126,29.282542464770874
2026-06-20,DET,77,41.40175,0.040421517064888834,41.46823747895106,41.33526252104894,41.480974717647655,41.322525282352345,41.505868928149646,41.297631071850354
2026-06-20,HOU,78,39.9463,0.04077767718308415,40.013373310213254,39.87922668978675,40.02622277865205,39.86637722134795,40.051336335818846,39.841263664181156
2026-06-20,LAA,78,33.5958,0.04037168081255209,33.66220550561065,33.529394494389344,33.67492704038795,33.516672959612045,33.69979055847049,33.491809441529504
2026-06-20,LAD,77,47.5718,0.038914109952531056,47.63580801489501,47.507791985104994,47.648070253997396,47.49552974600261,47.67203610473726,47.47156389526275
2026-06-20,MIA,77,34.2515,0.04025541469691527,34.317714264868656,34.185285735131345,34.33039916298868,34.17260083701132,34.355191076802825,34.147808923197175
2026-06-20,MIL,75,37.7031,0.03928956226512505,37.76772557899312,37.638474421006876,37.78010612700799,37.62609387299201,37.804303205806114,37.601896794193884
2026-06-20,MIN,78,37.78495,0.041016268620994695,37.85241575820526,37.71748424179474,37.86534040927737,37.70455959072263,37.890600906636195,37.67929909336381
2026-06-20,NYM,76,42.981,0.0395773327583278,43.0460989193326,42.9159010806674,43.05857014681048,42.90342985318952,43.08294445347521,42.879055546524796
2026-06-20,NYY,77,42.11665,0.040243236882496765,42.182844234146444,42.050455765853556,42.19552529491101,42.03777470508899,42.22030970883159,42.01299029116841
2026-06-20,PHI,76,42.1873,0.04002194427187621,42.253130240193244,42.12146975980676,42.265741569364145,42.108858430635856,42.2903896968405,42.0842103031595
2026-06-20,PIT,77,37.97115,0.04017426517628057,38.03723078578532,37.905069214214684,38.049890112850875,37.89240988714913,38.07463204948961,37.867667950510395
2026-06-20,SDP,75,38.65255,0.0395313743924123,38.717573324547736,38.58752667545226,38.730030070068494,38.5750699299315,38.754376072569535,38.55072392743046
2026-06-20,SEA,77,43.01765,0.04028142318150737,43.083907045018876,42.95139295498113,43.09660013868177,42.938699861318234,43.12140807021959,42.91389192978042
2026-06-20,SEA,78,42.7547,0.039867541516167365,42.82027627026051,42.68912372973949,42.83283894552385,42.67656105447615,42.857391981697795,42.652008018302205
2026-06-20,SEA,79,44.64765164479939,0.07669846086344453,44.77380938633222,44.52149390326656,44.797977865761396,44.49732542383738,44.84521378782855,44.45008950177023
2026-06-20,SEA,80,43.64765164479939,0.07669846086344453,43.77380938633222,43.52149390326656,43.797977865761396,43.49732542383738,43.84521378782855,43.45008950177023
2026-06-20,SFG,77,38.04145,0.0403191378444385,38.10776908011898,37.97513091988102,38.120474058062804,37.96242594193719,38.14530521675353,37.93759478324647
2026-06-20,TBR,75,37.21155,0.039843684641800915,37.27708702919418,37.14601297080583,37.289642186909305,37.1334578130907,37.31418053046171,37.10891946953829
2026-06-20,TEX,76,37.8016,0.040007398085792595,37.86740631384631,37.73579368615369,37.880013059363314,37.72318694063669,37.904652228348134,37.69854777165187
2026-06-20,TOR,77,42.48635,0.040086668992653264,42.55228670288497,42.42041329711503,42.56491842748578,42.407781572514224,42.58960641667294,42.38309358332706
2026-06-20,WSN,77,31.6017,0.03942886743592019,31.666554715608562,31.53684528439144,31.678979160125607,31.524420839874395,31.70326203214719,31.50013796785281
2026-06-21,ARI,77,37.7032,0.04005515832930186,37.76908487245607,37.637315127543935,37.781706667720485,37.62469333227952,37.80637525058291,37.600024749417095
2026-06-21,ATH,78,37.9391,0.040628587147532896,38.00592807892754,37.87227192107247,38.01873056755191,37.859469432448094,38.04375230533641,37.834447694663595
2026-06-21,ATL,78,42.2868,0.04014832353155136,42.352838115576894,42.220761884423105,42.365489268161504,42.208110731838495,42.39021522824093,42.183384771759066
2026-06-21,BAL,79,41.4644,0.0412878537386397,41.53231247597104,41.396487524028956,41.54532270632669,41.38347729367331,41.57075046354063,41.35804953645937
2026-06-21,BOS,77,39.88708704684045,0.04672854935133582,39.96394867072318,39.81022542295772,39.97867332061887,39.79550077306203,40.007451813571954,39.766722280108944
2026-06-21,BOS,79,41.730549537128226,0.08194844677355051,41.865342737026744,41.59575633722971,41.891165541393384,41.56993353286307,41.94163474770785,41.5194643265486
2026-06-21,CHC,78,41.67475,0.04010365989597271,41.74071465043392,41.608785349566084,41.753351729044354,41.59614827095565,41.778050182339605,41.5714498176604
2026-06-21,CHW,77,32.3812,0.039854971445698405,32.446755594334505,32.315644405665495,32.45931430863844,32.30308569136156,32.483859603341934,32.278540396658066
2026-06-21,CIN,77,36.61725,0.04010184571533438,36.683211666372316,36.55128833362768,36.69584817331564,36.53865182668436,36.720545509319955,36.51395449068004
2026-06-21,CLE,79,36.2231,0.04089975499924113,36.290374110351934,36.15582588964807,36.303262046775025,36.14293795322498,36.32845078743502,36.11774921256499
2026-06-21,COL,78,29.78965,0.03890463754382145,29.85364243416919,29.725657565830815,29.865901688417477,29.713398311582527,29.889861705429325,29.689438294570678
2026-06-21,DET,78,42.0015,0.040828093687578865,42.068656237983525,41.934343762016475,42.08152159318508,41.92147840681492,42.10666620012851,41.89633379987149
2026-06-21,HOU,79,40.4846,0.04115401346942047,40.552292328318785,40.416907671681216,40.56526038421934,40.40393961578066,40.59060571385318,40.37859428614682
2026-06-21,KCR,78,39.0718,0.040917550639029104,39.13910338157458,39.00449661842543,39.151996925588094,38.99160307441191,39.17719662596546,38.96640337403455
2026-06-21,LAA,79,34.0438,0.0407536761667711,34.11083383205452,33.97676616794548,34.12367573752448,33.963924262475516,34.14877451329771,33.938825486702285
2026-06-21,LAD,78,48.1411,0.039248586752622015,48.20565818027277,48.07654181972723,48.21802581647923,48.06417418352077,48.24219765988029,48.04000234011971
2026-06-21,MIA,78,34.6998,0.04064039345379189,34.76664749857321,34.6329525014268,34.77945370748697,34.620146292513034,34.80448271636604,34.59511728363397
2026-06-21,MIL,76,38.16005,0.0396629595137941,38.22528976281189,38.094810237188106,38.237787972167304,38.08231202783269,38.2622150133811,38.057884986618895
2026-06-21,MIN,79,38.28015,0.04139334450516738,38.348235992840976,38.21206400715902,38.361279464429785,38.19902053557021,38.38677218974831,38.17352781025169
2026-06-21,NYM,77,43.4796,0.03993487112407642,43.54528701761028,43.41391298238972,43.557870909130436,43.40132909086956,43.582465411274846,43.37673458872515
2026-06-21,NYY,78,42.6967,0.04059492397939227,42.76347270794332,42.62992729205668,42.77626458895475,42.61713541104525,42.80126559476146,42.59213440523854
2026-06-21,PHI,77,42.6887,0.04039698270057503,42.755147123512934,42.62225287648706,42.76787663117721,42.609523368822785,42.7927557318151,42.584644268184896
2026-06-21,PIT,78,38.56335,0.040535805116585825,38.630025466067416,38.496674533932584,38.64279871811284,38.48390128188716,38.667763314662245,38.458936685337754
2026-06-21,SDP,76,39.16075,0.039841872955686024,39.2262840492357,39.0952159507643,39.238838636069765,39.082661363930235,39.26337586386753,39.05812413613247
2026-06-21,SEA,79,42.93650362933315,0.04675041510067824,43.01340121917299,42.859606039493315,43.02813275919278,42.844874499473526,43.05692471850256,42.81608254016375
2026-06-21,SEA,81,44.70336565887051,0.07897578686671644,44.83326926833958,44.57346204940144,44.85815535677999,44.54857596096103,44.90679380495263,44.49993751278839
2026-06-21,SFG,78,38.59315,0.04067497850729393,38.6600543859239,38.5262456140761,38.672871492946236,38.51342850705377,38.69792180156031,38.48837819843969
2026-06-21,STL,77,34.727,0.0403244324571673,34.79332778898193,34.66067221101807,34.806034435313066,34.64796556468693,34.83086885477215,34.623131145227845
2026-06-21,TBR,76,37.79815,0.04024924010390056,37.86435410856694,37.73194589143306,37.87703706100875,37.71926293899125,37.901825172105205,37.694474827894794
2026-06-21,TEX,77,38.2934,0.04034138313642292,38.35975567036818,38.227044329631816,38.37246765803392,38.21433234196608,38.39731251682849,38.189487483171504
2026-06-21,TOR,78,43.0176,0.04050279664204419,43.08422117195835,42.950978828041656,43.09698402269156,42.938215977308445,43.12192829046626,42.913271709533745
2026-06-21,WSN,78,32.0151,0.03980436934421841,32.080572361284354,31.949627638715643,32.09311513034199,31.937084869657998,32.11762926096612,31.912570739033875
2026-06-22,ARI,78,38.24065,0.0403790589575229,38.307067641579174,38.17423235842083,38.31979150128637,38.16150849871364,38.34465956331252,38.136640436687486
2026-06-22,ATL,79,42.8181,0.04054408477991005,42.88478908490166,42.75141091509834,42.89756494595476,42.73863505404524,42.92253464166166,42.71366535833834
2026-06-22,BAL,80,42.0564,0.04170543033162407,42.12499932834454,41.98780067165545,42.138141141409726,41.97465885859027,42.16382606956531,41.94897393043468
2026-06-22,BOS,78,40.53146150237888,0.04705708532777252,40.60886351985403,40.45405948490373,40.62369169483875,40.439231309919016,40.65267252170576,40.410250483052
2026-06-22,BOS,80,42.69115619460311,0.08211361658971053,42.826221074672794,42.556091314533425,42.85209592575927,42.53021646344695,42.90266685443527,42.47964553477095
2026-06-22,CHC,79,42.15005,0.04052781606586702,42.216712325248366,42.083387674751634,42.22948305986117,42.070616940138834,42.2544427362313,42.0456572637687
2026-06-22,CHW,78,32.83405,0.04018882042234323,32.90015472703459,32.767945272965406,32.91281864060894,32.755281359391056,32.937569541318936,32.73053045868106
2026-06-22,CIN,78,37.09245,0.040448077237646325,37.158981166547555,37.025918833452444,37.17172677462968,37.013173225370316,37.19663734262094,36.98826265737906
2026-06-22,CLE,80,36.77025,0.04124303936775056,36.83808876289054,36.70241123710945,36.85108487177376,36.68941512822624,36.87648502937087,36.664014970629125
2026-06-22,COL,79,30.14545,0.039227052565259685,30.209972759686583,30.080927240313418,30.22233361024757,30.06856638975243,30.24649219148945,30.044407808510552
2026-06-22,DET,79,42.4851,0.04121060318887314,42.55288541012408,42.41731458987593,42.56587129803137,42.40432870196864,42.59125147931083,42.37894852068918
2026-06-22,HOU,80,40.9413,0.041572877344568514,41.009681298083024,40.87291870191697,41.022781342329054,40.85981865767094,41.04838463569698,40.83421536430301
2026-06-22,KCR,79,39.5686,0.04129606482763841,39.63652598201057,39.50067401798944,39.64953879976541,39.4876612002346,39.67497161390429,39.46222838609572
2026-06-22,LAA,80,34.4518,0.041098276015115,34.519400648364915,34.38419935163508,34.53235114081631,34.37124885918369,34.55766214368507,34.345937856314926
2026-06-22,LAD,79,48.7615,0.03961280533132327,48.82665726652295,48.696342733477046,48.83913967177599,48.68386032822401,48.8635358247682,48.6594641752318
2026-06-22,MIA,79,35.14825,0.0410073490609774,35.21570108683461,35.08079891316538,35.22862292726098,35.067877072739016,35.253877931372124,35.04262206862787
2026-06-22,MIL,77,38.68485,0.04003138330681898,38.7506957660241,38.61900423397589,38.76331006953268,38.606389930467316,38.7879640101833,38.58173598981669
2026-06-22,MIN,80,38.65975,0.04173285370579048,38.728394435781006,38.591105564219,38.74154489023543,38.577955109764574,38.7672467074961,38.552253292503906
2026-06-22,NYM,78,44.0043,0.04029268234447199,44.07057556469391,43.93802443530609,44.08327220623568,43.925327793764325,44.10808707190148,43.90051292809852
2026-06-22,NYY,79,43.2131,0.04095416073690292,43.280463599826845,43.14573640017315,43.29336868006139,43.1328313199386,43.318590927328366,43.10760907267163
2026-06-22,PHI,78,43.3176,0.040704598698645254,43.38455310680307,43.25064689319693,43.3973795474545,43.2378204525455,43.422448098117165,43.21275190188283
2026-06-22,SDP,77,39.62945,0.040225837974827074,39.695615615490055,39.56328438450994,39.708291193678605,39.55060880632139,39.73306489221537,39.52583510778463
2026-06-22,STL,78,35.18955,0.04064115678787016,35.256398754146026,35.12270124585397,35.26920520359427,35.109894796405726,35.29423468258432,35.08486531741568
2026-06-22,TBR,77,38.30135,0.040625600682901386,38.36817316663035,38.23452683336965,38.380974714188795,38.2217252858112,38.40599461271329,38.196705387286706
2026-06-22,TEX,78,38.84495,0.040691992661804385,38.911882371717645,38.77801762828235,38.9247048400763,38.76519515992369,38.94976562711807,38.740134372881926
2026-06-22,TOR,79,43.5609,0.04090847387353553,43.628188451623934,43.49361154837606,43.641079135454625,43.48072086454537,43.66627324576692,43.45552675423308
2026-06-22,WSN,79,32.3862,0.0401399182691238,32.452224290150504,32.3201757098495,32.46487279414987,32.307527205850135,32.48959357771967,32.28280642228034
2026-06-23,ARI,79,38.77325,0.040726277185100836,38.84023876474014,38.70626123525985,38.85307203650719,38.6934279634928,38.87815393819783,38.66834606180216
2026-06-23,ATH,79,38.42595,0.040979687610020035,38.49335558779668,38.35854441220332,38.50626871181334,38.34563128818666,38.531506680196166,38.320393319803834
2026-06-23,ATL,80,43.34185,0.04089270154351458,43.409112508449695,43.27458749155031,43.42199822225584,43.261701777744165,43.44718261893706,43.23651738106294
2026-06-23,BAL,81,42.6466,0.04202188375044252,42.71571984789825,42.57748015210175,42.72896137871339,42.564238621286606,42.75484119955471,42.53835880044529
2026-06-23,BOS,79,41.16678951953361,0.047422404949922364,41.24479243431425,41.08878660475297,41.259735725295734,41.073843313771484,41.28894153984838,41.04463749921884
2026-06-23,BOS,81,43.46050817411857,0.08226979035107244,43.59582993716607,43.32518641107107,43.62175400022234,43.29926234801481,43.67242111090169,43.24859523733546
2026-06-23,CHC,80,42.6268,0.04094331332153397,42.69414575741634,42.55945424258367,42.70704741951795,42.54655258048206,42.73226298623799,42.521337013762015
2026-06-23,CHW,79,33.289,0.040559354075973025,33.355714200658674,33.22228579934133,33.36849487322512,33.209505126774886,33.39347397276191,33.18452602723809
2026-06-23,CIN,79,37.57215,0.04083182681168013,37.63931237842625,37.504987621573754,37.65217890997387,37.49212109002613,37.67732581601896,37.466974183981044
2026-06-23,CLE,81,37.3153,0.04159790637508979,37.38372246717466,37.246877532825344,37.396830398327445,37.233769601672556,37.42244910620724,37.20815089379276
2026-06-23,COL,80,30.50325,0.03955891451064939,30.568318624011106,30.438181375988897,30.580784047708374,30.42571595229163,30.605147011213116,30.401352988786886
2026-06-23,DET,80,42.9749,0.041559654230310855,43.043259547995575,42.90654045200442,43.056355425501344,42.89344457449865,43.08195057521179,42.867849424788204
2026-06-23,HOU,81,41.40245,0.041963999436867766,41.471474636675126,41.33342536332488,41.48469792754352,41.32020207245648,41.5105420994436,41.294357900556406
2026-06-23,KCR,80,40.0637,0.04169824999568502,40.13228751774293,39.99511248225706,40.14542706820989,39.981972931790104,40.17110757424559,39.956292425754405
2026-06-23,LAA,81,34.8616,0.041443191828181444,34.929767984391034,34.79343201560897,34.942827163387626,34.78037283661238,34.96835058794363,34.75484941205637
2026-06-23,LAD,80,49.3831,0.03994792249073227,49.44880848519806,49.31739151480194,49.46139648933903,49.30480351066097,49.48599902936753,49.28020097063247
2026-06-23,MIA,80,35.59185,0.041428480479311865,35.65999378637549,35.523706213624514,35.67304832967367,35.51065167032633,35.69856269402012,35.48513730597988
2026-06-23,MIL,78,39.20515,0.04040432896813109,39.271609207047774,39.13869079295223,39.28434102959705,39.125958970402955,39.30922465454635,39.10107534545366
2026-06-23,MIN,81,39.03815,0.0420329997445861,39.107288132081536,38.96901186791847,39.12053316566157,38.955766834338434,39.14641983245817,38.92988016754183
2026-06-23,NYM,79,44.52755,0.04065580763691374,44.594422852648215,44.46067714735178,44.607233918730735,44.44786608126926,44.63227242067061,44.422827579329386
2026-06-23,NYY,80,43.7233,0.04124841726777343,43.79114760874891,43.655452391251096,43.80414541226412,43.642454587735884,43.829548881923344,43.61705111807666
2026-06-23,PHI,79,43.94305,0.04105690707245154,44.01058260250953,43.87551739749047,44.023520059178615,43.862579940821384,44.048805584350305,43.837294415649694
2026-06-23,PIT,79,39.006,0.04094498778362552,39.07334851166138,38.93865148833862,39.08625070140334,38.92574929859666,39.11146729936652,38.900532700633484
2026-06-23,SDP,78,40.1057,0.040560616781327295,40.17241627762415,40.038983722375846,40.185197348082134,40.02620265191786,40.21017722527536,40.00122277472464
2026-06-23,SEA,80,43.48999389457974,0.04716876251188533,43.567579604676226,43.412408184483255,43.58244297029836,43.39754481886112,43.61149257526999,43.36849521388949
2026-06-23,SEA,82,45.53261076250238,0.07933395657508191,45.66310350871532,45.40211801628944,45.688102460140605,45.377119064864154,45.73696149261495,45.32826003238981
2026-06-23,SFG,79,39.1063,0.04106658421048608,39.17384851998512,39.038751480014874,39.186789026020634,39.02581097397936,39.21208051100603,39.000519488993966
2026-06-23,STL,79,35.65695,0.040967880751115945,35.724336167241994,35.58956383275801,35.73724557079512,35.576654429204886,35.762476267743025,35.55142373225698
2026-06-23,TBR,78,38.80625,0.04102657316740321,38.87373270767579,38.738767292324205,38.886660605817205,38.72583939418279,38.91192744938879,38.700572550611206
2026-06-23,TEX,79,39.40135,0.04102228114394051,39.468825647925435,39.33387435207457,39.4817521936058,39.3209478063942,39.50701639386899,39.295683606131014
2026-06-23,TOR,80,44.09975,0.041257546050756544,44.167612624260705,44.031887375739295,44.18061330434998,44.01888669565002,44.20602239611006,43.99347760388994
2026-06-23,WSN,80,32.76075,0.04048200108067245,32.8273369663038,32.694163033696206,32.84009326414023,32.681406735859774,32.8650247246499,32.656475275350104
2026-06-24,ARI,80,39.31225,0.04107641489307475,39.37981469001904,39.24468530998096,39.39275829380445,39.23174170619555,39.418055833166314,39.206444166833684
2026-06-24,ATH,80,38.92155,0.04138623467888866,38.989624298217436,38.85347570178257,39.002665529426345,38.84043447057366,39.02815387604944,38.81494612395057
2026-06-24,ATL,81,43.86415,0.04121892391680606,43.931949096503594,43.79635090349641,43.94493760635844,43.78336239364157,43.97032291208566,43.75797708791434
2026-06-24,BAL,82,43.24375,0.042397602228294896,43.31348784979925,43.174012150200745,43.32684777339831,43.160652226601684,43.35295898621985,43.134541013780144
2026-06-24,BOS,80,41.80506600549487,0.04776980803544811,41.88364034750075,41.72649166348899,41.89869310879274,41.711438902197,41.92811287685748,41.68201913413226
2026-06-24,BOS,82,44.15836123695095,0.08271181081718303,44.29441005896532,44.022312414936586,44.32047340724872,43.996249066653185,44.37141274300345,43.94530973089846
2026-06-24,CHC,81,43.10505,0.04129704586498725,43.1729775956734,43.037122404326595,43.185990722563275,43.02410927743672,43.21142414088904,42.99867585911096
2026-06-24,CHW,80,33.7447,0.040914298166896595,33.81199803173399,33.67740196826601,33.824890550859855,33.66450944914015,33.85008824815243,33.63931175184757
2026-06-24,CIN,80,38.04645,0.04120284581919298,38.114222650386424,37.97867734961358,38.12720609386618,37.96569390613382,38.15258149765069,37.940318502349314
2026-06-24,CLE,82,37.8596,0.04197490305675926,37.92864257153385,37.79055742846615,37.941869298245805,37.777330701754195,37.96772018530722,37.75147981469278
2026-06-24,COL,81,30.8602,0.03988210534959689,30.925800225634745,30.794599774365253,30.938367490112842,30.782032509887156,30.962929495646716,30.757470504353282
2026-06-24,DET,81,43.4513,0.04192558053521922,43.520261443205406,43.3823385567946,43.533472627879966,43.36912737212004,43.559293138910924,43.34330686108908
2026-06-24,HOU,82,41.85855,0.04235247078346275,41.928213615178535,41.78888638482147,41.94155931739187,41.77554068260813,41.967642735321746,41.749457264678256
2026-06-24,KCR,81,40.56335,0.04207395690646984,40.632555500617805,40.494144499382195,40.64581344022377,40.48088655977623,40.67172533111594,40.45497466888406
2026-06-24,LAA,82,35.26445,0.04179632946244002,35.333198844109546,35.19570115589045,35.34636930043235,35.18253069956764,35.37211021021013,35.15678978978986
2026-06-24,LAD,81,49.9976,0.040313223262330306,50.063909351497145,49.93129064850285,50.076612465694886,49.91858753430511,50.101439981799615,49.89376001820038
2026-06-24,MIA,81,36.0348,0.04180115805621588,36.10355678643953,35.96604321356046,36.116728764302245,35.95287123569775,36.142472647843476,35.92712735215652
2026-06-24,MIL,79,39.73085,0.04076700272647673,39.79790575229458,39.66379424770541,39.810751857101536,39.65094814289846,39.83585884024071,39.62584115975928
2026-06-24,MIN,82,39.42365,0.04237208165219379,39.4933458721871,39.353954127812905,39.50669775398829,39.34060224601171,39.53279324957209,39.31450675042792
2026-06-24,NYM,80,45.0493,0.04100009177887646,45.11673914966783,44.981860850332176,45.12965870324944,44.968941296750565,45.15490923785222,44.94369076214778
2026-06-24,NYY,81,44.2469,0.04160364842989291,44.31533191201432,44.17846808798567,44.32844165254805,44.16535834745194,44.35406389676026,44.139736103239734
2026-06-24,PHI,80,44.57535,0.041417531185108915,44.6434757763892,44.5072242236108,44.656526869451376,44.494173130548624,44.682034490507256,44.468665509492745
2026-06-24,PIT,80,39.44125,0.04133125736675308,39.509233868586165,39.37326613141383,39.522257775874586,39.36024222412541,39.5477122638778,39.334787736122195
2026-06-24,SDP,79,40.5834,0.04092084979319704,40.65070880820027,40.516091191799724,40.663603391811435,40.50319660818856,40.68880512402344,40.477994875976556
2026-06-24,SEA,81,44.055559324333494,0.04762058324587905,44.133888213403026,43.97723043526396,44.148893952418206,43.96222469624878,44.178221818110316,43.93289683055667
2026-06-24,SEA,83,46.212587944476134,0.07963950666007562,46.343583275854584,46.08159261309768,46.36867850927642,46.05649737967585,46.41772571945133,46.007450169500935
2026-06-24,SFG,80,39.6107,0.041432150639996036,39.6788498232526,39.542550176747405,39.691905523056434,39.52949447694357,39.717422147727554,39.50397785227245
2026-06-24,STL,80,36.11795,0.041360578148113926,36.185982096979735,36.049917903020265,36.19901524355006,36.03688475644994,36.22448778920564,36.01141221079436
2026-06-24,TBR,79,39.3066,0.04135668435412885,39.374625692258576,39.23857430774143,39.38765761185409,39.22554238814592,39.41312775945699,39.200072240543015
2026-06-24,TEX,80,39.9584,0.041420155159809305,40.0265300924435,39.890269907556494,40.03958201234728,39.87721798765271,40.065091249418174,39.85170875058182
2026-06-24,TOR,81,44.64365,0.0416125559671081,44.71209656360922,44.57520343639078,44.72520911100019,44.56209088899981,44.750836841055644,44.53646315894436
2026-06-24,WSN,81,33.12845,0.04082671761136977,33.19560397453959,33.061296025460415,33.208468896125275,33.04843110387473,33.23361265559108,33.02328734440892
2026-06-25,ARI,81,39.8548,0.04148230812158805,39.92303232496811,39.78656767503188,39.936103829913904,39.77349617008609,39.96165134483843,39.747948655161565
2026-06-25,ATH,81,39.40405,0.041751548946919015,39.47272518671618,39.33537481328381,39.48588153223472,39.322218467765275,39.51159486324603,39.296505136753964
2026-06-25,BOS,81,42.289754070897274,0.04817249263372198,42.368990770125144,42.210517371669404,42.38417042150489,42.19533772028966,42.41383818904821,42.16566995274634
2026-06-25,BOS,83,44.66358085483553,0.08338806235265656,44.80074201164075,44.52641969803031,44.82701845378732,44.50014325588374,44.87837426940967,44.44878744026139
2026-06-25,CHC,82,43.58135,0.04167008433722489,43.64989118935746,43.51280881064254,43.66302186453371,43.49967813546629,43.68868502431718,43.47401497568282
2026-06-25,DET,82,43.9776,0.04231399810608521,44.04720033325562,43.90799966674439,44.060533912329824,43.89466608767018,44.08659363627197,43.868606363728034
2026-06-25,HOU,83,42.33225,0.04271450834711969,42.40250911397821,42.26199088602179,42.41596889797769,42.24853110202231,42.4422752822872,42.222224717712805
2026-06-25,KCR,82,41.0595,0.042414831585153356,41.12926618956938,40.98973381043062,41.14263154231723,40.97636845768277,41.16875336610213,40.95024663389787
2026-06-25,NYM,81,45.573,0.041391052305547335,45.64108222250812,45.50491777749188,45.65412497180109,45.49187502819891,45.679616285433355,45.466383714566646
2026-06-25,NYY,82,44.7596,0.041977356954968556,44.828646607837214,44.69055339216278,44.84187410779792,44.67732589220208,44.86772650613014,44.65147349386986
2026-06-25,PHI,81,45.20215,0.0417507056820152,45.27082379966885,45.13347620033116,45.28397987946588,45.120320120534124,45.30969269113958,45.094607308860425
2026-06-25,PIT,81,39.8842,0.0416747688334065,39.95274889466799,39.81565110533201,39.96588104597751,39.80251895402249,39.99154709077971,39.77685290922029
2026-06-25,SEA,82,44.61318770775388,0.04800938994242506,44.6921561269284,44.53421928857936,44.70728438296077,44.51909103254699,44.736851701213084,44.48952371429468
2026-06-25,SEA,84,46.81821639094885,0.08002317641507391,46.94984280291536,46.68658997898233,46.97505893465089,46.66137384724681,47.024342433721856,46.61209034817584
2026-06-25,SFG,81,40.1282,0.041819142507158194,40.1969863682289,40.0594136317711,40.21016401317838,40.04623598682162,40.235918972719226,40.02048102728077
2026-06-25,STL,81,36.5754,0.041725744977048694,36.64403274296275,36.506767257037254,36.65718095738312,36.493619042616885,36.68287839662429,36.467921603375714
2026-06-25,TBR,80,39.81045,0.04174563659574198,39.87911546176391,39.7417845382361,39.89226994423935,39.728630055760654,39.917979634038616,39.70292036596139
2026-06-25,TEX,81,40.40895,0.04177275120233461,40.4776600613229,40.340239938677094,40.49082308789173,40.32707691210827,40.516549476636825,40.30135052336317
2026-06-25,TOR,82,45.1931,0.04194834445696431,45.26209888652465,45.124101113475355,45.27531724434673,45.11088275565327,45.301151774887614,45.08504822511239
2026-06-25,WSN,82,33.50165,0.04114589302835267,33.56932897138184,33.43397102861815,33.58229446844731,33.42100553155269,33.60763479698312,33.395665203016875
2026-06-26,ARI,82,40.3489,0.041857867164395685,40.417750064621806,40.280049935378194,40.430939912111874,40.266860087888126,40.45671872082611,40.24108127917389
2026-06-26,ATH,82,39.95585,0.042182093420375266,40.02523336935491,39.88646663064509,40.038525383896435,39.87317461610356,40.06450387231724,39.84719612768276
2026-06-26,ATL,82,44.40075,0.041602451971915096,44.46917994401608,44.33232005598392,44.48228930753351,44.31921069246649,44.507910814888746,44.29358918511126
2026-06-26,BAL,83,43.86695,0.042731647341978686,43.93723730511607,43.796662694883935,43.950702489790345,43.78319751020966,43.97701942941239,43.75688057058762
2026-06-26,BOS,82,42.78114320176908,0.048599426401429675,42.86108214455324,42.70120425898493,42.87639632718519,42.685890076352976,42.90632702842955,42.655959375108615
2026-06-26,BOS,84,45.17845184163876,0.08417332628893068,45.31690464267768,45.039999040599845,45.343428529624006,45.013475153653516,45.395267962070974,44.96163572120655
2026-06-26,CHC,83,44.1133,0.042008110997395195,44.18239719373545,44.04420280626456,44.195634384613456,44.03096561538655,44.22150572329383,44.005094276706174
2026-06-26,CHW,81,34.17505,0.041286142979880196,34.24295966202329,34.10714033797671,34.25596935330113,34.094130646698865,34.281396056918084,34.068703943081914
2026-06-26,CIN,81,38.5292,0.04156180623104411,38.59756308772179,38.46083691227822,38.61065964334528,38.44774035665473,38.63625611839835,38.422143881601656
2026-06-26,CLE,83,38.279,0.04236505269540567,38.34868431058203,38.20931568941798,38.36203397748614,38.195966022513865,38.38812514417922,38.16987485582079
2026-06-26,COL,82,31.2753,0.040272901445383126,31.3415430280103,31.209056971989703,31.354233436385883,31.19636656361412,31.379036119681956,31.171563880318047
2026-06-26,DET,83,44.5014,0.04267184020284709,44.57158893112634,44.43121106887365,44.585035269951625,44.41776473004837,44.611315376430845,44.39148462356915
2026-06-26,HOU,84,42.80845,0.043095020465414025,42.87933500071608,42.73756499928392,42.89291468802523,42.72398531197477,42.919455416551855,42.697444583448146
2026-06-26,KCR,83,41.62915,0.04278706054992002,41.69952845173213,41.55877154826788,41.713011097682184,41.54528890231782,41.739362164377205,41.5189378356228
2026-06-26,LAA,83,35.71265,0.0421759758573762,35.782023306859216,35.64327669314078,35.795313393693284,35.62998660630671,35.8212881145192,35.604011885480794
2026-06-26,LAD,82,50.5922,0.04064508038038508,50.65905520788141,50.52534479211859,50.67186289369429,50.51253710630571,50.696894789088894,50.4875052109111
2026-06-26,MIA,82,36.5271,0.04213118834487776,36.59639963795684,36.45780036204315,36.60967561178183,36.44452438821816,36.63562274953207,36.418577250467926
2026-06-26,MIL,80,40.1989,0.04112428114660472,40.26654342299977,40.13125657700024,40.27950210993745,40.11829789006256,40.30482912846481,40.092970871535194
2026-06-26,MIN,83,40.00855,0.042728329365673945,40.07883184753071,39.93826815246929,40.092295986676284,39.924804013323715,40.11861088287179,39.89848911712821
2026-06-26,NYM,82,46.0644,0.04178719828484574,46.13313382465897,45.99566617534103,46.14630140365313,45.982498596346865,46.17203668985531,45.95676331014469
2026-06-26,NYY,83,45.26415,0.04236765853572151,45.33383859680792,45.19446140319208,45.34718908483931,45.181110915160694,45.373281856379066,45.155018143620936
2026-06-26,PHI,82,45.71075,0.04213102150463064,45.78004936352906,45.641450636470935,45.793325284780956,45.62817471521904,45.819272319780076,45.60222768021992
2026-06-26,PIT,82,40.40145,0.042067955506763406,40.47064562919373,40.33225437080626,40.48390167769649,40.31899832230351,40.50980987253471,40.293090127465284
2026-06-26,SDP,80,40.9888,0.04127558493462675,41.05669229558426,40.92090770441573,41.06969865991269,40.90790134008731,41.09511886119573,40.882481138804266
2026-06-26,SEA,83,45.192592090088866,0.04848547193740258,45.27234359445956,45.112840585718175,45.2876218688596,45.09756231131813,45.31748238950163,45.067701790676104
2026-06-26,SEA,85,47.427077391139,0.08058487652034009,47.55962771756092,47.29452706471708,47.58502084681747,47.26913393546053,47.63465027750296,47.21950450477504
2026-06-26,SFG,82,40.5916,0.04222735641123497,40.66105782034959,40.52214217965041,40.67436409772836,40.50883590227164,40.70037046205546,40.48282953794454
2026-06-26,STL,82,37.0831,0.042073248358206916,37.15230433515963,37.013895664840376,37.165562051494696,37.00063794850531,37.191473506016564,36.97472649398344
2026-06-26,TBR,81,40.31635,0.042101927063830855,40.38560150743259,40.24709849256741,40.39886826072484,40.23383173927516,40.424797377466895,40.207902622533105
2026-06-26,TEX,82,40.86075,0.04205177034851749,40.92991900697749,40.791580993022514,40.94316995536925,40.778330044630756,40.96906818232982,40.752431817670185
2026-06-26,TOR,83,45.7413,0.04228880623352505,45.810858896312666,45.67174110368734,45.82418453716691,45.6584154628331,45.85022874630842,45.63237125369159
2026-06-26,WSN,83,33.87845,0.04147505019725027,33.94667038674494,33.81022961325506,33.9597396046436,33.7971603953564,33.98528264966424,33.77161735033576
2026-06-27,ARI,83,40.83965,0.04220593513859203,40.90907258549159,40.770227414508405,40.922372112805476,40.75692788719452,40.94836528451367,40.73093471548633
2026-06-27,ATH,83,40.5044,0.04256764771785742,40.57441754973951,40.434382450260486,40.587831056433586,40.42096894356641,40.6140469943748,40.39475300562519
2026-06-27,ATL,83,44.94305,0.0419734847677219,45.01209023865598,44.87400976134402,45.025316518450374,44.860783481549625,45.05116653203676,44.83493346796324
2026-06-27,BAL,84,44.492,0.04306883497643412,44.56284192941956,44.42115807058043,44.576413365409906,44.40758663459009,44.60293796720201,44.381062032797985
2026-06-27,BOS,83,43.26402197949474,0.04904812147354683,43.34469895999566,43.183344998993825,43.36015453109224,43.167889427897244,43.39036156807033,43.13768239091915
2026-06-27,BOS,85,45.68623202678747,0.08503759958906726,45.8261064308988,45.54635762267615,45.852902659313784,45.51956139426116,45.90527436771245,45.46718968586249
2026-06-27,CHC,84,44.64235,0.04234845325923568,44.71200700693924,44.57269299306076,44.72535144318908,44.55934855681092,44.75143238686511,44.53326761313489
2026-06-27,CHW,82,34.608,0.041641487733689794,34.67649415213041,34.539505847869584,34.689615816220694,34.5263841837793,34.71526136434781,34.50073863565218
2026-06-27,CIN,82,39.0141,0.041897766415902614,39.08301569305036,38.945184306949635,39.09621811320784,38.93198188679216,39.12202149448733,38.90617850551267
2026-06-27,CLE,84,38.699,0.04277553550011822,38.76935949471216,38.628640505287834,38.782838508999646,38.61516149100035,38.8091824778162,38.588817522183795
2026-06-27,COL,83,31.6827,0.04061654245102654,31.7495082671648,31.615891732835202,31.762306960380556,31.603093039619445,31.787321280254194,31.578078719745807
2026-06-27,DET,84,45.02995,0.043026041090084066,45.100721539740384,44.959178460259615,45.1142794909339,44.945620509066096,45.14077773745554,44.91912226254446
2026-06-27,HOU,85,43.2799,0.04346000734136951,43.351385350702785,43.20841464929721,43.36508004915693,43.194719950843066,43.39184556044235,43.16795443955765
2026-06-27,KCR,84,42.1962,0.043177870424845166,42.26722127677235,42.12517872322765,42.280827070961834,42.11157292903816,42.30741882390515,42.08498117609484
2026-06-27,LAA,84,36.1641,0.042519865433087035,36.234038954875096,36.0941610451249,36.24743740487634,36.08076259512366,36.2736239153655,36.0545760846345
2026-06-27,LAD,83,51.1873,0.04102084922333449,51.25477329262563,51.11982670737437,51.26769938709298,51.10690061290702,51.29296270548593,51.081637294514074
2026-06-27,MIA,83,37.01915,0.0424995820520477,37.08905559168223,36.949244408317774,37.102447650180025,36.93585234981998,37.12862166883825,36.90967833116176
2026-06-27,MIL,81,40.66985,0.04146484674457118,40.73805360355879,40.601646396441204,40.751119606243826,40.58858039375617,40.77665636731183,40.563043632688164
2026-06-27,MIN,84,40.60115,0.04305869408646555,40.67197524913991,40.53032475086008,40.685543489630795,40.5167565103692,40.71206184600046,40.490238153999535
2026-06-27,NYM,83,46.55595,0.04215990219085723,46.62529686803055,46.48660313196945,46.63858188988581,46.47331811011419,46.66454671149797,46.447353288502036
2026-06-27,NYY,84,45.7758,0.04276748964936507,45.84614626046537,45.705453739534626,45.859622739421944,45.69197726057805,45.88596175307806,45.66563824692194
2026-06-27,PHI,83,46.2192,0.04246684282633892,46.28905174044808,46.14934825955192,46.30243348247675,46.13596651752325,46.32858733818129,46.10981266181871
2026-06-27,PIT,83,40.91655,0.04242044648031171,40.986325425250044,40.84677457474996,40.99969254730952,40.83340745269048,41.02581782911361,40.80728217088639
2026-06-27,SDP,81,41.3937,0.04162110800220913,41.46216063045517,41.32523936954483,41.47527587268098,41.312124127319024,41.500908869638266,41.28649113036174
2026-06-27,SEA,84,45.76874024828709,0.04887227153485552,45.84912798137855,45.688352515195625,45.86452814033807,45.67295235623611,45.89462687743757,45.64285361913661
2026-06-27,SEA,86,48.02795208214489,0.08123968646194611,48.16157947507423,47.89432468921556,48.187178941725634,47.86872522256415,48.2372116471447,47.81869251714509
2026-06-27,SFG,83,41.0493,0.042552250354129274,41.119292223329936,40.97930777667007,41.13270087815523,40.96589912184478,41.15890733339412,40.939692666605886
2026-06-27,STL,83,37.59105,0.04241645261744113,37.660818855930216,37.52128114406979,37.674184719482135,37.50791528051787,37.7003075416046,37.481792458395404
2026-06-27,TBR,82,40.8256,0.042466803546654885,40.89545167583875,40.75574832416125,40.908833405489986,40.74236659451002,40.93498723700353,40.71621276299647
2026-06-27,TEX,83,41.30635,0.04237675982615565,41.3760535670985,41.2366464329015,41.389406923040774,41.22329307695923,41.41550529974967,41.197194700250336
2026-06-27,TOR,84,46.2957,0.0426212259789086,46.365805678136525,46.22559432186347,46.3792360678956,46.212163932104396,46.40548500282965,46.18591499717034
2026-06-27,WSN,84,34.2534,0.0418587150973543,34.32225145934741,34.184548540652585,34.335441574029936,34.17135842597006,34.36122090495667,34.14557909504333
2026-06-28,ARI,84,41.3344,0.042569348591116205,41.40442034742706,41.26437965257294,41.41783439008392,41.250965609916086,41.44405137553399,41.22474862446602
2026-06-28,ATH,84,41.0527,0.04296147599793329,41.12336533961439,40.982034660385615,41.136902945678635,40.96849705432137,41.16336142879919,40.94203857120081
2026-06-28,ATL,84,45.48695,0.04233475045904749,45.55658446783865,45.41731553216135,45.569924586194226,45.403975413805775,45.595997090790846,45.377902909209155
2026-06-28,BAL,85,45.1141,0.04343758051123519,45.185548461849905,45.042651538150096,45.19923609337758,45.02896390662242,45.22598779275611,45.00221220724389
2026-06-28,BOS,84,43.748039938350196,0.04951852624242481,43.82949066584134,43.66658921085905,43.84509446635285,43.650985410347545,43.87559120931399,43.620488667386404
2026-06-28,BOS,86,46.19657277920032,0.08589494046716557,46.33785738356451,46.05528817483612,46.36492376897017,46.02822178943046,46.41782348388223,45.9753220745184
2026-06-28,CHC,85,45.174,0.042728532462212164,45.244282181594784,45.103717818405215,45.257746384738184,45.090253615261815,45.284061406013805,45.063938593986194
2026-06-28,CHW,83,35.03735,0.042047367907306545,35.1065117656061,34.96818823439391,35.11976132674303,34.954938673256976,35.14565684239275,34.92904315760726
2026-06-28,CIN,83,39.4938,0.04221968975620444,39.56324520982426,39.42435479017574,39.57654907136062,39.41105092863938,39.602550714060776,39.385049285939225
2026-06-28,CLE,85,39.12625,0.04310914597621185,39.197158235113754,39.05534176488624,39.210742373517654,39.041757626482344,39.23729180145649,39.015208198543505
2026-06-28,COL,84,32.0894,0.040981085325644026,32.156807886834294,32.0219921131657,32.169721451285625,32.00907854871437,32.194960280473026,31.983839719526966
2026-06-28,DET,85,45.5573,0.04342102146144468,45.62872122463679,45.485878775363204,45.64240363823637,45.47219636176363,45.669145139470416,45.44545486052958
2026-06-28,HOU,86,43.75255,0.043881627188781615,43.824728853638,43.680371146362,43.838556408873025,43.666543591126974,43.865581581200274,43.639518418799724
2026-06-28,KCR,85,42.76685,0.0435192974476555,42.83843287424916,42.69526712575084,42.85214625562989,42.681553744370106,42.87894828163553,42.654751718364466
2026-06-28,LAA,85,36.6158,0.042888010994616574,36.68634450043723,36.54525549956277,36.69985895691801,36.53174104308199,36.726272195490864,36.505327804509136
2026-06-28,LAD,84,51.7829,0.04137485919551471,51.85095558721235,51.71484441278765,51.86399323388862,51.701806766111375,51.88947457474602,51.67632542525398
2026-06-28,MIA,84,37.51085,0.04287646246399851,37.58137550479476,37.44032449520524,37.59488632221392,37.42681367778608,37.62129244844728,37.40040755155272
2026-06-28,MIL,82,41.1382,0.04183261331039229,41.207008525728455,41.06939147427154,41.220190415467556,41.05620958453244,41.24595367120894,41.03044632879106
2026-06-28,MIN,85,41.19445,0.04341078419798743,41.26585438583687,41.12304561416314,41.2795335735687,41.10936642643131,41.306268770027216,41.08263122997279
2026-06-28,NYM,84,47.062,0.04253220249895937,47.131959247542646,46.99204075245735,47.14536158508112,46.978638414918876,47.17155569354129,46.9524443064587
2026-06-28,NYY,85,46.28555,0.04318123192793982,46.356576805952905,46.214523194047096,46.37018365938683,46.20091634061317,46.39677748256333,46.17432251743667
2026-06-28,PHI,84,46.71315,0.04283112278622831,46.78360092766133,46.642699072338665,46.79709745807842,46.62920254192158,46.823475661176666,46.60282433882333
2026-06-28,PIT,84,41.43685,0.042755023137348205,41.50717575487786,41.366524245122136,41.52064830550738,41.35305169449262,41.54697964147109,41.32672035852891
2026-06-28,SDP,82,41.7981,0.041978505562328836,41.8671484971282,41.7290515028718,41.880376359026975,41.71582364097302,41.90622946474664,41.68997053525336
2026-06-28,SEA,85,46.34013974628587,0.0492931840429013,46.42121981884282,46.25905967372892,46.436752611693265,46.24352688087848,46.4671105742088,46.21316891836294
2026-06-28,SEA,87,48.609051150408824,0.08183607462018407,48.743659514563305,48.47444278625434,48.76944690930052,48.44865539151713,48.81984690950291,48.39825539131474
2026-06-28,SFG,84,41.5054,0.04290396927475332,41.57597074947219,41.43482925052781,41.58949023457233,41.42130976542767,41.61591330129647,41.39488669870353
2026-06-28,STL,84,38.09935,0.04275857099628887,38.16968159058651,38.029018409413496,38.183155259183124,38.01554474081688,38.20948878015012,37.989211219849885
2026-06-28,TBR,83,41.33085,0.04283276953667966,41.40130363632478,41.26039636367521,41.41480068564999,41.24689931435,41.44117990292474,41.22052009707526
2026-06-28,TEX,84,41.7495,0.04275370020763209,41.819823578852116,41.67917642114788,41.83329571261278,41.665704287387214,41.859626233829964,41.63937376617003
2026-06-28,TOR,85,46.85255,0.04303548567782606,46.92333707470479,46.78176292529521,46.93689800198573,46.76820199801427,46.963402065101405,46.741697934898596
2026-06-28,WSN,85,34.6313,0.04223443148498795,34.70076945781032,34.56183054218969,34.714077964618106,34.5485220353819,34.74008868623776,34.522511313762244
2026-06-29,ARI,85,41.8329,0.04294323096314807,41.903535329202754,41.76226467079725,41.917067186067555,41.74873281393245,41.94351443270395,41.722285567296055
2026-06-29,ATH,85,41.4329,0.04331280041089429,41.50414321684928,41.361656783150714,41.51779152887492,41.34800847112507,41.54446638051714,41.32133361948285
2026-06-29,BAL,86,45.717,0.04380526789182726,45.78905325377145,45.64494674622855,45.80285674740111,45.63114325259889,45.829834892685575,45.60416510731442
2026-06-29,BOS,85,44.36949674998325,0.049892019686499686,44.45156181952052,44.28743168044598,44.46728331168475,44.271710188281745,44.49801007630497,44.240983423661525
2026-06-29,BOS,87,46.82804805987788,0.08651859870294547,46.97035849075318,46.68573762900258,46.99762139732853,46.65847472242723,47.05090520171891,46.60519091803685
2026-06-29,CHC,86,45.69765,0.04311321910224373,45.76856493480988,45.626735065190125,45.78215035669798,45.61314964330202,45.808702293133884,45.58659770686612
2026-06-29,CHW,84,35.43445,0.04239369081745579,35.50418141610095,35.36471858389905,35.517540107173936,35.35135989282606,35.54364891109319,35.3252510889068
2026-06-29,CIN,84,39.9722,0.04261041117329214,40.04228788936428,39.90211211063572,40.0557148712661,39.888685128733904,40.08195714573643,39.86244285426357
2026-06-29,CLE,86,39.5889,0.04345813238006778,39.66038226666589,39.51741773333411,39.674076374300306,39.5037236256997,39.70084073086209,39.476959269137915
2026-06-29,COL,85,32.5316,0.041314772388588474,32.599556753210045,32.46364324678995,32.6125754659111,32.450624534088895,32.638019801387976,32.42518019861202
2026-06-29,DET,86,46.0443,0.04381253076909182,46.116365200141466,45.97223479985853,46.13017098237897,45.95842901762103,46.15715360061766,45.93144639938234
2026-06-29,HOU,87,44.27685,0.04420042859259829,44.349553235283345,44.20414676471666,44.36348124814273,44.19021875185727,44.39070275919824,44.162997240801765
2026-06-29,LAA,86,37.0104,0.04321149099079649,37.08147657768219,36.939323422317806,37.095092966060236,36.92570703393976,37.12170542474413,36.899094575255866
2026-06-29,LAD,85,52.4027,0.04169770461822227,52.471286620676835,52.33411337932317,52.484425999289705,52.3209740007103,52.510106169446345,52.29529383055366
2026-06-29,MIA,85,38.06865,0.043231647061387504,38.139759731468004,37.99754026853199,38.15338247123267,37.98391752876733,38.1800073433414,37.957292656658595
2026-06-29,MIL,83,41.6598,0.042203581069771255,41.72921871339295,41.59038128660704,41.74251749891536,41.57708250108463,41.76850922083422,41.551090779165776
2026-06-29,MIN,86,41.67015,0.04376709068222773,41.74214045784978,41.59815954215022,41.75593192144527,41.58436807855473,41.782886554710366,41.55741344528963
2026-06-29,NYM,85,47.56025,0.04291235918011865,47.630834549638465,47.48966545036154,47.644356678484684,47.47614332151532,47.67078491226057,47.449715087739435
2026-06-29,NYY,86,46.79855,0.04348537620594069,46.870077078771686,46.72702292122831,46.88377977121782,46.71332022878218,46.91056090630711,46.686539093692886
2026-06-29,PHI,85,47.2718,0.04316913731731088,47.34280691208875,47.20079308791125,47.35640995438559,47.18719004561441,47.382996328910856,47.16060367108914
2026-06-29,PIT,85,41.8782,0.04316000900508341,41.94919189735127,41.80720810264873,41.96279206322239,41.79360793677761,41.989372815936726,41.767027184063274
2026-06-29,SDP,83,42.27445,0.04238892781063295,42.34417358165191,42.204726418348095,42.35753077185211,42.19136922814789,42.383636642400646,42.16526335759936
2026-06-29,SEA,86,46.94193066956109,0.0497067297209577,47.0236909642265,46.860170374895674,47.039354069603434,46.84450726951874,47.06996672055992,46.81389461856226
2026-06-29,SEA,88,49.226849210876594,0.08250682822333273,49.36256086652801,49.09113755522518,49.38855962267296,49.06513879908023,49.43937271675713,49.01432570499606
2026-06-29,SFG,85,42.0069,0.04327044298434915,42.0780735450826,41.9357264549174,42.09170850984442,41.92209149015558,42.11835727501663,41.895442724983376
2026-06-29,TEX,85,42.28685,0.043144599044334035,42.35781655022144,42.21588344977856,42.37141186025432,42.20228813974568,42.397983122508265,42.17571687749174
2026-06-29,TOR,86,47.3543,0.04341160909123483,47.42570574266552,47.28289425733448,47.43938519032975,47.26921480967025,47.46612089481142,47.242479105188586
2026-06-29,WSN,86,35.00745,0.04257998799487701,35.07748784768892,34.937412152311076,35.0909052429321,34.923994757067895,35.117128780821965,34.89777121917803
2026-06-30,ARI,86,42.3276,0.04331527124047749,42.39884728100228,42.25635271899771,42.412496371611915,42.24270362838808,42.43917274495239,42.21602725504761
2026-06-30,ATH,86,41.8166,0.043658773762284143,41.88841229237115,41.74478770762885,41.90216962418326,41.731030375816744,41.9290575488139,41.7041424511861
2026-06-30,ATL,85,46.0659,0.04267216780520137,46.13608946998426,45.995710530015735,46.14953591204044,45.98226408795956,46.17581622027859,45.95598377972141
2026-06-30,BAL,87,46.3293,0.04412970028248947,46.40188689756594,46.25671310243407,46.41579262320223,46.24280737679778,46.44297057514447,46.215629424855535
2026-06-30,BOS,86,44.994639147624476,0.050337776888673955,45.07743742251248,44.91184087273647,45.09329937738809,44.89597891786086,45.12430066840983,44.86497762683912
2026-06-30,BOS,88,47.45952334055545,0.087106834393245,47.60280133303944,47.31624534807146,47.6302495987735,47.288797082337396,47.68389567712495,47.23515100398595
2026-06-30,CHC,87,46.2136,0.043502050220865146,46.285154505085615,46.142045494914385,46.298862451686546,46.12833754831345,46.32565385572336,46.10154614427664
2026-06-30,CHW,85,35.82215,0.04275526130774401,35.8924761466333,35.7518238533667,35.905948772312776,35.738351227687225,35.93228025495738,35.712019745042625
2026-06-30,CIN,85,40.44425,0.04298164687367619,40.51494851775251,40.373551482247485,40.52849247986862,40.360007520131376,40.554963385532005,40.33353661446799
2026-06-30,CLE,87,40.0556,0.04385295413172654,40.127731690656105,39.98346830934389,40.141550210713866,39.96964978928613,40.16855772429969,39.94264227570031
2026-06-30,COL,86,32.97715,0.04166465157702091,33.045682253262136,32.90861774673787,33.05881121651937,32.89548878348063,33.084471030454246,32.86982896954576
2026-06-30,DET,87,46.5243,0.04416897124001206,46.59695149254284,46.45164850745715,46.6108695928646,46.43773040713539,46.638071730427626,46.41052826957237
2026-06-30,HOU,88,44.7987,0.04459403936533819,44.87205066739049,44.725349332609504,44.88610271108122,44.71129728891877,44.91356663336085,44.68383336663914
2026-06-30,KCR,86,43.2649,0.0438903487982936,43.33709319940903,43.19270680059096,43.35092350291355,43.17887649708644,43.37795404657762,43.151845953422374
2026-06-30,LAA,87,37.4033,0.04354345251714497,37.47492260580282,37.331677394197186,37.488643598696136,37.31795640130387,37.51546050097135,37.29113949902865
2026-06-30,LAD,86,53.019,0.04205086638546447,53.08816752009058,52.94983247990942,53.101418183634216,52.93658181636578,53.127315853875295,52.9106841461247
2026-06-30,MIA,86,38.6231,0.04357955114917915,38.694781982768646,38.551418017231356,38.708514350714815,38.53768564928519,38.735353484885565,38.51084651511444
2026-06-30,MIL,84,42.18775,0.04255162193032662,42.25774118966476,42.11775881033524,42.27114964646721,42.104350353532794,42.29735571468167,42.07814428531833
2026-06-30,MIN,87,42.1483,0.04413567438464785,42.220896724089535,42.07570327591046,42.2348043322273,42.0617956677727,42.26198596341187,42.03461403658813
2026-06-30,NYM,86,48.0554,0.043310106560322914,48.1266387858594,47.9841612141406,48.140286249024825,47.97051375097517,48.166959441617905,47.94384055838209
2026-06-30,NYY,87,47.31855,0.043866958070688106,47.390704725085904,47.2463952749141,47.404527657929876,47.23257234207013,47.43154379605603,47.20555620394397
2026-06-30,PHI,86,47.82785,0.04354825531984102,47.899480505710244,47.75621949428975,47.91320301201644,47.74249698798356,47.940022872171276,47.71567712782872
2026-06-30,PIT,86,42.32215,0.04352715473741632,42.39374579834072,42.250554201659284,42.40746165563484,42.23683834436516,42.434268520672745,42.210031479327256
2026-06-30,SDP,84,42.7585,0.04277300976104215,42.82885534024108,42.68814465975892,42.84233355864202,42.67466644135798,42.868675971943475,42.64832402805652
2026-06-30,SEA,87,47.54589240892748,0.050087659408974125,47.62827927717184,47.463505540683116,47.644062417438974,47.447722400415984,47.67490966977929,47.41687514807567
2026-06-30,SEA,89,49.84388667046967,0.08306564199584995,49.9805174929816,49.70725584795775,50.00669233713423,49.68108100380511,50.05784958524068,49.62992375569866
2026-06-30,SFG,86,42.5122,0.04366271727279447,42.58401877886871,42.44038122113129,42.59777735332183,42.42662264667817,42.62466770662383,42.39973229337617
2026-06-30,STL,85,38.5204,0.04308847900368655,38.591274240969035,38.44952575903097,38.60485186699584,38.43594813300417,38.63138856686305,38.40941143313695
2026-06-30,TBR,84,41.8328,0.04324974838119582,41.90393950548955,41.76166049451045,41.91756794916756,41.748032050832435,41.9442039692514,41.7213960307486
2026-06-30,TEX,86,42.82015,0.04353102280411416,42.891752160744254,42.74854783925574,42.90546923690626,42.73483076309374,42.93227848415229,42.708021515847705
2026-06-30,TOR,87,47.85915,0.04376986810515535,47.93114502630395,47.78715497369605,47.94493736509417,47.77336263490583,47.97189370887773,47.74640629112227
2026-06-30,WSN,87,35.38075,0.04293496410190789,35.45137173142605,35.31012826857395,35.46490098331726,35.29659901668274,35.49134313868051,35.270156861319485
2026-07-01,ARI,87,42.8271,0.04372151481871279,42.899015492225374,42.75518450777463,42.91279259439421,42.74140740560579,42.93971915906559,42.714480840934414
2026-07-01,ATH,87,42.20455,0.04398331719509763,42.27689611881371,42.132203881186285,42.29075571762299,42.118344282377,42.317843517298414,42.09125648270158
2026-07-01,ATL,86,46.65035,0.043021184142108884,46.721113550771896,46.57958644922811,46.7346699714908,46.5660300285092,46.76116522678662,46.53953477321338
2026-07-01,BAL,88,46.94335,0.044491920788225864,47.016532697278556,46.87016730272145,47.030552562347935,46.85614743765207,47.057953593337494,46.82874640666251
2026-07-01,BOS,87,45.61736916169671,0.05073523505243198,45.70082119708694,45.53391712630648,45.71680839514665,45.517929928246765,45.7480544668672,45.48668385652621
2026-07-01,BOS,89,48.1032105574158,0.08796790181535115,48.24790487977209,47.958516235059506,48.275624476769444,47.930796638062155,48.32980085668349,47.87662025814811
2026-07-01,CHC,88,46.7318,0.04386256529469872,46.80394749961238,46.65965250038762,46.81776904824714,46.645830951752856,46.84478248101491,46.61881751898509
2026-07-01,CHW,86,36.2081,0.043112268009032534,36.27901337040076,36.13718662959924,36.29259849258954,36.12360150741046,36.31914984328012,36.09705015671988
2026-07-01,CIN,86,40.9241,0.04338889361696692,40.99546837903528,40.852731620964725,41.0091406688183,40.83905933118171,41.035862383627155,40.81233761637285
2026-07-01,CLE,88,40.51935,0.04417514970056747,40.59201165520611,40.4466883447939,40.60593170242478,40.43276829757522,40.63313764508738,40.405562354912625
2026-07-01,COL,87,33.42945,0.04201005090563273,33.49855038460055,33.36034961539946,33.51178818676374,33.34711181323627,33.537660720166315,33.32123927983369
2026-07-01,DET,88,47.00675,0.04453660738476678,47.08000620018895,46.933493799811046,47.09404014646774,46.91945985353225,47.12146869838233,46.89203130161766
2026-07-01,HOU,89,45.32765,0.04496343914135086,45.40160827595186,45.25369172404814,45.415776721338105,45.23952327866189,45.44346814412863,45.21183185587137
2026-07-01,KCR,87,43.76025,0.044200522408497145,43.83295338959677,43.68754661040323,43.846881432018506,43.67361856798149,43.874103000851974,43.646396999148024
2026-07-01,LAD,87,53.63105,0.04244250656114866,53.70086171085402,53.56123828914598,53.714235784273455,53.54786421572655,53.74037465211627,53.52172534788373
2026-07-01,MIA,87,39.1708,0.04399247816282621,39.24316118726471,39.09843881273529,39.257023672789806,39.08457632721019,39.28411711438754,39.05748288561246
2026-07-01,MIL,85,42.7079,0.04293071198805823,42.77851473732117,42.63728526267884,42.79204264932726,42.62375735067275,42.81848218596106,42.597317814038945
2026-07-01,MIN,88,42.61935,0.04446078740818515,42.69248148742547,42.54621851257453,42.70649154204433,42.53220845795566,42.733873399064855,42.50482660093514
2026-07-01,NYM,87,48.55615,0.04365950831729913,48.62796350060663,48.48433649939337,48.64172106388464,48.470578936115366,48.66860944090224,48.44369055909777
2026-07-01,NYY,88,47.8361,0.044262114683324943,47.90890469987341,47.76329530012659,47.9228521506589,47.749347849341106,47.95011165203835,47.72208834796165
2026-07-01,PHI,87,48.38395,0.04386505245655535,48.45610159062958,48.31179840937042,48.46992392299481,48.29797607700519,48.496938887519306,48.27096111248069
2026-07-01,PIT,87,42.76605,0.04393691377981173,42.83831979198778,42.69378020801222,42.852164768600275,42.679935231399725,42.87922399002154,42.652876009978456
2026-07-01,SDP,85,43.2403,0.043150444882349315,43.3112761657693,43.169323834230696,43.324873317886286,43.15572668211371,43.35144818038913,43.12915181961087
2026-07-01,SFG,87,43.0127,0.04405450005900372,43.085163204205585,42.94023679579442,43.099045233472566,42.92635476652744,43.12617687220518,42.899223127794826
2026-07-01,STL,86,38.93595,0.04344066912999522,39.00740354217567,38.86449645782432,39.02109214695911,38.850807853040884,39.04784574851081,38.82405425148919
2026-07-01,TBR,85,42.33745,0.04366782819005237,42.4092771855795,42.265622814420496,42.42303737053558,42.25186262946441,42.44993087147427,42.22496912852572
2026-07-01,TEX,87,43.3564,0.04388775750437641,43.42858893710984,43.28421106289016,43.44241842407081,43.27038157592919,43.46944737184682,43.24335262815318
2026-07-01,TOR,88,48.3584,0.044094780751064815,48.43092946004802,48.285870539951986,48.44482418217828,48.271975817821726,48.47198062839216,48.244819371607846
2026-07-01,WSN,88,35.7527,0.043279334451207976,35.82388817024411,35.681511829755884,35.83752593679923,35.66787406320076,35.86418017791751,35.64121982208248
2026-07-02,ATL,87,47.23565,0.0433655391108438,47.30697996429118,47.16432003570882,47.32064489482742,47.15065510517258,47.34735222640591,47.12394777359409
2026-07-02,CHW,87,36.66575,0.043458494899316864,36.73723286295699,36.59426713704301,36.75092708482498,36.580572915175026,36.777691664649794,36.55380833535021
2026-07-02,CIN,87,41.40155,0.04372283115459496,41.47346765740522,41.32963234259478,41.487245174365135,41.315854825634865,41.514172549722126,41.288927450277875
2026-07-02,CLE,89,41.0617,0.04453721852217182,41.13495720542053,40.98844279457948,41.148991344275046,40.97440865572496,41.176420272567974,40.94697972743203
2026-07-02,COL,88,33.87315,0.04236021332876702,33.942826350532265,33.80347364946774,33.956174492501816,33.79012550749819,33.98226267879682,33.76403732120318
2026-07-02,DET,89,47.54015,0.044920154606696155,47.61403707922804,47.46626292077195,47.62819188520909,47.4521081147909,47.65585665055587,47.424443349444125
2026-07-02,KCR,88,44.26275,0.044529201254493826,44.3359940181887,44.189505981811294,44.35002563071914,44.175474369280856,44.37744962145495,44.148050378545044
2026-07-02,LAA,88,37.80215,0.04391647414934511,37.87438617178747,37.729913828212524,37.8882247076607,37.7160752923393,37.915271341022425,37.68902865897757
2026-07-02,LAD,88,54.22755,0.042812442059928624,54.29797020060092,54.15712979939908,54.311460844527666,54.143639155472336,54.33782754281445,54.11727245718555
2026-07-02,MIA,88,39.7271,0.044347036118331754,39.80004438320378,39.65415561679622,39.81401859361303,39.64018140638697,39.84133039515914,39.61286960484086
2026-07-02,MIL,86,43.23045,0.04329521756116001,43.30166429563513,43.15923570436487,43.315307067122696,43.1455929328773,43.34197109009756,43.118928909902436
2026-07-02,PHI,88,48.9498,0.04421053863714326,49.02251986482678,48.87708013517322,49.03645106346592,48.86314893653409,49.06367880094724,48.83592119905277
2026-07-02,PIT,88,43.2002,0.04430066732518001,43.2730681133262,43.12733188667381,43.28702771244845,43.113372287551556,43.31431095706297,43.08608904293703
2026-07-02,SDP,86,43.6438,0.04352287662872817,43.715388761478124,43.572211238521874,43.72910327069589,43.55849672930411,43.75590750099502,43.531692499004976
2026-07-02,SEA,88,48.14578386812292,0.050492864684630545,48.2288372397346,48.062730496511236,48.24474806438105,48.04681967186479,48.27584486859772,48.015722867648115
2026-07-02,SEA,90,50.448944666286366,0.08369372373147638,50.58660859131916,50.31128074125357,50.6129813505321,50.28490798204063,50.664525412397026,50.233363920175705
2026-07-02,STL,87,39.35065,0.043803603352444966,39.422700515847815,39.27859948415219,39.43650348496387,39.26479651503613,39.46348060511626,39.23781939488374
2026-07-02,TBR,86,42.83495,0.04404801285241827,42.907402533700306,42.76249746629969,42.9212825187813,42.7486174812187,42.94841016226836,42.72148983773164
2026-07-02,TEX,88,43.823,0.04424360320793565,43.89577425120598,43.75022574879402,43.909715868833835,43.736284131166165,43.93696396963759,43.70903603036241
2026-07-03,ARI,88,43.3299,0.04408730524793051,43.402417163939575,43.25738283606043,43.41630953046137,43.243490469538635,43.44346137277213,43.21633862722788
2026-07-03,ATH,88,42.7487,0.04431761069858026,42.821595982695385,42.675804017304614,42.835560920850085,42.661839079149914,42.86285460030067,42.63454539969933
2026-07-03,ATL,88,47.7262,0.04374056858188978,47.79814683287684,47.65425316712316,47.811929939083804,47.64047006091619,47.83886823830712,47.613531761692876
2026-07-03,BAL,89,47.5094,0.044845971280116186,47.58316505851426,47.43563494148574,47.597296488560744,47.421503511439255,47.624915566969435,47.393884433030564
2026-07-03,BOS,88,46.21262480734437,0.05114451316621954,46.296750045324494,46.128499569364244,46.312866211156994,46.112383403531744,46.34436434307366,46.08088527161508
2026-07-03,BOS,90,48.71814063423282,0.08849603267129501,48.863703654543016,48.57257761392262,48.891589671043235,48.5446915974224,48.946091308435356,48.49018996003028
2026-07-03,CHC,89,47.3056,0.04423175617599557,47.37835476457252,47.232845235427476,47.39229264907791,47.21890735092209,47.419533453705554,47.19166654629444
2026-07-03,CHW,88,37.12,0.043830537936498,37.19209481929608,37.047905180703914,37.20590627577855,37.03409372422144,37.23289998400714,37.007100015992854
2026-07-03,CIN,88,41.8355,0.04408712024172788,41.90801685963145,41.762983140368554,41.92190916785588,41.74909083214413,41.94906089622773,41.72193910377228
2026-07-03,CLE,90,41.60745,0.04494089128021882,41.6813711880207,41.5335288119793,41.69553252834236,41.51936747165764,41.723210064687194,41.491689935312806
2026-07-03,COL,89,34.26765,0.042715768818087294,34.33791118726845,34.19738881273155,34.351371368455396,34.18392863154461,34.377678529045255,34.15762147095475
2026-07-03,HOU,90,45.8382,0.04534477748806664,45.912785521714554,45.76361447828545,45.92707413076359,45.74932586923641,45.95500040661667,45.72139959338333
2026-07-03,LAA,89,38.2019,0.04427442637394094,38.27472495080237,38.12907504919763,38.2886762811291,38.115123718870905,38.31594336485182,38.087856635148185
2026-07-03,LAD,89,54.82255,0.04317402314689642,54.89356494856326,54.75153505143674,54.90716953043562,54.73793046956438,54.933758913973875,54.711341086026124
2026-07-03,MIA,89,40.18295,0.04471100444600769,40.256493057827655,40.10940694217234,40.27058195842678,40.095318041573215,40.29811791544313,40.06778208455687
2026-07-03,MIL,87,43.72765,0.04367504034723351,43.799489048522396,43.6558109514776,43.81325150610391,43.642048493896084,43.84014944876008,43.615150551239914
2026-07-03,MIN,89,43.0556,0.04478465937445292,43.12926420940386,42.98193579059614,43.14337631943382,42.96782368056618,43.17095763796617,42.94024236203383
2026-07-03,NYM,88,49.0656,0.04400206405479265,49.13797695465388,48.99322304534613,49.15184246079282,48.979357539207186,49.17894180600897,48.952258193991035
2026-07-03,NYY,89,48.39985,0.04459151173733557,48.473196509812404,48.3265034901876,48.48724775702137,48.31245224297863,48.514710122622574,48.28498987737743
2026-07-03,PIT,89,43.7754,0.0446915272577524,43.84891102070391,43.701888979296086,43.86299378383928,43.687806216160716,43.89051774553087,43.660282254469124
2026-07-03,SDP,87,44.0488,0.04388795091607461,44.12098925524377,43.97661074475623,44.134818803150765,43.962781196849235,44.161847870042344,43.935752129957656
2026-07-03,SEA,89,48.63537073468557,0.050943014677608936,48.71916453714588,48.55157693222527,48.73521720871758,48.53552426065357,48.76659124470328,48.50415022466787
2026-07-03,SEA,91,50.95246244533181,0.08431988550395675,51.091156314827124,50.8137685758365,51.11772638410011,50.78719850656351,51.16965607728479,50.73526881337883
2026-07-03,SFG,88,43.6182,0.04439228504761377,43.691218811069234,43.54518118893077,43.70520727988476,43.53119272011524,43.73254694867714,43.503853051322864
2026-07-03,STL,88,39.77685,0.04416305268701568,39.84949175738949,39.70420824261052,39.863407992713896,39.69029200728611,39.89060648524539,39.663093514754614
2026-07-03,TBR,87,43.3244,0.04444920717629211,43.39751243963904,43.25128756036096,43.41151884520689,43.2372811547931,43.43889357036421,43.20990642963579
2026-07-03,TOR,89,48.86515,0.04446377317807446,48.938286398579905,48.792013601420095,48.952297394045786,48.778002605954214,48.979681089898435,48.750618910101565
2026-07-03,WSN,89,36.1775,0.043639086906067145,36.2492799103743,36.105720089625706,36.263031038654105,36.0919689613459,36.28990683883276,36.06509316116724
2026-07-04,ARI,89,43.8297,0.044420418212548496,43.90276508600761,43.75663491399239,43.91676241987481,43.7426375801252,43.94411941490778,43.71528058509222
2026-07-04,ATH,89,43.2896,0.04468233898948091,43.36309590734752,43.21610409265248,43.37717577516439,43.20202422483561,43.40469407812021,43.17450592187979
2026-07-04,ATL,89,48.21145,0.04409704267106375,48.28398318057533,48.138916819424665,48.29787861546001,48.12502138453999,48.32503645471197,48.09786354528803
2026-07-04,BAL,90,48.0773,0.045244431573724264,48.1517204673734,48.0028795326266,48.16597745638549,47.98862254361451,48.19384193267001,47.96075806732999
2026-07-04,BOS,89,46.81143201769081,0.051555588396012465,46.89623341425361,46.72663062112802,46.912479114148766,46.71038492123286,46.944230413042966,46.67863362233866
2026-07-04,BOS,91,49.330707110498324,0.08926226204607636,49.4775304659747,49.183883755021945,49.50565792928721,49.15575629170944,49.56063146077767,49.100782760218976
2026-07-04,CHC,90,47.88035,0.0445903140679726,47.95369453982161,47.80700546017839,47.967745409632556,47.792954590367444,47.995207037630735,47.765492962369265
2026-07-04,CHW,89,37.57785,0.04422770368630576,37.650598098820154,37.50510190117984,37.664534706344064,37.49116529365593,37.69177301518386,37.46392698481613
2026-07-04,CIN,89,42.2676,0.04439170016063988,42.34061784901577,42.19458215098423,42.354606133527355,42.18059386647265,42.38194544210813,42.15325455789187
2026-07-04,CLE,91,42.1496,0.045270006192544655,42.22406253387792,42.07513746612208,42.23832758171729,42.060872418282706,42.266207808522594,42.032992191477405
2026-07-04,COL,90,34.6655,0.043051633646796525,34.73631363575012,34.59468636424988,34.749879651423335,34.58112034857667,34.77639365951307,34.554606340486934
2026-07-04,DET,90,48.0696,0.04532626739017643,48.1441550753129,47.9950449246871,48.15843785163838,47.98076214836162,48.18635272776411,47.95284727223589
2026-07-04,HOU,91,46.3555,0.04572817010090211,46.430716146444325,46.28028385355567,46.44512556647669,46.26587443352331,46.47328796054357,46.237712039456426
2026-07-04,KCR,89,44.7089,0.04490633439107915,44.78276434699626,44.63503565300374,44.79691479808423,44.62088520191577,44.82457105203951,44.59322894796049
2026-07-04,LAA,90,38.5996,0.044626657604266415,38.6730043196191,38.5261956803809,38.687066641654766,38.51213335834524,38.714550652376516,38.48464934762349
2026-07-04,LAD,90,55.4162,0.04354943978612455,55.48783245398391,55.344567546016094,55.501555333527705,55.3308446664723,55.52837592315424,55.304024076845764
2026-07-04,MIA,90,40.64205,0.045095706791373744,40.71622583687573,40.567874163124266,40.73043596116847,40.55366403883153,40.75820884301747,40.525891156982524
2026-07-04,MIL,88,44.22785,0.043991970671352874,44.30021035251551,44.15548964748448,44.31407267812479,44.141627321875205,44.34116580717613,44.11453419282386
2026-07-04,MIN,90,43.49315,0.045124931765580995,43.567373907680555,43.418926092319445,43.58159324106536,43.40470675893464,43.60938412156243,43.37691587843757
2026-07-04,NYM,89,49.58035,0.04431388473034162,49.65323985402301,49.50746014597699,49.66720361808653,49.493496381913474,49.69449500284251,49.4662049971575
2026-07-04,NYY,90,48.9623,0.04497088007258389,49.03627051519459,48.88832948480541,49.05044130529534,48.87415869470466,49.07813731069734,48.846462689302655
2026-07-04,PHI,89,49.50365,0.044552930117491875,49.576933048695075,49.430366951304926,49.590972138436015,49.416327861563985,49.618410742955604,49.3888892570444
2026-07-04,PIT,90,44.348,0.04506008566975916,44.422117245344644,44.273882754655354,44.43631614505301,44.259683854946985,44.46406708908859,44.23193291091141
2026-07-04,SDP,88,44.45515,0.04425604313246597,44.52794471306096,44.382355286939045,44.54189025063789,44.368409749362115,44.56914601275973,44.341153987240276
2026-07-04,SEA,90,49.12780679736789,0.051394088337480805,49.212342549973656,49.04327104476212,49.22853735952762,49.027076235208156,49.26018919613675,48.99542439859903
2026-07-04,SEA,92,51.449324966723715,0.08507970020625862,51.58926862018792,51.30938131325951,51.61607811494345,51.28257181850398,51.66847575165215,51.23017418179528
2026-07-04,SFG,89,44.22035,0.0447378460323962,44.293937208308385,44.14676279169162,44.3080345669694,44.13266543303061,44.33558705478791,44.1051129452121
2026-07-04,STL,89,40.2021,0.04454421386498412,40.275368711735524,40.12883128826448,40.28940505489502,40.11479494510498,40.316838291376975,40.08736170862303
2026-07-04,TBR,88,43.8071,0.044834027077647075,43.88084541204951,43.73335458795049,43.89497307835408,43.71922692164592,43.922584800742705,43.69161519925729
2026-07-04,TEX,89,44.29355,0.044615899058490935,44.36693662338606,44.22016337661395,44.38099555529252,44.206104444707485,44.40847294019905,44.17862705980096
2026-07-04,TOR,90,49.37155,0.044839776539954,49.44530486907344,49.29779513092656,49.459434347093136,49.28366565290686,49.4870496103762,49.2560503896238
2026-07-04,WSN,90,36.6049,0.04399922267585901,36.677272281001436,36.532527718998566,36.69113689179244,36.51866310820756,36.71823448710185,36.49156551289815
2026-07-05,ARI,90,44.3243,0.044823174043641376,44.39802756039716,44.25057243960284,44.412151806798306,44.236448193201696,44.43975684517969,44.208843154820315
2026-07-05,ATH,90,43.83185,0.04501094398175739,43.90588641446091,43.7578135855391,43.9200698291144,43.74363017088561,43.94779050848861,43.7159094915114
2026-07-05,ATL,90,48.6937,0.04449896654306891,48.76689428651396,48.62050571348604,48.78091637177367,48.60648362822633,48.80832174199928,48.57907825800072
2026-07-05,BAL,91,48.63585,0.045617280559994956,48.71088374938077,48.560816250619226,48.72525822697025,48.54644177302975,48.75335232801464,48.51834767198535
2026-07-05,BOS,90,47.40829591905113,0.05191572245449035,47.493689683426204,47.32290215467605,47.51004886529331,47.30654297280895,47.542021958264314,47.27456987983794
2026-07-05,BOS,92,49.94445538703959,0.09006603559543287,50.09260083235388,49.7963099417253,50.12098157303694,49.767929201042236,50.176450120780785,49.71246065329839
2026-07-05,CHC,91,48.44745,0.04495323085745023,48.52139148481907,48.37350851518094,48.53555671346932,48.35934328653069,48.563241849331824,48.33165815066818
2026-07-05,CHW,90,38.02905,0.044593774622830006,38.10240023192782,37.95569976807218,38.11645219219544,37.94164780780456,38.14391595142934,37.914184048570654
2026-07-05,CIN,90,42.70905,0.04471341934328518,42.7825970299802,42.63550297001979,42.796686691538476,42.62141330846152,42.824224135806304,42.59387586419369
2026-07-05,CLE,92,42.6984,0.04567024371029811,42.77352086601064,42.62327913398936,42.78791203283735,42.60888796716265,42.8160387520492,42.5807612479508
2026-07-05,COL,91,35.06825,0.04338062575401083,35.139604779610906,34.99689522038909,35.15327446410467,34.98322553589533,35.17999108702347,34.95650891297653
2026-07-05,DET,91,48.60525,0.04574484398719238,48.68049357254666,48.53000642745334,48.6949082466933,48.515591753306694,48.72308090962848,48.48741909037152
2026-07-05,HOU,92,46.86795,0.04610517242372296,46.94378626008238,46.79211373991762,46.95831447745151,46.77758552254849,46.9867090541742,46.7491909458258
2026-07-05,KCR,90,45.15505,0.0452356915307415,45.229456091282,45.080643908718,45.24371032621602,45.06638967378399,45.271569419811186,45.03853058018882
2026-07-05,LAA,91,38.99845,0.04497097396432455,39.072420669632756,38.92447933036724,39.086591489319765,38.91030851068023,39.11428755254644,38.88261244745355
2026-07-05,LAD,91,56.01375,0.04395133254927147,56.08604350875302,55.94145649124698,56.09989302886912,55.927606971130885,56.12696113031044,55.90053886968956
2026-07-05,MIA,91,41.0998,0.0454416686012107,41.17454489341343,41.02505510658657,41.18886403385578,41.010735966144225,41.216849981585156,40.98275001841485
2026-07-05,MIL,89,44.73325,0.04437429634128066,44.806239222280375,44.66026077771962,44.82022202266822,44.64627797733178,44.84755061284023,44.618949387159766
2026-07-05,MIN,91,43.92575,0.04547653518725487,44.00055224384394,43.85094775615606,44.01488237110869,43.83661762889131,44.042889791959205,43.8086102080408
2026-07-05,NYM,90,50.0981,0.044673802243936356,50.17158186565065,50.02461813434935,50.185659043450585,50.01054095654942,50.213172088920885,49.98302791107912
2026-07-05,NYY,91,49.5297,0.045333912843286334,49.60426765096418,49.455132349035814,49.618552836451116,49.44084716354888,49.646472421146264,49.41292757885373
2026-07-05,PHI,90,50.0575,0.044955486175625566,50.13144519448734,49.983554805512654,50.14561113381171,49.96938886618828,50.17329765864646,49.94170234135353
2026-07-05,PIT,91,44.9214,0.04546740003808575,44.996187217860694,44.8466127821393,45.010514466545324,44.83228553345467,45.03851626137428,44.80428373862571
2026-07-05,SDP,89,44.8576,0.04462180708222551,44.93099634122033,44.78420365877967,44.945057134806255,44.77014286519374,44.9725381582597,44.74266184174029
2026-07-05,SEA,91,49.61719014992199,0.05179911764827529,49.70239211645864,49.53198818338534,49.71871455494356,49.51566574490042,49.75061583505839,49.48376446478559
2026-07-05,SEA,93,51.94580718767826,0.08569515230423992,52.08676316975805,51.804851205598474,52.11376659984425,51.77784777551228,52.16654327215561,51.72507110320092
2026-07-05,SFG,90,44.8176,0.045079409042887715,44.891749029465025,44.74345097053497,44.90595401816841,44.72924598183159,44.933716862799336,44.70148313720066
2026-07-05,STL,90,40.635,0.04490450501596179,40.70886133794196,40.561138662058035,40.72301121257488,40.546988787425114,40.75066633988147,40.51933366011853
2026-07-05,TBR,89,44.29465,0.04526062300802728,44.369097099912835,44.22020290008716,44.383359191013575,44.20594080898642,44.41123363904095,44.17806636095904
2026-07-05,TEX,90,44.7579,0.04495831894123825,44.83184985397214,44.68395014602786,44.846016685930294,44.669783314069704,44.87370495536714,44.64209504463286
2026-07-05,TOR,91,49.8803,0.0452352286033279,49.95470532983416,49.805894670165834,49.968959418894954,49.79164058110504,49.996818227389184,49.76378177261081
2026-07-05,WSN,91,37.0315,0.04433631325373875,37.10442674566107,36.95857325433893,37.118397577184616,36.944602422815386,37.1457027748903,36.9172972251097
2026-07-06,ARI,91,44.80885,0.045146788318769414,44.88310985851134,44.73459014148866,44.89733607912244,44.72036392087756,44.92514042031261,44.69255957968739
2026-07-06,ATL,91,49.1803,0.044859170888020716,49.254086769937196,49.10651323006281,49.26822235931685,49.092377640683154,49.29584956690628,49.06475043309373
2026-07-06,COL,92,35.37205,0.043699221056799804,35.443928822250236,35.30017117774977,35.45769889942378,35.28640110057622,35.484611734140366,35.25948826585964
2026-07-06,HOU,93,47.46165,0.04644700560952776,47.53804852563787,47.38525147436213,47.5526844581844,47.370615541815596,47.58128955811112,47.342010441888874
2026-07-06,KCR,91,45.60405,0.045632530022614484,45.67910883251467,45.52899116748533,45.69348811536777,45.51461188463223,45.721591608027325,45.48650839197268
2026-07-06,LAD,92,56.70995,0.044236736931194606,56.78271295718577,56.637187042814226,56.79665241117871,56.623247588821286,56.82389628328075,56.596003716719245
2026-07-06,MIL,90,45.27265,0.04477835251455441,45.34630383554248,45.19899616445752,45.36041395821557,45.18488604178443,45.38799139257163,45.15730860742837
2026-07-06,NYM,91,50.6115,0.04504747330586442,50.68559649985215,50.537403500147846,50.69979142527402,50.52320857472598,50.72753460179208,50.49546539820792
2026-07-06,NYY,92,50.0827,0.04573032471599055,50.15791969047077,50.007480309529235,50.17232978944467,49.99307021055534,50.200493510464256,49.96490648953575
2026-07-06,PHI,91,50.6085,0.04531439128138939,50.68303554085229,50.53396445914771,50.69731457489288,50.51968542510712,50.72522213693508,50.49177786306492
2026-07-06,SDP,90,45.37305,0.04499028107430045,45.44705242700263,45.29904757299737,45.46122933055996,45.28487066944004,45.48893728436608,45.25716271563392
2026-07-06,SFG,91,45.2583,0.04544103101674732,45.33304384468031,45.183556155319685,45.34736278421319,45.16923721578681,45.375348339276414,45.14125166072358
2026-07-06,STL,91,41.0956,0.045237212030226,41.170008592281086,41.02119140771891,41.18426330634024,41.00693669365975,41.21212333635831,40.979076663641685
2026-07-06,TBR,90,44.74165,0.045654183588133036,44.81674444946045,44.66655555053955,44.83113055557632,44.65216944442368,44.859247383915914,44.624052616084086
2026-07-06,TOR,92,50.4396,0.04560199084555903,50.51460860003852,50.364591399961476,50.52897825968062,50.35022174031938,50.55706294432016,50.32213705567984
2026-07-06,WSN,92,37.4378,0.0446872062823385,37.51130391333184,37.36429608666817,37.525385314883096,37.35021468511691,37.55290661543579,37.32269338456422
2026-07-07,ARI,92,45.29305,0.04551057179911354,45.36790822908841,45.218191770911595,45.38224908164209,45.203850918357915,45.41027746446142,45.17582253553858
2026-07-07,ATH,91,44.2818,0.04538256732348725,44.3564476804624,44.20715231953759,44.37074819748,44.192851802519996,44.39869774678212,44.164902253217875
2026-07-07,ATL,92,49.72635,0.045231908871437215,49.80074986936112,49.65195013063887,49.81500291234001,49.63769708765998,49.8428596763265,49.609840323673495
2026-07-07,BAL,92,49.14735,0.04597338987396755,49.22296949707745,49.071730502922556,49.237456188400195,49.05724381159981,49.265769604820846,49.02893039517916
2026-07-07,BOS,91,48.01648462105475,0.05231162548296639,48.10252958796214,47.930439654147364,48.119013522974114,47.91395571913539,48.15123043889005,47.88173880321945
2026-07-07,BOS,93,50.56864289935001,0.09073585979579395,50.71789010742968,50.41939569127034,50.746481916656045,50.390803882043976,50.80236298589472,50.3349228128053
2026-07-07,CHC,92,48.93595,0.04527294845565177,49.01041737347006,48.861482626529934,49.02468334844701,48.84721665155298,49.05256538729012,48.81933461270987
2026-07-07,CHW,91,38.4168,0.044925213430100454,38.49069540025207,38.34290459974793,38.50485180032077,38.32874819967923,38.532519681221444,38.30108031877856
2026-07-07,CIN,91,43.12995,0.045089908015710604,43.20411629873855,43.055783701261454,43.21832459577702,43.04157540422298,43.246093906361196,43.013806093638806
2026-07-07,CLE,93,43.1866,0.045988093755214066,43.262243682809846,43.11095631719015,43.27673500747787,43.09646499252213,43.30505747950903,43.068142520490966
2026-07-07,COL,93,35.68125,0.0440115811217756,35.75364260883602,35.60885739116398,35.76751111390134,35.594988886098655,35.794616320348986,35.56788367965101
2026-07-07,DET,92,49.1553,0.0460833514326374,49.23110036774605,49.07949963225394,49.24562170909487,49.064978290905124,49.274002847025926,49.03659715297407
2026-07-07,HOU,94,48.05645,0.04680761388397048,48.13344167346599,47.97945832653401,48.148191237414835,47.96470876258516,48.17701842347153,47.935881576528466
2026-07-07,KCR,92,46.0481,0.045948230450084546,46.12367811350782,45.972521886492174,46.13815687683551,45.95804312316449,46.166454798439545,45.92974520156045
2026-07-07,LAA,92,39.4337,0.045331037498032425,39.50826292144211,39.35913707855789,39.52254720087798,39.34485279912202,39.55046501474771,39.316934985252296
2026-07-07,LAD,93,57.40075,0.044583930493148634,57.47408403977541,57.32741596022459,57.48813289805581,57.313367101944195,57.51559059463164,57.285909405368365
2026-07-07,MIA,92,41.4954,0.04581428695772175,41.5707577960686,41.420042203931395,41.58519435241451,41.40560564758548,41.613409782866896,41.3773902171331
2026-07-07,MIL,91,45.82225,0.04518002665576273,45.89656453071049,45.7479354692895,45.91080122506585,45.73369877493414,45.93862603659503,45.70587396340496
2026-07-07,MIN,92,44.43755,0.045799125295892834,44.51288285735416,44.36221714264585,44.52731463610339,44.34778536389661,44.55552072901407,44.31957927098593
2026-07-07,NYM,92,51.16745,0.04544891423417345,51.24220681141909,51.09269318858092,51.25652823503543,51.07837176496457,51.28451864509886,51.05038135490114
2026-07-07,NYY,93,50.63895,0.04613443469013358,50.714834392227424,50.56306560777258,50.72937183043978,50.54852816956022,50.75778442877751,50.52011557122249
2026-07-07,PHI,92,51.1876,0.045677616337017043,51.26273299290244,51.112467007097564,51.277126482920195,51.09807351707981,51.305257742677156,51.06994225732285
2026-07-07,PIT,92,45.37535,0.045814223403090756,45.45070769153054,45.299992308469456,45.46514422784973,45.28555577215027,45.49335961916101,45.25734038083898
2026-07-07,SDP,91,45.88885,0.04535948255886424,45.96345970940359,45.81424029059641,45.97775295217274,45.79994704782725,46.00568828436894,45.77201171563106
2026-07-07,SEA,92,50.219116749202904,0.05219270992951839,50.3049661174309,50.13326738097491,50.3214125809203,50.116820917485505,50.35355626087099,50.08467723753482
2026-07-07,SEA,94,52.55714014071116,0.08627933443960945,52.69905701689511,52.415223264527214,52.72624452882288,52.38803575259944,52.7793809786514,52.33489930277092
2026-07-07,SFG,92,45.69985,0.0457942447750557,45.77517482961175,45.624525170388246,45.78960507045832,45.610094929541674,45.81780815762548,45.58189184237452
2026-07-07,STL,92,41.546,0.04559690947759173,41.621000241931995,41.470999758068004,41.63536830038241,41.45663169961759,41.66344985558365,41.42855014441635
2026-07-07,TBR,91,45.1854,0.04602469180356114,45.26110388124241,45.10969611875759,45.27560673833454,45.095193261665464,45.30395174983442,45.066848250165584
2026-07-07,TEX,91,45.32265,0.04527946400265809,45.397128090591195,45.24817190940881,45.41139611868449,45.23390388131551,45.43928217022704,45.20601782977297
2026-07-07,TOR,93,50.99805,0.04593536559956431,51.073606952711785,50.922493047288214,51.088081662191826,50.90801833780817,51.11637166078059,50.87972833921941
2026-07-07,WSN,93,37.843,0.04500409779610006,37.9170251534876,37.76897484651241,37.93120641083708,37.75479358916293,37.958922873882976,37.72707712611703
2026-07-08,ARI,93,45.77805,0.04589193516687504,45.85353551600706,45.702564483992944,45.867996540107924,45.688103459892076,45.8962597913994,45.6598402086006
2026-07-08,ATH,92,44.73685,0.04572673890195499,44.81206379233154,44.66163620766845,44.8264727613783,44.647227238621696,44.85463427401938,44.61906572598061
2026-07-08,ATL,93,50.27275,0.045587079101035405,50.347734072401465,50.19776592759854,50.36209903319841,50.18340096680159,50.39017453421165,50.15532546578835
2026-07-08,BAL,93,49.65665,0.046348143936918544,49.73288591265711,49.58041408734289,49.74749069286664,49.56580930713336,49.776034907317815,49.53726509268218
2026-07-08,BOS,92,48.63177645245594,0.0526998244800639,48.718459949891674,48.5450929550202,48.73506621042844,48.52848669448343,48.76752220464357,48.49603070026831
2026-07-08,BOS,94,51.19637581248769,0.09139502132516492,51.346707244799696,51.04604438017568,51.375506762651284,51.01724486232409,51.43179378661552,50.96095783835985
2026-07-08,CHC,93,49.42665,0.0456104703398816,49.50167254756552,49.351627452434485,49.5160448791841,49.337255120815904,49.544134786050115,49.30916521394989
2026-07-08,CHW,92,38.79835,0.04527755367418096,38.87282494838047,38.72387505161953,38.88709237450947,38.70960762549053,38.914977249546965,38.681722750453034
2026-07-08,CIN,92,43.55455,0.04543434195458813,43.62928284215216,43.47981715784784,43.64359967389227,43.46550032610773,43.67158110939409,43.43751889060591
2026-07-08,CLE,94,43.6751,0.0463506140031708,43.751339975554544,43.59886002444546,43.76594553410753,43.58425446589247,43.79449126978685,43.55570873021315
2026-07-08,COL,94,35.98585,0.04434693700151194,36.05879422017112,35.912905779828876,36.07276839934763,35.89893160065237,36.10008013985113,35.87161986014887
2026-07-08,DET,93,49.70025,0.04641112686102147,49.77658951034825,49.62391048965174,49.79121413712952,49.60928586287047,49.81979714057934,49.580702859420654
2026-07-08,HOU,95,48.6513,0.0471609120255446,48.72887279719556,48.57372720280444,48.74373368904813,48.55886631095187,48.77277845917749,48.52982154082251
2026-07-08,KCR,93,46.4914,0.046337173615607206,46.56761786808431,46.415182131915685,46.58221919143197,46.40058080856803,46.61075664964271,46.37204335035729
2026-07-08,LAA,93,39.872,0.045630909578874765,39.94705616712191,39.79694383287809,39.9614349393564,39.7825650606436,39.989537434040855,39.754462565959145
2026-07-08,LAD,94,58.09615,0.04492528433892938,58.17004551688672,58.02225448311329,58.18420193929953,58.008098060700476,58.21186986387048,57.98043013612952
2026-07-08,MIA,93,41.8935,0.04616784011596234,41.96943933926326,41.817560660736746,41.983987303871295,41.80301269612871,42.01242047545226,41.77457952454775
2026-07-08,MIL,92,46.3667,0.04554860359291438,46.44162078582238,46.29177921417762,46.4559736225882,46.2774263774118,46.484025427870364,46.24937457212964
2026-07-08,MIN,93,44.94905,0.04619907382833701,45.02504071414834,44.87305928585166,45.03959852082265,44.85850147917735,45.06805092816385,44.83004907183615
2026-07-08,NYM,93,51.72415,0.04579953841209465,51.799483536869836,51.64881646313017,51.81391544579627,51.634384554203734,51.842121793130886,51.60617820686912
2026-07-08,NYY,94,51.19235,0.04653778961412019,51.268897852037085,51.11580214796291,51.28356239156378,51.10113760843622,51.31222340221044,51.07247659778955
2026-07-08,PHI,93,51.763,0.04601252446476253,51.83868386775106,51.68731613224894,51.8531828907887,51.672817109211294,51.8815204088466,51.6444795911534
2026-07-08,PIT,93,45.82895,0.046178850345000674,45.90490744947842,45.752992550521576,45.91945888352367,45.73844111647633,45.94789883592285,45.71000116407715
2026-07-08,SDP,92,46.40385,0.045727260009653,46.47906464947743,46.32863535052257,46.49347378273062,46.31422621726938,46.52163561630386,46.286064383696136
2026-07-08,SEA,93,50.821789566515164,0.05252166545043904,50.90818001842485,50.73539911460548,50.92473013920608,50.718848993824245,50.9570764114536,50.68650272157673
2026-07-08,SEA,95,53.15687393040502,0.0869461402070079,53.299887604473945,53.013860256336095,53.327285233805526,52.986462627004514,53.3808323461807,52.932915514629336
2026-07-08,SFG,93,46.1428,0.04614067463846632,46.21869465602907,46.06690534397093,46.23323406051377,46.05236593948623,46.261650501819275,46.02394949818073
2026-07-08,STL,93,42.00155,0.045979920481981844,42.07718023897173,41.925919761028275,42.091668988156705,41.9114310118433,42.11998642655234,41.883113573447666
2026-07-08,TBR,92,45.632,0.046342110219097295,45.70822598807447,45.55577401192553,45.72282886699701,45.54117113300298,45.75136936549064,45.51263063450936
2026-07-08,TEX,92,45.88435,0.04565027876445622,45.95943802659706,45.80926197340293,45.97382290226255,45.79487709773745,46.00193732575666,45.76676267424334
2026-07-08,TOR,94,51.5551,0.04630335192531931,51.631262236354374,51.47893776364563,51.645852902137115,51.46434709786289,51.67436953074178,51.43583046925823
2026-07-08,WSN,94,38.24815,0.045344695234881674,38.322735386420106,38.1735646135799,38.337023969550316,38.15927603044969,38.364950194746505,38.1313498052535
2026-07-09,ARI,94,46.2637,0.04629130868492478,46.33984242698673,46.18755757301327,46.35442929781968,46.17297070218032,46.38293850941026,46.14446149058974
2026-07-09,ATH,93,45.1912,0.04608609686680157,45.2670048835834,45.11539511641661,45.28152709004696,45.10087290995305,45.309909918795704,45.0724900812043
2026-07-09,ATL,94,50.8233,0.04599901793497924,50.89896165148656,50.74763834851345,50.91345641847678,50.73314358152323,50.941785618331394,50.70481438166861
2026-07-09,BAL,94,50.1597,0.0467126738604735,50.236535511024,50.082864488976,50.2512551583881,50.068144841611904,50.28002387417693,50.03937612582307
2026-07-09,BOS,93,49.23688266434363,0.05311234715750451,49.32424470120156,49.14952062748571,49.34098095190673,49.132784376780535,49.3736910045322,49.10007432415507
2026-07-09,BOS,95,51.825881426039,0.09201593924653766,51.97723417744601,51.674528674631986,52.00622935296584,51.645533499112155,52.0628987787438,51.58886407333419
2026-07-09,CHC,94,49.9236,0.04594462642611052,49.999172185415915,49.848027814584086,50.013649813078324,49.83355018692168,50.04194551508898,49.80525448491102
2026-07-09,CHW,93,39.18705,0.04567660705981387,39.26218133278917,39.11191866721083,39.27657450477322,39.097525495226776,39.304705142951356,39.06939485704864
2026-07-09,CIN,93,43.97805,0.045789062468968265,44.05336630547679,43.902733694523214,44.06779491332504,43.88830508667497,44.0959948088896,43.86010519111041
2026-07-09,CLE,95,44.16535,0.04676483525434278,44.24227130888189,44.088428691118104,44.25700739284146,44.073692607158534,44.28580823302377,44.04489176697622
2026-07-09,COL,95,36.38795,0.04468519976713673,36.461450612908024,36.31444938709197,36.475531382185565,36.30036861781443,36.50305144699512,36.27284855300487
2026-07-09,DET,94,50.2459,0.04677730288615706,50.3228418163113,50.168958183688694,50.33758182895079,50.15421817104921,50.36639034751514,50.125409652484855
2026-07-09,KCR,94,46.94105,0.0466984237637,47.017862071700634,46.86423792829936,47.03257722871164,46.849522771288356,47.06133716836008,46.82076283163991
2026-07-09,LAA,94,40.30945,0.04599788392025489,40.38510978619832,40.233790213801676,40.39960419584875,40.219295804151244,40.427932697303035,40.19096730269696
2026-07-09,MIA,94,42.29125,0.046479879419320205,42.367702598243135,42.21479740175686,42.38234888966763,42.200151110332364,42.410974235433706,42.17152576456629
2026-07-09,MIL,93,46.90685,0.045920410364884603,46.982382353539776,46.83131764646022,46.99685235047047,46.81684764952953,47.02513313864886,46.788566861351136
2026-07-09,MIN,94,45.4588,0.046558388204228154,45.535381733702735,45.38221826629726,45.55005276405852,45.36754723594147,45.57872646066245,45.33887353933754
2026-07-09,NYM,94,52.2745,0.046188842353515405,52.35047388486987,52.198526115130136,52.365028467500494,52.18397153249951,52.39347457363119,52.15552542636882
2026-07-09,NYY,95,51.7396,0.04692200630550425,51.81677983225545,51.66242016774456,51.83156544244115,51.64763455755885,51.860463078823024,51.61873692117698
2026-07-09,PHI,94,52.3395,0.046337990331556056,52.4157192114625,52.2632807885375,52.430320792165816,52.248679207834186,52.458858753363586,52.220141246636416
2026-07-09,PIT,94,46.2784,0.04653120382760892,46.354937019382255,46.20186298061774,46.36959948365941,46.18720051634059,46.39825643834856,46.158543561651435
2026-07-09,SDP,93,46.9182,0.04612062221598572,46.994061672729224,46.842338327270774,47.00859475848791,46.82780524151209,47.03699885020184,46.79940114979816
2026-07-09,SEA,94,51.4175429075368,0.05294765244727825,51.50463404570327,51.33045176937033,51.521318399399405,51.31376741567419,51.553927022264624,51.281158792808974
2026-07-09,SEA,96,53.77733409393421,0.08755804894854784,53.92135426831602,53.63331391955239,53.948944716429956,53.60572347143846,54.00286868217744,53.55179950569097
2026-07-09,SFG,94,46.7407,0.046492701083747305,46.81717368800437,46.66422631199563,46.831824019668126,46.64957598033187,46.86045726185265,46.62094273814734
2026-07-09,STL,94,42.4614,0.04633862174680273,42.53762025004816,42.38517974995184,42.55222202971696,42.37057797028304,42.58076037978148,42.342039620218515
2026-07-09,TBR,93,46.08475,0.04672073964794077,46.16159877806377,46.00790122193623,46.176320967041036,45.99317903295896,46.20509465026864,45.96440534973136
2026-07-09,TEX,93,46.4469,0.04601738692597571,46.52259186578802,46.371208134211976,46.537092421037556,46.35670757896244,46.56543293371668,46.32836706628332
2026-07-10,ARI,95,46.6452,0.046663473102482436,46.721954582978775,46.56844541702123,46.73665872667442,46.553741273325585,46.765397141422746,46.52500285857726
2026-07-10,ATH,94,45.7567,0.04644214787404828,45.83309053537405,45.68030946462596,45.84772493719782,45.66567506280219,45.876327045413724,45.63707295458628
2026-07-10,ATL,95,51.40755,0.046363834290657054,51.483811720992364,51.33128827900764,51.49842144539487,51.31667855460513,51.52697532299076,51.28812467700924
2026-07-10,BAL,95,50.70325,0.047079510361619004,50.7806889033734,50.62581109662659,50.79552414471855,50.610975855281445,50.82451878238619,50.5819812176138
2026-07-10,BOS,94,49.73115325336729,0.05357602302037499,49.81927796914999,49.64302853758459,49.83616032892211,49.626146177812466,49.86915594343078,49.593150563303794
2026-07-10,BOS,96,52.32105574157967,0.09271470699455515,52.47355786365141,52.16855361950793,52.50277322812618,52.13933825503316,52.55987300072619,52.08223848243315
2026-07-10,CHC,95,50.4751,0.04628089341785415,50.55122529539691,50.398974704603084,50.56580888427133,50.38439111572867,50.59431168146013,50.35588831853987
2026-07-10,CHW,94,39.62155,0.04600562037110553,39.69722251152756,39.545877488472435,39.71171935901379,39.53138064098621,39.74005262507984,39.50304737492016
2026-07-10,CIN,94,44.42655,0.04609784708042536,44.50237421096489,44.35072578903511,44.516900120042465,44.33619987995753,44.54529018534028,44.30780981465972
2026-07-10,CLE,96,44.689,0.047142073233507956,44.76654181014015,44.61145818985985,44.781396765694225,44.596603234305775,44.81042993366492,44.56757006633508
2026-07-10,COL,96,36.79345,0.04505886006013148,36.867565229396206,36.719334770603794,36.88176374290229,36.70513625709771,36.909513932127396,36.677386067872604
2026-07-10,DET,95,50.7314,0.04718213655294221,50.809007708436425,50.653792291563576,50.82387528835742,50.63892471164258,50.852933129937114,50.60986687006289
2026-07-10,HOU,96,49.15685,0.04759711838083193,49.23514029280115,49.07855970719885,49.25013863779432,49.063561362205675,49.279452052289834,49.03424794771016
2026-07-10,KCR,95,47.3975,0.04708514137206028,47.47494816556136,47.320051834438644,47.48978518129621,47.30521481870379,47.5187832869079,47.276216713092104
2026-07-10,LAA,95,40.76315,0.04640539060161905,40.83948007504117,40.68681992495883,40.85410289426769,40.672197105732316,40.882682364954285,40.64361763504572
2026-07-10,LAD,95,58.71465,0.04528950017185313,58.78914459862049,58.64015540137951,58.803415789214654,58.625884210785344,58.83130802168574,58.597991978314255
2026-07-10,MIA,95,42.7676,0.04685236674078959,42.84466528536485,42.690534714635156,42.859428951402414,42.67577104859759,42.88828369919155,42.646916300808456
2026-07-10,MIL,94,47.41635,0.04631622171005172,47.49253340526647,47.34016659473353,47.507128126451676,47.32557187354833,47.53565268111042,47.29704731888958
2026-07-10,MIN,95,46.0051,0.04687844471533742,46.082208179815865,45.92799182018413,46.09698006329331,45.91321993670669,46.12585087160256,45.88434912839744
2026-07-10,NYM,95,52.78,0.04655613142936896,52.85657802163843,52.703421978361575,52.87124834086108,52.68875165913892,52.89992064759564,52.66007935240436
2026-07-10,NYY,96,52.37805,0.04726259723639698,52.45579005448344,52.30030994551657,52.47068298839916,52.28541701160084,52.499790382923344,52.25630961707666
2026-07-10,PHI,95,52.854,0.04671304213402574,52.930836116780085,52.77716388321991,52.945555880190994,52.762444119809004,52.974324822786734,52.733675177213264
2026-07-10,PIT,95,46.7689,0.04690655232195753,46.846054412714565,46.69174558728544,46.86083515318998,46.67696484681002,46.88972327199935,46.64807672800065
2026-07-10,SDP,94,47.3683,0.04648812550308565,47.44476616184392,47.29183383815607,47.459415051694826,47.27718494830517,47.4880454759379,47.248554524062094
2026-07-10,SEA,95,51.9618072043959,0.0534074057533075,52.0496545694553,51.87395983933651,52.0664837961801,51.857130612611705,52.0993755651618,51.824238843630006
2026-07-10,SEA,97,54.33029092983457,0.08810136003877056,54.475204771433695,54.18537708823544,54.502966422499554,54.15761543716958,54.557224994704946,54.10335686496419
2026-07-10,SFG,95,47.3352,0.04683456759527179,47.412236008375785,47.258163991624215,47.42699406571824,47.24340593428176,47.455837851630946,47.214562148369055
2026-07-10,STL,95,42.87715,0.046640665319633595,42.95386706751443,42.80043293248557,42.968564024241466,42.785735975758534,42.99728839246733,42.75701160753267
2026-07-10,TBR,94,46.5382,0.047051490201018134,46.61559281431062,46.46080718568939,46.630419226212936,46.44598077378707,46.65939660723543,46.41700339276458
2026-07-10,TEX,94,46.94135,0.04638456731801263,47.01764582378761,46.86505417621239,47.03226208138178,46.85043791861822,47.060828727730176,46.821871272269824
2026-07-10,TOR,95,52.105,0.04666243263194672,52.18175287155703,52.02824712844296,52.19645668738964,52.01354331261035,52.225194461348245,51.98480553865175
2026-07-10,WSN,95,38.6097,0.0457081257233094,38.684883176377134,38.53451682362286,38.69928628021851,38.520113719781484,38.72743632964839,38.4919636703516
2026-07-11,ARI,96,47.03385,0.04703414525019003,47.111214284405335,46.95648571559467,47.126035230734,46.941664769266005,47.15500192960282,46.912698070397184
2026-07-11,ATH,95,46.3206,0.04680561205951708,46.39758838075778,46.243611619242216,46.412337313911,46.228862686088995,46.441163267113446,46.20003673288655
2026-07-11,ATL,96,51.98265,0.046759028745403546,52.05956175802461,51.90573824197539,52.07429601229306,51.89100398770694,52.10309327644789,51.862206723552106
2026-07-11,BAL,96,51.2466,0.04745431505775726,51.32465540223725,51.168544597762754,51.33960874842422,51.15359125157578,51.36883421530561,51.12436578469439
2026-07-11,BOS,95,50.21624338269785,0.05398583442954052,50.30504217826328,50.127444587132416,50.32205367385509,50.11043309154061,50.355301676997996,50.0771850883977
2026-07-11,BOS,97,52.82785109316526,0.09349632935449555,52.98163886961065,52.67406331671987,53.01110053138677,52.64460165494375,53.068681678090826,52.58702050823969
2026-07-11,CHC,96,51.03545,0.046615644539047076,51.11212591199273,50.95877408800727,51.126814984412654,50.94408501558734,51.15552394320749,50.9153760567925
2026-07-11,CHW,95,40.05765,0.046356270008095585,40.13389927885476,39.98140072114524,40.14850661967348,39.96679338032652,40.17705583869008,39.938244161309925
2026-07-11,CIN,95,44.8662,0.046453285926709935,44.94260885584036,44.789791144159636,44.95724676737989,44.775153232620106,44.985855735136155,44.74654426486384
2026-07-11,CLE,97,45.2152,0.047489127269938744,45.29331266323072,45.137087336769284,45.308276979106324,45.12212302089368,45.33752388562188,45.09287611437813
2026-07-11,COL,97,37.19515,0.045441022966075675,37.26989383143813,37.120406168561864,37.284212768434166,37.10608723156583,37.31219831853925,37.078101681460744
2026-07-11,DET,96,51.21045,0.0475211632109595,51.288615357664504,51.1322846423355,51.30358976839693,51.11731023160307,51.33285640473752,51.088043595262484
2026-07-11,HOU,97,49.6638,0.04798144004643298,49.74272244568673,49.58487755431327,49.75784189441738,49.56975810558262,49.78739199929808,49.540208000701924
2026-07-11,KCR,96,47.85415,0.047438922958321625,47.93218008448667,47.77611991551333,47.947128580463676,47.76117141953632,47.976344567884844,47.73195543211515
2026-07-11,LAA,96,41.2212,0.04677320723069709,41.29813507955757,41.14426492044244,41.3128738016136,41.12952619838641,41.341679797805796,41.10072020219421
2026-07-11,LAD,96,59.326,0.04568156674499055,59.40113949074532,59.25086050925468,59.415534225577545,59.236465774422456,59.44366791825377,59.20833208174623
2026-07-11,MIA,96,43.2414,0.0471846121249403,43.31901178039001,43.16378821960999,43.333880140389375,43.14891985961062,43.362939506588006,43.11986049341199
2026-07-11,MIL,95,47.9168,0.046658201180359224,47.993545911438545,47.84005408856146,48.00824839389693,47.82535160610308,48.03698356185125,47.79661643814875
2026-07-11,MIN,96,46.54705,0.04725289363280125,46.624774093475864,46.46932590652413,46.63966396968559,46.454436030314405,46.668765388096844,46.42533461190315
2026-07-11,NYM,96,53.2894,0.04692699105125381,53.36658803143258,53.21221196856742,53.38137521236329,53.19742478763671,53.4102759186772,53.1685240813228
2026-07-11,NYY,97,53.016,0.04757536516694898,53.09425451194839,52.937745488051604,53.10924600227856,52.922753997721436,53.13854601972407,52.89345398027593
2026-07-11,PHI,96,53.37495,0.047086346015315764,53.452400147023184,53.29749985297681,53.46723754235361,53.28266245764639,53.49623638986329,53.253663610136705
2026-07-11,PIT,96,47.26845,0.04730846789351489,47.34626550500017,47.190634494999834,47.36117289323506,47.175727106764946,47.39030853790612,47.14659146209388
2026-07-11,SDP,95,47.8168,0.04683867612432125,47.893842766304694,47.73975723369531,47.908602118287206,47.724997881712795,47.93744843450046,47.69615156549954
2026-07-11,SEA,96,52.51014178142596,0.05375014870342909,52.598552908469976,52.42173065438194,52.615490137048354,52.40479342580356,52.648592989526364,52.37169057332555
2026-07-11,SEA,98,54.88039551245484,0.08869751401676808,55.0262899400869,54.73450108482278,55.054239445445944,54.706551579463735,55.10886516821117,54.65192585669851
2026-07-11,SFG,96,47.9335,0.04720302208296291,48.01114206207623,47.85585793792377,48.026016223244056,47.84098377675595,48.05508692749736,47.81191307250264
2026-07-11,STL,96,43.30205,0.04700597055628563,43.37936794115788,43.22473205884212,43.39418000934867,43.20991999065133,43.423129356400636,43.180970643599366
2026-07-11,TBR,95,46.9894,0.04738894035092349,47.067347870413606,46.9114521295864,47.08228061635333,46.89651938364668,47.111465821220044,46.86733417877996
2026-07-11,TEX,95,47.4344,0.046718614742393444,47.51124528290517,47.35755471709482,47.52596680230269,47.3428331976973,47.55473917687466,47.31406082312533
2026-07-11,TOR,96,52.6565,0.04699091183186121,52.7337931717604,52.579206828239606,52.74860049479115,52.564399505208854,52.777540567696995,52.53545943230301
2026-07-11,WSN,96,38.97175,0.04603258136149148,39.04746685841039,38.89603314158961,39.061972201583934,38.881527798416066,39.09032207198893,38.85317792801107
2026-07-12,ARI,97,47.41935,0.04736361414073294,47.497256212504915,47.34144378749509,47.51218097789349,47.32651902210651,47.541350585225686,47.29734941477432
2026-07-12,ATH,96,46.8833,0.04721080912804727,46.96095487062558,46.80564512937442,46.975831485571966,46.79076851442803,47.00490698559628,46.76169301440372
2026-07-12,ATL,97,52.56345,0.047092776424357996,52.64091072410482,52.485989275895186,52.655750145723744,52.47114985427626,52.68475295349934,52.442147046500665
2026-07-12,BAL,97,51.7902,0.0478015527720843,51.86882655745107,51.711573442548925,51.883889321838375,51.69651067816162,51.91332864038547,51.667071359614525
2026-07-12,BOS,96,50.71105005695906,0.0543826941527627,50.800501628679626,50.62159848523849,50.817638178880735,50.604461935037385,50.851130594163685,50.570969519754435
2026-07-12,BOS,98,53.337797912152844,0.09430589089104802,53.49291729882788,53.18267852547781,53.522634061829265,53.15296176247642,53.58071378940729,53.0948820348984
2026-07-12,CHC,97,51.59435,0.04693697964162052,51.671554461201666,51.51714553879833,51.686344789640664,51.50235521035933,51.71525164758096,51.473448352419034
2026-07-12,CHW,96,40.49495,0.0467403247504003,40.571830992690586,40.41806900730942,40.586559353136494,40.40334064686351,40.615345098149476,40.37455490185053
2026-07-12,CIN,96,45.3073,0.04676689740227205,45.38422470081339,45.230375299186605,45.39896143457713,45.215638565422864,45.42776354476484,45.18683645523516
2026-07-12,CLE,98,45.73825,0.04792339386415545,45.81707696821328,45.65942303178672,45.83217812599067,45.64432187400933,45.861692482240805,45.614807517759196
2026-07-12,COL,98,37.59265,0.04583602127058255,37.66804354583194,37.517256454168056,37.68248695088495,37.50281304911505,37.71071576674686,37.47458423325314
2026-07-12,DET,97,51.6941,0.04787891894188867,51.77285381347608,51.615346186523915,51.78794095674481,51.600259043255186,51.817427922432756,51.57077207756724
2026-07-12,HOU,98,50.1713,0.048368531001463586,50.25085915364807,50.09174084635193,50.26610057874798,50.076499421252024,50.295889079523185,50.04671092047682
2026-07-12,KCR,97,48.31055,0.047802193332098966,48.38917761107854,48.23192238892146,48.40424057731293,48.216859422687065,48.43368029035873,48.18741970964127
2026-07-12,LAA,97,41.6786,0.04716292313953779,41.756176105183705,41.6010238948163,41.771037630759125,41.58616236924088,41.80008363946385,41.557116360536156
2026-07-12,LAD,97,59.9405,0.0460418177307216,60.01623205088582,59.86476794911418,60.03074030453497,59.85025969546503,60.05909586329945,59.82190413670055
2026-07-12,MIA,97,43.71835,0.04752230089472859,43.796517228987774,43.64018277101223,43.81149199821614,43.62520800178386,43.84075933521671,43.59594066478329
2026-07-12,MIL,96,48.4157,0.04698026216137619,48.49297565461127,48.33842434538873,48.507779621820546,48.323620378179456,48.53671313596368,48.29468686403632
2026-07-12,MIN,97,47.08965,0.04762099360394092,47.16797956404847,47.011320435951525,47.18298543237174,46.99631456762826,47.21231355078915,46.96698644921085
2026-07-12,NYM,97,53.79075,0.04732610495155393,53.86859451537905,53.712905484620954,53.88350746123361,53.69799253876639,53.91265396795705,53.66884603204296
2026-07-12,NYY,98,53.65245,0.04788964001489297,53.7312214480719,53.573678551928104,53.74631196966178,53.55858803033822,53.77580553808677,53.52909446191323
2026-07-12,PHI,97,53.8913,0.04743797775608348,53.96932852976734,53.813271470232664,53.98427672790134,53.79832327209866,54.01349213320522,53.76910786679478
2026-07-12,PIT,97,47.76955,0.04772903773309448,47.84805728082619,47.691042719173815,47.86309719497362,47.676002805026386,47.8924918540231,47.646608145976906
2026-07-12,SDP,96,48.27065,0.04718857135936975,48.34826829275112,48.193031707248885,48.36313790034627,48.17816209965374,48.39219970490008,48.14910029509993
2026-07-12,SEA,97,53.062953666644056,0.05416127778339605,53.1520410408464,52.97386629244171,53.16910782045618,52.95679951283193,53.20246387307618,52.923443460211935
2026-07-12,SEA,99,55.43639475185397,0.08929115012237988,55.58326562398743,55.289523879720505,55.61140219023199,55.26138731347594,55.66639351288678,55.20639599082116
2026-07-12,SFG,97,48.536,0.047591001724824535,48.61428023179733,48.45771976820267,48.62927664936884,48.44272335063116,48.65858629682805,48.413413703171955
2026-07-12,STL,97,43.72125,0.04735926062401462,43.799149051607145,43.64335094839285,43.814072445157514,43.62842755484248,43.84323937130974,43.59926062869025
2026-07-12,TBR,96,47.43575,0.04772999585690576,47.51425885679961,47.35724114320039,47.52929907286178,47.342200927138215,47.558694321986486,47.31280567801351
2026-07-12,TEX,96,47.9269,0.04710773584496323,48.004385330162066,47.84941466983794,48.01922946564936,47.83457053435065,48.0482414864133,47.8055585135867
2026-07-12,TOR,97,53.20265,0.04733726005679333,53.28051286389436,53.12478713610564,53.29542932483812,53.10987067516188,53.324582701604,53.080717298395996
2026-07-12,WSN,97,39.3353,0.04633077835037019,39.41150734880909,39.259092651190905,39.42610665694243,39.24449334305756,39.45464017653111,39.215959823468886
2026-07-16,NYM,98,54.28615,0.04770180480845666,54.36461248665132,54.20768751334868,54.379643819422135,54.19265618057786,54.40902170665779,54.16327829334221
2026-07-16,PHI,98,54.3959,0.04782214452923829,54.47456042787751,54.31723957212248,54.48962968094077,54.30217031905922,54.51908168123696,54.27271831876303
2026-07-17,ARI,98,47.95965,0.047709327210411843,48.038124859901465,47.88117514009854,48.05315856305905,47.86614143694096,48.08254108308118,47.836758916918825
2026-07-17,ATH,97,47.45195,0.047588158101722844,47.53022555445356,47.373674445546435,47.54522107596997,47.35867892403002,47.574528972140335,47.32937102785966
2026-07-17,ATL,98,53.0989,0.04746339197928132,53.17697033244454,53.02082966755546,53.1919265388635,53.0058734611365,53.221157595906064,52.97664240409394
2026-07-17,BAL,98,52.31785,0.048203757623109175,52.39713812555906,52.23856187444094,52.412327628860794,52.223372371139206,52.442014651426774,52.193685348573226
2026-07-17,BOS,97,51.25189305099511,0.05476229792411295,51.34196901535578,51.161817086634436,51.35922518263702,51.1445609193532,51.39295138271771,51.1108347192725
2026-07-17,BOS,99,53.907622611778606,0.09514361475555878,54.06411993159056,53.75112529196665,54.09410067005845,53.72114455349876,54.15269632271154,53.66254890084567
2026-07-17,CHC,98,52.1291,0.047279894552774294,52.20686850603702,52.051331493962984,52.22176689051629,52.03643310948371,52.25088493785774,52.00731506214226
2026-07-17,CHW,97,40.87015,0.04713963890562593,40.947687806027105,40.7926121939729,40.962541994499254,40.77775800550075,40.99157366325183,40.74872633674818
2026-07-17,CIN,97,45.88475,0.04712737443722142,45.96226763277176,45.80723236722823,45.97711795658289,45.792382043417106,46.00614207207472,45.76335792792528
2026-07-17,CLE,99,46.22425,0.0482645788374199,46.30363816755401,46.14486183244598,46.31884683625034,46.12965316374966,46.34857131649287,46.09992868350712
2026-07-17,COL,99,38.0152,0.0461805703760145,38.09116027867768,37.93923972132232,38.105712254722505,37.924687745277495,38.13415326642914,37.89624673357086
2026-07-17,DET,98,52.285,0.04823188847384347,52.364334396690914,52.20566560330908,52.37953276431508,52.19046723568491,52.40923711169643,52.160762888303566
2026-07-17,HOU,99,50.64365,0.04870638407300908,50.72376487249818,50.56353512750182,50.73911275860027,50.54818724139973,50.769109331365165,50.51819066863484
2026-07-17,KCR,98,48.7972,0.04815069607468434,48.87640084707868,48.717999152921315,48.89157363013691,48.70282636986308,48.921227973935444,48.67317202606455
2026-07-17,LAA,98,42.0877,0.04755232377786437,42.16591661223599,42.00948338776401,42.1809008419858,41.99449915801419,42.21018666903887,41.96521333096113
2026-07-17,LAD,98,60.49535,0.04634890861650891,60.57158717044311,60.419112829556894,60.5861921916111,60.40450780838891,60.61473687700192,60.37596312299809
2026-07-17,MIA,98,44.17225,0.04789429705152282,44.251029108215484,44.09347089178451,44.26612109728585,44.07837890271415,44.29561753381819,44.04888246618181
2026-07-17,MIL,97,48.9618,0.04733227287171799,49.0396546607049,48.883945339295096,49.054569550134985,48.86903044986501,49.08371985546654,48.83988014453345
2026-07-17,MIN,98,47.5549,0.04797113049499715,47.633805487983665,47.47599451201634,47.64892168806787,47.460878311932134,47.67846544365339,47.43133455634662
2026-07-17,NYY,99,54.0976,0.04826489601158749,54.1769886892591,54.0182113107409,54.192197457900285,54.003002542099715,54.22192213347939,53.97327786652061
2026-07-17,PIT,98,48.28355,0.04807871720447001,48.36263245237294,48.204467547627054,48.37778255414364,48.189317445856354,48.40739256865231,48.159707431347684
2026-07-17,SDP,97,48.784,0.04753072857118775,48.86218109128196,48.70581890871804,48.877158516158474,48.690841483841524,48.90643104347269,48.661568956527304
2026-07-17,SEA,98,53.607285801506,0.05451978662820334,53.69696287028202,53.51760873272998,53.71414261974209,53.50042898326991,53.74771946552616,53.466852137485844
2026-07-17,SEA,100,55.99733789693858,0.08992808621889925,56.14525643572054,55.849419358156624,56.17359370712624,55.82108208675093,56.228977296633296,55.76569849724387
2026-07-17,SFG,98,48.9873,0.04792793329405607,49.066134434911014,48.90846556508898,49.081237023109786,48.89336297689021,49.110754175037364,48.86384582496263
2026-07-17,STL,98,44.18095,0.04773467591635288,44.25946655481237,44.102433445187636,44.274508245609745,44.08739175439026,44.30390637702075,44.057993622979254
2026-07-17,TBR,97,47.88755,0.04812531612548226,47.96670910077718,47.808390899222815,47.98187388635055,47.793226113649446,48.01151259951857,47.76358740048143
2026-07-17,TEX,97,48.39145,0.04748198154883152,48.469550909565434,48.31334909043456,48.484512973750306,48.29838702624969,48.513755479464045,48.26914452053595
2026-07-17,TOR,98,53.82745,0.04766925049491685,53.90585893957062,53.74904106042938,53.92088001414005,53.734019985859945,53.95023785230302,53.70466214769698
2026-07-17,WSN,98,39.76665,0.0467033076860992,39.84347010503811,39.68982989496189,39.85818680102365,39.67511319897635,39.88694974851051,39.64635025148949
2026-07-18,ARI,99,48.50105,0.04800911568269536,48.58001796805741,48.42208203194259,48.5951461376677,48.4069538623323,48.62471328701295,48.37738671298705
2026-07-18,ATH,98,48.0254,0.047933262166068795,48.104243200125474,47.94655679987452,48.11934746750701,47.93145253249298,48.14886790130205,47.90193209869795
2026-07-18,ATL,99,53.6333,0.04783660703424355,53.71198421658133,53.55461578341867,53.72705802692971,53.539541973070286,53.75651893418116,53.51008106581884
2026-07-18,BAL,99,52.83945,0.04856883395199636,52.919338622682744,52.759561377317254,52.93464316531702,52.74425683468298,52.96455502573275,52.71434497426725
2026-07-18,BOS,98,51.790591704080946,0.05516544093773705,51.88133077968976,51.69985262847213,51.898713981510184,51.68246942665171,51.932688463391564,51.64849494477033
2026-07-18,BOS,100,54.45794760685444,0.09586249252055618,54.615627375365484,54.300267838343395,54.64583463966297,54.27006057404591,54.704873024200126,54.21102218950875
2026-07-18,CHC,99,52.6712,0.047673191257332805,52.74961542154797,52.592784578452026,52.764637737892464,52.577762262107534,52.793998003034325,52.54840199696567
2026-07-18,CHW,98,41.24325,0.047463213225670646,41.32132003842102,41.165179961578986,41.33627618851286,41.150223811487145,41.365507135467276,41.12099286453273
2026-07-18,CIN,98,46.45655,0.04747339561311753,46.53463678695794,46.37846321304206,46.54959614562553,46.36350385437447,46.57883336355924,46.33426663644076
2026-07-18,CLE,100,46.704,0.04862712648174362,46.78398450536172,46.62401549463828,46.79930741657589,46.60869258342411,46.82925517733906,46.578744822660944
2026-07-18,COL,100,38.4434,0.04652577838578008,38.51992809532459,38.366871904675406,38.534588849988815,38.35221115001118,38.563242463336515,38.32355753666348
2026-07-18,DET,99,52.87965,0.04858411586815934,52.95956375919797,52.79973624080203,52.97487311732231,52.784426882677685,53.00479438934022,52.75450561065978
2026-07-18,HOU,100,51.12205,0.049109655647223666,51.202828195209676,51.04127180479033,51.21830315636172,51.02579684363828,51.24854809010331,50.99555190989669
2026-07-18,KCR,99,49.28515,0.048511335184233784,49.364944045626046,49.20535595437396,49.38023046980305,49.19006953019695,49.41010691872184,49.160193081278166
2026-07-18,LAA,99,42.49305,0.04789041928703456,42.5718227298605,42.41427727013949,42.58691349700711,42.39918650299288,42.61640754535878,42.36969245464121
2026-07-18,LAD,99,61.0488,0.046693735588911475,61.12560436033933,60.97199563966067,61.140318040057906,60.957281959942094,61.169075092422084,60.928524907577916
2026-07-18,MIA,99,44.6254,0.04826567331718302,44.70478996781302,44.54601003218698,44.71999898139126,44.53080101860874,44.749724135685916,44.50107586431408
2026-07-18,MIL,98,49.50865,0.04769617390446783,49.587103224638476,49.43019677536153,49.60213278305312,49.415167216946884,49.6315072024103,49.38579279758971
2026-07-18,MIN,99,48.0128,0.04828440097142001,48.092220772063015,47.93337922793698,48.107435686919075,47.91816431308092,48.137172374926486,47.88842762507351
2026-07-18,NYM,99,54.78725,0.0480271246496195,54.86624759017198,54.70825240982802,54.88138143459427,54.69311856540573,54.91095967503769,54.66354032496231
2026-07-18,NYY,100,54.54415,0.04860515056975017,54.62409835820318,54.464201641796826,54.63941434457986,54.44888565542014,54.66934857114097,54.41895142885903
2026-07-18,PHI,99,54.8948,0.048159449899585954,54.97401524583932,54.815584754160675,54.98919078731845,54.800409212681544,55.018850522294144,54.77074947770585
2026-07-18,PIT,99,48.8038,0.0484561933929391,48.88350334545064,48.72409665454936,48.89877239387807,48.708827606121936,48.92861488287997,48.678985117120035
2026-07-18,SDP,98,49.29605,0.04787081366151026,49.37479048147625,49.21730951852375,49.38987507068719,49.20222492931281,49.419357044614046,49.17274295538596
2026-07-18,SEA,99,54.158605250661424,0.0548875092822512,54.24888716937867,54.06832333194418,54.266182792055744,54.0510277092671,54.29998610546946,54.01722439585339
2026-07-18,SEA,101,56.55295683590036,0.0906011758984364,56.701982508682974,56.40393116311775,56.730531877618276,56.375381794182445,56.78632999971554,56.31958367208518
2026-07-18,SFG,99,49.43485,0.048297975201818034,49.51429309968512,49.355406900314875,49.52951229192177,49.340187708078226,49.55925733982692,49.310442660173074
2026-07-18,STL,99,44.63955,0.04810703695121119,44.718679034211085,44.560420965788914,44.73383805982731,44.545261940172686,44.76346551548584,44.51563448451416
2026-07-18,TBR,98,48.3459,0.04849794080178149,48.42567201382749,48.26612798617251,48.44095421729585,48.250845782704154,48.470822417079006,48.220977582920995
2026-07-18,TEX,98,48.85705,0.047835239890521776,48.93573196783002,48.77836803216998,48.950805347377255,48.76329465262275,48.9802654126523,48.7338345873477
2026-07-18,TOR,99,54.45435,0.047986518306415565,54.533280798681076,54.37541920131892,54.54840184762404,54.360298152375954,54.57795508002895,54.330744919971046
2026-07-18,WSN,99,40.1932,0.047030301726270436,40.27055796237107,40.11584203762892,40.285377697565536,40.10102230243446,40.31434202934127,40.072057970658726
2026-07-19,ARI,100,49.0411,0.04839470675478968,49.12070220893087,48.96149779106913,49.135951882281766,48.946248117718234,49.16575650379564,48.91644349620436
2026-07-19,ATH,99,48.6033,0.04823627050663876,48.682641604493455,48.52395839550654,48.69784135294154,48.50875864705846,48.72754839906491,48.47905160093509
2026-07-19,ATL,100,54.16155,0.048193450906845174,54.24082117251943,54.082278827480565,54.256007428068116,54.06709257193188,54.28568810308499,54.037411896915
2026-07-19,BAL,100,53.37075,0.04890904135833505,53.45119821406898,53.29030178593102,53.466609959580715,53.27489004041929,53.49673134193929,53.244768658060714
2026-07-19,BOS,99,52.33237284728272,0.05558813690928304,52.42380719589343,52.24093849867201,52.4413235935926,52.22342210097284,52.47555839926334,52.1891872953021
2026-07-19,BOS,101,55.010636202481784,0.09677802167964843,55.16982188245074,54.85145052251283,55.200317639468935,54.82095476549463,55.259919866663715,54.76135253829985
2026-07-19,CHC,100,53.20815,0.048010013819476935,53.28711944536096,53.12918055463905,53.30224789798345,53.11405210201656,53.33181560046,53.08448439954001
2026-07-19,CHW,99,41.62015,0.0477928070581266,41.698762172031756,41.54153782796825,41.713822180554004,41.526477819446,41.743256112919184,41.49704388708082
2026-07-19,CIN,99,47.039,0.04784457550412844,47.11769732354792,46.96030267645208,47.1327736448437,46.9452263551563,47.16223945959939,46.91576054040061
2026-07-19,CLE,101,47.18815,0.04899288207484538,47.26873611977562,47.10756388022438,47.28417428436551,47.09212571563449,47.3143473013137,47.0619526986863
2026-07-19,COL,101,38.86095,0.04686587858350449,38.938037510368346,38.78386248963166,38.9528054341275,38.76909456587251,38.98166850339196,38.74023149660805
2026-07-19,DET,100,53.46415,0.048971120544739205,53.54470032524389,53.383599674756105,53.56013163255025,53.36816836744974,53.59029124732676,53.33800875267323
2026-07-19,HOU,101,51.59075,0.04947141187498752,51.67212323125298,51.50937676874702,51.687712185539326,51.493787814460674,51.71817991239553,51.46332008760447
2026-07-19,KCR,100,49.77845,0.04883336476990643,49.858773737158025,49.698126262841974,49.87416163619292,49.682738363807076,49.904236411965215,49.652663588034784
2026-07-19,LAA,100,42.90855,0.048252417138035554,42.98791816333867,42.82918183666133,43.00312299975755,42.813977000242446,43.03283999003121,42.78426000996878
2026-07-19,LAD,100,61.60205,0.0470404074160875,61.67942458475162,61.524675415248375,61.69424750435362,61.50985249564638,61.72321805987323,61.480881940126764
2026-07-19,MIA,100,45.07725,0.0486884755384424,45.15733541558014,44.997164584419856,45.17267765851751,44.98182234148249,45.202663202037044,44.951836797962955
2026-07-19,MIL,99,50.0568,0.048055948192787024,50.1358450006815,49.977754999318506,50.15098792770079,49.962612072299216,50.18058391956481,49.933016080435195
2026-07-19,MIN,100,48.47585,0.04865207282413068,48.55587553844348,48.39582446155652,48.571206310508515,48.38049368949149,48.60116943485879,48.35053056514121
2026-07-19,NYM,100,55.29055,0.04839352881901247,55.370150271398934,55.21094972860107,55.38539957357007,55.19570042642994,55.41520346963415,55.165896530365856
2026-07-19,NYY,101,54.9909,0.04892954694791513,55.07138194276237,54.910418057237635,55.08680014979778,54.894999850202225,55.116934160837815,54.86486583916219
2026-07-19,PHI,100,55.3915,0.04858425062682808,55.471413980856255,55.311586019143746,55.48672338144445,55.29627661855555,55.51664473645555,55.266355263544455
2026-07-19,PIT,100,49.31965,0.048820619276268136,49.39995277268659,49.23934722731342,49.41533665548443,49.223963344515575,49.44540358174922,49.19389641825079
2026-07-19,SDP,99,49.80275,0.04823441146938042,49.882088546649285,49.72341145335072,49.897287709295476,49.70821229070453,49.926993610502265,49.67850638949774
2026-07-19,SEA,100,54.70626144766298,0.05531236413151285,54.79724219041996,54.615280704906006,54.814671689260514,54.59785120606545,54.8487366560415,54.56378623928446
2026-07-19,SEA,102,57.10515307092603,0.09138469340816582,57.2554675153263,56.954838626525756,57.28426377874427,56.92604236310779,57.34054444210261,56.869761699749446
2026-07-19,SFG,100,49.886,0.04867189792562408,49.96605814783358,49.80594185216643,49.98139516699344,49.79060483300657,50.01137050093617,49.76062949906384
2026-07-19,STL,100,45.0995,0.04849100490171165,45.1792606052871,45.0197393947129,45.19454062318151,45.00445937681849,45.22440455138436,44.97459544861564
2026-07-19,TBR,99,48.80135,0.04889063226806514,48.881767933810075,48.720932066189924,48.8971738784268,48.7055261215732,48.927283923265115,48.675416076734884
2026-07-19,TEX,99,49.3288,0.04820021463680998,49.4080822978652,49.2495177021348,49.42327068473525,49.23432931526475,49.45295552529884,49.20464447470116
2026-07-19,TOR,100,55.07745,0.048316294333174005,55.15692323197477,54.997976768025225,55.17214819675946,54.98275180324054,55.20190452678228,54.95299547321772
2026-07-19,WSN,100,40.6153,0.04736319730680099,40.69320552687411,40.537394473125886,40.708130160913996,40.522469839086,40.737299511532626,40.49330048846737
2026-07-20,ARI,101,49.5481,0.04875051948602715,49.62828746879236,49.46791253120764,49.643649262420226,49.45255073757977,49.673673016655336,49.42252698334466
2026-07-20,ATH,100,49.0963,0.0486147558383693,49.176264157464104,49.016335842535895,49.19158317056041,49.001016829439585,49.22152331267335,48.97107668732665
2026-07-20,ATL,101,54.6876,0.04855319951001304,54.767462906314144,54.60773709368586,54.782762522373815,54.59243747762619,54.81266475407895,54.562535245921055
2026-07-20,BAL,101,53.8664,0.04930343896174651,53.94749694039741,53.78530305960259,53.96303296467899,53.76976703532101,53.9933972428434,53.7394027571566
2026-07-20,BOS,100,52.83274140588354,0.056033705916480575,52.92490865029179,52.74057416147529,52.94256545140015,52.72291736036693,52.97707466756965,52.688408144197425
2026-07-20,BOS,102,55.52668898956077,0.09775665534352723,55.68748437866121,55.365893600460325,55.71828851328318,55.33508946583836,55.778493447011556,55.27488453210998
2026-07-20,CHC,101,53.6976,0.04833052352266849,53.77709663690872,53.61810336309128,53.7923260854584,53.602873914541604,53.82209117874555,53.57310882125445
2026-07-20,CHW,100,42.0436,0.048129728604458,42.12276635865923,41.96443364134077,42.137932534650425,41.94926746534957,42.16757396531121,41.91962603468878
2026-07-20,CIN,100,47.46175,0.048215537783780654,47.54105750219907,47.38244249780094,47.55625071755144,47.36724928244856,47.585944995109834,47.33755500489017
2026-07-20,CLE,102,47.67885,0.049352886635392924,47.76002827458275,47.59767172541724,47.775579880338455,47.58212011966154,47.80597461161017,47.551725388389826
2026-07-20,COL,102,39.34155,0.047211504171984435,39.41920601387112,39.26389398612888,39.43408284783305,39.24901715216695,39.46315877591082,39.219941224089176
2026-07-20,DET,101,53.9747,0.04934313257928245,54.055862230588176,53.89353776941182,54.071410762739774,53.87798923726022,54.101799486826614,53.84760051317338
2026-07-20,HOU,102,52.15785,0.049837945984139286,52.239826126211824,52.07587387378818,52.25553057919237,52.06016942080764,52.28622404169464,52.02947595830537
2026-07-20,KCR,101,50.27335,0.04920287120688941,50.35428152116108,50.192418478838924,50.36978585550147,50.17691414449853,50.40008819747345,50.14661180252655
2026-07-20,LAA,101,43.3973,0.04859779545191454,43.47723626011093,43.317363739889075,43.4925499288138,43.3020500711862,43.52247962561292,43.272120374387086
2026-07-20,LAD,101,62.16195,0.04737608399331594,62.23987672358716,62.084023276412836,62.25480541835544,62.069094581644556,62.283982705437374,62.03991729456262
2026-07-20,MIA,101,45.51015,0.04902902243699189,45.59079556538138,45.42950443461863,45.60624511817371,45.414054881826296,45.63644039271756,45.383859607282446
2026-07-20,MIL,100,50.5071,0.04840500626724043,50.58671915012128,50.42748084987872,50.60197206895523,50.412227931044775,50.63178303358163,50.382416966418376
2026-07-20,MIN,101,48.98515,0.04899822971496782,49.06574491586086,48.90455508413913,49.081184765547555,48.88911523445244,49.111361075921835,48.85893892407816
2026-07-20,NYM,101,55.84025,0.04877212762323006,55.920473011015204,55.76002698898479,55.93584161359092,55.74465838640908,55.96587867552834,55.71462132447166
2026-07-20,NYY,102,55.5578,0.049288177327034555,55.6388718372422,55.4767281627578,55.65440305242461,55.46119694757539,55.68475793147749,55.43084206852251
2026-07-20,PHI,101,55.8316,0.04892705555046442,55.91207784477824,55.751122155221765,55.9274952667485,55.7357047332515,55.95762774342325,55.70557225657675
2026-07-20,PIT,101,49.75275,0.049168961258222336,49.833625744259024,49.671874255740974,49.84911939322336,49.65638060677664,49.87940085123399,49.62609914876601
2026-07-20,SDP,100,50.2767,0.04859279698160964,50.35662803835891,50.19677196164108,50.37194013199202,50.18145986800798,50.40186675040663,50.15153324959336
2026-07-20,SEA,101,55.281731225832715,0.05577945842893532,55.37348027033894,55.18998218132649,55.39105695543058,55.17240549623485,55.42540958939006,55.13805286227537
2026-07-20,SEA,103,57.687393040501995,0.09208271794532698,57.838855633093914,57.535930447910076,57.86787185127339,57.5069142297306,57.924582403736,57.45020367726799
2026-07-20,SFG,101,50.3911,0.049013846588059844,50.471720603331214,50.31047939666879,50.48716537405637,50.295034625943636,50.517351302321174,50.26484869767883
2026-07-20,STL,101,45.61075,0.0488184481924529,45.6910492015715,45.530450798428504,45.70643240023835,45.51506759976166,45.73649798940791,45.4850020105921
2026-07-20,TBR,100,49.2452,0.04923611538040846,49.326186202960464,49.16421379703953,49.34170101288426,49.148698987115736,49.372023828789764,49.11837617121023
2026-07-20,TEX,100,49.90535,0.04856549700404544,49.9852331338918,49.825466866108194,50.000536625019215,49.81016337498078,50.03044643032443,49.780253569675565
2026-07-20,TOR,101,55.6336,0.048641965976332815,55.71360891415822,55.55359108584178,55.72893650145084,55.53826349854916,55.75889340134407,55.508306598655935
2026-07-20,WSN,101,41.1347,0.04771028829383091,41.21317644074301,41.05622355925699,41.22821044674794,41.04118955325207,41.25759355866802,41.011806441331984
2026-07-21,ARI,102,50.04595,0.04912659769417205,50.12675606239704,49.96514393760295,50.142236362163565,49.94966363783643,50.1724917299243,49.91940827007569
2026-07-21,ATH,101,49.59845,0.04890546970557941,49.67889233922299,49.51800766077701,49.69430295926995,49.50259704073005,49.72442214197145,49.47247785802855
2026-07-21,ATL,102,55.2128,0.04893363396506173,55.29328866530735,55.13231133469265,55.30870816020419,55.11689183979581,55.33884468829634,55.08675531170366
2026-07-21,BAL,102,54.36475,0.04967951061115368,54.44646552321393,54.28303447678607,54.46212005156744,54.26737994843256,54.49271593921818,54.23678406078182
2026-07-21,BOS,101,53.33163573008108,0.05644156222277033,53.424473838414016,53.23879762174815,53.442259159268886,53.22101230089328,53.47701955999257,53.186251900169594
2026-07-21,BOS,103,56.03643884183573,0.09866984257288376,56.198736290262474,55.87414139340899,56.22982817963882,55.84304950403264,56.29059551371152,55.78228216995994
2026-07-21,CHC,102,54.1908,0.04871091669913721,54.27092232800471,54.1106776719953,54.28627164238424,54.09532835761576,54.31627100663637,54.065328993363636
2026-07-21,CHW,101,42.4624,0.048444779459017394,42.54208457120003,42.382715428799976,42.55735002297866,42.367449977021344,42.5871854825345,42.337614517465504
2026-07-21,CIN,101,47.8858,0.048571554204018354,47.965693097099155,47.80590690290085,47.98099849691302,47.79060150308699,48.01091203263763,47.76068796736238
2026-07-21,CLE,103,48.1677,0.04971375472010163,48.24947184976074,48.08592815023927,48.26513716878766,48.07026283121235,48.29575414619748,48.039645853802526
2026-07-21,COL,103,39.82315,0.04758236971789443,39.901416033409426,39.74488396659057,39.91640973094614,39.729890269053854,39.945714062251646,39.70058593774835
2026-07-21,DET,102,54.4815,0.04973828085417837,54.563312191661325,54.39968780833867,54.57898523912713,54.384014760872866,54.60961732133234,54.35338267866766
2026-07-21,HOU,103,52.71985,0.050203728144341736,52.802427784324706,52.637272215675296,52.81824749905255,52.62145250094745,52.8491662341016,52.5905337658984
2026-07-21,KCR,102,50.774,0.04956464498714415,50.85552658607567,50.69247341392433,50.87114491908132,50.676855080918685,50.901670064977885,50.646329935022116
2026-07-21,LAA,102,43.8865,0.04890435020806909,43.96694049781345,43.80605950218655,43.98235076509515,43.79064923490485,44.012469258336964,43.76053074166303
2026-07-21,LAD,102,62.7134,0.047739050816377165,62.79192375088254,62.63487624911746,62.80696682025623,62.61983317974377,62.836367646016434,62.590432353983566
2026-07-21,MIA,102,45.94815,0.04938952363737945,46.029388537088344,45.86691146291165,46.04495168754285,45.85134831245715,46.07536898227348,45.820931017726515
2026-07-21,MIL,101,50.951,0.048775443639141915,51.03122846537601,50.87077153462399,51.04659811286268,50.85540188713732,51.0766372170193,50.825362782980704
2026-07-21,MIN,102,49.4963,0.049347908530188035,49.57747008632835,49.41512991367165,49.59302012343154,49.39957987656845,49.623411788860906,49.36918821113909
2026-07-21,NYM,102,56.39635,0.049131136026977634,56.477163527290216,56.31553647270978,56.49264525713241,56.30005474286759,56.52290341989494,56.26979658010506
2026-07-21,NYY,103,56.1213,0.04964295052297791,56.20295538722029,56.0396446127797,56.218598395111336,56.02400160488866,56.249171766671715,55.99342823332828
2026-07-21,PHI,102,56.28015,0.04925535101240452,56.36116784275952,56.19913215724048,56.37668871403019,56.18361128596981,56.40702337649434,56.15327662350566
2026-07-21,PIT,102,50.18925,0.049542249076895625,50.27073974808147,50.107760251918535,50.286351023903826,50.092148976096176,50.31686237693599,50.061637623064016
2026-07-21,SDP,101,50.7515,0.04895556372733339,50.832024736556356,50.670975263443644,50.84745114174843,50.65554885825157,50.87760117562062,50.62539882437938
2026-07-21,SEA,102,55.85136693575741,0.0562040989748152,55.94381445180568,55.758919419709144,55.96152494553157,55.74120892598325,55.996139100876306,55.70659477063852
2026-07-21,SEA,104,58.281042023198324,0.09277263002321583,58.43363942017384,58.12844462622281,58.46287303679489,58.09921100960176,58.52000848217943,58.04207556421722
2026-07-21,SFG,102,50.89045,0.04933572884413526,50.97160005252757,50.80929994747243,50.98714625168554,50.793753748314465,51.01753041606867,50.763369583931336
2026-07-21,STL,102,46.12155,0.049201725786460294,46.20247963711213,46.04062036288787,46.21798361051868,46.02511638948132,46.248285247065944,45.994814752934055
2026-07-21,TBR,101,49.68295,0.049624485834663445,49.764575015510744,49.60132498448925,49.78021220498726,49.58568779501274,49.81077420478647,49.55512579521353
2026-07-21,TEX,101,50.48655,0.04891891871153124,50.56701446086921,50.40608553913079,50.58242931883724,50.39067068116276,50.61255678431509,50.36054321568491
2026-07-21,TOR,102,56.19585,0.04897994069621292,56.27641483310203,56.11528516689797,56.29184891972948,56.09985108027052,56.322013966531394,56.06968603346861
2026-07-21,WSN,102,41.6531,0.04807243042980434,41.732172111548834,41.57402788845117,41.74732023229173,41.55887976770828,41.776926374993906,41.5292736250061
2026-07-22,ARI,103,50.55025,0.049508345768062595,50.63168398210097,50.46881601789903,50.647284574639556,50.45321542536044,50.67777504779961,50.42272495220039
2026-07-22,ATH,102,50.09415,0.04927292035092894,50.175196741749716,50.01310325825028,50.19072314930093,49.99757685069907,50.221068632111354,49.967231367888644
2026-07-22,ATL,103,55.7382,0.04928198934421888,55.81926165891622,55.65713834108378,55.83479092420116,55.64160907579884,55.86514199229002,55.61125800770998
2026-07-22,BAL,103,54.8595,0.050051006410082616,54.94182657942619,54.7771734205738,54.95759816995374,54.76140183004625,54.9884228489832,54.730577151016796
2026-07-22,BOS,102,53.83609193861824,0.056869639192361064,53.929634170907214,53.742549706329264,53.947554383249056,53.72462949398742,53.98257842173218,53.6896054555043
2026-07-22,BOS,104,56.544022060271814,0.09948079791857567,56.70765341154021,56.38039070900342,56.73900084134553,56.3490432791981,56.80026761469091,56.28777650585272
2026-07-22,CHC,103,54.678,0.049077807933541315,54.75872581038231,54.597274189617686,54.77419073598991,54.58180926401008,54.80441605582916,54.55158394417084
2026-07-22,CHW,102,42.8926,0.04882097332470761,42.97290335504445,42.81229664495555,42.98828734940662,42.796912650593384,43.01835449371756,42.76684550628244
2026-07-22,CIN,102,48.30955,0.048945288046308266,48.390057834565155,48.22904216543485,48.405481001783706,48.2136189982163,48.43562470722033,48.183475292779676
2026-07-22,CLE,104,48.663,0.05006602521015638,48.745351283153965,48.58064871684603,48.76112760626098,48.564872393739016,48.79196153484853,48.53403846515146
2026-07-22,COL,104,40.3022,0.047974981375107306,40.381111822117774,40.223288177882225,40.39622923565419,40.20817076434581,40.42577536286321,40.178624637136785
2026-07-22,DET,103,54.9943,0.05010817215730225,55.07672060871285,54.91187939128716,55.09251021275945,54.896089787240555,55.12337009819006,54.86522990180995
2026-07-22,HOU,104,53.2876,0.05054509919223232,53.37073928973096,53.20446071026903,53.38666657401178,53.18853342598822,53.41779554765014,53.15740445234986
2026-07-22,KCR,103,51.2705,0.04996269909707676,51.35268132682211,51.18831867317789,51.36842509080068,51.17257490919932,51.39919538441865,51.14180461558135
2026-07-22,LAA,103,44.37275,0.04931041419134893,44.45385841362912,44.291641586370886,44.4693966358778,44.27610336412221,44.49976520984421,44.245734790155794
2026-07-22,LAD,103,63.26485,0.048121419424465864,63.34400269127439,63.185697308725615,63.3591662489569,63.1705337510431,63.38880256228191,63.140897437718095
2026-07-22,MIA,103,46.3804,0.04974483409788371,46.462222970788005,46.298577029212,46.477898083248775,46.28290191675123,46.50853420136951,46.252265798630496
2026-07-22,MIL,102,51.39345,0.04910053867341883,51.47421319912225,51.312686800877756,51.489685287421416,51.29721471257859,51.51992460633503,51.26697539366497
2026-07-22,MIN,103,50.001,0.04968629978595029,50.08272669041271,49.91927330958728,50.09838335810552,49.90361664189447,50.12898342697356,49.87301657302643
2026-07-22,NYM,103,56.9539,0.049511325048572384,57.035338882581314,56.87246111741868,57.050940413922056,56.85685958607794,57.08143272191764,56.82636727808235
2026-07-22,NYY,104,56.67975,0.05002748878723289,56.76203789637895,56.59746210362105,56.77780207625996,56.58169792374004,56.80861227160112,56.55088772839888
2026-07-22,PHI,103,56.7287,0.04965549414621664,56.81037601964447,56.647023980355534,56.82602298016113,56.63137701983888,56.85660407690403,56.60079592309598
2026-07-22,PIT,103,50.6308,0.049897535572439006,50.71287414236227,50.548725857637734,50.728597372639285,50.533002627360716,50.759327534302365,50.50227246569764
2026-07-22,SDP,102,51.2261,0.04932885166188571,51.3072387405694,51.1449612594306,51.32278277265602,51.129417227343986,51.3531627016211,51.0990372983789
2026-07-22,SEA,103,56.42446238382742,0.056611143874162106,56.51757942915471,56.33134533850013,56.53541818694439,56.313506580710445,56.57028302712591,56.278641740528926
2026-07-22,SEA,105,58.866134246054386,0.09356121073576071,59.02002874287507,58.7122397492337,59.04951084944644,58.68275764266233,59.107131954343075,58.6251365377657
2026-07-22,SFG,103,51.39395,0.049687333510972036,51.47567839073907,51.312221609260924,51.49133538416933,51.29656461583066,51.521936089672764,51.26596391032723
2026-07-22,STL,103,46.6353,0.04958409648900766,46.71685858094906,46.553741419050944,46.732483043324414,46.53811695667559,46.763020168726385,46.50757983127362
2026-07-22,TBR,102,50.12315,0.05002143851480628,50.20542794456641,50.040872055433596,50.22119021794391,50.0251097820561,50.25199668713211,49.99430331286789
2026-07-22,TEX,102,51.05635,0.04926560756632798,51.13738471328944,50.97531528671056,51.15290881650649,50.959791183493515,51.18324979562649,50.929450204373516
2026-07-22,TOR,103,56.75565,0.04938040173063362,56.836873532886955,56.67442646711305,56.852433808934165,56.65886619106584,56.88284548579878,56.62845451420122
2026-07-22,WSN,103,42.17405,0.04843325426688715,42.25371561394596,42.094384386054045,42.268977434017174,42.07912256598283,42.29880579560688,42.04929420439312
2026-07-23,ATL,104,56.262,0.04969161159404206,56.34373542755952,56.18026457244048,56.35939376905807,56.16460623094193,56.38999710928451,56.13400289071549
2026-07-23,CLE,105,49.14885,0.05043750470601273,49.23181231255007,49.06588768744994,49.247705692693856,49.04999430730615,49.27876840261963,49.01893159738037
2026-07-23,DET,104,55.5374,0.05046481345323548,55.62040723144198,55.454392768558016,55.63630921685487,55.43849078314513,55.66738874529097,55.407411254709025
2026-07-23,KCR,104,51.7274,0.05032306710201704,51.81017407944208,51.64462592055793,51.82603139911155,51.628768600888456,51.857023630885834,51.59777636911417
2026-07-23,MIN,104,50.51515,0.05007897681733269,50.597522586652005,50.43277741334799,50.61330299094459,50.41699700905541,50.64414489597783,50.386155104022166
2026-07-23,SDP,103,51.7023,0.049699267966055734,51.784048021170804,51.6205519788292,51.799708775271476,51.604891224728526,51.830316830791894,51.57428316920811
2026-07-23,TBR,103,50.569,0.05036376450821338,50.651841020718265,50.48615897928174,50.66771116456196,50.47028883543805,50.698728460457296,50.43927153954271
2026-07-23,TOR,104,57.3098,0.04973228190012156,57.39160232425999,57.22799767574001,57.40727348139323,57.21232651860677,57.43790186905069,57.181698130949314
2026-07-24,ARI,104,51.13095,0.04985849374324207,51.212959924267906,51.04894007573209,51.22867085206017,51.03322914793983,51.25937696921465,51.00252303078535
2026-07-24,ATH,103,50.5939,0.04968221568758572,50.675619972668706,50.51218002733129,50.69127535341982,50.49652464658018,50.721872907033315,50.46592709296668
2026-07-24,ATL,105,56.75975,0.050030107410012466,56.84204220363013,56.677457796369865,56.857807208666294,56.6616927913337,56.88861901672641,56.630880983273585
2026-07-24,BAL,104,55.36175,0.05042828073065624,55.44469714046075,55.278802859539255,55.46058761403436,55.26291238596564,55.49164464323361,55.23185535676639
2026-07-24,BOS,103,54.313877906587145,0.057258662378450086,54.408060025074725,54.219695788099564,54.42610282265184,54.20165299052245,54.46136644702357,54.16638936615072
2026-07-24,BOS,105,57.03289344100847,0.100239709959901,57.19777309150057,56.868013790516365,57.22935966235062,56.83642721966632,57.291093823302425,56.77469305871451
2026-07-24,CHC,104,55.2162,0.04944112760905602,55.29752341806833,55.13487658193167,55.3131028294688,55.119297170531205,55.34355190529591,55.08884809470409
2026-07-24,CHW,103,43.3067,0.049155290332052494,43.387553257586525,43.225846742413474,43.40304259870043,43.21035740129957,43.43331563726176,43.18008436273824
2026-07-24,CIN,103,48.8267,0.049313689250525296,48.90781380062209,48.74558619937792,48.92335305487583,48.73004694512417,48.95372364583761,48.69967635416239
2026-07-24,CLE,106,49.6233,0.05081804777044238,49.706888250189806,49.539711749810195,49.722901543394705,49.523698456605295,49.754198616596256,49.492401383403745
2026-07-24,COL,105,40.70425,0.04832505418950008,40.78373764065623,40.62476235934378,40.79896536576237,40.60953463423763,40.82872709067691,40.5797729093231
2026-07-24,DET,105,56.0766,0.05077480207766726,56.16011711735519,55.993082882644806,56.17611678339438,55.97708321660562,56.20738722307355,55.945812776926445
2026-07-24,HOU,105,53.8735,0.050892773467551944,53.95721116302372,53.78978883697628,53.973248003069756,53.773751996930244,54.0045910972366,53.7424089027634
2026-07-24,KCR,105,52.1882,0.050661201780734445,52.27153026149476,52.10486973850524,52.28749413090376,52.088905869096244,52.31869460809982,52.057705391900186
2026-07-24,LAA,104,44.8159,0.049630419285212,44.8975347751684,44.734265224831596,44.91317383433664,44.71862616566336,44.94373948834227,44.68806051165773
2026-07-24,LAD,104,63.8143,0.048478998403064216,63.89404085635426,63.73455914364575,63.909317090876584,63.71928290912342,63.93917362469332,63.68942637530669
2026-07-24,MIA,104,46.8175,0.05009476181955624,46.89989855067017,46.73510144932983,46.91568392898044,46.71931607101956,46.94653555544912,46.68846444455089
2026-07-24,MIL,103,51.9914,0.049451982537900896,52.072741272837405,51.91005872716259,52.08832410473839,51.89447589526161,52.11877986573971,51.86402013426029
2026-07-24,MIN,105,51.0154,0.050462614535646926,51.09840361454441,50.93239638545559,51.1143049070556,50.9164950929444,51.145383081254614,50.885416918745385
2026-07-24,NYM,104,57.40445,0.049852008695874465,57.48644925731422,57.322450742685774,57.50215814160089,57.30674185839911,57.532860264839606,57.27603973516039
2026-07-24,NYY,105,57.1827,0.0503297892890929,57.265485136455865,57.09991486354413,57.28134457435611,57.08405542564388,57.312340946092284,57.05305905390771
2026-07-24,PHI,104,57.22575,0.05001484200810842,57.30801709427844,57.143482905721555,57.32377728902835,57.127722710971646,57.35457969565685,57.09692030434314
2026-07-24,PIT,104,51.0926,0.050273130312141624,51.17529194073213,51.009908059267865,51.191133524801884,50.99406647519811,51.22209500223914,50.96310499776085
2026-07-24,SDP,104,52.2652,0.0499990844258389,52.34744117536209,52.18295882463791,52.36319640473462,52.16720359526538,52.39398910681469,52.13641089318531
2026-07-24,SEA,104,56.966759378603896,0.057094123814661016,57.06067085523806,56.872847901969735,57.0786618050095,56.85485695219829,57.11382409578615,56.81969466142164
2026-07-24,SEA,106,59.41053432211447,0.09414015736270923,59.56538110139431,59.255687542834636,59.59504564004432,59.226023004184626,59.65302329809004,59.1680453461389
2026-07-24,SFG,104,51.9508,0.05003952603400924,52.03310769588797,51.86849230411203,52.048875668830114,51.85272433116989,52.0796932774941,51.8219067225059
2026-07-24,STL,104,47.11815,0.04994956733385013,47.20030972699374,47.03599027300626,47.2160493530177,47.0202506469823,47.24681155923812,46.98948844076188
2026-07-24,TBR,104,51.09455,0.050734497280802204,51.17800082186388,51.011099178136114,51.193987787444115,50.99511221255588,51.22523340479671,50.963866595203285
2026-07-24,TEX,103,51.5135,0.04963294328319604,51.59513892677564,51.43186107322436,51.61077878128178,51.41622121871822,51.64134598973024,51.38565401026976
2026-07-24,TOR,105,57.8292,0.05009837183325435,57.911604488614294,57.746795511385706,57.92739100447727,57.73100899552273,57.958244854228184,57.70015514577182
2026-07-24,WSN,104,42.59335,0.048797421533237045,42.673614615794826,42.513085384205176,42.688991188743564,42.49770881125644,42.71904382832294,42.46765617167706
2026-07-25,ARI,105,51.70815,0.050231611955192046,51.79077364911212,51.62552635088789,51.80660215031757,51.60969784968243,51.83753805803868,51.578761941961325
2026-07-25,ATH,104,51.1004,0.05000180997774035,51.18264565849603,51.01815434150397,51.19840174671819,51.00239825328181,51.22919612737115,50.971603872628855
2026-07-25,ATL,106,57.26015,0.05038591604706405,57.34302745675729,57.177272543242715,57.358904580780305,57.1613954192197,57.389935519040186,57.13036448095982
2026-07-25,BAL,105,55.86135,0.05076086230682167,55.94484418847256,55.777855811527445,55.96083946194557,55.761860538054435,55.992101316603325,55.73059868339668
2026-07-25,BOS,104,54.79896803591771,0.057690942245704334,54.893861191512805,54.704074880322615,54.91204020495347,54.68589586688195,54.94757005550354,54.65036601633188
2026-07-25,BOS,106,57.52511325585976,0.10110782140824481,57.69142082261627,57.35880568910324,57.723280944375226,57.32694556734429,57.785549745061104,57.26467676665841
2026-07-25,CHC,105,55.75345,0.04978224651899938,55.835334508744566,55.671565491255436,55.85102141024674,55.655878589753264,55.88168056938014,55.625219430619865
2026-07-25,CHW,104,43.72445,0.04952003353756006,43.80590320677101,43.64299679322898,43.82150748224683,43.627392517753165,43.852005153498766,43.59689484650123
2026-07-25,CIN,104,49.33595,0.04971456483539645,49.41772318228181,49.25417681771818,49.433388756584456,49.23851124341554,49.46400623291619,49.2078937670838
2026-07-25,CLE,107,50.1002,0.05117425073410368,50.18437415192651,50.01602584807349,50.20049968837467,49.99990031162533,50.23201613462806,49.96838386537194
2026-07-25,COL,106,41.1074,0.04870007029607185,41.18750448725928,41.027295512740714,41.20285038382487,41.01194961617513,41.232843068153514,40.98195693184648
2026-07-25,DET,106,56.6205,0.051109143944403405,56.70456706078733,56.536432939212666,56.720672081411706,56.52032791858829,56.752148430651296,56.488851569348704
2026-07-25,HOU,106,54.45575,0.05122570937078388,54.5400087938517,54.371491206148306,54.556150545449256,54.35534945455075,54.587698683292345,54.32380131670766
2026-07-25,KCR,106,52.6443,0.05102905127183616,52.72823532006437,52.56036467993563,52.74431510265805,52.54428489734195,52.7757421255983,52.5128578744017
2026-07-25,LAA,105,45.25965,0.04998571318337975,45.34186918162544,45.17743081837456,45.35762019758097,45.16167980241903,45.38840466477654,45.130895335223464
2026-07-25,LAD,105,64.3694,0.04883806343234734,64.44973146576999,64.28906853423001,64.46512084540208,64.27367915459791,64.49519851491762,64.24360148508238
2026-07-25,MIA,105,47.25865,0.050467661508315394,47.341661916075715,47.17563808392429,47.35756479894026,47.159735201059746,47.38864608139471,47.128653918605295
2026-07-25,MIL,104,52.58825,0.049804564264794834,52.670171218169685,52.50632878183032,52.68586515222471,52.4906348477753,52.71653805608374,52.45996194391626
2026-07-25,MIN,106,51.5089,0.050815402682232974,51.592483899406865,51.42531610059313,51.608496359117076,51.40930364088292,51.63979180330053,51.37800819669946
2026-07-25,NYM,105,57.84935,0.05019983794855839,57.93192138552207,57.766778614477936,57.947739874408924,57.75096012559108,57.978656213621306,57.720043786378696
2026-07-25,NYY,106,57.6851,0.05067361532656333,57.76845067996064,57.60174932003936,57.7844184610065,57.585781538993494,57.81562658327493,57.55457341672507
2026-07-25,PHI,105,57.72335,0.05041039376224859,57.80626771901589,57.640432280984115,57.822152556220495,57.62454744377951,57.85319856945624,57.59350143054377
2026-07-25,PIT,105,51.55535,0.05062805525470976,51.638625740311205,51.47207425968879,51.65457916490653,51.456120835093465,51.68575922830677,51.42494077169322
2026-07-25,SDP,105,52.82405,0.05028231294824021,52.906757044824424,52.741342955175575,52.92260152243792,52.72549847756208,52.95356865514229,52.69453134485771
2026-07-25,SEA,105,57.51238043551998,0.0575209368422793,57.606993957110646,57.41776691392931,57.62511940008785,57.39964147095211,57.660544550205906,57.36421632083405
2026-07-25,SEA,107,59.9553146986119,0.09497921398166388,60.11154160321464,59.79908779400916,60.14147053729589,59.76915885992791,60.19996494121391,59.71066445600989
2026-07-25,SFG,105,52.50705,0.050380000219294375,52.58991772608652,52.42418227391348,52.605792985970936,52.40830701402906,52.63682028087766,52.37727971912234
2026-07-25,STL,105,47.6089,0.05033079275090893,47.691686787003675,47.52611321299632,47.70754654110513,47.510253458894866,47.73854353083863,47.47925646916136
2026-07-25,TBR,105,51.61765,0.05108099829970401,51.701670765321566,51.53362923467843,51.71776691696177,51.517533083038224,51.7492259322749,51.48607406772509
2026-07-25,TEX,104,51.9681,0.05002123774669394,52.05037761433225,51.88582238566775,52.066139824445635,51.870060175554364,52.09694616998772,51.83925383001228
2026-07-25,TOR,106,58.3423,0.050460022257152314,58.42529935062573,58.259300649374275,58.44119982628311,58.24340017371689,58.472276403987706,58.2123235960123
2026-07-25,WSN,105,43.01615,0.049106771759367646,43.09692345163628,42.93537654836373,43.11239750404539,42.91990249595462,43.14264066170047,42.88965933829954
2026-07-26,ARI,106,52.289,0.05057634672791619,52.37219068735337,52.205809312646636,52.388127818056326,52.18987218194368,52.41927603596822,52.158723964031786
2026-07-26,ATH,105,51.6048,0.050326757168770206,51.68758014906175,51.52201985093824,51.70343863150948,51.50616136849052,51.7344331358679,51.47516686413209
2026-07-26,ATL,107,57.76215,0.050741083963146416,57.84561165599223,57.67868834400777,57.861600697104286,57.66269930289571,57.89285037096611,57.63144962903389
2026-07-26,BAL,106,56.35935,0.051131317208291865,56.443453532560866,56.27524646743913,56.45956554021034,56.25913445978966,56.49105554519417,56.22764445480583
2026-07-26,BOS,105,55.27876432352744,0.0580673000605403,55.3742765326393,55.18325211441558,55.39257414032558,55.1649545067293,55.428335776601344,55.12919287045354
2026-07-26,BOS,107,58.025211739216076,0.10161558263760671,58.19235449887233,57.858068979559825,58.22437462145384,57.82604885697831,58.286956134671215,57.76346734376094
2026-07-26,CHC,106,56.2989,0.05013625057462,56.38136679359941,56.216433206400595,56.39716524544613,56.200634754553874,56.42804242340018,56.16975757659983
2026-07-26,CHW,105,44.1401,0.04989121221370363,44.22216374136271,44.05803625863728,44.2378849790839,44.04231502091609,44.268611246409634,44.01158875359036
2026-07-26,CIN,105,49.85205,0.05005979763285054,49.93439103970085,49.76970896029915,49.95016540043375,49.75393459956625,49.980995493672424,49.72310450632757
2026-07-26,CLE,108,50.57605,0.05150391686607552,50.66076640445937,50.49133359554063,50.676995822120254,50.47510417787975,50.70871529831118,50.44338470168882
2026-07-26,COL,107,41.5097,0.049065014667104764,41.59040476733162,41.428995232668385,41.60586566164846,41.413534338351546,41.63608310255859,41.38331689744142
2026-07-26,DET,107,57.15935,0.05151461507818271,57.244084001452364,57.07461599854764,57.26031679023068,57.058383209769325,57.29204285507943,57.02665714492058
2026-07-26,HOU,107,55.0401,0.0515820476026471,55.1249449180848,54.955255081915205,55.141198955550024,54.93900104444998,55.172966549751955,54.90723345024805
2026-07-26,KCR,107,53.10545,0.05139448982677249,53.18998641299689,53.02091358700311,53.20618134906428,53.004718650935715,53.237833432936746,52.97306656706325
2026-07-26,LAA,106,45.70815,0.05036924192303868,45.79100003026391,45.6252999697361,45.80687190009775,45.60942809990226,45.83789256934291,45.578407430657094
2026-07-26,LAD,106,64.9304,0.04923483518251859,65.01138409722233,64.84941590277768,65.0268985037425,64.83390149625751,65.05722053121853,64.80357946878148
2026-07-26,MIA,106,47.6978,0.0508007656821203,47.78135982368415,47.61424017631585,47.797367671124015,47.59823232887599,47.82865410088673,47.56694589911327
2026-07-26,MIL,105,53.18595,0.05010787532747217,53.268370120471225,53.10352987952877,53.284159630983666,53.08774036901633,53.315019333607076,53.05688066639292
2026-07-26,MIN,107,52.0045,0.051191552196146586,52.08870261029911,51.92029738970089,52.10483359861715,51.90416640138285,52.136360700240985,51.872639299759015
2026-07-26,NYM,106,58.28835,0.050576606386062185,58.37154111445301,58.20515888554699,58.38747832697694,58.18922167302306,58.41862670480328,58.15807329519672
2026-07-26,NYY,107,58.19105,0.05100345637800582,58.274943220210424,58.10715677978957,58.291014937587946,58.09108506241205,58.32242619752074,58.05967380247925
2026-07-26,PHI,106,58.2174,0.050724752458987894,58.30083479305838,58.13396520694162,58.31681868794433,58.11798131205567,58.34805830379912,58.086741696200875
2026-07-26,PIT,106,52.0099,0.051034452336301966,52.09384420402485,51.925955795975156,52.10992568854988,51.909874311450125,52.14135603781842,51.878443962181585
2026-07-26,SDP,106,53.3849,0.05060514443742035,53.4681380553703,53.30166194462971,53.48408426052979,53.28571573947021,53.515250213952235,53.25454978604777
2026-07-26,SEA,106,58.051624720168235,0.05789245713649113,58.14684933826233,57.95640010207414,58.16509185113229,57.93815758920418,58.20074580771486,57.90250363262161
2026-07-26,SEA,108,60.513215440197754,0.09559732844550999,60.67045905261822,60.35597182777729,60.7005827609692,60.32584811942631,60.75945784014869,60.26697304024682
2026-07-26,SFG,106,53.05855,0.05074524459363109,53.14201849962037,52.97508150037962,53.15800885179019,52.9590911482098,53.18926108804003,52.92783891195997
2026-07-26,STL,106,48.0928,0.05073916762380478,48.17625850389451,48.009341496105485,48.1922469411482,47.993353058851795,48.22349543480307,47.962104565196924
2026-07-26,TBR,106,52.1418,0.05144960632599196,52.226427071570534,52.05717292842947,52.24263937541771,52.0409606245823,52.27432540363055,52.00927459636946
2026-07-26,TEX,105,52.42395,0.05035715055486755,52.50678014173311,52.341119858266886,52.5226482014516,52.32525179854839,52.55366142404245,52.29423857595754
2026-07-26,TOR,107,58.85735,0.05085065720658788,58.94099188793912,58.77370811206087,58.9570154567151,58.757684543284896,58.98833261293745,58.726367387062545
2026-07-26,WSN,106,43.4353,0.04944080212886671,43.51662288270106,43.35397711729894,43.53220219153935,43.33839780846065,43.5626510669145,43.3079489330855
2026-07-27,ARI,107,52.7899,0.05093827279052314,52.87368600275014,52.706113997249865,52.889737180104106,52.6900628198959,52.921108295726,52.658691704274005
2026-07-27,ATH,106,52.04615,0.05065549632409484,52.12947087685371,51.962829123146285,52.145432948414225,51.94686705158577,52.176629911817415,51.91567008818258
2026-07-27,ATL,108,58.2459,0.05111939278899904,58.32998391863654,58.161816081363455,58.34609216877799,58.145707831222005,58.37757482992553,58.11422517007447
2026-07-27,BAL,107,56.85845,0.05146210350617087,56.943097627602675,56.77380237239732,56.95931386944076,56.75758613055923,56.99100759423346,56.72589240576654
2026-07-27,BOS,106,55.830731086242714,0.058427426026450145,55.92683564985576,55.73462652262967,55.94524673696394,55.71621543552149,55.98123016233258,55.68023201015285
2026-07-27,BOS,108,58.60350600748473,0.1020450541446322,58.77135518490699,58.43565683006248,58.80351063840865,58.40350137656081,58.86635664823271,58.340655366736755
2026-07-27,CHC,107,56.86975,0.05047699122577686,56.95277726209532,56.78672273790469,56.96868308485047,56.77081691514954,56.99977011315434,56.739729886845666
2026-07-27,CHW,106,44.5186,0.05023652941281248,44.60123173761012,44.43596826238988,44.6170617883574,44.4201382116426,44.64800072457012,44.38919927542988
2026-07-27,CIN,106,50.3573,0.05044144181575919,50.44026878851932,50.274331211480686,50.456163409287164,50.25843659071284,50.487228543942294,50.22737145605771
2026-07-27,CLE,109,51.0708,0.05182922613192342,51.15605149058518,50.98554850941482,51.172383416565154,50.96921658343484,51.204303239450866,50.93729676054913
2026-07-27,DET,108,57.66025,0.05186328650306832,57.745557514910196,57.5749424850898,57.76190017366589,57.5585998263341,57.79384097315295,57.52665902684704
2026-07-27,HOU,108,55.6092,0.05197031665951907,55.69468356385123,55.523716436148774,55.7110599489178,55.5073400510822,55.74306666456631,55.475333335433696
2026-07-27,LAA,107,46.13905,0.05073873742860385,46.22250779628637,46.05559220371362,46.2384960979811,46.0396039020189,46.26974432669367,46.008355673306326
2026-07-27,MIA,107,48.10235,0.05117054470207691,48.186518056046296,48.01818194395371,48.20264242468537,48.00205757531463,48.23415658852217,47.970543411477834
2026-07-27,MIL,106,53.68485,0.0504394065246761,53.76781544076339,53.6018845592366,53.783709420189936,53.58599057981006,53.81477330137987,53.55492669862012
2026-07-27,NYM,107,58.8046,0.05097338380265555,58.888443755225786,58.720756244774215,58.904505996423346,58.704694003576655,58.93589873569992,58.67330126430008
2026-07-27,NYY,108,58.81255,0.05131717351423264,58.89695923897978,58.72814076102022,58.91312981187629,58.711970188123715,58.944734279313266,58.68036572068674
2026-07-27,PHI,107,58.81285,0.0510603721290306,58.89683683828993,58.728863161710066,58.91292649041011,58.71277350958989,58.944372802780066,58.68132719721993
2026-07-27,PIT,107,52.509,0.05137648223794969,52.593506793149096,52.424493206850904,52.60969605483874,52.40830394516126,52.64133704846177,52.37666295153823
2026-07-27,SEA,107,58.59351468692762,0.058299667156803715,58.68940910590055,58.49762026795469,58.70777993486563,58.47924943898961,58.743684677977264,58.443344695877975
2026-07-27,SEA,109,61.06198897128732,0.09632991915715851,61.220437588196916,60.903540354377725,61.250792143469006,60.873185799105634,61.310118399860826,60.813859542713814
2026-07-27,SFG,107,53.55965,0.05111235386392286,53.6437223406351,53.475577659364895,53.65982837273835,53.45947162726164,53.69130669885605,53.42799330114394
2026-07-27,STL,107,48.52195,0.051121586249881196,48.60603752655862,48.43786247344137,48.622146467882324,48.42175353211767,48.65363047990634,48.39026952009365
2026-07-27,TEX,106,52.88025,0.050718380441224065,52.96367431202185,52.79682568797814,52.979656199019,52.780843800980996,53.01089189056904,52.74960810943095
2026-07-27,TOR,108,59.49095,0.05120187483358699,59.57516958952674,59.40673041047326,59.591303830614756,59.39059616938524,59.622837289592994,59.359062710407
2026-07-27,WSN,107,43.8017,0.049780043773965214,43.8835808855514,43.71981911444859,43.8992670929458,43.704132907054195,43.92992489548492,43.67347510451507
2026-07-28,ARI,108,53.29285,0.051291090675419634,53.37721633652776,53.208483663472244,53.393378690451605,53.1923213095484,53.42496709437273,53.16073290562727
2026-07-28,ATH,107,52.49965,0.05102984613081644,52.58358662749105,52.415713372508954,52.59966666055303,52.39963333944698,52.63109417301935,52.368205826980656
2026-07-28,ATL,109,58.7298,0.051509778303376934,58.81452604566577,58.64507395433422,58.830757310326256,58.62884268967374,58.862480396373144,58.59711960362685
2026-07-28,BAL,108,57.35865,0.051838261633116674,57.443916352662086,57.27338364733791,57.46025112582207,57.257048874177926,57.49217651335962,57.22512348664038
2026-07-28,BOS,107,56.372177176171014,0.05881537608468017,56.468919860844416,56.27543449149761,56.48745319503416,56.256901157307865,56.52367554538918,56.22067880695285
2026-07-28,BOS,109,59.1648611384676,0.1027212248174111,59.33382251767342,58.99589975926178,59.36619103955757,58.96353123737763,59.429453479448725,58.900268797486476
2026-07-28,CHC,108,57.44175,0.050833645844583074,57.525363906738626,57.35813609326137,57.54138211505825,57.34211788494175,57.572688794572706,57.31081120542729
2026-07-28,CHW,107,44.9011,0.050528938225336974,44.98421270730595,44.81798729269405,45.00013489909871,44.80206510090129,45.031253919758036,44.77094608024196
2026-07-28,CIN,107,50.8583,0.05083296425561611,50.941912785624545,50.774687214375454,50.95793077916842,50.75866922083158,50.98923703891587,50.72736296108413
2026-07-28,CLE,110,51.5698,0.05221865315561938,51.65569204103754,51.48390795896246,51.672146679506206,51.467453320493796,51.7043063369901,51.4352936630099
2026-07-28,COL,108,41.89935,0.04942735206372692,41.980650759312624,41.81804924068737,41.99622582989608,41.80247417010391,42.02666642184258,41.77203357815742
2026-07-28,DET,109,58.16005,0.052228613721594985,58.24595842471061,58.07414157528939,58.26241620185678,58.057683798143216,58.294581993707816,58.02551800629218
2026-07-28,HOU,109,56.18085,0.0523656783789595,56.266983876009405,56.094716123990594,56.283484843648765,56.078215156351234,56.31573504886874,56.04596495113126
2026-07-28,KCR,108,53.6213,0.05174894407773598,53.70641943835717,53.53618056164282,53.72272606663034,53.51987393336966,53.75459644658314,53.48800355341685
2026-07-28,LAA,108,46.5674,0.05109802748072195,46.65144877583173,46.48335122416827,46.66755029354325,46.46724970645675,46.69901979653839,46.43578020346161
2026-07-28,LAD,107,65.48985,0.04957360916870281,65.57139133084222,65.40830866915779,65.58701248855432,65.39268751144569,65.61754315517943,65.36215684482057
2026-07-28,MIA,108,48.5056,0.051583926537961906,48.59044800865836,48.42075199134164,48.606702638195564,48.40449736180444,48.6384713895686,48.3727286104314
2026-07-28,MIL,107,54.18455,0.05082006197172466,54.268141563256094,54.10095843674391,54.284155491156675,54.08494450884333,54.31545380483494,54.053646195165065
2026-07-28,MIN,108,52.48865,0.051542714242117336,52.57343022046407,52.40386977953593,52.58967186357999,52.38762813642001,52.621415233729294,52.355884766270705
2026-07-28,NYM,108,59.3207,0.05135917117441827,59.40517831898347,59.23622168101654,59.42136212577769,59.220037874222314,59.45299245811705,59.18840754188295
2026-07-28,NYY,109,59.43005,0.05167527326070314,59.51504826064658,59.34505173935342,59.531331674482246,59.32876832551776,59.56315668313382,59.296943316866184
2026-07-28,PHI,108,59.4096,0.05140183361928816,59.49414849246064,59.32505150753936,59.51034574263312,59.308854257366875,59.5420023492927,59.27719765070729
2026-07-28,PIT,108,53.00605,0.0517595365353681,53.09118686139953,52.920913138600476,53.10749682746581,52.904603172534195,53.13937373094591,52.87272626905409
2026-07-28,SDP,107,53.99525,0.05098952214370537,54.079120300434596,53.9113796995654,54.095187626990565,53.89531237300943,54.12659030531171,53.86390969468829
2026-07-28,SEA,108,59.02889898921376,0.058718817945655956,59.125482849881976,58.93231512854554,59.14398575760201,58.913812220825506,59.18014864114793,58.877649337279585
2026-07-28,SEA,110,61.517018444571214,0.09690959146734032,61.67642053758265,61.35761635155978,61.70695775360369,61.32707913553874,61.766641010067744,61.267395879074684
2026-07-28,SFG,108,54.05995,0.05145124062044633,54.144579759745696,53.975320240254305,54.16079257857598,53.95910742142402,54.19247961329409,53.92742038670591
2026-07-28,STL,108,48.94995,0.05148552988815773,49.034636160572056,48.865263839427946,49.05085978430575,48.84904021569425,49.082567936594664,48.81733206340534
2026-07-28,TBR,107,52.6428,0.05179401064772783,52.72799356626828,52.55760643373172,52.74431439548443,52.54128560451557,52.77621253037474,52.50938746962526
2026-07-28,TEX,107,53.37925,0.05104846980261463,53.46321726070515,53.29528273929485,53.479303162279,53.279196837720995,53.510742144418906,53.24775785558109
2026-07-28,TOR,109,60.1288,0.051534292632827106,60.21356636814948,60.04403363185052,60.22980535752909,60.02779464247091,60.2615435411013,59.9960564588987
2026-07-28,WSN,108,44.16385,0.05013477668910744,44.24631436927348,44.081385630726516,44.2621123566836,44.06558764331639,44.29298862692268,44.034711373077315
2026-07-29,ARI,109,53.7907,0.05165426491253356,53.875663704988895,53.70573629501111,53.89194049887646,53.689459501123544,53.92375256921498,53.65764743078502
2026-07-29,ATH,108,52.9512,0.05142881657357783,53.03579287547087,52.86660712452913,53.05199862825173,52.85040137174827,53.083671852777066,52.818728147222934
2026-07-29,ATL,110,59.2087,0.051904401729004984,59.294075143438704,59.1233248565613,59.31043075802795,59.10696924197205,59.34239687895675,59.07500312104325
2026-07-29,BAL,109,57.86525,0.05216105501864418,57.951047300533034,57.77945269946697,57.967483789232155,57.76301621076785,57.99960797402105,57.73089202597895
2026-07-29,BOS,108,56.91891710782014,0.05921885232551074,57.01632345185166,56.82151076378862,57.03498392558394,56.80285029005635,57.07145476296273,56.766379452677555
2026-07-29,BOS,110,59.71833760094544,0.1034158752714708,59.88844157847008,59.5482336234208,59.92102899190721,59.51564620998367,59.984719242921855,59.45195595896902
2026-07-29,CHC,109,58.01685,0.05119764998359994,58.10106264026692,57.93263735973308,58.11719555006094,57.916504449939055,58.1487264071006,57.8849735928994
2026-07-29,CHW,108,45.2814,0.0508984305702222,45.36512046812957,45.19767953187043,45.38115909078724,45.18164090921275,45.41250566896743,45.15029433103257
2026-07-29,CIN,108,51.36245,0.05119282210551351,51.44665469911414,51.278245300885864,51.46278608759378,51.26211391240623,51.49431397131075,51.23058602868925
2026-07-29,CLE,111,52.06565,0.05260746507050184,52.152181579725934,51.97911842027406,52.168758736856134,51.96254126314386,52.20115785011402,51.930142149885974
2026-07-29,COL,109,42.2866,0.04978445486893807,42.36848814115697,42.20471185884303,42.38417573853308,42.18902426146692,42.414836257712615,42.158363742287385
2026-07-29,DET,110,58.65345,0.05255650068415131,58.739897750770204,58.567002249229795,58.75645884849439,58.55044115150561,58.78882657455422,58.51807342544578
2026-07-29,HOU,110,56.74855,0.05270327339574213,56.8352391703972,56.6618608296028,56.851846517723025,56.64525348227698,56.8843046360057,56.6127953639943
2026-07-29,KCR,109,54.1388,0.05211432167001859,54.22452043101505,54.053079568984955,54.24094219355197,54.036657806448034,54.27303759689221,54.0045624031078
2026-07-29,LAA,109,46.9997,0.051468072079903865,47.08435744503283,46.915042554967165,47.10057556763032,46.89882443236967,47.13227296826058,46.867127031739415
2026-07-29,LAD,108,66.0462,0.04994239672011661,66.12834793238373,65.96405206761627,66.14408529887304,65.94831470112696,66.17484308896114,65.91755691103886
2026-07-29,MIA,109,48.90595,0.051938281730631496,48.99138087108226,48.82051912891774,49.00774716161093,48.804152838389065,49.03973414805774,48.772165851942255
2026-07-29,MIL,108,54.6864,0.05120555489829804,54.770625642694526,54.60217435730547,54.78676104340905,54.58603895659095,54.818296768811514,54.554503231188484
2026-07-29,MIN,109,52.97115,0.051888587426815264,53.05649913122639,52.885800868773615,53.07284976256522,52.86945023743478,53.10480614401375,52.83749385598625
2026-07-29,NYM,109,59.8418,0.05170509944739926,59.92684732035794,59.756752679642055,59.943140132733966,59.74045986726603,59.97498351029952,59.708616489700475
2026-07-29,NYY,110,60.04975,0.05205611624811195,60.135374691615716,59.96412530838429,60.15177811302133,59.94772188697868,60.18383766966084,59.91566233033917
2026-07-29,PHI,109,60.00925,0.0517504794903523,60.09437196388618,59.92412803611382,60.11067907598377,59.907820924016235,60.14255040154396,59.875949598456046
2026-07-29,PIT,109,53.5082,0.05214952172964606,53.5939783299608,53.422421670039206,53.610411184401094,53.40598881559891,53.642528266237285,53.37387173376272
2026-07-29,SDP,108,54.608,0.05134616462240461,54.692456925109205,54.52354307489079,54.708636633404176,54.50736336659582,54.74025895545923,54.47574104454076
2026-07-29,SEA,109,59.46672545960247,0.05914098599000122,59.56400372490961,59.36944719429533,59.58263966215306,59.35081125705188,59.61906254435629,59.314388374848654
2026-07-29,SEA,111,61.976991823540594,0.09767067130780216,62.13764578148802,61.81633786559317,62.168422821649735,61.78556082543145,62.22857480079252,61.725408846288666
2026-07-29,SFG,109,54.5581,0.05176519295105601,54.64324616537539,54.47295383462462,54.65955791383684,54.456642086163164,54.691438300907194,54.42476169909281
2026-07-29,STL,109,49.37485,0.05181863692178349,49.46008407288448,49.28961592711553,49.47641266209465,49.27328733790535,49.508325963453096,49.24137403654691
2026-07-29,TBR,108,53.13315,0.05209996904234897,53.218846823043364,53.04745317695664,53.23526406291866,53.03103593708134,53.267350626973275,52.998949373026726
2026-07-29,TEX,108,53.8889,0.051369444035233754,53.97339521633583,53.80440478366417,53.9895822602149,53.7882177397851,54.02121891925297,53.756581080747026
2026-07-29,TOR,110,60.76675,0.051902860395365895,60.852122608170475,60.68137739182953,60.868477737069526,60.66502226293048,60.900442908744395,60.63305709125561
2026-07-29,WSN,109,44.5259,0.050463588736725976,44.60890521696259,44.44289478303741,44.62480681645462,44.42699318354538,44.6558855906303,44.3959144093697
2026-07-30,ATH,109,53.3998,0.051793504673427145,53.48499273401461,53.31460726598539,53.50131340379302,53.29828659620698,53.53321122707131,53.266388772928686
2026-07-30,ATL,111,59.82925,0.0522428577672049,59.9151818540807,59.743318145919304,59.93164411967317,59.72685588032683,59.96381868393791,59.694681316062095
2026-07-30,BOS,109,57.46518796488642,0.05968275365478321,57.56335735870194,57.36701857107089,57.58216401254797,57.348211917224866,57.6189205506669,57.31145537910594
2026-07-30,BOS,111,60.28481386645657,0.1040329449322152,60.45593283325076,60.11369489966237,60.48871469172935,60.080913041183784,60.55278497454746,60.01684275836568
2026-07-30,CHC,110,58.58785,0.0515612940802243,58.67266078157817,58.50303921842183,58.68890827939352,58.48679172060648,58.72066309222075,58.45503690777926
2026-07-30,CHW,109,45.66105,0.05127074779398072,45.745382875465445,45.57671712453456,45.76153881913664,45.56056118086337,45.793114694582606,45.5289853054174
2026-07-30,CIN,109,51.84465,0.05152551370731938,51.929401928102024,51.75989807189798,51.94563815115127,51.74366184884873,51.97737092808772,51.71192907191228
2026-07-30,KCR,110,54.65145,0.05247195260484902,54.737758681555306,54.56514131844469,54.754293137303996,54.548606862696,54.78660879313399,54.516291206866
2026-07-30,LAD,109,66.60145,0.05026809862091407,66.68413366433657,66.51876633566343,66.6999736628683,66.5029263371317,66.73093204146144,66.47196795853856
2026-07-30,MIA,110,49.304,0.0523237621812924,49.390064929999646,49.21793507000036,49.40655268941097,49.20144731058903,49.4387770798985,49.169222920101504
2026-07-30,MIN,110,53.4585,0.05224572105223934,53.54443656376547,53.37256343623453,53.560899731608714,53.35610026839129,53.593076059271404,53.3239239407286
2026-07-30,NYM,110,60.44375,0.05202462998408786,60.529322901320135,60.35817709867987,60.54571640107783,60.34178359892217,60.5777565664193,60.3097434335807
2026-07-30,NYY,111,60.6701,0.052343435990242056,60.75619729053565,60.58400270946434,60.77269124936795,60.567508750632044,60.8049277562721,60.535272243727896
2026-07-30,PIT,110,54.026,0.05252741338061317,54.112399906413486,53.93960009358652,54.12895183842705,53.92304816157296,54.16130165062541,53.890698349374595
2026-07-30,SDP,109,55.11195,0.051723105319153036,55.1970269373814,55.0268730626186,55.213325423594114,55.01057457640589,55.24517989035162,54.97872010964838
2026-07-30,SEA,110,59.906926260090906,0.059524997985147654,60.00483616892105,59.80901635126076,60.02359311232161,59.7902594078602,60.060252494194735,59.753600025987076
2026-07-30,SEA,112,62.434493249667234,0.09824510751153735,62.596092071087824,62.272894428246644,62.627050122047116,62.24193637728735,62.687555876525764,62.181430622808705
2026-07-30,SFG,110,55.05415,0.05211153106039463,55.139865840870684,54.968434159129316,55.156286724057615,54.952013275942384,55.188380408758164,54.919919591241836
2026-07-30,STL,110,49.80385,0.052199042097291475,49.88970978371712,49.71799021628287,49.906158242538176,49.70154175746182,49.93830582225138,49.669394177748615
2026-07-30,TBR,109,53.6258,0.052524914672306425,53.71219579640406,53.539404203595936,53.72874694104876,53.522853058951235,53.76109521437933,53.490504785620665
2026-07-30,TEX,109,54.39625,0.05174466805776811,54.48136240493022,54.31113759506978,54.49766768578521,54.294832314214794,54.52953543228561,54.26296456771439
2026-07-30,WSN,110,44.90535,0.05080549801750241,44.98891760768316,44.821782392316834,45.004926946330926,44.80577305366907,45.03621629057488,44.77448370942512
2026-07-31,ARI,110,54.31155,0.05202917144841997,54.39713037136421,54.22596962863578,54.41352530218436,54.20957469781563,54.445568264456206,54.17753173554379
2026-07-31,ATH,110,53.85115,0.052127876895692524,53.936892727377156,53.76540727262284,53.95331876130609,53.7489812386939,53.98542251283971,53.71687748716028
2026-07-31,ATL,112,60.4433,0.05258695204018047,60.52979783879361,60.35680216120639,60.54636853205549,60.34023146794451,60.57875501204942,60.30784498795058
2026-07-31,BAL,110,58.3528,0.052489326195601246,58.439137258569076,58.26646274143093,58.455677188916155,58.24992281108385,58.48800354453817,58.21759645546184
2026-07-31,BOS,110,57.89988608188702,0.060064661896564925,57.9986836588592,57.80108850491484,58.01761065594786,57.782161507826174,58.054602398107946,57.74516976566609
2026-07-31,BOS,112,60.73094347055348,0.1047796651318135,60.9032906827763,60.55859625833065,60.936307840524,60.52557910058295,61.000838002416046,60.46104893869091
2026-07-31,CHC,111,59.06385,0.05190537898227283,59.14922675087728,58.97847324912272,59.16558267340916,58.96211732659084,59.197549396194354,58.93015060380565
2026-07-31,CHW,110,46.0898,0.05166164190443639,46.17477583906078,46.004824160939215,46.1910549575149,45.98854504248509,46.22287157108689,45.9567284289131
2026-07-31,CIN,110,52.3274,0.0519039031553327,52.412774323357986,52.24202567664201,52.42912978084151,52.22567021915849,52.46109559471607,52.193704405283924
2026-07-31,CLE,112,52.5448,0.05290585600365974,52.63182238913459,52.45777761086541,52.64849357233844,52.441106427661566,52.681076454223565,52.40852354577644
2026-07-31,COL,110,42.6912,0.05010626367913475,42.77361746954561,42.60878253045439,42.78940647221097,42.592993527789034,42.82026518227607,42.56213481772394
2026-07-31,DET,111,59.2021,0.05291509973428196,59.289137593718436,59.11506240628157,59.30581168971754,59.098388310282466,59.338400264495775,59.06579973550423
2026-07-31,HOU,111,57.26045,0.05307891915306803,57.34775705268358,57.173142947316414,57.36448276987833,57.15641723012167,57.39717223535517,57.123727764644826
2026-07-31,KCR,111,55.24685,0.05280857119004982,55.33371236985608,55.159987630143924,55.35035289760752,55.14334710239248,55.38287586514988,55.11082413485013
2026-07-31,LAA,110,47.4445,0.05177962962403465,47.529669911589295,47.3593300884107,47.54598620919593,47.343013790804065,47.5778754873125,47.3111245126875
2026-07-31,LAD,110,67.16385,0.05058268566693029,67.24705111398019,67.0806488860198,67.26299024214849,67.0647097578515,67.29414236399307,67.03355763600692
2026-07-31,MIA,111,49.70315,0.0527181227273715,49.78986359537419,49.61643640462581,49.806475621878214,49.59982437812179,49.838942885349255,49.56735711465075
2026-07-31,MIL,109,55.2416,0.05155937732817872,55.32640762880161,55.156792371198385,55.34265452262854,55.140545477371454,55.374408154994654,55.10879184500534
2026-07-31,MIN,111,53.89555,0.052543268356921614,53.98197598552877,53.80912401447123,53.99853291360959,53.79256708639041,54.03089249033799,53.76020750966201
2026-07-31,NYM,111,61.0446,0.052418345320567925,61.13082050541934,60.95837949458067,61.1473380689575,60.9418619310425,61.179620709920265,60.90957929007974
2026-07-31,NYY,112,61.1941,0.05272442747685983,61.28082396576425,61.10737603423575,61.29743797896014,61.09076202103986,61.329909125307736,61.05829087469226
2026-07-31,PHI,110,60.5217,0.05206838783129886,60.60734487657383,60.43605512342617,60.62375216488241,60.419647835117594,60.65581927916441,60.387580720835594
2026-07-31,PIT,111,54.54325,0.05286715633250889,54.630208733840135,54.456291266159866,54.64686772237677,54.43963227762323,54.679426770476574,54.40707322952343
2026-07-31,SDP,110,55.6236,0.05211239715362223,55.70931726546728,55.53788273453273,55.72573842156915,55.52146157843086,55.75783263966648,55.489367360333524
2026-07-31,SEA,111,60.46706464961672,0.059908913949158454,60.56560604401271,60.36852325522072,60.58448396330998,60.349645335923455,60.62137978571075,60.31274951352268
2026-07-31,SEA,113,63.005324206122836,0.09876599883085083,63.167779817519246,62.842868594726426,63.19890200672843,62.81174640551724,63.25972856010562,62.75091985214005
2026-07-31,SFG,111,55.5425,0.05247577891626425,55.62881497527752,55.45618502472247,55.64535063673656,55.439649363263435,55.677668649059065,55.40733135094093
2026-07-31,STL,111,50.1977,0.05249046101840696,50.28403912518648,50.11136087481351,50.30057941312798,50.09482058687202,50.332906467648,50.06249353235199
2026-07-31,TBR,110,54.19705,0.05287916295828406,54.28402848298209,54.11007151701791,54.30069125493086,54.093408745069134,54.333257697495085,54.06084230250491
2026-07-31,TEX,110,54.88435,0.052150884360785195,54.97013057128956,54.79856942871044,54.98656385510905,54.78213614489095,55.0186817761425,54.750018223857495
2026-07-31,TOR,111,61.3729,0.05223694779019648,61.45882213303358,61.286977866966424,61.475282536331086,61.27051746366892,61.507453460845944,61.23834653915406
2026-07-31,WSN,111,45.2913,0.05112653823256157,45.375395671845304,45.207204328154695,45.39150617359003,45.19109382640997,45.422993235368445,45.159606764631555
2026-08-01,ARI,111,54.8318,0.05236504122863991,54.91793282799039,54.74566717200961,54.93443359485709,54.72916640514291,54.966683407678275,54.69691659232173
2026-08-01,ATH,111,54.3112,0.05246818439319846,54.39750248339871,54.22489751660129,54.414035751744876,54.20836424825512,54.446349086864004,54.176050913135995
2026-08-01,ATL,113,61.06515,0.052949319687771015,61.15224388053304,60.97805611946696,61.16892875959393,60.96137124040607,61.201538409254745,60.92876159074526
2026-08-01,BAL,111,58.8439,0.05284809632866911,58.93082738292369,58.75697261707631,58.94748036545569,58.740319634544306,58.98002767516016,58.70777232483984
2026-08-01,BOS,111,58.32526971788514,0.060449318473713334,58.424699998623375,58.22583943714691,58.44374820498361,58.20679123078667,58.48097684378929,58.16956259198099
2026-08-01,BOS,113,61.17923970848926,0.10545674936323667,61.352700625165895,61.00577879181263,61.38593113916787,60.97254827781065,61.4508782937561,60.90760112322243
2026-08-01,CHC,112,59.5457,0.05223539989652736,59.63161958697506,59.45978041302493,59.64807950251524,59.443320497484756,59.68024947373607,59.411150526263924
2026-08-01,CHW,111,46.5197,0.05201928388390983,46.605264107767866,46.434135892232135,46.62165592291403,46.41774407708597,46.65369279577781,46.38570720422219
2026-08-01,CIN,111,52.81,0.05229886957275404,52.89602398530221,52.7239760146978,52.91250390079476,52.707496099205244,52.94471296078798,52.67528703921202
2026-08-01,CLE,113,53.02455,0.053229353115331716,53.11210449453203,52.93699550546796,53.12887761502641,52.920222384973584,53.16165972756342,52.88744027243658
2026-08-01,COL,111,43.0911,0.05044296050107679,43.174071286534364,43.00812871346563,43.18996638585568,42.99223361414431,43.22103245581643,42.96116754418357
2026-08-01,DET,112,59.74205,0.053275064537737414,59.82967968313097,59.65442031686903,59.846467207768015,59.63763279223198,59.879277472384764,59.604822527615234
2026-08-01,HOU,112,57.7637,0.05342841795610518,57.85158192705738,57.67581807294262,57.868417774944916,57.658982225055084,57.901322484613594,57.626077515386406
2026-08-01,KCR,112,55.84695,0.053149059502509664,55.93437242329176,55.75952757670824,55.95112024243709,55.74277975756291,55.98385290492263,55.71004709507737
2026-08-01,LAA,111,47.8894,0.05212129328269483,47.97513189829744,47.80366810170256,47.99155585766173,47.787244142338274,48.023655554576436,47.75514444542357
2026-08-01,LAD,111,67.73265,0.050871731792123814,67.81632655254758,67.64897344745243,67.83235676214375,67.63294323785627,67.86368689747243,67.60161310252758
2026-08-01,MIA,112,50.0973,0.05305673742673331,50.18457056699057,50.01002943300942,50.20128929449359,49.9933107055064,50.233965099014476,49.96063490098552
2026-08-01,MIL,110,55.7967,0.0518817698368327,55.88203791728878,55.711362082711226,55.89838640033439,55.695013599665614,55.9303385830657,55.663061416934305
2026-08-01,MIN,112,54.3387,0.052886614234589235,54.42569073924095,54.25170926075906,54.44235585916406,54.235044140835946,54.47492689071095,54.20247310928906
2026-08-01,NYM,112,61.65045,0.052756728513955166,61.73722709624227,61.56367290375773,61.75385128782951,61.547048712170486,61.78634232726562,61.51455767273438
2026-08-01,NYY,113,61.71225,0.0530593371758269,61.7995248431973,61.6249751568027,61.816244389908185,61.60825561009181,61.848921795524376,61.57557820447562
2026-08-01,PHI,111,61.0306,0.052428576366147776,61.11683733399176,60.94436266600824,61.133358121438356,60.927841878561644,61.16564706334727,60.89555293665273
2026-08-01,PIT,112,55.06065,0.05325969778965543,55.148254407079655,54.97304559292035,55.165037089495215,54.95626291050479,55.19783789026476,54.92346210973525
2026-08-01,SDP,111,56.1297,0.052522869572133986,56.216092432513626,56.04330756748637,56.23264293272608,56.02675706727392,56.26498994655038,55.99441005344962
2026-08-01,SEA,112,61.01845193677498,0.06035831491128716,61.11773252997349,60.91917134357647,61.13675206016863,60.90015181338133,61.17392465303631,60.86297922051365
2026-08-01,SEA,114,63.57748621410914,0.09924401928420225,63.74072809918201,63.41424432903628,63.77200091758718,63.38297151063111,63.833121867183365,63.32185056103492
2026-08-01,SFG,112,56.0364,0.05286296885981541,56.12335184606049,55.949448153939514,56.140009515081104,55.9327904849189,56.17256598426171,55.90023401573829
2026-08-01,STL,112,50.5918,0.052840166939196145,50.678714340238656,50.50488565976134,50.695364824137904,50.488235175862094,50.727907250406396,50.4556927495936
2026-08-01,TBR,111,54.76715,0.053212480888238045,54.854676742188104,54.6796232578119,54.87144454606897,54.66285545393103,54.90421626758646,54.63008373241354
2026-08-01,TEX,111,55.3811,0.05252100591480626,55.467489367070115,55.29471063292989,55.48403928002484,55.27816071997517,55.516385146087224,55.24581485391278
2026-08-01,TOR,112,61.9788,0.05255707031677091,62.065248687732485,61.892351312267515,62.08180996495381,61.87579003504619,62.11417804183062,61.84342195816938
2026-08-01,WSN,112,45.66945,0.05149555247272547,45.75415264625663,45.58474735374337,45.77037942821053,45.56852057178946,45.80209375306168,45.53680624693831
2026-08-02,ARI,112,55.3576,0.052695397827966124,55.44427621624098,55.27092378375902,55.460881081893824,55.25431891810617,55.49333434988744,55.221865650112555
2026-08-02,ATH,112,54.76695,0.05281715031543617,54.853826481261585,54.68007351873842,54.87046971238429,54.66343028761571,54.90299796351245,54.630902036487555
2026-08-02,ATL,114,61.6805,0.053374511046205164,61.768293258081115,61.59270674191889,61.785112119343,61.57588788065701,61.81798362961541,61.54301637038459
2026-08-02,BAL,112,59.32915,0.05314237216629478,59.41656142360253,59.241738576397466,59.43330713549896,59.22499286450104,59.46603567948604,59.19226432051396
2026-08-02,BOS,112,58.755612142330634,0.06083094725883219,58.855670146560215,58.65555413810105,58.8748386081034,58.636385676557865,58.912302278842574,58.59892200581869
2026-08-02,BOS,114,61.626157179436674,0.10603425015870985,61.80056800039131,61.45174635848204,61.833980490875454,61.418333867997895,61.89928330817531,61.353031050698036
2026-08-02,CHC,113,60.0269,0.05255218269582442,60.11334064831144,59.94045935168855,60.12990038539278,59.923899614607215,60.162265452153356,59.89153454784664
2026-08-02,CHW,112,46.9488,0.05240378073967349,47.03499654881562,46.86260345118438,47.051509522903494,46.8460904770965,47.083783194046,46.813816805954
2026-08-02,CIN,112,53.2942,0.05274506062249839,53.38095790426869,53.2074420957313,53.39757841918247,53.19082158081752,53.43006227276889,53.1583377272311
2026-08-02,CLE,114,53.49875,0.053594342421117366,53.58690484851545,53.41059515148455,53.603792980920495,53.39370701907951,53.63679987771275,53.360700122287255
2026-08-02,COL,112,43.49485,0.050773049632688375,43.57836423483971,43.41133576516029,43.59436334866533,43.39533665133467,43.625632709074424,43.364067290925576
2026-08-02,DET,113,60.2863,0.05362728232691347,60.37450902983897,60.198090970161026,60.39140754194951,60.18119245805048,60.42443472528735,60.148165274712646
2026-08-02,HOU,113,58.2734,0.05378059352231056,58.36186120431478,58.18493879568523,58.37880802637092,58.167991973629086,58.41192962875702,58.13487037124298
2026-08-02,KCR,113,56.4432,0.053519546944039646,56.5312318209037,56.355168179096296,56.548096384479216,56.33830361552078,56.581057217331114,56.30534278266888
2026-08-02,LAA,112,48.3372,0.0524610561857155,48.42349075854078,48.250909241459226,48.440021780714936,48.23437821928507,48.472330725818296,48.20206927418171
2026-08-02,LAD,112,68.2981,0.051198172644578745,68.38231349996772,68.21388650003229,68.39844657445764,68.19775342554237,68.42997775338607,68.16622224661394
2026-08-02,MIA,113,50.49945,0.05340208398558714,50.58728861153046,50.411611388469545,50.60411616131114,50.394783838688866,50.637004652800655,50.36189534719935
2026-08-02,MIL,111,56.3489,0.05222858250748856,56.43480837336798,56.26299162663202,56.45126614067826,56.246533859321744,56.48343191330561,56.21436808669439
2026-08-02,MIN,113,54.774,0.053258220228440935,54.86160197670773,54.68639802329227,54.87838419352845,54.669615806471555,54.91118408431928,54.63681591568072
2026-08-02,NYM,113,62.2483,0.05312394434878841,62.33568111254007,62.16091888745993,62.35242101764034,62.14417898235966,62.38513821257371,62.11146178742629
2026-08-02,NYY,114,62.23105,0.05344128641256371,62.318953093784664,62.14314690621534,62.33579299665612,62.12630700334389,62.368705631560836,62.09339436843917
2026-08-02,PHI,112,61.54535,0.05278467088037018,61.632173057345014,61.458526942654984,61.64880605386133,61.44189394613867,61.68131430203184,61.409385697968155
2026-08-02,PIT,113,55.57645,0.05365884580813922,55.66471094714555,55.48818905285445,55.68161940523594,55.47128059476406,55.71466602742722,55.43823397257278
2026-08-02,SDP,112,56.63635,0.05291314037076427,56.723384370852244,56.549315629147756,56.74005784943561,56.53264215056439,56.77264521750981,56.50005478249019
2026-08-02,SEA,113,61.581710874431856,0.060782142240374766,61.681688601549816,61.481733147313896,61.70084168412618,61.46258006473753,61.73827529754709,61.42514645131662
2026-08-02,SEA,115,64.14622551815934,0.09999572036701332,64.31070384148465,63.981747194834035,64.34221352868683,63.950237507631854,64.40379742491018,63.88865361140851
2026-08-02,SFG,113,56.52975,0.053242346719967124,56.61732586710975,56.44217413289025,56.63410308202353,56.42539691797647,56.666893196871,56.392606803129
2026-08-02,STL,113,50.9913,0.05317976701604656,51.07877293265678,50.90382706734322,51.095530428057685,50.88706957194232,51.128282002235835,50.85431799776417
2026-08-02,TBR,112,55.33805,0.05358131351257539,55.42618341786799,55.249916582132016,55.443067444729,55.233032555271,55.47606631746834,55.20003368253167
2026-08-02,TEX,112,55.8714,0.05289728734207847,55.95840829494051,55.78439170505949,55.97507677807034,55.767723221929664,56.007654382813975,55.73514561718603
2026-08-02,TOR,113,62.5793,0.05287826000370139,62.666276997753975,62.49232300224603,62.682939485172405,62.4756605148276,62.715505371638216,62.44309462836179
2026-08-02,WSN,113,46.0541,0.05180813511064831,46.13931679894234,45.96888320105766,46.15564207892305,45.952557921076945,46.187548912580226,45.92065108741977
2026-08-03,ARI,113,55.84345,0.0530495317370086,55.93070871468569,55.7561912853143,55.947425171601246,55.73947482839875,55.980096538387734,55.70680346161226
2026-08-03,CHC,114,60.4524,0.05290025173694061,60.53941317093615,60.365386829063844,60.5560825881775,60.34871741182249,60.58866201858912,60.316137981410876
2026-08-03,COL,113,43.89505,0.051118953747574046,43.97913319647766,43.810966803522334,43.99524130827261,43.794858691727384,44.02672369902976,43.763376300970236
2026-08-03,HOU,114,58.72945,0.05412138293761104,58.81847175302056,58.64042824697944,58.835525961351216,58.623374038648784,58.86885744411929,58.59004255588071
2026-08-03,LAD,113,68.8726,0.051570984480830175,68.95742672086875,68.78777327913126,68.97367727222971,68.7715227277703,69.00543805303859,68.73976194696142
2026-08-03,MIL,112,56.85885,0.05257941197468064,56.94533543648953,56.772364563510465,56.961903753798666,56.75579624620133,56.99428559012775,56.72341440987224
2026-08-03,NYY,115,62.83115,0.0537940207988648,62.919633290219316,62.742666709780686,62.936584343349374,62.72571565665063,62.969714215129436,62.692585784870566
2026-08-03,PHI,113,62.17975,0.053151888518072975,62.26717707660827,62.09232292339173,62.28392578720571,62.07557421279429,62.316660191983814,62.04283980801618
2026-08-03,PIT,114,56.0665,0.054003330503639035,56.15532757404637,55.97767242595363,56.172344582832345,55.96065541716765,56.20560336120051,55.927396638799486
2026-08-03,SDP,113,57.1505,0.053311158226768705,57.23818905196629,57.062810948033714,57.25498795009858,57.04601204990142,57.287820443566645,57.01317955643336
2026-08-03,SFG,114,57.0261,0.05364610735870535,57.114339994260796,56.9378600057392,57.13124443833383,56.92095556166617,57.16428321535588,56.88791678464412
2026-08-03,STL,114,51.3912,0.053522624763440746,51.47923688346611,51.30316311653389,51.496102416894395,51.2862975831056,51.52906514526852,51.25333485473148
2026-08-03,TBR,113,55.93785,0.053919381801553645,56.026539490719266,55.84916050928073,56.04353004639971,55.832169953600285,56.07673712367368,55.798962876326314
2026-08-03,TEX,113,56.37505,0.05321917876972951,56.46258775922277,56.28751224077723,56.47935767367547,56.27074232632453,56.51213352018588,56.237966479814126
2026-08-03,TOR,114,63.12325,0.05321629985825341,63.210783023834786,63.03571697616521,63.22755203111266,63.01894796888734,63.26032610460133,62.986173895398665
2026-08-03,WSN,114,46.4197,0.052143537882724744,46.50546848740848,46.33393151259152,46.52189945627664,46.317500543723355,46.554012852869036,46.28538714713096
2026-08-04,ARI,114,56.32645,0.05342664822176306,56.41432901610343,56.23857098389657,56.43116430632935,56.22173569367065,56.46406792608002,56.18883207391998
2026-08-04,ATH,113,55.29175,0.05309964760244427,55.37909114794873,55.20440885205127,55.39582339689256,55.18767660310744,55.428525628302495,55.154974371697506
2026-08-04,ATL,115,62.26815,0.05374403873882201,62.35655107704657,62.17974892295343,62.37348638031182,62.16281361968818,62.40658546987452,62.129714530125476
2026-08-04,BAL,113,59.92325,0.05349697251413783,60.011244689270804,59.8352553107292,60.02810213940964,59.818397860590366,60.06104906945307,59.785450930546936
2026-08-04,BOS,113,59.36621322790324,0.06127330824458929,59.466998851204664,59.26542760460181,59.486306705276256,59.24611975053022,59.524042810805035,59.20838364500144
2026-08-04,BOS,115,62.24443569036833,0.106772225776877,62.420060373195106,62.06881100754155,62.45370540744018,62.03516597329647,62.51946271832955,61.969408662407105
2026-08-04,CHC,115,60.87435,0.053269362537243174,60.96197030417478,60.78672969582522,60.9787560320524,60.7699439679476,61.0115627850048,60.7371372149952
2026-08-04,CHW,113,47.33625,0.052723792416605846,47.42297292118309,47.24952707881691,47.439586734264914,47.232913265735085,47.47205748950092,47.20044251049908
2026-08-04,CIN,113,53.7694,0.053099643695678655,53.85674114152267,53.682058858477326,53.873473389235436,53.66532661076456,53.90617561823933,53.632624381760664
2026-08-04,CLE,115,53.9108,0.05389139432339001,53.9994434554143,53.8221565445857,54.01642519195049,53.805174808049514,54.0496150327073,53.7719849672927
2026-08-04,COL,114,44.29275,0.05147868369158961,44.377424899580795,44.2080751004192,44.39364636600704,44.191853633992956,44.42535030196092,44.16014969803908
2026-08-04,DET,114,60.77175,0.05397905412091977,60.8605376429502,60.682962357049796,60.87754700199654,60.665952998003455,60.91079082938251,60.63270917061748
2026-08-04,HOU,115,59.18405,0.054484375808440295,59.2736688231607,59.0944311768393,59.29083741430469,59.07726258569531,59.32439245179295,59.043707548207045
2026-08-04,KCR,114,56.95415,0.05389821555262269,57.04280467533794,56.86549532466206,57.059788561314114,56.84851143868588,57.09298260302944,56.815317396970556
2026-08-04,LAA,113,48.7431,0.05277100869291692,48.82990058504643,48.656299414953565,48.846529276465965,48.63967072353403,48.87902911056905,48.60717088943095
2026-08-04,LAD,114,69.45065,0.05194379786636539,69.53608994431812,69.36521005568187,69.5524579730383,69.34884202696169,69.5844483566818,69.31685164331819
2026-08-04,MIA,114,50.9118,0.0537541208957568,51.000217660718974,50.823382339281025,51.0171561409763,50.8064438590237,51.0502614397898,50.7733385602102
2026-08-04,MIL,113,57.37055,0.05289808167814066,57.457559601507064,57.28354039849294,57.47422833494041,57.26687166505959,57.506806428888076,57.23429357111193
2026-08-04,MIN,114,55.26305,0.05364766200364131,55.35129255142416,55.17480744857584,55.36819748538191,55.15790251461809,55.401237219855865,55.124862780144134
2026-08-04,NYM,114,62.83625,0.053510652830752486,62.924267191389205,62.748232808610794,62.9411289523375,62.7313710476625,62.97408430761348,62.69841569238652
2026-08-04,NYY,116,63.42725,0.054142191872162265,63.51630598067203,63.33819401932797,63.533366746113494,63.32113325388651,63.566711044382686,63.287788955617316
2026-08-04,PHI,114,62.8075,0.053529949189897466,62.89554893107553,62.719451068924464,62.912416772506454,62.70258322749354,62.94538401174082,62.669615988259174
2026-08-04,PIT,115,56.5548,0.05437483498029155,56.64423864453222,56.46536135546778,56.66137271822668,56.44822728177332,56.69486029331787,56.41473970668213
2026-08-04,SDP,114,57.6675,0.053671605338027575,57.75578193470456,57.579218065295436,57.77269441345498,57.562305586545016,57.8057488937982,57.52925110620179
2026-08-04,SEA,114,62.09049589580083,0.06124522843615593,62.19123533192751,61.98975645967415,62.21053433776062,61.970457453841036,62.248253149909225,61.93273864169243
2026-08-04,SEA,116,64.676934778475,0.10086382348468195,64.84284100436197,64.51102855258803,64.87462423984799,64.47924531710201,64.93674277067483,64.41712678627518
2026-08-04,SFG,115,57.5222,0.05403389067119875,57.61107784104882,57.43332215895118,57.628104479660124,57.41629552033987,57.66138207897563,57.38301792102437
2026-08-04,STL,115,51.7951,0.053836611321069684,51.88365334539424,51.70654665460576,51.900617819238974,51.68958218076102,51.93377392104458,51.65642607895541
2026-08-04,TBR,114,56.54015,0.05422897231136613,56.6293487217922,56.450951278207796,56.646436832648895,56.4338631673511,56.679834575980955,56.40046542401904
2026-08-04,TEX,114,56.87895,0.05357833869012598,56.96707852472049,56.790821475279515,56.98396161418414,56.77393838581587,57.016958654833495,56.74094134516651
2026-08-04,TOR,115,63.66865,0.05357244029529495,63.756768822724354,63.580531177275645,63.7736500535427,63.563649946457296,63.80664346157524,63.53065653842476
2026-08-04,WSN,115,46.79195,0.052455465288823104,46.878231562333745,46.705668437666255,46.894760822758386,46.689139177241614,46.927066324622245,46.656833675377754
2026-08-05,ARI,115,56.80825,0.0537949699490073,56.89673485143237,56.71976514856763,56.91368620364947,56.70281379635053,56.94681665997819,56.66968334002181
2026-08-05,ATH,114,55.8088,0.0534954223837032,55.89679213953313,55.72080786046686,55.91364910120981,55.70395089879018,55.946595076581666,55.67100492341833
2026-08-05,ATL,116,62.85725,0.05404451556224845,62.9461453174394,62.7683546825606,62.963175304063924,62.75132469593608,62.996459446881346,62.718040553118655
2026-08-05,BAL,114,60.5259,0.05382593539425074,60.61443578505729,60.43736421494271,60.63139689480691,60.42040310519309,60.66454642167944,60.38725357832056
2026-08-05,BOS,114,59.98163908061382,0.06161474368130693,60.0829863152317,59.880291845995934,60.10240175914585,59.860876402081786,60.14034814291878,59.82293001830885
2026-08-05,BOS,116,62.86724443569037,0.10741443833818655,63.04392546417789,62.690563407202845,63.07777286625281,62.656716005127926,63.14392569358611,62.59056317779462
2026-08-05,CHC,116,61.29505,0.053583517377470996,61.38318704290315,61.206912957096854,61.400071764224826,61.19002823577518,61.43307199424812,61.15702800575189
2026-08-05,CHW,114,47.71895,0.05302375524994469,47.80616631613746,47.63173368386254,47.822874650614956,47.61502534938504,47.855530142557015,47.582369857442984
2026-08-05,CIN,114,54.25235,0.05348300193005042,54.340321709704895,54.164378290295105,54.35717475756798,54.14752524243202,54.39011308361319,54.11458691638681
2026-08-05,CLE,116,54.3355,0.05427139446073629,54.42476850001846,54.24623149998155,54.441869978533816,54.22913002146619,54.47529384819643,54.19570615180358
2026-08-05,COL,115,44.69365,0.051801536211126833,44.77885594471853,44.60844405528147,44.795179145317654,44.59212085468234,44.827081914941466,44.56021808505853
2026-08-05,DET,115,61.26145,0.05435450685541883,61.3508552077423,61.17204479225771,61.36798287583406,61.15491712416595,61.40145793153814,61.12144206846187
2026-08-05,HOU,116,59.63385,0.054869706971262075,59.72410263652145,59.543597363478554,59.74139264950594,59.526307350494065,59.77518499909372,59.49251500090629
2026-08-05,KCR,115,57.47115,0.05426127162309126,57.56040184943224,57.381898150567764,57.57750013813661,57.364799861863396,57.610917773494585,57.33138222650542
2026-08-05,LAA,114,49.14045,0.053148211884280136,49.22787102908384,49.05302897091616,49.244618581135896,49.03628141886411,49.27735072160276,49.003549278397244
2026-08-05,LAD,115,70.02995,0.052264416464133746,70.11591731498153,69.94398268501847,70.13238637394271,69.92751362605729,70.1645742154612,69.8953257845388
2026-08-05,MIA,115,51.3227,0.05410683517801278,51.411697824085415,51.23370217591458,51.42874744826635,51.216652551733645,51.46206997157381,51.183330028426184
2026-08-05,MIL,114,57.8798,0.05323226729826666,57.967359287936404,57.7922407120636,57.98413332672001,57.77546667327999,58.01691723400123,57.74268276599878
2026-08-05,MIN,115,55.74605,0.0540019331164541,55.83487527554899,55.657224724451005,55.85189184400379,55.640208155996206,55.88514976176965,55.60695023823035
2026-08-05,NYM,115,63.41155,0.0538847752925205,63.50018256807736,63.32291743192263,63.51716221888837,63.30593778111162,63.55034798321362,63.27275201678638
2026-08-05,NYY,117,64.0191,0.05450225026789447,64.10874822403015,63.92945177596983,64.12592244760145,63.912277552398535,64.1594884933494,63.878711506650596
2026-08-05,PHI,115,63.4365,0.05390569245157625,63.52516697374231,63.347833026257696,63.54215321576678,63.33084678423322,63.575351862244865,63.29764813775514
2026-08-05,PIT,116,57.04555,0.054742703605639625,57.13559373457486,56.955506265425136,57.1528437274834,56.9382562725166,57.186557860102894,56.9045421398971
2026-08-05,SDP,115,58.1857,0.05405471183064018,58.27461208880844,58.096787911191555,58.291645288382746,58.07975471161725,58.324935710728255,58.04646428927174
2026-08-05,SEA,115,62.597245777084325,0.06164186124382423,62.69863761612327,62.49585393804538,62.71806160506224,62.47642994910641,62.75602468960146,62.43846686456719
2026-08-05,SEA,117,65.19718577676365,0.10164998488051932,65.36438512307393,65.02998643045336,65.39641608615851,64.99795546736878,65.4590187865242,64.9353527670031
2026-08-05,SFG,116,58.01215,0.05440379681171512,58.10163628250568,57.922663717494316,58.11877948237319,57.905520517626805,58.15228489405193,57.872015105948066
2026-08-05,STL,116,52.20325,0.05416925961566546,52.2923505031481,52.114149496851894,52.3094197979159,52.09708020208409,52.34278076626958,52.06371923373042
2026-08-05,TBR,115,57.13925,0.054592508542605424,57.22904668568068,57.049453314319315,57.2462493505692,57.03225064943079,57.279870983258284,56.99862901674171
2026-08-05,TEX,115,57.389,0.05392572993680711,57.47769993247257,57.30030006752744,57.49469248851618,57.28330751148383,57.527903475386495,57.25009652461351
2026-08-05,TOR,116,64.21885,0.053918300168214285,64.30753771159075,64.13016228840925,64.32452792643733,64.11317207356268,64.35773433757083,64.07996566242917
2026-08-05,WSN,116,47.16295,0.05276389927145572,47.24973889108876,47.07616110891124,47.26636534225595,47.05953465774405,47.29886079791292,47.02703920208708
2026-08-06,ARI,116,57.28765,0.05418950266412256,57.37678379999978,57.19851620000022,57.39385947356182,57.18144052643818,57.42723290890699,57.14806709109301
2026-08-06,ATH,115,56.3221,0.05381368204387022,56.410615630089474,56.233584369910524,56.427572878681474,56.216627121318524,56.46071485914047,56.18348514085953
2026-08-06,ATL,117,63.44415,0.05441853643502714,63.533660527028545,63.354639472971456,63.55080837150403,63.33749162849597,63.584322860805585,63.303977139194416
2026-08-06,BAL,115,61.11905,0.05420826303861877,61.208214658069814,61.02988534193019,61.22529624322017,61.01280375677983,61.25868123242936,60.97941876757064
2026-08-06,BOS,115,60.60095155129665,0.06201285082334805,60.70295361389104,60.498949488702266,60.72249450548907,60.47940859710424,60.76068606964404,60.44121703294927
2026-08-06,BOS,117,63.49576521567855,0.10784790185187423,63.67315922819871,63.31837120315839,63.70714321911644,63.28438721224067,63.77356300159487,63.21796742976223
2026-08-06,CHW,115,48.0973,0.05336238387385476,48.185073310657685,48.00952668934231,48.201888350521955,47.99271164947804,48.2347523920895,47.9598476079105
2026-08-06,CIN,115,54.73905,0.0538010453662298,54.827544844604425,54.65055515539557,54.84449811124841,54.633601888751585,54.8776323092159,54.6004676907841
2026-08-06,CLE,117,54.7594,0.054596470771754294,54.84920320296767,54.66959679703233,54.866407116395635,54.652392883604364,54.900031189284235,54.618768810715764
2026-08-06,DET,116,61.7519,0.054672404127572787,61.841828102223396,61.6619718977766,61.859055943038264,61.644744056961734,61.892726780647266,61.61107321935273
2026-08-06,KCR,116,57.97985,0.05462203197606121,58.06969524740728,57.890004752592716,58.086907215435474,57.872792784564524,58.120547030583324,57.83915296941667
2026-08-06,LAA,115,49.5473,0.05351851405885023,49.63533012195875,49.45926987804125,49.65219436006144,49.442405639938556,49.68515455679518,49.40944544320482
2026-08-06,MIA,116,51.7358,0.05443058012186373,51.82533033713052,51.64626966286948,51.84248197669647,51.629118023303526,51.87600388328706,51.59559611671293
2026-08-06,MIL,115,58.388,0.053573886437941164,58.476121201417335,58.29987879858266,58.4930028879302,58.28299711206979,58.525997186591844,58.25000281340815
2026-08-06,MIN,116,56.23735,0.054382245451121455,56.32680083367204,56.14789916632796,56.34393724248262,56.13076275751738,56.377429381425785,56.097270618574214
2026-08-06,NYM,116,63.98765,0.05423579952367712,64.07685995155714,63.89844004844287,64.09395021373915,63.88134978626086,64.1273521617145,63.84794783828551
2026-08-06,PHI,116,64.07015,0.054207318422363704,64.15931310431434,63.98098689568566,64.17639439180633,63.96390560819367,64.20977879925913,63.93052120074087
2026-08-06,PIT,117,57.53735,0.05508486149545363,57.62795653422092,57.446743465779086,57.64531434462447,57.42938565537554,57.679239200421925,57.39546079957808
2026-08-06,SDP,116,58.7063,0.05441709360581309,58.79580815378568,58.61679184621432,58.812955543610734,58.599644456389264,58.84646914432381,58.566130855676185
2026-08-06,SEA,116,63.105148904416254,0.062074027123021736,63.20725159306904,63.00304621576347,63.22681176195274,62.98348604687977,63.26504100246902,62.94525680636349
2026-08-06,SEA,118,65.71135196805476,0.10225465170323639,65.87954590278149,65.54315803332803,65.91176740264478,65.51093653346473,65.97474249633613,65.44796143977338
2026-08-06,WSN,117,47.5293,0.05310257121508791,47.616645956863586,47.44195404313641,47.633379127068046,47.42522087293195,47.66608315902962,47.39251684097038
2026-08-07,ARI,117,57.6809,0.05456800933589345,57.770656388071664,57.59114361192834,57.7878513330064,57.5739486669936,57.821457877483724,57.54034212251628
2026-08-07,ATH,116,56.76755,0.054187200172255874,56.856680012737684,56.678419987262316,56.873754960760685,56.661345039239315,56.90712697808097,56.62797302191903
2026-08-07,ATL,118,63.9323,0.054758476604430895,64.02236967884913,63.842230321150865,64.03962464199296,63.82497535800704,64.07334848865538,63.791251511344605
2026-08-07,BAL,116,61.65045,0.05455279131471638,61.74018135665434,61.56071864334566,61.75737150623297,61.54352849376703,61.79096867845883,61.50993132154117
2026-08-07,BOS,116,61.15425852710581,0.06242297128107571,61.25693517782258,61.051581876389044,61.276605302624695,61.031911751586925,61.3150494457462,60.99346760846542
2026-08-07,BOS,118,64.0539688792594,0.1086462283303333,64.23267602198315,63.875261736535656,64.26691157384298,63.84102618467583,64.33382301791274,63.774114740606066
2026-08-07,CHC,117,61.82635,0.0539166498786015,61.91503499710589,61.737665002894104,61.932024691929115,61.72067530807088,61.965230086706484,61.68746991329351
2026-08-07,CHW,116,48.54945,0.05370555789881032,48.63778778169731,48.46111221830269,48.6547109592513,48.444189040748704,48.6877863497992,48.411113650200804
2026-08-07,CIN,116,55.29275,0.054189797919764665,55.38188428565209,55.203615714347904,55.39896005225224,55.186539947747754,55.432333669435124,55.15316633056487
2026-08-07,CLE,118,55.30725,0.05492447730097551,55.397592725696924,55.21690727430308,55.41489999737961,55.1996000026204,55.448726078113964,55.16577392188604
2026-08-07,COL,116,45.13525,0.05212095261562365,45.22098133794997,45.049518662050026,45.23740518996654,45.03309481003346,45.269504677076206,45.00099532292379
2026-08-07,DET,117,62.28395,0.055065304223816426,62.37452436537173,62.19337563462827,62.39187601307642,62.176023986923575,62.42578882422854,62.142111175771454
2026-08-07,HOU,117,60.14245,0.05522816679372384,60.233292250460536,60.05160774953946,60.25069521784787,60.03420478215212,60.284708330408556,60.00019166959144
2026-08-07,KCR,117,58.44855,0.054960064367764204,58.5389512612128,58.35814873878719,58.55626974674882,58.34083025325118,58.590117744323415,58.30698225567658
2026-08-07,LAA,116,50.04415,0.05385977239674469,50.132741441973565,49.95555855802644,50.14971321411315,49.938586785886855,50.18288358002201,49.905416419977996
2026-08-07,LAD,116,70.6367,0.05261671864962764,70.72324680050913,70.55015319949088,70.73982687353795,70.53357312646206,70.7722316857543,70.5011683142457
2026-08-07,MIA,117,52.23895,0.05477853301484966,52.329052668708556,52.14884733129145,52.34631395183504,52.13158604816496,52.380050150545074,52.09784984945493
2026-08-07,MIL,116,58.89485,0.05392926007400451,58.98355573903153,58.806144260968466,59.00054940745794,58.78915059254206,59.03376256841733,58.755937431582666
2026-08-07,MIN,117,56.7305,0.05475621790874521,56.82056596362534,56.64043403637466,56.83782021503077,56.62317978496923,56.871542670640856,56.58945732935914
2026-08-07,NYM,117,64.5498,0.05463579642974542,64.63966788791885,64.45993211208116,64.65688419326897,64.44271580673104,64.69053248546648,64.40906751453353
2026-08-07,NYY,118,64.53095,0.05483983474855461,64.62115350108759,64.44074649891242,64.6384341010253,64.42346589897471,64.6722080533471,64.3896919466529
2026-08-07,PHI,117,64.57015,0.05459128098215847,64.65994466652343,64.48035533347657,64.67714694459494,64.46315305540506,64.71076782127211,64.42953217872788
2026-08-07,PIT,118,57.9752,0.0554614555042719,58.06642597624221,57.883974023757794,58.083902455318544,57.86649754468146,58.11805924230538,57.832340757694624
2026-08-07,SDP,117,59.1977,0.05474116883368734,59.287741210099654,59.10765878990034,59.30499071938565,59.090409280614345,59.338703906792325,59.05669609320767
2026-08-07,SEA,117,63.64880265924971,0.06247472678013178,63.75156444018681,63.54604087831261,63.771250873682746,63.526354444816675,63.80972689122119,63.48787842727823
2026-08-07,SEA,119,66.27552766685682,0.10287766865978502,66.44474637328418,66.10630896042946,66.47716419224344,66.0738911414702,66.54052298047148,66.01053235324216
2026-08-07,SFG,117,58.4801,0.054735043580413784,58.57013113495459,58.39006886504541,58.58737871410984,58.37282128589016,58.62108812918546,58.33911187081454
2026-08-07,STL,117,52.76165,0.0545210105455185,52.85132908194086,52.671970918059145,52.86850921706995,52.65479078293006,52.90208681662225,52.621213183377755
2026-08-07,TBR,116,57.5902,0.05492084315586079,57.680536748060156,57.49986325193985,57.697842874586065,57.48255712541394,57.73166671717648,57.448733282823525
2026-08-07,TEX,116,57.8576,0.0543117722085187,57.94693491550334,57.768265084496655,57.96404911746524,57.75115088253476,57.997497854382374,57.71770214561762
2026-08-07,TOR,117,64.71885,0.05430462856432378,64.80817316525429,64.62952683474572,64.8252851161799,64.61241488382011,64.85872945357433,64.57897054642568
2026-08-07,WSN,118,47.9756,0.05343784251025289,48.06349742906945,47.88770257093055,48.08033624673162,47.87086375326838,48.11324676065634,47.83795323934366
2026-08-08,ARI,118,58.0701,0.05490769565600165,58.16041512234732,57.979784877652676,58.17771710595984,57.96248289404015,58.21153285146107,57.92866714853892
2026-08-08,ATH,117,57.2132,0.05453504370172979,57.30290216442875,57.12349783557125,57.32008672155071,57.10631327844929,57.35367296363724,57.072727036362764
2026-08-08,ATL,119,64.42225,0.05506808850499171,64.51282894510672,64.33167105489329,64.53018147016725,64.31431852983276,64.56409599606158,64.28040400393843
2026-08-08,BAL,117,62.1776,0.05494901165347806,62.267983081115624,62.08721691888437,62.28529808382689,62.06990191617311,62.31913927441808,62.03606072558192
2026-08-08,BOS,117,61.704818066072505,0.06286605566127522,61.80822352573909,61.60141260640592,61.8280332710187,61.58160286112631,61.86675029444336,61.542885837701654
2026-08-08,BOS,119,64.6194603112074,0.10937977402163437,64.79937402922202,64.43954659319279,64.83384072892694,64.40507989348787,64.90120393834789,64.33771668406692
2026-08-08,CHC,118,62.35995,0.05428343793881074,62.449238309777044,62.27066169022295,62.466343583317084,62.25355641668291,62.499774870140165,62.22012512985983
2026-08-08,CHW,117,48.9998,0.05409298753595528,49.088775046741155,48.910824953258846,49.105820307386644,48.89377969261336,49.13913430241162,48.86046569758838
2026-08-08,CIN,117,55.85085,0.054533053339880955,55.940548890574846,55.76115110942516,55.95773282051317,55.74396717948683,55.99131783680486,55.71038216319514
2026-08-08,CLE,119,55.8569,0.05528109007107196,55.94782930150524,55.76597069849477,55.96524894556542,55.748551054434586,55.999294651737195,55.71450534826281
2026-08-08,COL,117,45.5756,0.05246600676717553,45.66189890152265,45.489301098477355,45.6784314836763,45.472768516323704,45.71074347767109,45.440456522328915
2026-08-08,DET,118,62.82095,0.05542754879600316,62.91212020467014,62.72977979532987,62.929585999391506,62.7123140006085,62.96372190441264,62.67817809558737
2026-08-08,HOU,118,60.6466,0.05559986501107228,60.73805363962148,60.55514636037852,60.75557373296699,60.53762626703301,60.78981576156888,60.50338423843112
2026-08-08,KCR,118,58.91495,0.05531703014051076,59.005938417658804,58.82396158234119,59.02336938680712,58.806530613192876,59.05743722722122,58.77246277277877
2026-08-08,LAA,117,50.54015,0.05420637707355824,50.62931155593334,50.45098844406665,50.64639254679657,50.433907453203425,50.67977637450529,50.400523625494706
2026-08-08,LAD,117,71.2475,0.053011014854318673,71.33469536005151,71.16030463994849,71.35139967989838,71.14360032010163,71.38404732547262,71.11095267452738
2026-08-08,MIA,118,52.74295,0.05512717764552045,52.833626138093834,52.65227386190617,52.85099728275456,52.63490271724544,52.884948199601276,52.600951800398725
2026-08-08,MIL,117,59.4032,0.054282168487365993,59.49248622171523,59.313913778284764,59.50959109523797,59.296808904762024,59.543021600249936,59.26337839975006
2026-08-08,MIN,118,57.22215,0.05514741182255549,57.31285942035331,57.131440579646686,57.33023694101281,57.11406305898719,57.364200319387415,57.080099680612584
2026-08-08,NYM,118,65.1161,0.05495527311916643,65.20649338031018,65.02570661968983,65.22381035607413,65.00838964392588,65.25765540288488,64.97454459711513
2026-08-08,NYY,119,65.041,0.0551963158341578,65.13178986029418,64.95021013970582,65.14918279111424,64.93281720888575,65.18317628777356,64.89882371222643
2026-08-08,PHI,118,65.06205,0.05494229629958272,65.15242203534142,64.97167796465858,65.1697349219751,64.95436507802489,65.20357197681273,64.92052802318727
2026-08-08,PIT,119,58.4089,0.05579951360707307,58.50068203233872,58.31711796766128,58.51826503702472,58.29953496297529,58.55263002227288,58.265169977727126
2026-08-08,SDP,118,59.69355,0.055124847911970455,59.78422230602315,59.60287769397685,59.80159271656071,59.58550728343929,59.83554219860533,59.55155780139467
2026-08-08,SEA,118,64.19177803405468,0.06293375170775811,64.29529484380885,64.08826122430051,64.31512592081387,64.06843014729549,64.35388463588579,64.02967143222357
2026-08-08,SEA,120,66.83761171325347,0.10352796481414492,67.00790006166892,66.66732336483801,67.04052279568192,66.63470063082501,67.10428207875852,66.57094134774842
2026-08-08,SFG,118,58.9431,0.055128577684390445,59.033778440952844,58.85242155904716,59.05115002678033,58.835049973219675,59.08510180586243,58.80109819413757
2026-08-08,STL,118,53.3213,0.054941917023456084,53.4116714114877,53.2309285885123,53.428984178607564,53.21361582139244,53.462820999862174,53.17977900013783
2026-08-08,TBR,117,58.0422,0.05528398297824337,58.13313405991409,57.95126594008591,58.15055461555929,57.933845384440716,58.18460210337226,57.899797896627746
2026-08-08,TEX,117,58.33045,0.054663672084184885,58.42036373929016,58.24053626070984,58.43758882854771,58.22331117145229,58.47125428839403,58.18964571160597
2026-08-08,TOR,118,65.22695,0.054668195648437085,65.31687117989122,65.13702882010878,65.33409769457073,65.11980230542927,65.3677659403234,65.08613405967661
2026-08-08,WSN,119,48.4175,0.05374554973861395,48.50590356242006,48.329096437579935,48.52283934181698,48.31216065818301,48.55593936195206,48.27906063804793
2026-08-09,ARI,119,58.45555,0.055281814494693396,58.54648049307606,58.364619506923944,58.56390036540962,58.34719963459038,58.597946517728786,58.31315348227122
2026-08-09,ATH,118,57.6619,0.05491866916187185,57.752233172158256,57.57156682784175,57.76953861363614,57.55426138636386,57.80336111733906,57.52043888266095
2026-08-09,ATL,120,64.9036,0.05546047371964348,64.9948243613502,64.8123756386498,65.01230053105603,64.79489946894397,65.04645671339576,64.76074328660424
2026-08-09,BAL,118,62.70845,0.055298556277639965,62.79940803085846,62.61749196914154,62.81683317870124,62.60006682129876,62.850889641703894,62.566010358296104
2026-08-09,BOS,118,62.25108892313878,0.06326877264010852,62.35515679328863,62.14702105298893,62.375093438859444,62.12708440741812,62.41405848170474,62.08811936457282
2026-08-09,BOS,120,65.18554264329329,0.11020333826913001,65.36681100394743,65.00427428263914,65.40153721727687,64.96954806930971,65.46940763135582,64.90167765523076
2026-08-09,CHC,119,62.88555,0.0546601037889824,62.97545786996685,62.79564213003315,62.99268183481763,62.77841816518237,63.02634509707469,62.744754902925315
2026-08-09,CHW,118,49.4604,0.05445397004574317,49.549968810131645,49.370831189868355,49.56712782010488,49.35367217989512,49.6006641317384,49.3201358682616
2026-08-09,CIN,118,56.4053,0.05491896211801543,56.495633654028225,56.31496634597177,56.512939187819626,56.29766081218037,56.54676187194407,56.26383812805592
2026-08-09,CLE,120,56.3963,0.05567685615330263,56.48788027878101,56.30471972121898,56.505424632832884,56.28717536716711,56.53971407760915,56.252885922390846
2026-08-09,COL,118,46.01485,0.05281099245347683,46.10171635248001,45.927983647519994,46.11835764319663,45.911342356803374,46.150882101911165,45.87881789808884
2026-08-09,DET,119,63.3616,0.05579621790853439,63.45337661139703,63.26982338860297,63.47095857757428,63.252241422425726,63.505321533116,63.217878466884
2026-08-09,HOU,119,61.14395,0.05600217167250395,61.23606537519267,61.05183462480732,61.25371223953413,61.03418776046586,61.28820203485641,60.99969796514358
2026-08-09,KCR,119,59.38935,0.05566612762500402,59.48091263192233,59.29778736807767,59.498453605303816,59.280246394696185,59.53273644275158,59.24596355724842
2026-08-09,LAA,118,51.0327,0.054551538282769645,51.12242929560019,50.942970704399805,51.13961905033548,50.925780949664514,51.17321545086243,50.89218454913757
2026-08-09,LAD,118,71.86205,0.05338064691016971,71.9498533506792,71.77424664932079,71.96667414541538,71.75742585458461,71.99954943455361,71.72455056544638
2026-08-09,MIA,119,53.2504,0.05546867431885783,53.34163785013556,53.159162149864436,53.35911660393514,53.141683396064856,53.39327783673952,53.10752216326048
2026-08-09,MIL,118,59.90535,0.054664192828339446,59.995264595838066,59.81543540416193,60.012489849187496,59.7982101508125,60.04615562974208,59.764544370257916
2026-08-09,MIN,119,57.72,0.055507513493244384,57.81130173489242,57.62869826510758,57.82879272731813,57.61120727268187,57.862977879823035,57.57702212017696
2026-08-09,NYM,119,65.67705,0.05530823279499852,65.76802394731313,65.58607605268686,65.78545214432675,65.56864785567323,65.81951456676086,65.53458543323913
2026-08-09,NYY,120,65.55965,0.05553518075679676,65.65099724349123,65.46830275650878,65.66849695415824,65.45080304584177,65.70269914597125,65.41660085402876
2026-08-09,PHI,119,65.55415,0.055300870682023606,65.64511183771491,65.4631881622851,65.66253771485049,65.44576228514953,65.69659560321453,65.41170439678548
2026-08-09,PIT,120,58.84795,0.056143602886546705,58.940298008838056,58.75560199116194,58.95798943961995,58.737910560380044,58.99256633752198,58.703333662478016
2026-08-09,SDP,119,60.1962,0.05543260698087208,60.28737852464386,60.10502147535613,60.30484591325167,60.08755408674833,60.33898493343344,60.05341506656656
2026-08-09,SEA,119,64.74608235533546,0.0633304620840194,64.85025169559087,64.64191301508005,64.87020778014441,64.62195693052651,64.90921081537877,64.58295389529215
2026-08-09,SEA,121,67.40368891424225,0.10426356949080973,67.57518722467812,67.23219060380639,67.60804175534383,67.19933607314067,67.67225407182929,67.13512375665522
2026-08-09,SFG,119,59.40245,0.05544820037675922,59.493654173497646,59.31124582650236,59.51112647574601,59.29377352425399,59.54527509935951,59.259624900640496
2026-08-09,STL,119,53.88205,0.05528050910229875,53.97297834589664,53.79112165410336,53.99039780688754,53.773702193112456,54.024443155260805,53.739656844739194
2026-08-09,TBR,118,58.4848,0.055617561198381224,58.576282747259356,58.393317252740644,58.59380841685678,58.37579158314322,58.62806134392672,58.34153865607328
2026-08-09,TEX,118,58.7996,0.05505091754163697,58.890150701385366,58.70904929861463,58.90749781569749,58.69170218430251,58.941401766591,58.657798233409
2026-08-09,TOR,119,65.73485,0.0550688560151759,65.82543020754862,65.64426979245137,65.84278297445957,65.62691702554042,65.8766979730368,65.59300202696319
2026-08-09,WSN,120,48.86305,0.05412061702285309,48.95207049320289,48.77402950679711,48.96912446018588,48.75697553981412,49.00245547125361,48.72364452874639
2026-08-10,ARI,120,59.0538,0.05564894534720223,59.14533436959037,58.96226563040963,59.162869928658154,58.94473007134185,59.197142184136915,58.91045781586309
2026-08-10,ATH,119,58.14755,0.05525727660865929,58.238440131845216,58.05665986815479,58.25585227203674,58.039247727963264,58.28988331232289,58.00521668767711
2026-08-10,ATL,121,65.3946,0.05587540286237087,65.48650685905554,65.30269314094446,65.50411377723191,65.28508622276809,65.53852550004049,65.2506744999595
2026-08-10,BAL,119,63.25885,0.05566410206307082,63.35040930016944,63.167290699830566,63.36794963527538,63.149750364724625,63.4022312252498,63.115468774750205
2026-08-10,BOS,119,62.733431615626884,0.06365201148439208,62.838129857579744,62.628733373674024,62.858187265679824,62.608675965573944,62.89738833203821,62.56947489921556
2026-08-10,BOS,121,65.68623202678748,0.11098785140571796,65.86879079671972,65.50367325685524,65.90376421826417,65.46869983531079,65.97211778677625,65.4003462667987
2026-08-10,COL,119,46.4166,0.053147986391046405,46.50402065818048,46.329179341819525,46.52076813917728,46.31243186082273,46.55350014077068,46.279699859229325
2026-08-10,HOU,120,61.657,0.05634502008220777,61.74967931064287,61.564320689357125,61.76743421006931,61.54656578993068,61.8021351538368,61.51186484616319
2026-08-10,KCR,120,59.78465,0.0560168779334022,59.87678956483926,59.69251043516074,59.89444106327584,59.674858936724156,59.92893991567418,59.64036008432582
2026-08-10,LAA,119,51.47025,0.05492022904588895,51.560585737939135,51.379914262060865,51.57789167095263,51.36260832904737,51.611715135334016,51.328784864665984
2026-08-10,LAD,119,72.46675,0.05374689905783315,72.55515578185268,72.37834421814733,72.57209198643407,72.36140801356593,72.60519283756805,72.32830716243195
2026-08-10,MIL,119,60.38785,0.054978243417168796,60.47828116308815,60.29741883691185,60.49560537703093,60.280094622969074,60.52946457045159,60.24623542954841
2026-08-10,MIN,120,58.1696,0.05585958115346303,58.26148083466027,58.07771916533974,58.279082767252284,58.06011723274772,58.31348474601906,58.02571525398095
2026-08-10,NYM,120,66.18605,0.05567604297148877,66.27762894121595,66.09447105878404,66.29517303902581,66.07692696097418,66.3294619829916,66.04263801700839
2026-08-10,PHI,120,66.1505,0.05562959841766767,66.24200254672314,66.05899745327685,66.25953200937305,66.04146799062694,66.29379234974888,66.0072076502511
2026-08-10,SDP,120,60.7137,0.055776448130983515,60.80544409300672,60.621955906993286,60.823019829522295,60.60438017047771,60.857370609543665,60.57002939045634
2026-08-10,SFG,120,59.8894,0.05581665662647534,59.981210230096366,59.79758976990364,59.99879863672533,59.78000136327467,60.03317417976461,59.7456258202354
2026-08-10,STL,120,54.2857,0.05560987680637257,54.37717010755929,54.19422989244071,54.394693355725195,54.1767066442748,54.428941550244595,54.1424584497554
2026-08-10,TBR,119,58.99915,0.0559748079302746,59.09122036584203,58.907079634157974,59.108858607584885,58.889441392415115,59.14333155052732,58.85496844947268
2026-08-10,TEX,119,59.36205,0.05538051859604603,59.45314284687516,59.27095715312485,59.4705938218934,59.253506178106605,59.504700762645435,59.21939923735457
2026-08-10,TOR,120,66.24785,0.055396971578760536,66.33896990962346,66.15673009037654,66.35642606914696,66.13927393085304,66.39054314272043,66.10515685727957
2026-08-11,ARI,121,59.64995,0.05599417395810789,59.74205222012314,59.55784777987685,59.75969656430196,59.54020343569803,59.794181434109305,59.50571856589069
2026-08-11,ATH,120,58.63405,0.05562941004035619,58.72555223687005,58.54254776312995,58.74308164016031,58.52501835983969,58.77734186452109,58.49075813547891
2026-08-11,ATL,122,65.88545,0.05623170382534021,65.97794292198678,65.79295707801323,65.995662114287,65.77523788571301,66.0302932705018,65.74060672949821
2026-08-11,BAL,120,63.81,0.05603027725791181,63.902161604766775,63.71783839523323,63.9198173254693,63.7001826745307,63.9543244300469,63.6656755699531
2026-08-11,BOS,120,63.219593915432554,0.06404650390281463,63.32494103967066,63.11424679119445,63.34512275641777,63.094065074447336,63.384566776975284,63.054621053889825
2026-08-11,BOS,122,66.1926334449478,0.11179020156475573,66.37651196344923,66.00875492644637,66.4117382138392,65.9735286760564,66.48058592198794,65.90468096790767
2026-08-11,CHC,120,63.50305,0.05496822364016789,63.59346468202161,63.41263531797839,63.61078573862888,63.39531426137113,63.64463876121638,63.361461238783626
2026-08-11,CHW,119,49.9127,0.05480943476452691,50.00285349756359,49.82254650243641,50.02012451815147,49.80527548184853,50.05387974817742,49.77152025182258
2026-08-11,CIN,119,56.953,0.055257915467931774,57.04389118267521,56.862108817324795,57.06130352417791,56.8446964758221,57.09533495791533,56.81066504208468
2026-08-11,CLE,121,56.82915,0.05602338748123185,56.92130027209261,56.73699972790739,56.93895382175514,56.719346178244855,56.97345668315823,56.684843316841764
2026-08-11,COL,120,46.82045,0.05350765125953624,46.9084622542439,46.7324377457561,46.92532306936602,46.71557693063398,46.95827657607839,46.68262342392161
2026-08-11,DET,120,63.92875,0.056198457142560755,64.02118823606001,63.83631176393998,64.03889695198613,63.81860304801386,64.07350763272204,63.78399236727795
2026-08-11,HOU,121,62.1673,0.05670949068556973,62.26057881143673,62.074021188563265,62.27844855932533,62.05615144067467,62.31337396789722,62.021226032102774
2026-08-11,KCR,121,60.17605,0.05632158934144424,60.268690770503945,60.08340922949605,60.28643828666128,60.06566171333871,60.321124800248136,60.03097519975186
2026-08-11,LAA,120,51.91355,0.05527953157548976,52.00447673800812,51.82262326199188,52.02189589097021,51.805204109029795,52.055940637318606,51.771159362681395
2026-08-11,LAD,120,73.07535,0.05406884306941036,73.16428533262778,72.98641466737222,73.18132298510179,72.96937701489821,73.21462211038717,72.93607788961283
2026-08-11,MIA,120,53.71365,0.05583205660552218,53.80548556080775,53.62181443919225,53.82307882012962,53.60422117987038,53.85746384748191,53.56983615251809
2026-08-11,MIL,120,60.87565,0.0553206776236844,60.96664441723473,60.78465558276527,60.98407653574277,60.76722346425723,61.01814662251527,60.73315337748473
2026-08-11,MIN,121,58.61845,0.05617340342579945,58.71084702636314,58.526052973636865,58.72854784760361,58.5083521523964,58.76314309862425,58.47375690137576
2026-08-11,NYM,121,66.6952,0.05606150187606139,66.78741296469319,66.60298703530681,66.80507852459631,66.58532147540369,66.83960485933332,66.55079514066668
2026-08-11,NYY,121,66.06615,0.05593442716147286,66.158153945388,65.97414605461199,66.17577946273236,65.95652053726762,66.21022753655974,65.92207246344024
2026-08-11,PHI,121,66.7489,0.05595063863083389,66.84093061088218,66.65686938911783,66.85856123662846,66.63923876337155,66.89301929453758,66.60478070546243
2026-08-11,PIT,121,59.3847,0.05651451132230978,59.4776580989239,59.29174190107611,59.49546640679561,59.2739335932044,59.530271734339756,59.23912826566025
2026-08-11,SDP,121,61.2259,0.05611404368600556,61.318199388279844,61.13360061172016,61.33588150465148,61.115918495348524,61.37044019806704,61.08135980193297
2026-08-11,SEA,120,65.23872193202632,0.06371027883580276,65.34351601524348,65.13392784880917,65.3635917839895,65.11385208006314,65.40282873518885,65.0746151288638
2026-08-11,SEA,122,67.89960068454079,0.10495997978753661,68.07224448797906,67.72695688110251,68.10531846474241,67.69388290433916,68.16995967617743,67.62924169290415
2026-08-11,SFG,121,60.3791,0.056185158165657174,60.47151636118962,60.28668363881038,60.48922088647038,60.268979113529625,60.52382337682763,60.23437662317237
2026-08-11,STL,121,54.6873,0.055942089801602736,54.779316549309414,54.59528345069059,54.796944481231044,54.57765551876896,54.83139727421273,54.54320272578727
2026-08-11,TBR,120,59.51265,0.05634994023655435,59.6053374035766,59.4199625964234,59.62309385339463,59.40220614660537,59.657797827314546,59.367502172685455
2026-08-11,TEX,120,59.91875,0.05577161415561025,60.0104861418248,59.82701385817521,60.028060355104664,59.80943964489534,60.06240815804825,59.775091841951756
2026-08-11,TOR,121,66.75655,0.0557716740725653,66.84828624037942,66.66481375962059,66.86586047253974,66.64723952746027,66.9002083123841,66.61289168761591
2026-08-11,WSN,121,49.24555,0.05441457348142462,49.33505400854994,49.156045991450064,49.3522006042577,49.1388993957423,49.38571265291357,49.105387347086435
2026-08-12,ARI,122,60.245,0.056386192637347156,60.33774703346952,60.152252966530476,60.35551490679453,60.13448509320546,60.39024120731083,60.099758792689165
2026-08-12,ATH,121,59.1251,0.05599722568095827,59.21720723976055,59.03299276023946,59.23485254556884,59.015347454431165,59.26933929482646,58.98086070517355
2026-08-12,ATL,123,66.37135,0.05661300831532052,66.4644701120601,66.27822988793991,66.4823094573545,66.26039054264551,66.51717544578067,66.22552455421935
2026-08-12,BAL,121,64.3585,0.05639111530546504,64.45125513053804,64.26574486946197,64.46902455504676,64.24797544495325,64.50375388726363,64.21324611273639
2026-08-12,BOS,121,63.699390203042284,0.06443343356261329,63.80537376993468,63.593406636149886,63.82567741222526,63.57310299385931,63.86535972934114,63.53342067674343
2026-08-12,BOS,123,66.70041363009652,0.11251982832288329,66.88549227781738,66.51533498237566,66.920948441156,66.47987881903704,66.9902455011209,66.41058175907214
2026-08-12,CHC,121,64.1155,0.05527011603738825,64.20641125082612,64.02458874917387,64.22382743685463,64.00717256314536,64.25786638449965,63.973133615500345
2026-08-12,CHW,120,50.36965,0.05513599044859124,50.460340633864924,50.278959366135076,50.477714555531186,50.261585444468814,50.51167089987767,50.22762910012233
2026-08-12,CIN,120,57.49605,0.05560830723971644,57.58751752585188,57.404582474148114,57.60504027943108,57.387059720568914,57.63928750730881,57.352812492691186
2026-08-12,CLE,122,57.2607,0.056400317599205725,57.353470266964266,57.167929733035734,57.371242591211065,57.150157408788935,57.4059775908015,57.1154224091985
2026-08-12,COL,121,47.2254,0.053876153110571055,47.31401838585012,47.13678161414988,47.330995319722284,47.11980468027772,47.364175773944694,47.08662422605531
2026-08-12,DET,121,64.4972,0.05657525648180775,64.59025801581981,64.4041419841802,64.60808546512047,64.38631453487955,64.64292820350164,64.35147179649837
2026-08-12,HOU,122,62.6802,0.05706066240379337,62.774056437511135,62.586343562488864,62.792036843245434,62.568363156754565,62.827178526299605,62.533221473700394
2026-08-12,KCR,122,60.5687,0.05663205254066604,60.66185143702322,60.475548562976776,60.67969678335029,60.45770321664971,60.71457450045437,60.42282549954563
2026-08-12,LAA,121,52.3486,0.05567004454545551,52.44016907468314,52.257030925316855,52.457711282326834,52.23948871767316,52.491996532070054,52.20520346792994
2026-08-12,LAD,121,73.6827,0.054414006282426874,73.77220307559061,73.59319692440938,73.78934949256809,73.5760505074319,73.82286119190577,73.54253880809422
2026-08-12,MIA,121,54.1786,0.056185611531308924,54.27101710690976,54.086182893090246,54.288721775050725,54.06847822494928,54.323324544620164,54.03387545537984
2026-08-12,MIL,121,61.3612,0.05567388712031316,61.45277539515633,61.26962460484366,61.47031881363516,61.25208118636483,61.50460642988697,61.217793570113024
2026-08-12,MIN,122,59.06995,0.05649090556005928,59.16286927090024,58.97703072909976,59.180670140351765,58.95922985964823,59.21546092992561,58.924439070074385
2026-08-12,NYM,122,67.2093,0.05645249347638241,67.30215608864508,67.11644391135492,67.31994485405119,67.09865514594881,67.35471198695487,67.06388801304513
2026-08-12,NYY,122,66.56425,0.056313028285937004,66.65687668882074,66.47162331117926,66.67462150730083,66.45387849269918,66.7093027484305,66.4191972515695
2026-08-12,PHI,122,67.33965,0.05629043279737889,67.43223952254944,67.24706047745057,67.44997722095704,67.22932277904297,67.48464454630894,67.19465545369107
2026-08-12,PIT,122,59.91975,0.05680318500723673,60.01318292488155,59.82631707511845,60.03108219682135,59.80841780317865,60.06606530847655,59.77343469152345
2026-08-12,SDP,122,61.74035,0.0564382038819262,61.833182584353814,61.647517415646185,61.8509668469607,61.6297331530393,61.88572517939873,61.594974820601266
2026-08-12,SEA,121,65.7389593650363,0.06412425137238087,65.8444343724817,65.63348435759089,65.86464058826175,65.61327814181084,65.90413249078941,65.57378623928318
2026-08-12,SEA,123,68.40616086708499,0.10566385303589201,68.57996243898874,68.23235929518124,68.61325821350307,68.19906352066691,68.67833291606073,68.13398881810926
2026-08-12,SFG,122,60.8662,0.05649618986244527,60.95912796280418,60.77327203719582,60.97693049739413,60.75546950260587,61.01172454138655,60.72067545861345
2026-08-12,STL,122,55.09655,0.05630039868082248,55.189155914968964,55.00394408503104,55.20689675372966,54.98620324627034,55.24157021672355,54.95152978327645
2026-08-12,TBR,121,60.0216,0.0566717500732317,60.11481673365364,59.92838326634636,60.13267458908439,59.91052541091561,60.16757675452203,59.87562324547797
2026-08-12,TEX,121,60.4837,0.05616617707724446,60.5760851400775,60.391314859922495,60.593783684220696,60.3736163157793,60.62837448478388,60.339025515216115
2026-08-12,TOR,122,67.26965,0.0561588785042646,67.36202313499327,67.17727686500673,67.37971937928052,67.15958062071948,67.41430568490573,67.12499431509427
2026-08-12,WSN,122,49.6331,0.05471621252147862,49.723100160619,49.543099839381,49.740341805912536,49.52585819408746,49.77403962359203,49.492160376407966
2026-08-13,BOS,122,64.18608858808551,0.06480110120869895,64.29267691443908,64.07950026173194,64.31309641261309,64.05908076355793,64.35300516348111,64.0191720126899
2026-08-13,BOS,124,67.2003151467402,0.1132081232484398,67.38652593886576,67.01410435461463,67.4221989910645,66.97843130241588,67.4919199480033,66.90871034547709
2026-08-13,CHC,122,64.72845,0.0555826861677724,64.81987538293876,64.63702461706123,64.83739006305282,64.61950993694717,64.87162151180091,64.58527848819908
2026-08-13,CHW,121,50.82885,0.05548888929071074,50.92012110080534,50.737578899194666,50.93760622455193,50.72009377544808,50.971779907056394,50.68592009294361
2026-08-13,CIN,121,58.03685,0.05598742120728267,58.12894111283646,57.944758887163545,58.14658332915355,57.92711667084645,58.181064040175855,57.89263595982415
2026-08-13,CLE,123,57.6956,0.05676938585327912,57.788977330220575,57.60222266977942,57.806865951696885,57.58433404830311,57.84182824762535,57.54937175237465
2026-08-13,DET,122,65.0623,0.05693397939192768,65.15594806249959,64.9686519375004,65.17388854910472,64.95071145089527,65.20895221248537,64.91564778751462
2026-08-13,LAA,122,52.78505,0.05599874210936248,52.877159734063305,52.69294026593669,52.8948055177139,52.6752944822861,52.92929320088717,52.64080679911282
2026-08-13,LAD,122,74.28545,0.05474881995567871,74.3755037950754,74.19539620492459,74.39275571530919,74.1781442846908,74.42647361477655,74.14442638522344
2026-08-13,MIA,122,54.6433,0.0565138739284196,54.73625705050424,54.550342949495764,54.75406515752654,54.53253484247347,54.7888700925219,54.49772990747811
2026-08-13,MIL,122,61.75845,0.055982558732332884,61.85053311477691,61.6663668852231,61.86817379887778,61.64872620112223,61.90265151527039,61.614248484729615
2026-08-13,MIN,123,59.5059,0.05678775838131932,59.59930755033995,59.41249244966004,59.61720196119015,59.394598038809846,59.65217557212145,59.35962442787854
2026-08-13,NYY,123,67.0657,0.056656064732591244,67.15889093356421,66.9725090664358,67.17674384638165,66.95465615361836,67.21163635176198,66.91976364823803
2026-08-13,PHI,123,67.9037,0.056564974103368755,67.99674110281234,67.81065889718766,68.01456531202905,67.79283468797095,68.04940171784995,67.75799828215006
2026-08-13,PIT,123,60.45505,0.05716351422229854,60.54907561369784,60.36102438630216,60.567088429105446,60.343011570894554,60.60229345502763,60.30780654497237
2026-08-13,SEA,122,66.2359405739095,0.06455529473152656,66.34212458458758,66.12975656323142,66.36246662659467,66.10941452122434,66.40222399377821,66.0696571540408
2026-08-13,SEA,124,68.90910819547443,0.10646988891192584,69.08423557841233,68.73398081253653,69.11778534317979,68.70043104776907,69.18335645527937,68.6348599356695
2026-08-13,TEX,122,61.04725,0.056520488321979374,61.140217930213474,60.95428206978652,61.1580281214997,60.9364718785003,61.19283713007064,60.90166286992935
2026-08-13,TOR,123,67.7796,0.05656103914849396,67.87263463038755,67.68656536961245,67.89045759965921,67.66874240034079,67.92529158207788,67.63390841792213
2026-08-13,WSN,123,50.02015,0.05503974625267077,50.11068232625019,49.92961767374981,50.12802592037346,49.91227407962654,50.161922991257526,49.878377008742476
2026-08-14,ARI,123,60.70495,0.056768837489599225,60.79832642824258,60.61157357175741,60.816214876923816,60.59368512307618,60.85117683513411,60.55872316486588
2026-08-14,ATH,122,59.6104,0.056358312651908236,59.70310117497436,59.51769882502564,59.720860263027184,59.49993973697281,59.755569393227354,59.46523060677264
2026-08-14,ATL,124,66.9114,0.0569780205582937,67.00512050377182,66.81767949622818,67.02307486820465,66.79972513179536,67.05816565501226,66.76463434498774
2026-08-14,BAL,122,64.89295,0.05673817476707201,64.98627599255222,64.79962400744778,65.004154779092,64.781745220908,65.0390978531949,64.7468021468051
2026-08-14,BOS,123,64.74066876633384,0.06519560983351201,64.84790600162981,64.63343153103787,64.86844981355765,64.61288771911003,64.90860152860574,64.57273600406194
2026-08-14,BOS,125,67.76954894622808,0.11382667850871876,67.95677717121698,67.58232072123918,67.992645136585,67.54645275587117,68.06274704025648,67.47635085219969
2026-08-14,CHC,123,65.3066,0.05598161768898727,65.39868156689835,65.21451843310166,65.41632195446671,65.1968780455333,65.45079909130337,65.16240090869664
2026-08-14,CHW,122,51.22535,0.055836540498474196,51.31719293615534,51.13350706384466,51.33478760839832,51.115912391601675,51.369175397224765,51.08152460277523
2026-08-14,CIN,122,58.56035,0.05630902617872608,58.652970105940184,58.467729894059815,58.67071366331483,58.44998633668517,58.70539243968546,58.41530756031454
2026-08-14,CLE,124,58.16305,0.057156247048803344,58.25706366026116,58.06903633973884,58.275074185707126,58.05102581429287,58.310274736029186,58.01582526397081
2026-08-14,COL,122,47.6186,0.05423079153891771,47.70780171415524,47.52939828584476,47.72489039826938,47.51230960173062,47.758289262000595,47.478910737999406
2026-08-14,DET,123,65.6658,0.05731753469043441,65.76007895482348,65.57152104517652,65.77814030367588,65.55345969632413,65.81344018546281,65.5181598145372
2026-08-14,HOU,123,63.13445,0.05743055435309384,63.22891485562552,63.039985144374484,63.24701181814424,63.021888181855765,63.282381304821754,62.98651869517825
2026-08-14,KCR,123,61.1203,0.056942457952532145,61.21396200849075,61.02663799150925,61.23190516677815,61.00869483322185,61.26697405181024,60.97362594818976
2026-08-14,LAA,123,53.23345,0.05634843664371353,53.32613493038645,53.14076506961354,53.34389090640681,53.12300909359318,53.378593954316045,53.08830604568395
2026-08-14,LAD,123,74.90125,0.055123060958798986,74.99191936674676,74.81058063325325,75.00928921419685,74.79321078580315,75.04323759571899,74.75926240428102
2026-08-14,MIA,123,55.1198,0.05686069868505595,55.213327526463104,55.02627247353689,55.23124492155849,55.008355078441504,55.26626345389323,54.973336546106765
2026-08-14,MIL,123,62.14265,0.056294524623182955,62.23524625300396,62.05005374699605,62.25298524078824,62.032314759211765,62.287655086153755,61.99764491384625
2026-08-14,NYM,123,67.83755,0.05681152503976514,67.9309966430143,67.74410335698569,67.94889854298472,67.72620145701526,67.98388679097673,67.69121320902326
2026-08-14,NYY,124,67.56705,0.05701405743334027,67.66082977915644,67.47327022084355,67.67879549918185,67.45530450081814,67.71390847985101,67.42019152014898
2026-08-14,PIT,124,60.89675,0.057535771395928074,60.99138792226004,60.802112077739956,61.009518039758746,60.78398196024125,61.04495232596392,60.748547674036075
2026-08-14,SDP,123,62.2729,0.05678932585333756,62.36631012860199,62.17948987139801,62.38420503337885,62.16159496662115,62.41917960966181,62.12662039033819
2026-08-14,SEA,123,66.78190082083984,0.06494609258571497,66.88872763678577,66.6750740048939,66.90919282324444,66.65460881843524,66.94919086927312,66.61461077240655
2026-08-14,SEA,125,69.4542688724092,0.1072376817677316,69.63065916221072,69.27787858260768,69.66445086645952,69.24408687835889,69.73049483555117,69.17804290926723
2026-08-14,SFG,123,61.473,0.05685582801489198,61.56651951492362,61.37948048507638,61.58443537522039,61.36156462477961,61.619450907878296,61.3265490921217
2026-08-14,STL,123,55.5184,0.05661442688632093,55.61152244540175,55.42527755459825,55.629362237702566,55.407437762297434,55.664229099777415,55.372570900222584
2026-08-14,TBR,122,60.48715,0.057042961343595634,60.580977321858064,60.393322678141935,60.59895214980496,60.37534785019504,60.63408293139004,60.34021706860996
2026-08-14,TEX,123,61.56195,0.05688514661904527,61.655517739736005,61.468382260264,61.67344283862861,61.450457161371396,61.708476427598015,61.41542357240199
2026-08-14,TOR,124,68.27825,0.056933412136862815,68.37189712944804,68.18460287055196,68.38983743730523,68.16666256269477,68.42490075133315,68.13159924866684
2026-08-14,WSN,124,50.3919,0.055387896786712444,50.483004982918835,50.300795017081164,50.500458282881375,50.283341717118624,50.534569767605156,50.249230232394844
2026-08-15,ARI,124,61.15805,0.05706037420303347,61.251905963463074,61.06419403653693,61.26988627838233,61.046213721617676,61.30502778394364,61.01107221605636
2026-08-15,ATH,123,60.0942,0.056721399699400835,60.187498400021326,60.000901599978675,60.20537190056353,59.983028099436474,60.24030464348403,59.94809535651597
2026-08-15,ATL,125,67.4583,0.057300281165201035,67.55255057529992,67.36404942470007,67.5706064873878,67.34599351261218,67.60589574332691,67.31070425667308
2026-08-15,BAL,123,65.43445,0.05709113880263283,65.5283565667263,65.3405434332737,65.54634657588953,65.32255342411047,65.58150702830079,65.2873929716992
2026-08-15,BOS,124,65.2894860282785,0.06560050953067757,65.39738926430991,65.1815827922471,65.4180606643261,65.1609113922309,65.45846174305537,65.12051031350164
2026-08-15,BOS,126,68.32479810911956,0.11470368063147425,68.51346887423092,68.13612734400819,68.54961319205142,68.09998302618769,68.62025521091502,68.02934100732409
2026-08-15,CHC,124,65.88365,0.05631073768682082,65.97627292112048,65.79102707887952,65.99401701780906,65.77328298219095,66.02869684823817,65.73860315176184
2026-08-15,CHW,123,51.619,0.05619621740600103,51.71143455202122,51.52656544797878,51.72914256218314,51.50885743781686,51.76375186354298,51.47424813645702
2026-08-15,CIN,123,59.08535,0.05670682544524611,59.17862442750651,58.99207557249348,59.19649333555028,58.97420666444972,59.231417102693094,58.9392828973069
2026-08-15,CLE,125,58.61865,0.05748109526349192,58.7131979880253,58.524102011974705,58.73131087650836,58.505989123491645,58.76671148957979,58.470588510420214
2026-08-15,COL,123,48.01525,0.0546076915083725,48.105071659436994,47.92542834056301,48.12227910863528,47.90822089136472,48.15591009198643,47.874589908013576
2026-08-15,DET,124,66.27215,0.05764031001948165,66.36695987299414,66.17734012700585,66.3851229316959,66.15917706830409,66.42062159961382,66.12367840038617
2026-08-15,HOU,124,63.59645,0.057752243557776826,63.69144398728059,63.5014560127194,63.70964231739963,63.48325768260037,63.745209921301814,63.44769007869818
2026-08-15,KCR,124,61.6746,0.057256481355675924,61.76877853102436,61.580421468975636,61.786820641338615,61.56237935866138,61.82208292249405,61.52711707750595
2026-08-15,LAA,124,53.67915,0.05672482833100912,53.77245403961846,53.58584596038154,53.79032862055799,53.56797137944201,53.825263475053795,53.533036524946205
2026-08-15,LAD,124,75.50705,0.055455804765498794,75.59826668160404,75.41583331839597,75.61574138007407,75.39835861992594,75.64989468696686,75.36420531303315
2026-08-15,MIA,124,55.5948,0.05722048896346347,55.688919328807486,55.50068067119251,55.70695009754616,55.482649902453836,55.742190212235485,55.447409787764514
2026-08-15,MIL,124,62.53685,0.05662263160605937,62.629985940964765,62.44371405903524,62.64782831865776,62.425871681342244,62.68270023373494,62.39099976626506
2026-08-15,MIN,124,59.9411,0.05715177036402969,60.03510629676997,59.84709370323003,60.0531154115662,59.829084588433794,60.088313204853364,59.79388679514663
2026-08-15,NYM,124,68.4655,0.05714436771404573,68.5594941204943,68.3715058795057,68.57750090263885,68.35349909736117,68.61269413689062,68.31830586310939
2026-08-15,NYY,125,68.06085,0.05736280927978885,68.15520342489599,67.96649657510402,68.17327904024043,67.94842095975957,68.20860680507677,67.91309319492323
2026-08-15,PHI,124,68.4685,0.056857207323269404,68.56202178368402,68.374978216316,68.57993807861514,68.35706192138487,68.61495446074125,68.32204553925877
2026-08-15,PIT,125,61.3463,0.05791162666792536,61.4415561491674,61.2510438508326,61.45980470255526,61.23279529744474,61.49547046498743,61.19712953501257
2026-08-15,SDP,124,62.8173,0.057106515330605484,62.911231858864106,62.7233681411359,62.92922671333057,62.705373286669435,62.96439663561214,62.670203364387866
2026-08-15,SEA,124,67.3208737534767,0.06538046661650283,67.42841505112264,67.21333245583077,67.44901711333748,67.19273039361593,67.48928267526719,67.15246483168622
2026-08-15,SEA,126,69.989541737973,0.10801600020287176,70.16721224767548,69.81187122827052,70.2012492081247,69.7778342678213,70.2677725165477,69.7113109593983
2026-08-15,SFG,124,62.07635,0.057266744344998156,62.17054541213957,61.98215458786043,62.188590756428056,61.96410924357194,62.22385935820269,61.92884064179731
2026-08-15,STL,124,55.94135,0.0569860323173054,56.035083681942695,55.847616318057305,56.05304057096375,55.82965942903625,56.088136291935896,55.7945637080641
2026-08-15,TBR,123,60.94565,0.057440576031788815,61.04013133982007,60.85116866017993,61.05823146027354,60.83306853972646,61.09360711895541,60.79769288104459
2026-08-15,TEX,124,62.07815,0.0572705956397455,62.172351746955705,61.9839482530443,62.190398304827056,61.965901695172946,62.22566927848056,61.93063072151944
2026-08-15,TOR,125,68.78445,0.05731673987857747,68.87872764747432,68.69017235252569,68.89678874587327,68.67211125412675,68.93208813816314,68.63681186183688
2026-08-15,WSN,125,50.76395,0.055746765870050737,50.85564527003217,50.67225472996783,50.87321165335989,50.654688346640114,50.90754415310616,50.620355846893844
2026-08-16,ARI,125,61.61915,0.05744623719081502,61.71364065159803,61.52465934840197,61.73174255594134,61.50655744405866,61.76712170113472,61.471178298865276
2026-08-16,ATH,124,60.5796,0.057084902787920326,60.673496309394885,60.48570369060511,60.69148435352529,60.46771564647471,60.72664096539136,60.43255903460864
2026-08-16,ATL,126,67.9972,0.0576761296794154,68.09206879109172,67.9023312089083,68.11024313693932,67.8841568630607,68.14576386494353,67.84863613505648
2026-08-16,BAL,124,65.97275,0.05746360130681657,66.06726921302722,65.8782307869728,66.08537658898334,65.86012341101667,66.12076642813355,65.82473357186646
2026-08-16,BOS,125,65.844468270455,0.06604215681741854,65.95309795162783,65.73583858928217,65.97390851927848,65.71502802163151,66.01458159325487,65.67435494765512
2026-08-16,BOS,127,68.89659247587157,0.11539733544279959,69.0864042016152,68.70678075012795,69.12276709725134,68.6704178544918,69.1938363140566,68.59934863768655
2026-08-16,CHC,125,66.45445,0.05667064352878728,66.54766491355,66.36123508645,66.56552242029713,66.34337757970286,66.60042390425242,66.30847609574757
2026-08-16,CHW,124,52.02245,0.05654610661207059,52.115460068550846,51.92943993144915,52.13327833242562,51.91162166757438,52.16810311841297,51.876796881587026
2026-08-16,CIN,124,59.6082,0.05707409666937824,59.7020785349116,59.51432146508839,59.720063173922135,59.49633682607786,59.75521313067456,59.46118686932543
2026-08-16,CLE,126,59.0768,0.05780715501872207,59.17188430859629,58.98171569140371,59.19009994188542,58.963500058114576,59.22570136385202,58.92789863614798
2026-08-16,COL,124,48.4173,0.05496470769006761,48.507708898798334,48.32689110120166,48.5250288474933,48.30957115250669,48.55887970472907,48.27572029527092
2026-08-16,DET,125,66.8687,0.05802526485995651,66.96414306735973,66.77325693264028,66.98242742931892,66.75497257068109,67.01816317757246,66.71923682242755
2026-08-16,HOU,125,64.05495,0.05811428730006417,64.15053949624321,63.9593605037568,64.16885191009534,63.94104808990467,64.20464248418237,63.90525751581764
2026-08-16,KCR,125,62.23215,0.05759734101119247,62.32688919526502,62.13741080473498,62.34503871398721,62.11926128601279,62.38051091878312,62.08378908121687
2026-08-16,LAA,125,54.1216,0.057012000407015345,54.21537639564924,54.027823604350765,54.23334146748434,54.009858532515665,54.268453181302334,53.97474681869767
2026-08-16,LAD,125,76.11855,0.05576356582607226,76.21027290350077,76.02682709649923,76.22784458066863,76.00925541933137,76.26218742692518,75.97491257307482
2026-08-16,MIA,125,56.07195,0.05757038628795063,56.16664485869073,55.97725514130927,56.18478588370044,55.95911411629956,56.22024148801714,55.923658511982865
2026-08-16,MIL,125,62.92535,0.05697096763644337,63.01905890274774,62.831641097252266,63.03701104473183,62.81368895526818,63.072097487889486,62.77860251211052
2026-08-16,MIN,125,60.37855,0.057496371942187006,60.47312311592565,60.28397688407434,60.4912408182484,60.265859181751594,60.52665083969643,60.230449160303564
2026-08-16,NYM,125,69.0953,0.05747635228555824,69.18984018652084,69.00075981347915,69.20795158044243,68.98264841955756,69.24334927247824,68.94725072752175
2026-08-16,NYY,126,68.5556,0.05774410923295587,68.65058060750691,68.46061939249309,68.66877637441594,68.44242362558406,68.70433896866957,68.40686103133042
2026-08-16,PHI,125,69.03105,0.057193206309992674,69.12512445283596,68.93697554716402,69.14314662452794,68.91895337547204,69.17836993677719,68.8837300632228
2026-08-16,PIT,126,61.78705,0.0582334926984342,61.88283557167507,61.69126442832493,61.901185548382905,61.672914451617096,61.93704953694063,61.637050463059374
2026-08-16,SDP,125,63.35915,0.057474457192186315,63.453687069369636,63.26461293063036,63.47179786612767,63.246502133872326,63.5071943910412,63.211105608958796
2026-08-16,SEA,125,67.8559120819483,0.06580243563504656,67.96414745686485,67.74767670703176,67.98488248588801,67.7269416780086,68.02540792390195,67.68641623999466
2026-08-16,SEA,127,70.54915383152691,0.10889323851251687,70.72826726984471,70.37004039320911,70.76258065717137,70.33572700588245,70.82964422624579,70.26866343680803
2026-08-16,SFG,125,62.6743,0.057632083498277406,62.769096341570915,62.57950365842909,62.78725680801063,62.56134319198937,62.82275040949944,62.52584959050056
2026-08-16,STL,125,56.37055,0.057354743598116265,56.46489015803024,56.27620984196977,56.48296323179484,56.25813676820516,56.51828602925756,56.22281397074244
2026-08-16,TBR,124,61.40735,0.05779902970869648,61.50242094365063,61.312279056349375,61.520634016570405,61.2940659834296,61.55623043444035,61.25846956555965
2026-08-16,TEX,125,62.59275,0.05763025190099134,62.68754332886147,62.49795667113853,62.70570321814591,62.47979678185409,62.74119569161748,62.44430430838253
2026-08-16,TOR,126,69.2897,0.05765388012956897,69.38453219383894,69.19486780616106,69.40269952862295,69.17670047137705,69.43820655390104,69.14119344609895
2026-08-16,WSN,126,51.13415,0.05607575156313711,51.22638640334265,51.041913596657345,51.24405645346976,51.024243546530236,51.27859156409485,50.98970843590514
2026-08-17,ARI,126,62.0677,0.057749394673271295,62.16268930128258,61.97271069871742,62.1808867336886,61.9545132663114,62.216452583061624,61.91894741693838
2026-08-17,ATH,125,61.07815,0.05743363178467819,61.17261991755002,60.98368008244998,61.190717849799306,60.965582150200696,61.22608923176021,60.93021076823979
2026-08-17,ATL,127,68.54935,0.05803534814194455,68.64480965288267,68.45389034711734,68.66309719218846,68.43560280781155,68.69883915038568,68.39986084961433
2026-08-17,BAL,125,66.50445,0.057840394928105957,66.5995889833818,66.4093110166182,66.61781509091067,66.39108490908934,66.65343698418467,66.35546301581535
2026-08-17,BOS,126,66.3926824365074,0.06643418677018313,66.5019569495699,66.2834079234449,66.52289104991917,66.26247382309563,66.56380556154748,66.22155931146732
2026-08-17,BOS,128,69.45755367342919,0.11603336595262921,69.64841157626375,69.26669577059462,69.6849748917013,69.23013245515708,69.75643581763939,69.15867152921899
2026-08-17,CHC,126,67.04995,0.05700149303645832,67.14370911256266,66.95619088743733,67.16167087341647,66.93822912658352,67.19677611610935,66.90312388389064
2026-08-17,CHW,125,52.42695,0.05689855057141488,52.52053978727567,52.33336021272432,52.5384691098925,52.31543089010749,52.57351095389131,52.28038904610869
2026-08-17,CIN,125,60.11745,0.05745587727784435,60.211956508130136,60.02294349186986,60.230061450164726,60.00483854983527,60.26544653235338,59.969453467646616
2026-08-17,COL,125,48.7261,0.055317645842869086,48.817089430399065,48.63511056960094,48.83452059356157,48.617679406438434,48.8685888131654,48.5836111868346
2026-08-17,DET,126,67.4149,0.058361830031795806,67.51089666780332,67.31890333219668,67.52928708493417,67.30051291506584,67.56523011200464,67.26456988799536
2026-08-17,KCR,126,62.7336,0.05796300145331409,62.82894065316948,62.63825934683052,62.84720539528434,62.619994604715664,62.882902797665096,62.58429720233491
2026-08-17,LAD,126,76.80975,0.056124907546804485,76.90206725774067,76.71743274225932,76.91975279742736,76.69974720257262,76.95431818151802,76.66518181848197
2026-08-17,MIA,126,56.4732,0.057903641764456074,56.56844301516996,56.377956984830035,56.58668905243204,56.359710947567955,56.62234989723908,56.324050102760914
2026-08-17,MIN,126,60.8264,0.05786489064431439,60.92157927524945,60.73122072475055,60.939813101632204,60.712986898367795,60.97545008096828,60.67734991903172
2026-08-17,NYM,126,69.6315,0.05778929284580653,69.72655492793639,69.53644507206361,69.74476493266982,69.51823506733018,69.7803553539436,69.4826446460564
2026-08-17,PHI,126,69.6298,0.0575718969998921,69.72449734359076,69.53510265640925,69.74263884464145,69.51696115535856,69.77809537935322,69.48150462064679
2026-08-17,PIT,127,62.24085,0.05854155293076867,62.33714228566555,62.144557714334454,62.35558933534335,62.12611066465665,62.391643047514336,62.09005695248567
2026-08-17,SDP,126,63.82295,0.05783003009245313,63.91807193474428,63.727828065255714,63.936294776206076,63.70960522379392,63.97191028613725,63.673989713862746
2026-08-17,STL,126,56.8613,0.05773542919637179,56.95626633011725,56.76633366988275,56.97445936185685,56.74814063814315,57.01001661037699,56.71258338962301
2026-08-17,TBR,125,61.87565,0.058189506397697856,61.97136322064877,61.77993677935123,61.98969933681765,61.76160066318235,62.02553623573824,61.725763764261764
2026-08-18,ARI,127,62.5112,0.05805835225541028,62.60669749128214,62.415702508717864,62.624992279422344,62.39740772057766,62.66074840505525,62.36165159494475
2026-08-18,ATH,126,61.5758,0.05778239055484742,61.67084357467807,61.480756425321935,61.68905140442813,61.462548595571874,61.724637574820285,61.42696242517972
2026-08-18,ATL,128,69.10355,0.05837059813134781,69.19956109004367,69.00753890995632,69.2179542700935,68.9891457299065,69.2539026971324,68.9531973028676
2026-08-18,BAL,126,66.99095,0.05819791881813937,67.08667705784904,66.89522294215095,67.10501582485874,66.87688417514126,67.14085790469733,66.84104209530267
2026-08-18,BOS,127,66.94565435904309,0.0668562057059599,67.05562303148275,66.83568568660343,67.07669011436977,66.81461860371641,67.1178645328246,66.77344418526158
2026-08-18,BOS,129,70.02442387236557,0.1164907609602154,70.21603412303732,69.83281362169383,70.25274156837926,69.79610617635188,70.3244841880396,69.72436355669154
2026-08-18,CHC,127,67.64015,0.05734585709745141,67.73447554103738,67.54582445896263,67.7525458145736,67.52775418542642,67.78786313914875,67.49243686085126
2026-08-18,CHW,126,52.83675,0.05720147351514314,52.930838051178355,52.74266194882165,52.948862827952304,52.7246371720477,52.984091231686484,52.68940876831352
2026-08-18,CIN,126,60.6389,0.05778756189367643,60.7339520807735,60.5438479192265,60.752161540065984,60.525638459934015,60.787750895306374,60.490049104693625
2026-08-18,CLE,127,59.5484,0.05817221907709563,59.644084785536776,59.452715214463225,59.66241545429188,59.43438454570812,59.69824170655125,59.39855829344875
2026-08-18,COL,126,49.0298,0.055640995623907494,49.121321293459175,48.93827870654083,49.13885434748681,48.92074565251319,49.1731217070067,48.8864782929933
2026-08-18,DET,127,67.9622,0.058706736257810394,68.05876398806014,67.86563601193986,68.0772630887152,67.84713691128479,68.11341853156858,67.81098146843141
2026-08-18,HOU,126,64.6274,0.05843243259919076,64.72351279869237,64.53128720130762,64.74192546342347,64.51287453657652,64.77791197216663,64.47688802783335
2026-08-18,KCR,127,63.23595,0.05832404276602593,63.331884513282176,63.14001548671783,63.350263023254186,63.12163697674582,63.38618277845817,63.085717221541834
2026-08-18,LAA,126,54.54915,0.057410922432719134,54.64358256399009,54.45471743600991,54.66167334028735,54.436626659712644,54.697030736345965,54.40126926365403
2026-08-18,LAD,127,77.50605,0.056430863824635795,77.59887051103397,77.41322948896604,77.61665246071277,77.39544753928723,77.65140627266408,77.36069372733593
2026-08-18,MIA,127,56.87915,0.058285265054566986,56.975020729622834,56.78327927037717,56.99338702033633,56.76491297966368,57.029282893692674,56.72901710630733
2026-08-18,MIL,126,63.36865,0.05734328008985504,63.462971302237094,63.27432869776291,63.481040763731514,63.25625923626849,63.51635650121706,63.220943498782944
2026-08-18,MIN,127,61.2722,0.05822022704989981,61.36796375162496,61.17643624837503,61.386309548189544,61.15809045181045,61.4221653668944,61.1222346331056
2026-08-18,NYM,127,70.16935,0.05816663731693478,70.26502560435833,70.07367439564166,70.28335451424299,70.055345485757,70.31917732888985,70.01952267111014
2026-08-18,NYY,127,69.0691,0.05813647952888627,69.16472599921129,68.97347400078873,69.18304540606458,68.95515459393543,69.21884964757568,68.91935035242433
2026-08-18,PHI,127,70.22385,0.05791506510929007,70.31911180490015,70.12858819509985,70.3373614417765,70.1103385582235,70.37302932182546,70.07467067817454
2026-08-18,PIT,128,62.69355,0.058898857150573775,62.79042999880742,62.596670001192585,62.80898963874569,62.57811036125431,62.84526340219399,62.54183659780601
2026-08-18,SDP,127,64.2851,0.05816167155869864,64.38076743641288,64.18943256358712,64.3990947815357,64.1711052184643,64.43491453794428,64.13528546205572
2026-08-18,SEA,126,68.40723153110372,0.06615902438966946,68.51605344232664,68.2984096198808,68.53690083615977,68.27756222604766,68.57764588482084,68.2368171773866
2026-08-18,SEA,128,71.12093553907587,0.10956847981770687,71.30115965050359,70.94071142764815,71.33568581335938,70.90618526479237,71.40316524013564,70.83870583801611
2026-08-18,SFG,126,63.2027,0.057997791532877735,63.29809787775803,63.10730212224197,63.3163735825873,63.0890264174127,63.35209241097151,63.05330758902849
2026-08-18,STL,127,57.33985,0.058109348935405127,57.43543137335619,57.24426862664381,57.453742231078465,57.22595776892153,57.48952976379796,57.190170236202036
2026-08-18,TBR,126,62.32055,0.05858064073948384,62.416906579389476,62.22419342061052,62.43536594604067,62.205734053959326,62.47144373103743,62.16965626896256
2026-08-18,TEX,126,63.1796,0.05795196384511618,63.2749224979196,63.084277502080404,63.29318376196979,63.06601623803021,63.328874366670455,63.03032563332955
2026-08-18,TOR,127,69.8448,0.05804928194178376,69.94028257194388,69.74931742805613,69.95857450193431,69.7310254980657,69.99432504147562,69.6952749585244
2026-08-18,WSN,127,51.5473,0.0563957193354068,51.64006270349338,51.45453729650662,51.65783357877962,51.436766421220376,51.69256574645886,51.40203425354114
2026-08-19,ARI,128,62.9614,0.0583698625494587,63.05740988011913,62.865390119880864,63.07580282837949,62.84699717162051,63.111750802399015,62.81104919760098
2026-08-19,ATH,127,62.06275,0.05814322534575863,62.15838709509263,61.967112904907374,62.17670862762269,61.948791372377315,62.21251702364845,61.91298297635155
2026-08-19,ATL,129,69.65925,0.05872068952118929,69.75583693913602,69.56266306086398,69.7743404366089,69.5441595633911,69.81050447279327,69.50799552720673
2026-08-19,BAL,127,67.47395,0.058569553434395065,67.5702883423955,67.3776116576045,67.58874421532201,67.359155784678,67.62481517203209,67.32308482796792
2026-08-19,BOS,128,67.49313140789386,0.06723234456991665,67.60371877370814,67.38254404207957,67.62490438184707,67.36135843394064,67.66631045118335,67.31995236460436
2026-08-19,BOS,130,70.58105180224543,0.11732667165941757,70.77403700366257,70.38806660082828,70.81100785312384,70.35109575136701,70.88326528119362,70.27883832329724
2026-08-19,CHC,128,68.24265,0.05768470269595969,68.33753289244906,68.14776710755093,68.35570993974298,68.12959006025702,68.39123594757076,68.09406405242923
2026-08-19,CHW,127,53.23425,0.057546237282260757,53.32890513711114,53.13959486288886,53.34703855251903,53.121461447480975,53.38247928430063,53.08602071569938
2026-08-19,CIN,127,61.1589,0.05814276884169223,61.25453634421026,61.06326365578975,61.272857732891154,61.04494226710885,61.308665847771906,61.0091341522281
2026-08-19,CLE,128,60.0112,0.05852388384453828,60.10746322260498,59.91493677739503,60.1259047045707,59.896495295429304,60.161947534964256,59.86045246503575
2026-08-19,COL,127,49.33485,0.055953264536268185,49.42688493011226,49.24281506988775,49.44451638330853,49.225183616691474,49.47897605842174,49.19072394157826
2026-08-19,DET,128,68.51205,0.05914594366486676,68.60933641995662,68.41476358004338,68.62797391941477,68.39612608058523,68.66439985487801,68.35970014512199
2026-08-19,HOU,127,65.1966,0.058824785930524134,65.29335816249247,65.09984183750754,65.3118944618221,65.0813055381779,65.34812260737483,65.04507739262517
2026-08-19,KCR,128,63.749,0.05868566392533633,63.84552932715765,63.652470672842355,63.864021787702484,63.63397821229752,63.90016425283711,63.5978357471629
2026-08-19,LAA,127,54.97995,0.05775919152901386,55.074955415676285,54.88494458432372,55.09315593517302,54.86674406482698,55.12872781808973,54.831172181910276
2026-08-19,LAD,128,78.201,0.056768090339591834,78.29437519929019,78.1076248007098,78.31226341253671,78.08973658746328,78.34722491060323,78.05477508939676
2026-08-19,MIA,128,57.27605,0.05866288764282166,57.37254186350674,57.179558136493256,57.39102714700905,57.16107285299095,57.427155585021175,57.12494441497882
2026-08-19,MIL,127,63.81975,0.057694622196063666,63.91464920857479,63.72485079142521,63.93282938160593,63.70667061839407,63.9683614985098,63.6711385014902
2026-08-19,MIN,128,61.7165,0.058551539703410635,61.81280871244475,61.62019128755526,61.83125890905806,61.60174109094195,61.86731877173595,61.565681228264054
2026-08-19,NYM,128,70.7027,0.058484328296842227,70.79889815951887,70.60650184048112,70.81732717712183,70.58807282287816,70.85334564662537,70.55205435337461
2026-08-19,NYY,128,69.5861,0.0585346107404218,69.68238086677857,69.48981913322143,69.7008257289003,69.4713742710997,69.73687516561701,69.435324834383
2026-08-19,PHI,128,70.82695,0.05826289482269691,70.9227839338658,70.73111606613419,70.94114317548753,70.71275682451247,70.97702527179389,70.6768747282061
2026-08-19,PIT,129,63.1437,0.059277636655068994,63.24120303564921,63.0461969643508,63.25988203293259,63.02751796706742,63.296389073541256,62.99101092645875
2026-08-19,SDP,128,64.75175,0.05845602579907899,64.84790160605279,64.65559839394722,64.86632170524554,64.63717829475446,64.90232274422227,64.60117725577773
2026-08-19,SEA,127,68.95332745403975,0.06655918290345207,69.06280756744542,68.84384734063408,69.08378105537093,68.82287385270857,69.12477254778274,68.78188236029676
2026-08-19,SEA,129,71.67769537934969,0.11019439825156023,71.8589490349835,71.49644172371588,71.8936724312208,71.46171832747856,71.96153733945299,71.39385341924638
2026-08-19,SFG,127,63.7399,0.058367822810491785,63.83590652504709,63.643893474952904,63.85429883056458,63.62550116943542,63.89024554837961,63.58955445162039
2026-08-19,STL,128,57.81985,0.05848081565064711,57.91604238173005,57.723657618269954,57.934470292461796,57.70522970753821,57.97048659864838,57.66921340135163
2026-08-19,TBR,127,62.76195,0.058909868685190866,62.85884811117007,62.66505188882993,62.87741122095696,62.64648877904304,62.91369176602753,62.610208233972465
2026-08-19,TEX,127,63.76815,0.05828331344481281,63.86401751951045,63.67228248048955,63.88238319525149,63.653916804748505,63.91827786667907,63.61802213332093
2026-08-19,TOR,128,70.4034,0.05839493916809937,70.49945112748627,70.30734887251374,70.51785197764889,70.28894802235112,70.55381539548814,70.25298460451187
2026-08-19,WSN,128,51.95875,0.05673538020533001,52.05207139590721,51.86542860409279,52.069949301851636,51.84755069814837,52.104890654880876,51.81260934511913
2026-08-20,ATH,128,62.5498,0.05850057361988588,62.64602488069741,62.453575119302585,62.66445901736991,62.43514098263009,62.700487491804516,62.39911250819548
2026-08-20,BAL,128,67.9614,0.05892978141786126,68.05833086470062,67.86446913529937,68.07690024919583,67.84589975080416,68.11319305782786,67.80960694217214
2026-08-20,CIN,128,61.67275,0.05847096556895325,61.76892617978745,61.57657382021255,61.78735098665643,61.558149013343574,61.82336122651931,61.52213877348069
2026-08-20,CLE,129,60.48335,0.05886267390795283,60.58017048266956,60.386529517330445,60.59871872089332,60.36798127910669,60.63497020033735,60.331729799662654
2026-08-20,HOU,128,65.764,0.05919894784344805,65.861373604072,65.66662639592799,65.88002780569582,65.64797219430417,65.9164863845944,65.61151361540558
2026-08-20,KCR,129,64.26195,0.05901852056061257,64.35902682760143,64.16487317239857,64.37762417471964,64.14627582528036,64.41397163471213,64.10992836528787
2026-08-20,LAA,128,55.41255,0.058139974524477646,55.508181747967456,55.31691825203255,55.52650225613006,55.29859774386995,55.562308650087736,55.26279134991227
2026-08-20,MIL,128,64.26285,0.05804103231289552,64.35831900251188,64.16738099748812,64.3766083329588,64.1490916670412,64.41235379183979,64.11334620816021
2026-08-20,NYY,129,70.09865,0.058869807130519654,70.19548221577658,70.00181778422343,70.21403270175264,69.98326729824737,70.25028857430107,69.94701142569895
2026-08-20,SEA,128,69.50383284716098,0.06695893102991884,69.61397048772234,69.39369520659962,69.63506994042292,69.37259575389903,69.67630762384215,69.33135807047981
2026-08-20,SEA,130,72.25251949039742,0.11094599424096331,72.43500941142041,72.07002956937443,72.4699696433387,72.03506933745614,72.53829743347465,71.96674154732018
2026-08-20,SFG,128,64.26775,0.058728787237584804,64.36435025869422,64.1711497413058,64.3828563078414,64.15264369215862,64.41902533112847,64.11647466887155
2026-08-20,STL,129,58.306,0.05883911370903807,58.40278172959092,58.209218270409075,58.42132254375197,58.190677456248025,58.45755951328658,58.15444048671341
2026-08-20,TBR,128,63.20825,0.05926512224412195,63.30573245127496,63.110767548725036,63.32440750513784,63.09209249486216,63.36090683855482,63.05559316144518
2026-08-20,TEX,128,64.3567,0.05864976764883464,64.45317028303705,64.26022971696295,64.47165143229336,64.24174856770665,64.50777179015621,64.2056282098438
2026-08-20,TOR,129,70.9571,0.05877627677928919,71.05377837203912,70.86042162796087,71.07229938563276,70.84190061436723,71.1084976560816,70.8057023439184
2026-08-20,WSN,129,52.3702,0.057059884240326667,52.46405515754613,52.27634484245387,52.48203531807306,52.258364681926935,52.517176521883336,52.22322347811666
2026-08-21,ARI,129,63.4751,0.05874373618375877,63.57172484752253,63.37847515247746,63.59023560723749,63.35996439276251,63.62641383706207,63.32378616293793
2026-08-21,ATH,129,63.02965,0.058884182181809706,63.126505860631816,62.93279413936818,63.145060876335435,62.91423912366456,63.18132560197942,62.87797439802058
2026-08-21,ATL,130,70.2041,0.05909341554765673,70.3013000188925,70.10689998110749,70.31992096619686,70.08827903380313,70.35631455141444,70.05188544858555
2026-08-21,BAL,129,68.5006,0.059287441604749504,68.59811916335624,68.40308083664377,68.61680125028083,68.38439874971918,68.65331432941797,68.34788567058204
2026-08-21,BOS,129,68.03457749782216,0.0675820414765381,68.14574006386162,67.92341493178269,68.16703586511787,67.90211913052644,68.20865730065108,67.86049769499323
2026-08-21,BOS,131,71.13433129801064,0.11789950256427638,71.32825872241926,70.94040387360201,71.36541007683181,70.90325251918946,71.43802029158954,70.83064230443173
2026-08-21,CHC,129,68.72665,0.057983916697691255,68.82202505568506,68.63127494431495,68.84029638841005,68.61300361158996,68.87600667176446,68.57729332823556
2026-08-21,CHW,128,53.61295,0.057835580420647306,53.708081064221744,53.51781893577825,53.72630565464944,53.49959434535056,53.76192458283526,53.46397541716473
2026-08-21,CIN,129,62.15905,0.05881356651874926,62.255789708202315,62.06231029179769,62.2743224721791,62.0437775278209,62.31054370808522,62.00755629191478
2026-08-21,CLE,130,61.0628,0.059210033773043375,61.16019183880351,60.96540816119649,61.17884953371857,60.946750466281436,61.21531494005673,60.91028505994328
2026-08-21,COL,128,49.7554,0.05626390337810876,49.84794588553793,49.66285411446207,49.86567522425074,49.64512477574927,49.900326211053375,49.61047378894663
2026-08-21,DET,129,69.05995,0.05951260276083855,69.15783952050049,68.96206047949951,69.17659255803748,68.94330744196252,69.21324430612184,68.90665569387816
2026-08-21,HOU,129,66.28415,0.059599186588636194,66.38218193822367,66.18611806177633,66.4009622592216,66.1673377407784,66.43766733128268,66.13063266871731
2026-08-21,KCR,130,64.71405,0.059459237296823786,64.81185174212345,64.61624825787655,64.83058796364999,64.59751203635001,64.86720684579582,64.56089315420418
2026-08-21,LAA,129,55.85465,0.05849412147376324,55.95086426786146,55.75843573213854,55.969296371395885,55.740003628604114,56.00532087217747,55.70397912782253
2026-08-21,LAD,129,78.80925,0.0571188353342615,78.90320212346681,78.7152978765332,78.92120086009403,78.69729913990598,78.95637836983857,78.66212163016144
2026-08-21,MIA,129,57.8165,0.059003859706573555,57.91355271264249,57.719447287357504,57.93214543997374,57.70085456002626,57.968483870854676,57.66451612914532
2026-08-21,MIL,129,64.718,0.05840025110790597,64.81405986484972,64.62194013515028,64.8324623888596,64.60353761114041,64.86842907813836,64.56757092186164
2026-08-21,MIN,129,62.19305,0.05889110707907979,62.289917251074215,62.096182748925784,62.30847444888469,62.07762555111531,62.34474343933273,62.04135656066727
2026-08-21,NYM,129,71.324,0.05880479657481209,71.42072528292822,71.22727471707178,71.43925528340483,71.20874471659516,71.47547111820663,71.17252888179337
2026-08-21,NYY,130,70.5954,0.05926681676771985,70.69288523851824,70.49791476148175,70.71156082634306,70.47923917365694,70.74806120335836,70.44273879664163
2026-08-21,PHI,129,71.4166,0.05859085992237451,71.51297338844952,71.32022661155048,71.5314359752711,71.30176402472891,71.56752005390818,71.26567994609182
2026-08-21,PIT,130,63.53545,0.05961530729702063,63.633508454429325,63.43739154557067,63.652293855229445,63.41860614477055,63.689008855475734,63.38189114452426
2026-08-21,SDP,129,65.2752,0.05882122274156034,65.37195230156817,65.17844769843182,65.39048747810007,65.15991252189993,65.42671342920829,65.1236865707917
2026-08-21,SEA,129,70.01193948850145,0.0673870377217197,70.12278130190754,69.90109767509537,70.14401565546086,69.87986332154205,70.18551699494442,69.83836198205849
2026-08-21,SEA,131,72.7906446092413,0.11147472056302225,72.97400420767279,72.6072850108098,73.00913104673148,72.57215817175111,73.07778446107245,72.50350475741014
2026-08-21,SFG,129,64.7233,0.059091932176248974,64.82049757896367,64.62610242103632,64.83911805884233,64.60748194115766,64.8755107305029,64.5710892694971
2026-08-21,STL,130,58.71635,0.059181709654359226,58.81369524977416,58.619004750225834,58.83234401946605,58.60035598053395,58.86879198196182,58.56390801803818
2026-08-21,TBR,129,63.66905,0.059617395251435154,63.76711188880872,63.57098811119128,63.7858979475449,63.552202052455094,63.822614233689904,63.51548576631009
2026-08-21,TEX,129,64.9146,0.0590160104249207,65.01167269879564,64.81752730120435,65.03026925494407,64.79893074505591,65.06661516903105,64.76258483096893
2026-08-21,TOR,130,71.46035,0.05916326063060963,71.55766490383054,71.36303509616947,71.57630786004395,71.34439213995606,71.61274446042583,71.30795553957418
2026-08-21,WSN,130,52.82975,0.05742597960881193,52.924207330840794,52.7352926691592,52.9423028518102,52.7171971481898,52.97766952106138,52.681830478938615
2026-08-22,ARI,130,63.98885,0.05908477667230987,64.08603580920706,63.89166419079293,64.10465403431232,63.87304596568768,64.14104229914618,63.83665770085382
2026-08-22,ATH,130,63.5044,0.05920121849433142,63.601777338960346,63.40702266103965,63.62043225608977,63.38836774391022,63.6568922334035,63.3519077665965
2026-08-22,ATL,131,70.7471,0.05944988472604203,70.84488635851348,70.64931364148653,70.8636196329481,70.6305803670519,70.90023275516995,70.59396724483005
2026-08-22,BAL,130,69.0381,0.05964164045164893,69.13620176861423,68.93999823138577,69.15499546726411,68.92120453273589,69.19172668518708,68.88447331481292
2026-08-22,BOS,130,68.58071433357904,0.067990838224835,68.69254931043263,68.46887935672545,68.7139739277784,68.44745473937968,68.75584712705142,68.40558154010665
2026-08-22,BOS,132,71.69391372857987,0.11837740182116467,71.8886272273145,71.49920022984524,71.92592917273278,71.46189828442697,71.9988337090688,71.38899374809094
2026-08-22,CHC,130,69.20265,0.058329403090022026,69.29859333023055,69.10670666976947,69.31697352929616,69.08832647070385,69.3528965857378,69.05240341426222
2026-08-22,CHW,129,53.9937,0.058149609494425915,54.08934759608272,53.898052403917276,54.10767114032414,53.87972885967585,54.143483468125666,53.84391653187433
2026-08-22,CIN,130,62.6453,0.05918149641548353,62.742644899027425,62.54795510097257,62.76129360152553,62.52930639847447,62.79774143269488,62.49285856730512
2026-08-22,CLE,131,61.6387,0.059544146570167086,61.73664140544967,61.54075859455033,61.7554043827677,61.5219956172323,61.792075557590245,61.485324442409755
2026-08-22,COL,129,50.1795,0.05657374847887361,50.272555535375716,50.08644446462428,50.290382509489014,50.06861749051098,50.32522431914349,50.03377568085651
2026-08-22,DET,130,69.6013,0.05984037900153996,69.69972866443882,69.50287133556117,69.71858498766424,69.48401501233575,69.75543860176764,69.44716139823235
2026-08-22,HOU,130,66.8094,0.059897353586350864,66.9079223792913,66.71087762070869,66.92679665579851,66.69200334420148,66.96368535857275,66.65511464142725
2026-08-22,KCR,131,65.1727,0.05976664904540739,65.27100738945308,65.07439261054694,65.28984047960564,65.05555952039437,65.32664868598609,65.01875131401393
2026-08-22,LAA,130,56.2889,0.0588185329678582,56.38564787728414,56.192152122715854,56.404182206240485,56.17361779375951,56.44040650081036,56.137393499189635
2026-08-22,LAD,130,79.42545,0.0574368963709585,79.51992528731661,79.33097471268339,79.53802424827083,79.31287575172917,79.57339764077722,79.27750235922278
2026-08-22,MIA,130,58.35065,0.059351291962921014,58.44827418784947,58.25302581215053,58.46697639468325,58.23432360531675,58.50352879704158,58.19777120295842
2026-08-22,MIL,130,65.175,0.05875275605720316,65.27163968389408,65.07836031610591,65.29015328586458,65.05984671413542,65.3263370707164,65.02366292928359
2026-08-22,MIN,130,62.66605,0.059255395787822324,62.76351645267804,62.56858354732196,62.7821884416338,62.5499115583662,62.81868178486366,62.51341821513634
2026-08-22,NYM,130,71.94325,0.05913557577880792,72.04051936630164,71.84598063369837,72.05915359873151,71.8273464012685,72.0955731489733,71.79092685102671
2026-08-22,NYY,131,71.0904,0.05965185922681244,71.18851857700362,70.99228142299638,71.20731549569541,70.9734845043046,71.2440530070076,70.93674699299241
2026-08-22,PHI,130,72.01345,0.05890587364577908,72.11034153991501,71.916558460085,72.1289033908236,71.89799660917642,72.16518147548796,71.86171852451206
2026-08-22,PIT,131,63.91925,0.05998842723763591,64.01792218211693,63.820577817883056,64.03682515687497,63.80167484312503,64.07376994875251,63.76473005124748
2026-08-22,SDP,130,65.8022,0.059183729974501276,65.89954857290508,65.70485142709492,65.91819797922076,65.68620202077923,65.95464718596165,65.64975281403835
2026-08-22,SEA,130,70.53341021640323,0.06782431875096563,70.64497129309626,70.42184913971019,70.66634343843108,70.40047699437537,70.7081140841352,70.35870634867125
2026-08-22,SEA,132,73.3217341699943,0.11215926185852203,73.50621973865849,73.13724860133011,73.54156228376961,73.101906056219,73.6106372833539,73.0328310566347
2026-08-22,SFG,130,65.17375,0.05945758830557586,65.2715490297742,65.07595097022579,65.29028473168654,65.05721526831346,65.32690259827585,65.02059740172415
2026-08-22,STL,131,59.1195,0.059546857842492217,59.21744586509579,59.021554134904214,59.236209696763815,59.00279030323619,59.27288254136496,58.96611745863505
2026-08-22,TBR,130,64.13155,0.06000893503045321,64.23025591443434,64.03284408556567,64.2491653514103,64.01393464858971,64.28612277332621,63.9769772266738
2026-08-22,TEX,130,65.48035,0.05932239586536918,65.5779266579986,65.3827733420014,65.59661975937276,65.36408024062725,65.63315436562675,65.32754563437325
2026-08-22,TOR,131,71.96535,0.059562109189631306,72.06332095132944,71.86737904867056,72.08208958885493,71.84861041114507,72.11877182623184,71.81192817376817
2026-08-22,WSN,131,53.2956,0.05778752462166992,53.3906520194665,53.2005479805335,53.4088614670142,53.1823385329858,53.44445079930005,53.14674920069995
2026-08-23,ARI,131,64.50905,0.05944062217249433,64.60682112296868,64.41127887703132,64.62555147867674,64.39254852132326,64.66215889641309,64.35594110358691
2026-08-23,ATH,131,63.9843,0.05959308048978608,64.08232189458484,63.886278105415165,64.10110029148777,63.86749970851222,64.13780160301434,63.83079839698566
2026-08-23,ATL,132,71.2876,0.05980107123125819,71.38596400891032,71.18923599108967,71.40480794585018,71.17039205414981,71.44163735166109,71.13356264833891
2026-08-23,BAL,131,69.57675,0.06003266334178745,69.6754949440333,69.4780050559667,69.69441185804592,69.45908814195408,69.73138389340586,69.42211610659415
2026-08-23,BOS,131,69.11988206124774,0.06841437944212464,69.23241370140875,69.00735042108673,69.25397178097896,68.98579234151651,69.29610582459887,68.9436582978966
2026-08-23,BOS,133,72.24364782351782,0.11911905300981411,72.43958122990004,72.0477144171356,72.47711687728957,72.01017876974606,72.55047817087149,71.93681747616415
2026-08-23,CHC,131,69.67835,0.05865110025782201,69.77482247498376,69.58187752501622,69.79330404415897,69.56339595584102,69.82942522272948,69.5272747772705
2026-08-23,CHW,130,54.3787,0.05846511972117407,54.474866564223525,54.28253343577648,54.493289529005324,54.26411047099468,54.5292961686133,54.228103831386704
2026-08-23,CIN,131,63.1251,0.059487178750733886,63.22294770172526,63.027252298274746,63.24169272789334,63.00850727210667,63.2783288182116,62.97187118178841
2026-08-23,CLE,132,62.215,0.05983968406826259,62.31342752137532,62.11657247862469,62.33228362562005,62.09771637437996,62.369136811738144,62.06086318826186
2026-08-23,COL,130,50.6032,0.05690047777671601,50.6967929572463,50.5096070427537,50.714722887145484,50.49167711285452,50.7497659180432,50.4566340819568
2026-08-23,DET,131,70.1475,0.06020509463634297,70.24652856827353,70.04847143172645,70.26549981717305,70.02950018282694,70.30257804698722,69.99242195301277
2026-08-23,HOU,131,67.3295,0.06025548127474545,67.42861144691847,67.23038855308153,67.44759857316963,67.21140142683036,67.48470783436693,67.17429216563306
2026-08-23,KCR,132,65.6265,0.060098256859279,65.72535283576843,65.52764716423155,65.74429041897781,65.50870958102217,65.78130285111033,65.47169714888966
2026-08-23,LAA,131,56.7248,0.05913952250531019,56.822075858089036,56.62752414191097,56.84071133417331,56.6088886658267,56.87713331506707,56.572466684932934
2026-08-23,LAD,131,80.0419,0.05779605729383206,80.13696605446326,79.94683394553674,80.15517819074432,79.92862180925567,80.19077277800704,79.89302722199295
2026-08-23,MIA,131,58.8851,0.05972326383338532,58.983336027129724,58.78686397287028,59.00215544615262,58.76804455384738,59.038936933085616,58.73126306691439
2026-08-23,MIL,131,65.6345,0.0590977589655967,65.73170716317927,65.53729283682074,65.7503294791396,65.51867052086041,65.78672573931766,65.48227426068235
2026-08-23,MIN,131,63.14615,0.05959158553628473,63.244169435605144,63.04813056439485,63.26294736143276,63.02935263856724,63.2996477522693,62.992652247730696
2026-08-23,NYM,131,72.55825,0.05950955735212469,72.65613451124892,72.46036548875108,72.67488658914608,72.44161341085392,72.71153646166883,72.40496353833117
2026-08-23,NYY,132,71.5895,0.060040609017868465,71.68825801350742,71.49074198649258,71.70717743128488,71.47182256871513,71.74415436011115,71.43484563988885
2026-08-23,PHI,131,72.59995,0.059266019968706715,72.69743392790052,72.5024660720995,72.71610926464571,72.4837907353543,72.75260915094012,72.4472908490599
2026-08-23,PIT,132,64.3028,0.06030225888075244,64.40198838923338,64.20361161076663,64.42099025559268,64.18460974440733,64.45812832549524,64.14747167450477
2026-08-23,SDP,131,66.3221,0.059534946040036105,66.42002627192431,66.2241737280757,66.43878635006001,66.20541364994,66.47545185859514,66.16874814140488
2026-08-23,SEA,131,71.04999660809986,0.06821868474293817,71.16220635912514,70.93778685707458,71.1837027732687,70.91629044293101,71.22571629531028,70.87427692088944
2026-08-23,SEA,133,73.86765544780377,0.1126432011661192,74.05293702579328,73.68237386981426,74.08843206519266,73.64687883041488,74.15780510621302,73.57750578939452
2026-08-23,SFG,131,65.6319,0.05981290829494865,65.73028347914746,65.53351652085254,65.74913114606869,65.51466885393131,65.78596784191662,65.47783215808339
2026-08-23,STL,132,59.533,0.0598676436544636,59.63147351080208,59.43452648919792,59.650338425402026,59.415661574597976,59.68720883085959,59.37879116914041
2026-08-23,TBR,131,64.5929,0.06040704371219057,64.69226074494341,64.49353925505659,64.71129563008843,64.47450436991157,64.74849823333462,64.43730176666539
2026-08-23,TEX,131,66.04445,0.0596791570815515,66.142613477979,65.946286522021,66.16141899850754,65.92748100149245,66.19817332162175,65.89072667837824
2026-08-23,TOR,132,72.46625,0.05992142835208273,72.56481197875704,72.36768802124297,72.58369384147228,72.34880615852772,72.6205973710598,72.3119026289402
2026-08-23,WSN,132,53.76115,0.05817387079984625,53.85683750237894,53.665462497621064,53.875168691608984,53.64713130839102,53.91099596110711,53.61130403889289
2026-08-24,ARI,132,64.9728,0.059763170848186255,65.07110166832777,64.87449833167224,65.08993366246436,64.85566633753565,65.12673972674376,64.81886027325625
2026-08-24,ATH,132,64.49115,0.05994285396243699,64.58974722074994,64.39255277925007,64.60863583489693,64.37366416510308,64.6455525597748,64.33674744022521
2026-08-24,BOS,132,69.70790055618843,0.06883290752327562,69.82112061378172,69.59468049859515,69.84281057588522,69.57299053649164,69.88520237643536,69.53059873594151
2026-08-24,BOS,134,72.83907819578491,0.11981542132875435,73.03615702612223,72.64199936544759,73.07391210638175,72.60424428518806,73.14770226906057,72.53045412250924
2026-08-24,CHC,132,70.2146,0.05902881975847134,70.3116937682744,70.11750623172561,70.33029436077652,70.09890563922349,70.36664816368778,70.06255183631222
2026-08-24,CHW,131,54.79725,0.058845477832948856,54.894042197643216,54.70045780235678,54.91258501720563,54.68191498279437,54.948825906183444,54.64567409381655
2026-08-24,CIN,132,63.59625,0.05981329850801493,63.694634120990834,63.49786587900916,63.713481910872254,63.47901808912774,63.75031884703886,63.44218115296113
2026-08-24,CLE,133,62.74405,0.06022062193335665,62.843104108404354,62.64499589159565,62.86208025011598,62.62601974988402,62.89916804265388,62.58893195734612
2026-08-24,COL,131,51.0836,0.05724202463635624,51.177754751837156,50.98944524816284,51.19579230668941,50.97140769331058,51.231045684452795,50.9361543155472
2026-08-24,DET,132,70.6758,0.060525596943725,70.77535574765628,70.57624425234371,70.79442799015249,70.5571720098475,70.83170360622243,70.51989639377756
2026-08-24,LAA,132,57.19575,0.05946691023204124,57.29356436297877,57.09793563702122,57.31230300232667,57.07919699767332,57.3489266099672,57.04257339003279
2026-08-24,MIA,132,59.2952,0.06006095415418184,59.39399147827867,59.19640852172133,59.412917307019306,59.177482692980696,59.44990676570945,59.14049323429055
2026-08-24,MIN,132,63.6393,0.05990984255497375,63.737842921816636,63.54075707818336,63.75672113372721,63.521878866272786,63.7936175280241,63.4849824719759
2026-08-24,PHI,132,73.08935,0.05965409675318171,73.18747225740698,72.99122774259301,73.2062698811665,72.97243011883349,73.24300877049359,72.9356912295064
2026-08-24,PIT,133,64.7855,0.060577289208897434,64.88514077386614,64.68585922613386,64.9042293051305,64.6667706948695,64.94153675667383,64.62946324332617
2026-08-24,SDP,132,66.8394,0.05990129205818111,66.93792885750098,66.74087114249902,66.95680437506145,66.72199562493854,66.9936955034039,66.6851044965961
2026-08-24,SEA,132,71.55783189742894,0.06862045734205928,71.6707025055711,71.44496128928678,71.69232552242204,71.42333827243584,71.73458648227354,71.38107731258434
2026-08-24,SEA,134,74.38600494390569,0.11341819945816693,74.57256128064677,74.19944860716461,74.60830053003508,74.1637093577763,74.6781508656258,74.09385902218558
2026-08-24,SFG,132,66.16075,0.060142134362618775,66.25967500783895,66.06182499216104,66.2786264173041,66.04287358269589,66.3156658720692,66.00583412793078
2026-08-24,TBR,132,65.0646,0.06076521177901143,65.16454987898717,64.96465012101282,65.18369762659981,64.94550237340019,65.22112081313674,64.90807918686326
2026-08-24,TEX,132,66.6259,0.06003905140726908,66.72465545146598,66.52714454853403,66.7435743784242,66.5082256215758,66.78055034797212,66.47124965202788
2026-08-24,WSN,133,54.28075,0.05851262819475739,54.37699470870861,54.18450529129139,54.3954326439025,54.16606735609749,54.431468542331714,54.13003145766828
2026-08-25,ARI,133,65.43675,0.06013211093428585,65.53565852076652,65.33784147923349,65.55460677174557,65.31889322825444,65.59164005342879,65.28185994657122
2026-08-25,ATH,133,64.99235,0.060243306986559254,65.0914414219964,64.89325857800361,65.11042471200325,64.87427528799675,65.14752647547867,64.83717352452133
2026-08-25,ATL,133,71.7199,0.06013167210713111,71.81880779896007,71.62099220103993,71.83775591166014,71.60204408833985,71.87478892308494,71.56501107691506
2026-08-25,BAL,132,70.159,0.060376387896352135,70.25831032061355,70.05968967938647,70.27733554579348,70.04066445420654,70.31451926918587,70.00348073081415
2026-08-25,BOS,133,70.29947061582791,0.0692199683128153,70.41332733176472,70.18561389989111,70.43513926073203,70.1638019709238,70.47776943859878,70.12117179305704
2026-08-25,BOS,135,73.43667520189088,0.12028529078225694,73.63452689870299,73.23882350507877,73.67243003969404,73.20092036408772,73.74650957867371,73.12684082510805
2026-08-25,CHC,133,70.75065,0.05936720434821421,70.84830036139412,70.65299963860586,70.86700758238533,70.63429241761466,70.9035697846299,70.59773021537009
2026-08-25,CHW,132,55.22235,0.05923205167535803,55.319778055029985,55.12492194497001,55.33844268801412,55.10625731198588,55.374921654414706,55.06977834558529
2026-08-25,CIN,133,64.06135,0.06016805895689958,64.16031765000189,63.962382349998116,64.17927722857522,63.9434227714248,64.21633264939885,63.906367350601165
2026-08-25,CLE,134,63.2664,0.06054745949866605,63.365991708359076,63.16680829164092,63.385070839972784,63.14772916002721,63.4223599204321,63.110440079567894
2026-08-25,COL,132,51.5653,0.05760249732333587,51.66004767664375,51.47055232335625,51.67819882017331,51.452401179826694,51.71367420056305,51.41692579943695
2026-08-25,DET,133,71.21645,0.06093337027980398,71.3166764751071,71.11622352489289,71.33587721120506,71.09702278879493,71.37340396073071,71.05949603926928
2026-08-25,HOU,132,67.7895,0.06060481115106909,67.88918604343255,67.68981395656746,67.90828324714595,67.67071675285406,67.94560764849898,67.63339235150103
2026-08-25,KCR,133,66.07125,0.06042864596313293,66.17064627748424,65.97185372251577,66.18968796972227,65.95281203027774,66.22690387704563,65.91559612295438
2026-08-25,LAA,133,57.6734,0.059812879056479695,57.77178343105446,57.57501656894554,57.79063108876235,57.55616891123765,57.827467766603306,57.519332233396696
2026-08-25,LAD,132,80.6096,0.05814785852181086,80.70524471598907,80.51395528401093,80.72356770848089,80.49563229151912,80.7593789579191,80.4598210420809
2026-08-25,MIA,133,59.7021,0.06035697911382253,59.80137839600721,59.602821603992794,59.82039750527873,59.583802494721276,59.85756927547507,59.54663072452493
2026-08-25,MIL,132,66.0781,0.0594571003063456,66.17589822708692,65.9803017729131,66.19463377522563,65.96156622477439,66.23125134127314,65.92494865872688
2026-08-25,MIN,133,64.1381,0.06026087443897065,64.23722031788421,64.03897968211578,64.25620914357727,64.01999085642272,64.29332172623738,63.982878273762616
2026-08-25,NYM,132,73.11465,0.05988734919500694,73.21315592353191,73.01614407646808,73.23202704755178,72.99727295244821,73.26890958896836,72.96039041103164
2026-08-25,NYY,133,72.1295,0.06041460074931524,72.22887317516333,72.03012682483666,72.24791044160902,72.01108955839096,72.28511769897229,71.9738823010277
2026-08-25,PHI,133,73.586,0.05999695977096757,73.68468621688534,73.48731378311466,73.703591880333,73.468408119667,73.7405419271019,73.4314580728981
2026-08-25,PIT,134,65.266,0.060917302516504145,65.36620004598838,65.16579995401163,65.38539571896769,65.14660428103232,65.42291257291517,65.10908742708484
2026-08-25,SDP,133,67.3589,0.06028927167675821,67.45806702718379,67.25973297281622,67.4770648011406,67.24073519885941,67.51419487267462,67.20360512732539
2026-08-25,SEA,133,72.06024014653009,0.06904931663763482,72.17381616544003,71.94666412762015,72.19557432029696,71.92490597276323,72.23809939971534,71.88238089334484
2026-08-25,SEA,135,74.89199467579388,0.11416445513933568,75.07977849389876,74.704210857689,75.11575289618162,74.66823645540615,75.18606282476547,74.59792652682229
2026-08-25,SFG,133,66.69565,0.06047312546760079,66.79511943975848,66.59618056024152,66.81417514794907,66.57712485205093,66.85141844865663,66.53988155134337
2026-08-25,STL,133,59.95075,0.060239876029156966,60.049835778573666,59.85166422142633,60.0688179874503,59.8326820125497,60.105917637918054,59.795582362081944
2026-08-25,TBR,133,65.52395,0.061125797647408206,65.62449298996064,65.42340701003936,65.6437543619152,65.4041456380848,65.681399620783,65.366500379217
2026-08-25,TEX,133,67.2008,0.06040564054846608,67.30015843694447,67.10144156305553,67.31919287993807,67.08240712006193,67.35639461902439,67.04520538097562
2026-08-25,TOR,133,73.0215,0.060288876461012664,73.12066637711173,72.92233362288827,73.13966402653197,72.90333597346803,73.17679385466631,72.86620614533369
2026-08-25,WSN,134,54.79905,0.058862821003243034,54.89587072461978,54.70222927538022,54.91441900919479,54.683680990805215,54.95067057922971,54.647429420770294
2026-08-26,ARI,134,65.90205,0.06046859194991741,66.00151198278547,65.80258801721453,66.02056626241769,65.78353373758232,66.05780677108893,65.74629322891107
2026-08-26,ATH,134,65.4993,0.06058909577990384,65.59896019394729,65.39963980605272,65.61805244558447,65.38054755441554,65.65536716838541,65.3432328316146
2026-08-26,ATL,134,72.1509,0.06046055932144253,72.25034877028739,72.0514512297126,72.26940051875516,72.03239948124482,72.30663608040912,71.99516391959087
2026-08-26,BAL,133,70.74195,0.06075411560547292,70.8418816274059,70.64201837259411,70.86102587849932,70.62287412150069,70.89844223128777,70.58545776871223
2026-08-26,BOS,134,70.88588085505596,0.06958948964521003,71.00034537949658,70.77141633061534,71.02227374846309,70.74948796164882,71.0651315017031,70.70663020840881
2026-08-26,BOS,136,74.04057514280086,0.1209487744937567,74.23951817320226,73.84163211239947,74.27763038478288,73.80351990081884,74.35211854037021,73.72903174523151
2026-08-26,CHC,134,71.28535,0.059721893842251836,71.38358377369484,71.18711622630515,71.40240276101933,71.16829723898066,71.4391834042223,71.13151659577768
2026-08-26,CHW,133,55.6456,0.05958882087588786,55.74361488814347,55.547585111856534,55.76239194279795,55.528808057202056,55.79909063097604,55.492109369023964
2026-08-26,CIN,134,64.5324,0.06051777120839472,64.63194287546715,64.43285712453284,64.65101265199309,64.4137873480069,64.68828344846405,64.37651655153594
2026-08-26,CLE,135,63.80105,0.06093241405712695,63.901274902260774,63.70082509773922,63.92047533704305,63.68162466295694,63.95800149766432,63.64409850233567
2026-08-26,COL,133,52.04525,0.05797808374536669,52.14061546133227,51.94988453866774,52.15888495603357,51.93161504396644,52.19459164707493,51.895908352925076
2026-08-26,DET,134,71.7505,0.06128221816329076,71.85130027881353,71.64969972118648,71.87061094049278,71.63038905950722,71.90835253333148,71.59264746666852
2026-08-26,HOU,133,68.2407,0.06094426868618811,68.34094440139039,68.14045559860962,68.36014857168907,68.12125142831094,68.39768203316524,68.08371796683477
2026-08-26,KCR,134,66.51665,0.060733809107065245,66.61654822618833,66.41675177381167,66.63568607849378,66.39761392150622,66.67308992521413,66.36021007478587
2026-08-26,LAA,134,58.13875,0.060165030652536616,58.23771266888447,58.039787331115534,58.256671293207724,58.02082870679228,58.29372484900372,57.98377515099628
2026-08-26,LAD,133,81.1786,0.058526757735830236,81.2748679497355,81.08233205026451,81.29331033729413,81.06388966270588,81.32935493761767,81.02784506238234
2026-08-26,MIA,134,60.11125,0.06073522956473038,60.21115056263328,60.01134943736672,60.230288862539645,59.99221113746035,60.2676935840706,59.9548064159294
2026-08-26,MIL,133,66.5266,0.059820511086728034,66.62499598462709,66.42820401537291,66.64384604726676,66.40935395273324,66.68068742541047,66.37251257458954
2026-08-26,MIN,134,64.63115,0.060580760025764555,64.73079648285186,64.53150351714815,64.74988610780657,64.51241389219344,64.78719569690563,64.47510430309438
2026-08-26,NYM,133,73.66615,0.06024040300481682,73.76523664537149,73.56706335462852,73.78421902030362,73.54808097969638,73.8213189953174,73.5109810046826
2026-08-26,NYY,134,72.6783,0.060735161920379026,72.7782004513682,72.57839954863178,72.79733872995915,72.55926127004084,72.8347434098303,72.52185659016969
2026-08-26,PHI,134,74.0862,0.06034024797161742,74.18545087572727,73.98694912427274,74.2044647128426,73.96793528715742,74.2416261789087,73.93077382109131
2026-08-26,PIT,135,65.74455,0.061251264074650195,65.84529936386855,65.64380063613146,65.86460027159387,65.62449972840614,65.9023228008829,65.58677719911711
2026-08-26,SDP,134,67.88035,0.0606249161887928,67.98006911327677,67.78063088672324,67.9991726522958,67.76152734770422,68.03650943564429,67.72419056435572
2026-08-26,SEA,134,72.56129163557425,0.06942837405041803,72.67549114844442,72.44709212270408,72.69736874821824,72.42521452293026,72.74012727595107,72.38245599519743
2026-08-26,SEA,136,75.38828674652976,0.11485143871080149,75.57720055205381,75.1993729410057,75.61339142997554,75.16318206308398,75.68412444791579,75.09244904514372
2026-08-26,SFG,134,67.2246,0.06079829408485232,67.32460429453792,67.12459570546207,67.34376246672778,67.10543753327221,67.38120602750953,67.06799397249046
2026-08-26,STL,134,60.3678,0.06056091593781401,60.46741384223182,60.268186157768184,60.48649721410887,60.24910278589113,60.52379458192239,60.21180541807762
2026-08-26,TBR,134,65.9899,0.061501658694714106,66.09106122636754,65.88873877363247,66.11044103603112,65.86935896396889,66.14831777468271,65.8314822253173
2026-08-26,TEX,134,67.77755,0.06071287015538923,67.87741378467773,67.67768621532228,67.89654503890263,67.65855496109738,67.93393599004881,67.6211640099512
2026-08-26,TOR,134,73.5761,0.060600074735538724,73.67577825272228,73.47642174727771,73.69487396394209,73.4573260360579,73.73219544830106,73.42000455169894
2026-08-26,WSN,135,55.3191,0.059212406343208686,55.41649574133415,55.221704258665845,55.43515418387064,55.20304581612936,55.47162105139248,55.166578948607516
2026-08-27,ARI,135,66.39825,0.060858298805517734,66.49835299352036,66.29814700647965,66.5175300738192,66.2789699261808,66.5550105894274,66.24148941057261
2026-08-27,ATL,135,72.58545,0.06079119749897738,72.68544262169291,72.48545737830707,72.70459855767506,72.46630144232493,72.74203774791569,72.4288622520843
2026-08-27,BAL,134,71.3276,0.061067261053027434,71.42804670583106,71.22715329416894,71.44728963229845,71.20791036770156,71.48489884050787,71.17030115949214
2026-08-27,COL,134,52.5273,0.058352617652504137,52.623281514787834,52.43131848521216,52.64166902900254,52.41293097099745,52.6776063824881,52.37699361751189
2026-08-27,HOU,134,68.69995,0.061302070903598745,68.80078293366542,68.59911706633459,68.82009985114878,68.57980014885122,68.85785367060173,68.54204632939827
2026-08-27,KCR,135,66.9547,0.06107535432107837,67.05516001807237,66.85423998192763,67.07440549481234,66.83499450518767,67.11201968738487,66.79738031261513
2026-08-27,LAD,134,81.74405,0.058821977024952544,81.84080354225395,81.64729645774605,81.85933895646835,81.62876104353165,81.89556537211355,81.59253462788645
2026-08-27,MIL,134,66.97655,0.06020619772238736,67.07558038268863,66.87751961731138,67.09455197918199,66.85854802081802,67.13163088834858,66.82146911165142
2026-08-27,NYM,134,74.2162,0.060566833292361864,74.3158235754139,74.1165764245861,74.33490881191067,74.09749118808934,74.37220982401763,74.06019017598237
2026-08-27,NYY,135,73.21905,0.06104657802948044,73.31946268528476,73.11863731471523,73.33869909431719,73.0994009056828,73.37629556456972,73.06180443543028
2026-08-27,SFG,135,67.7284,0.06118687656428619,67.82904345583859,67.6277565441614,67.8483240743925,67.6084759256075,67.88600694964691,67.57079305035307
2026-08-27,STL,135,60.78215,0.060921672181433614,60.88235723344758,60.681942766552424,60.90155428335357,60.662745716646434,60.93907382842614,60.625226171573864
2026-08-27,TOR,135,74.13805,0.06094341896292623,74.23829300372,74.03780699628001,74.25749690626208,74.01860309373794,74.29502984442317,73.98107015557684
2026-08-27,WSN,136,55.83705,0.05956645258019528,55.93502809557116,55.73907190442883,55.95379810174399,55.720301898256004,55.99048301406452,55.68361698593547
2026-08-28,ARI,136,66.89455,0.061253482466964444,66.99530301279918,66.7937969872008,67.0146046195629,66.77449538043709,67.05232851508282,66.73677148491717
2026-08-28,ATH,135,65.95305,0.06091894484285687,66.05325274737483,65.85284725262518,66.07244893786819,65.83365106213182,66.10996680326751,65.7961331967325
2026-08-28,ATL,136,73.2248,0.061112437232524255,73.32532101403376,73.12427898596624,73.34457817598322,73.10502182401679,73.38221520663483,73.06738479336518
2026-08-28,BAL,135,71.87385,0.061451001783176896,71.97492790316286,71.77277209683714,71.99429175030893,71.75340824969108,72.03213729112555,71.71556270887446
2026-08-28,BOS,135,71.36922870736447,0.07003830891947092,71.48443147381622,71.25402594091273,71.50650127038472,71.23195614434422,71.54963543585025,71.18882197887869
2026-08-28,BOS,137,74.53870395903093,0.1215616045034912,74.73865500509653,74.33875291296532,74.77696032576067,74.30044759230118,74.85182590209745,74.2255820159644
2026-08-28,CHC,135,71.8403,0.06003361556036635,71.93904651029348,71.74155348970652,71.95796372436004,71.72263627563996,71.99493634615838,71.68566365384162
2026-08-28,CHW,134,56.08305,0.05991958905677393,56.18160895338548,55.98449104661452,56.20049023651972,55.96560976348028,56.237392633349046,55.928707366650954
2026-08-28,CIN,135,64.97745,0.060832081190602766,65.07750986938137,64.87739013061864,65.0966786882382,64.85822131176181,65.13414305732663,64.82075694267338
2026-08-28,CLE,136,64.2818,0.06129386009107448,64.38261942808066,64.18098057191935,64.40193375825194,64.16166624174807,64.43968252095021,64.1239174790498
2026-08-28,COL,135,52.88795,0.05868400063451297,52.984476591287695,52.7914234087123,53.00296852771237,52.772931472287624,53.03910996848386,52.736790031516136
2026-08-28,DET,135,72.1854,0.06162662763823528,72.28676678198754,72.08403321801246,72.3061859706596,72.0646140293404,72.34413967334946,72.02666032665054
2026-08-28,HOU,135,69.15895,0.061642836054458305,69.26034344245976,69.05755655754025,69.27976773857165,69.03813226142836,69.31773142346294,69.00016857653706
2026-08-28,KCR,136,67.47395,0.06146173563382632,67.57504555877604,67.37285444122396,67.59441278826962,67.35348721173038,67.63226493969259,67.31563506030741
2026-08-28,LAA,135,58.52795,0.0605126352824471,58.62748442762072,58.42841557237927,58.6465525857632,58.40934741423679,58.68382021919549,58.372079780804505
2026-08-28,LAD,135,82.30915,0.05914164100327315,82.4064293427081,82.21187065729191,82.42506548635302,82.19323451364698,82.4614887719562,82.15681122804381
2026-08-28,MIA,135,60.64745,0.061079861348468475,60.74791743147272,60.54698256852728,60.767164328423696,60.5277356715763,60.80478129671809,60.49011870328191
2026-08-28,MIL,135,67.46535,0.0605450101477214,67.56493767953529,67.36576232046471,67.58401603933315,67.34668396066685,67.62130361132216,67.30939638867784
2026-08-28,MIN,135,65.1937,0.06091904112819405,65.29390290575012,65.0934970942499,65.31309912658398,65.07430087341604,65.35061705128211,65.0367829487179
2026-08-28,NYM,135,74.7572,0.06088631016195895,74.85734906810158,74.65705093189841,74.87653497506898,74.63786502493102,74.91403274190014,74.60036725809985
2026-08-28,NYY,136,73.73195,0.06136475569524505,73.83288604097231,73.63101395902768,73.85222271108277,73.61167728891722,73.89001513592493,73.57388486407507
2026-08-28,PHI,135,74.697,0.0606669479529726,74.79678824937652,74.59721175062349,74.8159050330398,74.57809496696021,74.85326770229415,74.54073229770586
2026-08-28,PIT,136,66.27845,0.061614329470950316,66.37979655330248,66.17710344669753,66.39921186669466,66.15768813330536,66.4371579953698,66.11974200463021
2026-08-28,SDP,135,68.3924,0.060993828575981485,68.49272592015485,68.29207407984514,68.51194570728813,68.27285429271186,68.54950969098165,68.23529030901834
2026-08-28,SEA,135,73.04355199782918,0.06983842290150645,73.1584259810393,72.92867801461907,73.18043279145321,72.90667120420515,73.22344385405252,72.86366014160585
2026-08-28,SEA,137,75.89693858147938,0.1155287901863101,76.08696653103465,75.7069106319241,76.12337084942203,75.67050631353672,76.19452102464483,75.59935613831392
2026-08-28,SFG,136,68.2321,0.061567085401212904,68.33336884372302,68.13083115627698,68.35276927001948,68.11143072998053,68.39068630271055,68.07351369728946
2026-08-28,STL,136,61.24825,0.06123800781830747,61.348977559267226,61.14752244073277,61.368274289808866,61.12822571019113,61.405988655029354,61.09051134497064
2026-08-28,TBR,135,66.47785,0.06180866836010315,66.57951621232915,66.37618378767085,66.59899276391819,66.35670723608182,66.63705857917529,66.31864142082472
2026-08-28,TEX,135,68.28875,0.061095378746188186,68.38924295532064,68.18825704467935,68.40849474196436,68.16900525803563,68.44612126688584,68.13137873311415
2026-08-28,TOR,136,74.64885,0.06126785349078725,74.74962665102984,74.54807334897015,74.76893278625201,74.52876721374798,74.8066655323871,74.49103446761289
2026-08-28,WSN,137,56.30085,0.05993151552566189,56.39942857068108,56.20227142931891,56.4183136119692,56.1833863880308,56.45522335389709,56.146476646102904
2026-08-29,ARI,137,67.3875,0.0616323138832683,67.4888761350283,67.2861238649717,67.50829711549508,67.26670288450492,67.54625432014605,67.22874567985396
2026-08-29,ATH,136,66.4103,0.061237530953328394,66.51102677489415,66.30957322510586,66.5303233551707,66.29027664482932,66.56803742670657,66.25256257329345
2026-08-29,ATL,137,73.8606,0.06142529637984487,73.96163562153696,73.75956437846305,73.9809913686442,73.74020863135581,74.01882107839438,73.70237892160563
2026-08-29,BAL,136,72.4166,0.06184398479983953,72.51832430270315,72.31487569729686,72.53781198286813,72.29538801713187,72.57589954829567,72.25730045170434
2026-08-29,BOS,136,71.85512296455137,0.07043597026012416,71.97097982570158,71.73926610340116,71.99317492947735,71.71707099962539,72.0365540007713,71.67369192833144
2026-08-29,BOS,138,75.05574157967304,0.12223321276054548,75.25679732301616,74.85468583632992,75.29531427439834,74.81616888494774,75.37059347096859,74.7408896883775
2026-08-29,CHC,136,72.3963,0.06039921124266381,72.4956478616775,72.2969521383225,72.51468027873024,72.27791972126975,72.55187805823009,72.2407219417699
2026-08-29,CHW,135,56.52825,0.06029669876095257,56.627429243650155,56.429070756349844,56.64642935795813,56.41007064204187,56.683564003575725,56.372935996424275
2026-08-29,CIN,136,65.42145,0.06120182822484883,65.52211804913169,65.3207819508683,65.5414033791087,65.30149662089129,65.57909546257233,65.26380453742766
2026-08-29,CLE,137,64.76205,0.061671522266828475,64.86349062708021,64.6606093729198,64.88292396251475,64.64117603748525,64.92090531424937,64.60319468575064
2026-08-29,COL,136,53.25215,0.05902641548291106,53.34923981359301,53.15506018640699,53.367839648483006,53.136460351516995,53.40419197068434,53.10010802931566
2026-08-29,DET,136,72.616,0.06201031739939076,72.7179978954828,72.5140021045172,72.7375379887727,72.4944620112273,72.77572799267972,72.45627200732028
2026-08-29,HOU,136,69.619,0.06199793655604092,69.72097753080772,69.51702246919228,69.74051372276564,69.49748627723436,69.77869610174062,69.45930389825938
2026-08-29,KCR,137,67.9937,0.06182377475095022,68.09539106013094,67.89200893986907,68.11487237190018,67.87252762809983,68.15294749065951,67.8344525093405
2026-08-29,LAA,136,58.91825,0.060810469843088175,59.018274321878025,58.818225678121976,59.037436330775414,58.79906366922459,59.0748873901844,58.7616126098156
2026-08-29,LAD,136,82.87855,0.05946748535095199,82.9763653089652,82.78073469103481,82.99510412953903,82.76199587046098,83.03172809137536,82.72537190862465
2026-08-29,MIA,136,61.1831,0.06142200218665644,61.28413020307135,61.08206979692866,61.30348491214419,61.062715087855814,61.341312593115035,61.02488740688497
2026-08-29,MIL,136,67.95285,0.060907198492595384,68.053033426348,67.852666573652,68.07222591544472,67.83347408455528,68.1097365466743,67.7959634533257
2026-08-29,MIN,136,65.7485,0.0612768319188133,65.84929141922976,65.64770858077026,65.86860038364759,65.62839961635243,65.90633865928513,65.59066134071489
2026-08-29,NYM,136,75.29715,0.06119550505034611,75.39780764843519,75.19649235156481,75.41709098591441,75.17720901408559,75.45477917515416,75.13952082484585
2026-08-29,NYY,137,74.23815,0.06169604565105798,74.33963096445771,74.1366690355423,74.35907202746462,74.11722797253539,74.3970684823011,74.07923151769891
2026-08-29,PHI,136,75.3067,0.06097132629877371,75.40698890720259,75.20641109279742,75.42620160363525,75.18719839636476,75.46375172895662,75.14964827104339
2026-08-29,PIT,137,66.8082,0.06201941597917485,66.91021286131476,66.70618713868524,66.92975582166139,66.68664417833861,66.96795142906815,66.64844857093185
2026-08-29,SDP,136,68.90545,0.06135053960080913,69.00636265757782,68.80453734242218,69.02569484804968,68.78520515195032,69.0634785176923,68.7474214823077
2026-08-29,SEA,136,73.53619157452005,0.07027456363014546,73.65178294538953,73.42060020365057,73.6739271882644,73.39845596077569,73.71720685481269,73.3551762942274
2026-08-29,SEA,138,76.38904734740444,0.11618551820525044,76.58015551842358,76.1979391763853,76.61676677861186,76.16132791619702,76.68832140984554,76.08977328496334
2026-08-29,SFG,137,68.73915,0.061991511606433264,68.84111696270604,68.63718303729395,68.8606511300958,68.61764886990419,68.89882955216714,68.57947044783285
2026-08-29,STL,137,61.7185,0.0616057842343764,61.819832497639105,61.61716750236089,61.839245118338724,61.597754881661274,61.87718598429902,61.55981401570098
2026-08-29,TBR,136,66.9648,0.06218332884559414,67.06708247398758,66.86251752601241,67.08667708497617,66.84292291502382,67.12497364063269,66.8046263593673
2026-08-29,TEX,136,68.80125,0.061453773278680894,68.90233246186729,68.7001675381327,68.9216971823403,68.6808028176597,68.95954443002488,68.64295556997511
2026-08-29,TOR,137,75.15635,0.061601460785224285,75.25767538619809,75.05502461380192,75.2770866445341,75.03561335546591,75.315024847832,74.997675152168
2026-08-29,WSN,138,56.7652,0.06035296655532843,56.86447179593581,56.66592820406419,56.88348964080859,56.64691035919141,56.92065893980932,56.60974106019068
2026-08-30,ARI,138,67.87555,0.06197386665266581,67.97748793933985,67.77361206066016,67.99701654662192,67.75408345337809,68.03518410177817,67.71591589822184
2026-08-30,ATH,137,66.86205,0.061597245887377444,66.96336845330806,66.76073154669193,66.98277838348612,66.74132161651387,67.02071399097461,66.70338600902538
2026-08-30,ATL,138,74.50305,0.06175151979817895,74.6046222113098,74.4014777886902,74.62408075479505,74.38201924520496,74.66211137423483,74.34398862576518
2026-08-30,BAL,137,72.96485,0.06222788233052737,73.06720575794887,72.86249424205113,73.08681440820203,72.84288559179797,73.12513840280477,72.80456159719523
2026-08-30,BOS,137,72.346110031495,0.0708247842238671,72.46260643470369,72.22961362828632,72.4849240577866,72.2072960052034,72.52854258611637,72.16367747687363
2026-08-30,BOS,139,75.56667323222375,0.12286229045391527,75.76876371629244,75.36458274815506,75.80747889657152,75.32586756787597,75.88314552027607,75.25020094417143
2026-08-30,CHC,137,72.94575,0.06077371980655747,73.04571387344716,72.84578612655285,73.06486430202739,72.82663569797262,73.10229272836341,72.7892072716366
2026-08-30,CHW,136,56.9739,0.060619259928126175,57.07360980955589,56.87419019044411,57.0927115662286,56.8550884337714,57.130044866082315,56.817755133917686
2026-08-30,CIN,137,65.872,0.061560297948549454,65.97325767935689,65.77074232064311,65.99265596685672,65.75134403314328,66.03056881939108,65.71343118060892
2026-08-30,CLE,138,65.24205,0.06198915407259675,65.34401308490797,65.14008691509204,65.3635465094144,65.1205534905856,65.4017234795624,65.0823765204376
2026-08-30,COL,137,53.6097,0.059329076281909386,53.70728764630598,53.512112353694015,53.725982852748565,53.49341714725143,53.762521573239425,53.45687842676057
2026-08-30,DET,137,73.04625,0.06238301154065461,73.1488609227928,72.9436390772072,73.16851845586683,72.92398154413317,73.20693798917004,72.88556201082996
2026-08-30,HOU,137,70.08115,0.06232830396175358,70.18367093683322,69.97862906316676,70.2033112309825,69.9589887690175,70.24169707178518,69.9206029282148
2026-08-30,KCR,138,68.5137,0.06217020083764895,68.6159608803361,68.4114391196639,68.63555135455341,68.39184864544659,68.67383982512514,68.35356017487486
2026-08-30,LAA,137,59.31465,0.06115557430920318,59.41524196821079,59.21405803178921,59.4345127230999,59.1947872769001,59.47217632038101,59.15712367961899
2026-08-30,LAD,137,83.4483,0.0597762077690677,83.54662311215436,83.34997688784564,83.56545921435976,83.33114078564024,83.60227330762659,83.29432669237342
2026-08-30,MIA,137,61.7218,0.06177961697885222,61.82341842705934,61.620181572940666,61.84288582425723,61.60071417574277,61.880933747776155,61.56266625222385
2026-08-30,MIL,137,68.44625,0.061269268340964765,68.5470289782513,68.34547102174871,68.56633555930742,68.3261644406926,68.60406917679967,68.28843082320034
2026-08-30,MIN,137,66.30285,0.0616380284905576,66.40423553472084,66.20146446527917,66.42365831591955,66.18204168408046,66.46161903999896,66.14408096000105
2026-08-30,NYM,137,75.835,0.06154005288351187,75.93622437918822,75.73377562081177,75.95561628725837,75.71438371274162,75.99351667155929,75.6764833284407
2026-08-30,NYY,138,74.7421,0.06203351342088694,74.84413604954288,74.6400639504571,74.86368345213941,74.62051654786057,74.90188774167162,74.58231225832837
2026-08-30,PHI,137,75.9103,0.061289358903285504,76.01111202428561,75.8094879757144,76.03042493608599,75.79017506391402,76.06817092665881,75.7524290733412
2026-08-30,PIT,138,67.345,0.06237878890829232,67.44760397718065,67.24239602281935,67.46726017965948,67.22273982034052,67.50567711238988,67.18432288761012
2026-08-30,SDP,137,69.42095,0.061710760534717864,69.52245516828746,69.31944483171254,69.54190086810662,69.29999913189339,69.57990638532962,69.26199361467039
2026-08-30,SEA,137,74.03045926327928,0.07072459300623865,74.14679086660026,73.91412765995831,74.16907691839276,73.8918416081658,74.21263374242632,73.84828478413225
2026-08-30,SEA,139,76.8904734740445,0.11687275743978619,77.08271205301115,76.69823489507785,77.11953986940037,76.66140707868863,77.19151774744446,76.58942920064453
2026-08-30,SFG,138,69.2511,0.06235332257660222,69.35366208879259,69.1485379112074,69.37331026656655,69.12888973343344,69.41171151546644,69.09048848453355
2026-08-30,STL,138,62.1817,0.06197440033445144,62.28363881716827,62.07976118283173,62.30316759261899,62.06023240738101,62.34133547645135,62.02206452354865
2026-08-30,TBR,137,67.4493,0.06254052319378246,67.55217000640673,67.34642999359326,67.5718771730341,67.32672282696589,67.61039371230181,67.28820628769817
2026-08-30,TEX,137,69.30785,0.06183684264765176,69.40956255490822,69.20613744509178,69.42904798450706,69.18665201549294,69.46713115133076,69.14856884866924
2026-08-30,TOR,138,75.6602,0.06195795943570823,75.76211177429634,75.55828822570366,75.78163536904958,75.53876463095042,75.81979312750259,75.50060687249741
2026-08-30,WSN,139,57.2265,0.060716753978705636,57.326370172998594,57.12662982700141,57.34550265105644,57.10749734894356,57.38289599411472,57.070104005885284
2026-08-31,ARI,139,68.32365,0.06236176299102807,68.42622597203888,68.22107402796112,68.44587680947484,68.20142319052516,68.48428325653326,68.16301674346674
2026-08-31,ATH,138,67.3492,0.0619819736395414,67.45115127414661,67.24724872585338,67.4706824360242,67.22771756397579,67.50885498399252,67.18954501600747
2026-08-31,BAL,138,73.5953,0.06252224681717179,73.69813994444237,73.49246005555761,73.71784135199418,73.47275864800581,73.75634663547538,73.43425336452461
2026-08-31,BOS,138,72.83682905581988,0.07128880301467751,72.9540887020196,72.71956940962015,72.97655254222961,72.69710556941014,73.02045684364,72.65320126799975
2026-08-31,BOS,140,76.0785897183376,0.12336925012993694,76.2815140768681,75.87566535980709,76.32038900539199,75.8367904312832,76.39636784797914,75.76081158869606
2026-08-31,CHC,138,73.47515,0.061107657712978415,73.5756631524237,73.3746368475763,73.59491880829704,73.35538119170296,73.63255289540832,73.31774710459167
2026-08-31,CHW,137,57.39555,0.06098865050687334,57.495867402989106,57.295232597010894,57.51508555845917,57.27601444154083,57.55264635315951,57.23845364684049
2026-08-31,CIN,138,66.33865,0.061972496628681116,66.44058568585092,66.23671431414908,66.46011386142425,66.21718613857576,66.49828057283024,66.17901942716976
2026-08-31,COL,138,53.97925,0.059638148925963225,54.07734602556555,53.881153974434454,54.09613862399952,53.86236137600048,54.13286769161291,53.82563230838709
2026-08-31,DET,138,73.5985,0.06275174719949103,73.70171743897862,73.49528256102138,73.72149116447797,73.47550883552204,73.76013778928534,73.43686221071466
2026-08-31,HOU,138,70.6595,0.06264658184778217,70.76254445736843,70.55645554263155,70.78228504417619,70.5367149558238,70.82086690129069,70.4981330987093
2026-08-31,LAA,138,59.7071,0.061537141796568974,59.80831959087631,59.605880409123685,59.82771058163281,59.58648941836719,59.865609173096246,59.54859082690375
2026-08-31,MIA,138,62.2533,0.0621214126448801,62.35548063090028,62.151119369099725,62.37505573145272,62.13154426854729,62.41331415506854,62.093285844931465
2026-08-31,MIL,138,68.91685,0.06160536961136786,69.01818181564494,68.81551818435506,69.03759430569255,68.79610569430744,69.07553491630092,68.75816508369907
2026-08-31,MIN,138,66.7506,0.06200695303843952,66.8525923616015,66.64860763839852,66.87213139474642,66.6290686052536,66.9103193266602,66.59088067333981
2026-08-31,NYM,138,76.38675,0.06186804590925941,76.48851387970625,76.28498612029377,76.50800914177603,76.26549085822398,76.54611152560639,76.22738847439362
2026-08-31,NYY,139,75.34965,0.062374628444493874,75.45224713382667,75.24705286617332,75.47190202530027,75.22739797469973,75.51031639574529,75.1889836042547
2026-08-31,PHI,138,76.4622,0.06164635894907823,76.56359923710573,76.36080076289426,76.58302464331821,76.34137535668178,76.62099049783812,76.30340950216187
2026-08-31,SDP,138,69.9543,0.06208404220824253,70.05641916200204,69.85218083799796,70.07598248674282,69.83261751325719,70.11421789520276,69.79438210479725
2026-08-31,SEA,138,74.5268977681297,0.07113257528559148,74.6439004425826,74.4098950936768,74.66631505381704,74.38748048244236,74.71012313998723,74.34367239627217
2026-08-31,SEA,140,77.4152880775813,0.11750570043657593,77.60856775513187,77.22200840003072,77.64559501841514,77.18498113674745,77.71796270409986,77.11261345106273
2026-08-31,TBR,138,67.89755,0.06288135974313189,68.00098063264113,67.79411936735886,68.02079520039544,67.77430479960455,68.05952164907336,67.73557835092663
2026-08-31,TEX,138,69.8207,0.062178178501738846,69.92297400242582,69.71842599757419,69.94256699048772,69.69883300951228,69.98086037422607,69.66053962577394
2026-08-31,WSN,140,57.695,0.06109529754219287,57.79549282175196,57.594507178248044,57.81474458280746,57.575255417192544,57.85237105771822,57.53762894228178
2026-09-01,ARI,140,68.7717,0.06271718765841912,68.87486059359215,68.66853940640785,68.89462342902213,68.64877657097786,68.93324876980672,68.61015123019327
2026-09-01,ATH,139,67.8407,0.06236830658101348,67.9432867352866,67.73811326471339,67.96293963467554,67.71846036532446,68.0013501117041,67.6800498882959
2026-09-01,ATL,139,75.1274,0.0620659413128776,75.22948938867864,75.02531061132134,75.24904700963981,75.00575299036018,75.28727127038606,74.96752872961393
2026-09-01,BAL,139,74.2426,0.06281293286598529,74.34591808044406,74.13928191955593,74.36571108618065,74.11948891381934,74.40439539311805,74.08080460688194
2026-09-01,BOS,139,73.33049654895129,0.07172640820305644,73.4484759916323,73.21251710627028,73.4710777257697,73.18991537213287,73.51525153303903,73.14574156486354
2026-09-01,BOS,141,76.60114240693323,0.12405110576741171,76.8051883181821,76.39709649568437,76.84427810647973,76.35800670738674,76.92067688030657,76.2816079335599
2026-09-01,CHC,139,74.0121,0.06142801762687338,74.11314009759,73.91105990241,74.13249670219037,73.89170329780964,74.17032808786222,73.85387191213779
2026-09-01,CHW,138,57.8047,0.061328916159491,57.905577090181936,57.70382290981806,57.92490246688347,57.68449753311652,57.962672819398506,57.64672718060149
2026-09-01,CIN,139,66.81005,0.06233400136571746,66.9125803082288,66.70751969177121,66.93222239768907,66.68787760231093,66.97061174732528,66.64948825267473
2026-09-01,CLE,139,65.65845,0.06230881799003225,65.76093888526196,65.55596111473804,65.78057303917973,65.53632696082028,65.81894687924822,65.49795312075179
2026-09-01,COL,139,54.33195,0.059979561829566985,54.43060759981832,54.233292400181675,54.449507780994445,54.21439221900555,54.48644711297462,54.177452887025375
2026-09-01,DET,139,74.15295,0.06313629799474492,74.25679996874895,74.04910003125106,74.27669487018689,74.02920512981312,74.31557832649247,73.99032167350754
2026-09-01,HOU,139,71.25035,0.0629829507603392,71.35394773499425,71.14675226500574,71.37379431513033,71.12690568486967,71.41258333019246,71.08811666980753
2026-09-01,KCR,139,69.0638,0.062492973577733625,69.16659179424832,68.96100820575168,69.18628397749917,68.94131602250083,69.22477123260744,68.90282876739256
2026-09-01,LAA,139,60.09815,0.06189129466647774,60.199952120508875,59.99634787949112,60.21945470850285,59.97684529149714,60.25757141043649,59.9387285895635
2026-09-01,LAD,138,84.0948,0.060106083594460354,84.1936657096022,83.99593429039781,84.2126057590969,83.97699424090311,84.24962301144417,83.93997698855584
2026-09-01,MIA,139,62.7032,0.06245514806864213,62.8059295768225,62.600470423177505,62.825609840863656,62.58079015913635,62.864073800552696,62.54232619944731
2026-09-01,MIL,139,69.3799,0.0619640280851626,69.48182175633642,69.2779782436636,69.50134726338395,69.25845273661606,69.5395087593077,69.22029124069232
2026-09-01,MIN,139,67.19615,0.062338816681729324,67.2986882287188,67.0936117712812,67.31833183553503,67.07396816446497,67.35672415075736,67.03557584924265
2026-09-01,NYM,139,76.9371,0.06221941611978621,77.03944183227144,76.83475816772857,77.05904781473389,76.81515218526611,77.09736659529105,76.77683340470895
2026-09-01,NYY,140,75.9586,0.06270339614242885,76.06173790856705,75.85546209143295,76.08149639814751,75.8357036018525,76.1201132452157,75.7970867547843
2026-09-01,PHI,139,77.01415,0.06199717470464731,77.11612627767369,76.91217372232632,77.13566222956435,76.89263777043566,77.17384413934147,76.85445586065853
2026-09-01,PIT,139,67.834,0.06277212133551689,67.93725095145017,67.73074904854984,67.95703109705079,67.71096890294922,67.99569026958196,67.67230973041805
2026-09-01,SDP,139,70.4829,0.06243216533377183,70.5855917735877,70.38020822641231,70.60526479553104,70.36053520446896,70.64371460095074,70.32208539904926
2026-09-01,SEA,139,75.01607760667525,0.07160874888327728,75.13386351699737,74.89829169635314,75.15642817546446,74.87572703788605,75.20052952043928,74.83162569291123
2026-09-01,SEA,141,77.94181403308613,0.11812500991274331,78.13611238407479,77.74751568209747,78.17333479818855,77.71029326798372,78.24608389510138,77.63754417107089
2026-09-01,SFG,139,69.7621,0.0626769223824043,69.86519436310685,69.65900563689316,69.88494451053133,69.63925548946868,69.92354505332887,69.60065494667114
2026-09-01,STL,139,62.5352,0.0622824774984921,62.637645559008924,62.43275444099108,62.65727141276498,62.41312858723503,62.695629030638244,62.37477096936176
2026-09-01,TBR,139,68.3472,0.06328592152598538,68.45129607755699,68.24310392244301,68.47123812691936,68.22316187308064,68.51021373116873,68.18418626883127
2026-09-01,TEX,139,70.3292,0.06252528959222776,70.43204494936197,70.22635505063803,70.45174731572371,70.20665268427629,70.49025447314455,70.16814552685545
2026-09-01,TOR,139,76.2438,0.06228789663412436,76.34625447269381,76.14134552730617,76.36588203407563,76.12171796592436,76.4042429894066,76.08335701059339
2026-09-01,WSN,141,58.07065,0.06149578859951142,58.171801570920145,57.969498429079856,58.19117953085593,57.95012046914407,58.22905265431947,57.912247345680534
2026-09-02,ARI,141,69.2164,0.06307691722709931,69.32015229607791,69.11264770392208,69.34002848602093,69.09277151397906,69.37887537177109,69.0539246282289
2026-09-02,ATH,140,68.3274,0.06272776259847013,68.43057798782064,68.22422201217935,68.45034415552378,68.20445584447621,68.48897600904719,68.1658239909528
2026-09-02,ATL,140,75.745,0.06242053801577115,75.8476726483515,75.6423273516485,75.86734200640653,75.62265799359348,75.90578465096432,75.58421534903569
2026-09-02,BAL,140,74.878,0.06311394432689507,74.98181320023731,74.77418679976269,75.00170105780298,74.75429894219702,75.04057074725976,74.71542925274024
2026-09-02,BOS,140,73.81592173155532,0.07211283476172858,73.93453678936291,73.69730667374773,73.9572602905114,73.67458317259924,74.00167208449656,73.63017137861408
2026-09-02,BOS,142,77.12349812881622,0.12488073931456221,77.32890866581417,76.91808759181828,77.3682598802355,76.87873637739695,77.44516959659153,76.80182666104092
2026-09-02,CHC,140,74.54545,0.061730966706244964,74.64698840448199,74.44391159551802,74.66644047147508,74.42445952852492,74.70445843297836,74.38644156702165
2026-09-02,CHW,139,58.2181,0.06164017841537913,58.31948907103247,58.11671092896753,58.33891252969477,58.09728747030523,58.376874577838315,58.059325422161685
2026-09-02,CIN,140,67.274,0.06270963103775407,67.37714816405725,67.17085183594276,67.3969086183178,67.1510913816822,67.43552930524179,67.11247069475822
2026-09-02,CLE,140,66.0726,0.06266807661314758,66.1756798131112,65.96952018688879,66.19542717314216,65.94977282685782,66.23402226813718,65.91117773186281
2026-09-02,COL,140,54.69655,0.06030340147857734,54.79574026863955,54.597359731360456,54.81474249504328,54.57835750495673,54.8518812686322,54.541218731367806
2026-09-02,DET,140,74.7024,0.06351431661775754,74.80687175405205,74.59792824594794,74.82688577307347,74.57791422692652,74.8660020379389,74.5387979620611
2026-09-02,HOU,140,71.83695,0.06331937856659785,71.94110110949158,71.73279889050842,71.96105370151399,71.71284629848601,72.00004991079435,71.67385008920566
2026-09-02,KCR,140,69.608,0.06279919575081618,69.71129548490038,69.50470451509963,69.73108416192969,69.48491583807032,69.76976000865426,69.44623999134575
2026-09-02,LAA,140,60.4884,0.06222798315946279,60.590755923797715,60.38604407620228,60.61036460582311,60.36643539417689,60.64868866252289,60.328111337477104
2026-09-02,LAD,139,84.74675,0.06036073138034053,84.8460345679364,84.64746543206361,84.86505485958597,84.62844514041404,84.90222894067313,84.59127105932689
2026-09-02,MIA,140,63.159,0.06280054255663131,63.26229770019879,63.055702299801204,63.28208680162057,63.035913198379426,63.32076347779614,62.997236522203856
2026-09-02,MIL,140,69.84655,0.06229429495414644,69.94901499699371,69.74408500300628,69.96864457455244,69.72445542544754,70.0070094703868,69.68609052961318
2026-09-02,MIN,140,67.6467,0.062708616425725,67.74984649516895,67.54355350483104,67.76960662971476,67.52379337028523,67.80822669177438,67.48517330822561
2026-09-02,NYM,140,77.48335,0.06252072921003121,77.58618744820077,77.38051255179923,77.60588837753885,77.36081162246116,77.64439272637844,77.32230727362156
2026-09-02,NYY,141,76.56835,0.06302090919389194,76.67201017106134,76.46468982893865,76.69186871229299,76.444831287707,76.73068110463791,76.40601889536208
2026-09-02,PHI,140,77.56945,0.06238123440422824,77.67205799966351,77.4668420003365,77.69171497274344,77.44718502725657,77.73013341156997,77.40876658843004
2026-09-02,PIT,140,68.33135,0.06312635824859744,68.43518361932145,68.22751638067855,68.45507538864243,68.20762461135757,68.49395272340307,68.16874727659693
2026-09-02,SDP,140,71.01895,0.06280021288349198,71.12224715793474,70.91565284206527,71.1420361554731,70.89586384452691,71.18071262861442,70.85718737138559
2026-09-02,SEA,140,75.51265178753137,0.07202541175132654,75.63112304728321,75.39418052777953,75.65381900053563,75.3714845745271,75.6981769537206,75.32712662134213
2026-09-02,SEA,142,78.47119224187108,0.118651972575225,78.66635736930638,78.27602711443578,78.70374583481315,78.23863864892901,78.77681946975423,78.16556501398793
2026-09-02,SFG,140,70.26475,0.06305792326868497,70.36847105379653,70.16102894620349,70.38834125854652,70.1411587414535,70.42717644657642,70.10232355342359
2026-09-02,STL,140,62.88325,0.06258683429816848,62.98619618139475,62.78030381860524,63.00591794113078,62.76058205886921,63.04446300180158,62.72203699819841
2026-09-02,TBR,140,68.80095,0.06369332223113998,68.90571619208448,68.69618380791552,68.92578661762875,68.67611338237126,68.96501312584336,68.63688687415664
2026-09-02,TEX,140,70.8425,0.06286626516554655,70.94590580427044,70.73909419572956,70.96571561556702,70.71928438443298,71.00443276801809,70.68056723198191
2026-09-02,TOR,140,76.82965,0.06261239940701022,76.93263823225675,76.72666176774325,76.95236804782338,76.70693195217662,76.99092885315808,76.66837114684192
2026-09-02,WSN,142,58.45305,0.06186490239370315,58.55480870908328,58.35129129091671,58.574302980598745,58.33179701940125,58.61240342844689,58.293696571553106
2026-09-03,ATH,141,68.7615,0.0630260224151508,68.86516858156189,68.65783141843811,68.88502873402251,68.63797126597748,68.92384427542308,68.59915572457692
2026-09-03,BAL,141,75.3746,0.06346767011051713,75.47899502737545,75.27020497262455,75.49899434759928,75.25020565240072,75.53808188449865,75.21111811550135
2026-09-03,BOS,141,74.3132748106949,0.07258578109254099,74.43266779599008,74.19388182539973,74.455540327426,74.17100929396382,74.50024339265406,74.12630622873576
2026-09-03,BOS,143,77.64467205042348,0.1256763666856654,77.85139127798848,77.43795282285848,77.89099320283523,77.39835089801173,77.96839291849598,77.32095118235098
2026-09-03,CHC,141,75.08085,0.06209499539655095,75.18298717839355,74.97871282160645,75.20255395459742,74.95914604540258,75.24079610874617,74.92090389125383
2026-09-03,CHW,140,58.6396,0.06197602474652739,58.74154148908836,58.53765851091164,58.76107077640816,58.51812922359184,58.79923966065958,58.47996033934042
2026-09-03,CLE,141,66.4835,0.06302566936772654,66.58716800085055,66.37983199914946,66.60702804206228,66.35997195793773,66.64584336603318,66.32115663396684
2026-09-03,HOU,141,72.41545,0.0636456605227738,72.52013779555061,72.3107622044494,72.5401932023969,72.29070679760311,72.57939035741829,72.25150964258172
2026-09-03,KCR,141,70.16025,0.06314438104469709,70.26411326418298,70.05638673581703,70.28401071267369,70.03648928732632,70.3228991470494,69.99760085295061
2026-09-03,LAD,140,85.39475,0.060691764650484634,85.49457906921144,85.29492093078856,85.51370367287313,85.27579632712687,85.55108162587081,85.2384183741292
2026-09-03,MIA,141,63.60675,0.06313821777340692,63.71060312650384,63.502896873496155,63.73049863288392,63.483001367116074,63.76938327151459,63.444116728485405
2026-09-03,MIL,141,70.31115,0.06264401805060765,70.41419024029736,70.20810975970264,70.43393001922607,70.18836998077393,70.4725102973868,70.14978970261319
2026-09-03,PIT,141,68.82095,0.06350079662833846,68.92539951564842,68.71650048435157,68.94540927438115,68.69649072561884,68.98451721275397,68.65738278724602
2026-09-03,SEA,141,76.07875992130792,0.07239318779540008,76.19783611881977,75.95968372379608,76.22064796211295,75.93687188050289,76.26523241580863,75.89228742680721
2026-09-03,SEA,143,79.03650884198517,0.11932405286888634,79.2327794431291,78.84023824084123,79.27037968809753,78.8026379958728,79.34386723398306,78.72915044998727
2026-09-03,SFG,141,70.77515,0.06340047795486445,70.8794345061145,70.67086549388549,70.89941265339415,70.65088734660584,70.93845880897514,70.61184119102485
2026-09-03,STL,141,63.23525,0.06296037303180158,63.33881059793558,63.131689402064424,63.35865006359554,63.11184993640446,63.39742517381769,63.073074826182314
2026-09-03,TBR,141,69.2927,0.06402988620024537,69.39801979054975,69.18738020945024,69.41819627088668,69.16720372911331,69.4576300571775,69.1277699428225
2026-09-03,TEX,141,71.35075,0.06321187395517915,71.45472428014158,71.24677571985843,71.47464299634744,71.22685700365257,71.513572997266,71.18792700273401
2026-09-03,TOR,141,77.41875,0.06292958706778097,77.522259959531,77.315240040469,77.54208972421483,77.29541027578517,77.58084587442943,77.25665412557058
2026-09-04,ARI,142,69.6997,0.06342233135974869,69.8040204517668,69.59537954823321,69.82400548528068,69.57539451471933,69.86306509961584,69.53633490038418
2026-09-04,ATH,142,69.20265,0.06334540062912263,69.3068439119755,69.0984560880245,69.32680470381935,69.07849529618066,69.36581693918555,69.03948306081446
2026-09-04,ATL,141,76.23655,0.06274696457959686,76.33975957226895,76.13334042773104,76.35953179071521,76.11356820928478,76.39817547007287,76.07492452992712
2026-09-04,BAL,142,75.87095,0.06382627589441307,75.97593488139972,75.76596511860026,75.99604720202036,75.74585279797962,76.03535559178522,75.70654440821477
2026-09-04,BOS,142,74.81277223078469,0.07296313610050204,74.93278590983336,74.69275855173602,74.95577734974077,74.6697671118286,75.00071281483119,74.62483164673819
2026-09-04,BOS,144,78.16052787078983,0.12643411705399024,78.3684934867965,77.95256225478317,78.40833418663277,77.9127215549469,78.48620057446584,77.83485516711383
2026-09-04,CHC,142,75.6563,0.06241068234015313,75.75895643720771,75.55364356279229,75.77862268963727,75.53397731036273,75.81705926442625,75.49554073557375
2026-09-04,CHW,141,59.07965,0.06234632825682165,59.18220058416034,58.97709941583966,59.20184655795168,58.95745344204832,59.2402434992926,58.9190565007074
2026-09-04,CIN,141,67.7503,0.06307088387139989,67.8540423720909,67.64655762790909,67.87391666086104,67.62668333913895,67.91275983087668,67.58784016912331
2026-09-04,CLE,142,66.9255,0.06339943581707251,67.02978279195038,66.82121720804962,67.04976061084162,66.80123938915838,67.08880612460608,66.76219387539392
2026-09-04,COL,141,55.13775,0.060635077121282514,55.23748582652342,55.038014173476576,55.25659256735752,55.01890743264247,55.29393560847194,54.98156439152805
2026-09-04,DET,141,75.2604,0.06384546502430875,75.36541644470964,75.15538355529037,75.38553481202386,75.13526518797615,75.42485501970833,75.09594498029168
2026-09-04,HOU,142,72.93215,0.06403211947523862,73.03747346396023,72.82682653603976,73.05765064802523,72.80664935197476,73.09708580971265,72.76721419028733
2026-09-04,KCR,142,70.59705,0.06348039502793493,70.701465958002,70.49263404199799,70.72146928797912,70.47263071202087,70.76056466171381,70.43353533828618
2026-09-04,LAA,141,60.93985,0.06257721146107971,61.04278035323627,60.83691964676373,61.06249908071666,60.81720091928334,61.101038215015826,60.77866178498417
2026-09-04,LAD,141,86.07225,0.061023992767268526,86.1726255358343,85.9718744641657,86.19185482801667,85.95264517198332,86.22943738878948,85.91506261121052
2026-09-04,MIA,142,64.0313,0.06352143546975493,64.13578346352159,63.92681653647841,64.15579972576701,63.906800274233,64.1949203748865,63.86767962511352
2026-09-04,MIL,142,70.83485,0.06294741370953727,70.93838928174735,70.73131071825266,70.95822466379065,70.71147533620936,70.99699179281565,70.67270820718436
2026-09-04,MIN,141,68.20665,0.06307429117465643,68.31039797660603,68.10290202339397,68.33027333905271,68.08302666094728,68.36911860750826,68.04418139249174
2026-09-04,NYM,141,78.03015,0.06288799403594228,78.13359154508173,77.92670845491828,78.15340820337042,77.9068917966296,78.19213873787919,77.86816126212082
2026-09-04,NYY,142,77.11095,0.06339537012686863,77.21522610448511,77.0066738955149,77.23520264223525,76.98669735776475,77.27424565208212,76.94765434791789
2026-09-04,PHI,141,78.0779,0.06270070293391773,78.18103347863327,77.97476652136673,78.20079111955582,77.95500888044418,78.2394063079703,77.9163936920297
2026-09-04,PIT,142,69.3695,0.0638521130591391,69.47452737975384,69.26447262024617,69.49464784193269,69.24435215806731,69.53397214391126,69.20502785608875
2026-09-04,SDP,141,71.47635,0.06319997425404757,71.58030470687501,71.37239529312498,71.60021967336179,71.3524803266382,71.63914234566711,71.31355765433288
2026-09-04,SEA,142,76.63075775049182,0.07282179376913216,76.7505389420941,76.51097655888955,76.77348584356892,76.48802965741473,76.81833426081936,76.4431812401643
2026-09-04,SEA,144,79.61456550675034,0.12011047343294662,79.81212965461138,79.4170013588893,79.84997770884497,79.3791533046557,79.92394958388205,79.30518142961863
2026-09-04,SFG,142,71.22835,0.06375812551199599,71.33322278399604,71.12347721600398,71.3533136297253,71.1033863702747,71.39258004803315,71.06411995196686
2026-09-04,STL,142,63.79405,0.06335047272116204,63.89825225482449,63.689847745175506,63.918214644937066,63.66988535506293,63.957230004028844,63.63086999597115
2026-09-04,TBR,142,69.78705,0.06435574720244398,69.8929057842011,69.68119421579888,69.91318494671495,69.66091505328504,69.95281941949584,69.62128058050415
2026-09-04,TEX,142,71.8564,0.06357519989982038,71.96097189813938,71.75182810186061,71.98100510211357,71.73179489788642,72.02015886288093,71.69264113711905
2026-09-04,TOR,142,77.98195,0.06329665499220048,78.08606373253781,77.87783626746219,78.10600916412656,77.85789083587343,78.14499137874553,77.81890862125447
2026-09-04,WSN,143,58.77555,0.06219957434924654,58.8778591954632,58.6732408045368,58.89745892557825,58.653641074421756,58.93576548627706,58.61533451372294
2026-09-05,ARI,143,70.1837,0.06378268673438232,70.28861318361176,70.07878681638825,70.30871176883659,70.05868823116342,70.34799331354951,70.0194066864505
2026-09-05,ATH,143,69.6456,0.06370928484647073,69.75039244825021,69.5408075517498,69.77046790377989,69.52073209622012,69.80970424281568,69.48149575718432
2026-09-05,ATL,142,76.72335,0.06309873066366369,76.82713817598815,76.61956182401184,76.84702123957096,76.59967876042903,76.8858815594602,76.56081844053979
2026-09-05,BAL,143,76.36075,0.06415189977847281,76.46627048502644,76.25522951497355,76.48648541310563,76.23501458689437,76.52599434332772,76.19550565667227
2026-09-05,BOS,143,75.31863566307042,0.07343928662800168,75.43943254004122,75.19783878609962,75.46257401991163,75.17469730622922,75.50780272959855,75.1294685965423
2026-09-05,BOS,145,78.68347449281072,0.12717530023662268,78.89265924666357,78.47428973895786,78.93273350099757,78.43421548462386,79.01105635784783,78.3558926277736
2026-09-05,CHC,143,76.23545,0.06277198962124006,76.33870073479946,76.13219926520054,76.35848083889556,76.11241916110444,76.39713993030846,76.07376006969155
2026-09-05,CHW,142,59.52005,0.0627661284389834,59.623291094012565,59.41680890598743,59.64306935118942,59.39703064881058,59.68172483290345,59.35837516709655
2026-09-05,CIN,142,68.224,0.06339883414234466,68.32828180228353,68.11971819771648,68.34825943158083,68.09974056841918,68.3873045747947,68.06069542520531
2026-09-05,CLE,143,67.3623,0.06373970562376054,67.46714248597607,67.25745751402394,67.48722752740775,67.23737247259226,67.52648260154527,67.19811739845474
2026-09-05,COL,142,55.57985,0.06100551026332893,55.680195134820664,55.47950486517934,55.69941860297461,55.46028139702539,55.73698978101424,55.42271021898576
2026-09-05,DET,142,75.8236,0.0641908106741826,75.92918448775438,75.71801551224561,75.94941167705983,75.69778832294017,75.98894457115311,75.65825542884689
2026-09-05,HOU,143,73.44815,0.0643314270438662,73.55396578110006,73.34233421889994,73.57423728008004,73.32206271991996,73.6138567749187,73.2824432250813
2026-09-05,KCR,143,71.03495,0.06383271226912395,71.13994546829402,70.92995453170597,71.16005981708298,70.90984018291701,71.19937217078781,70.87052782921218
2026-09-05,LAA,142,61.39315,0.06289707430376079,61.496606480793176,61.28969351920682,61.51642600036831,61.269873999631685,61.555162127099116,61.23113787290088
2026-09-05,LAD,142,86.7559,0.06134524367419259,86.85680394655371,86.65499605344628,86.87613446822425,86.63566553177574,86.91391487628933,86.59788512371067
2026-09-05,MIA,143,64.45215,0.06386622318250977,64.55720058884144,64.34709941115857,64.57732549726632,64.32697450273369,64.61665848918051,64.2876415108195
2026-09-05,MIL,143,71.36115,0.06327800754754345,71.46523306022084,71.25706693977915,71.48517261580663,71.23712738419336,71.52414334611115,71.19815665388884
2026-09-05,MIN,142,68.76625,0.06349793025156272,68.8706948008782,68.6618051991218,68.8907036563859,68.6417963436141,68.92980982945667,68.60269017054333
2026-09-05,NYM,142,78.58905,0.06321173380820631,78.69302404962032,78.48507595037968,78.71294272166442,78.46515727833558,78.75187263627132,78.42622736372869
2026-09-05,NYY,143,77.66035,0.0637227779015964,77.76516464235085,77.55553535764913,77.78524434968197,77.53545565031801,77.82448899862247,77.49621100137752
2026-09-05,PHI,142,78.5911,0.06303922379508521,78.69479029589955,78.48740970410044,78.71465460825172,78.46754539174827,78.75347827992435,78.42872172007564
2026-09-05,PIT,143,69.9162,0.06416607158177211,70.02174379556851,69.8106562044315,70.04196318932969,69.79043681067031,70.08148084747396,69.75091915252605
2026-09-05,SDP,142,71.92695,0.06356518474377754,72.03150542467365,71.82239457532636,72.05153547276845,71.80236452723156,72.09068306554853,71.76321693445148
2026-09-05,SEA,143,77.17977070755038,0.07321108626049425,77.300192228319,77.05934918678174,77.32326179989,77.03627961521074,77.3683499688848,76.99119144621595
2026-09-05,SEA,145,80.19414337326488,0.12066875880441798,80.39262581884405,79.9956609276857,80.43064979458069,79.95763695194907,80.50496549821618,79.88332124831358
2026-09-05,SFG,143,71.66945,0.06411189321504712,71.7749046800855,71.5639953199145,71.79510700168217,71.54379299831783,71.83459129324932,71.50430870675068
2026-09-05,STL,143,64.35195,0.06370499961717134,64.45673539967525,64.24716460032475,64.4768095048848,64.2270904951152,64.51604320479649,64.18785679520352
2026-09-05,TBR,143,70.28615,0.06469167380357367,70.39255833428938,70.17974166571064,70.41294335075463,70.15935664924538,70.45278470907888,70.11951529092113
2026-09-05,TEX,143,72.3573,0.06392363527723817,72.46244502333369,72.2521549766663,72.48258802290425,72.23201197709574,72.52195637293647,72.19264362706352
2026-09-05,TOR,143,78.54405,0.06365976443685158,78.64876099442483,78.43933900557516,78.66882084556053,78.41927915443947,78.70802668669346,78.38007331330654
2026-09-05,WSN,144,59.0919,0.062494983803902435,59.19469510077612,58.98910489922388,59.21438791747006,58.96941208252994,59.25287641060691,58.930923589393096
2026-09-06,ARI,144,70.66065,0.06413345643177748,70.76614014842075,70.55515985157926,70.78634926481035,70.53495073518965,70.82584683641485,70.49545316358515
2026-09-06,ATH,144,70.08255,0.06405499142901652,70.18791108497636,69.97718891502363,70.2080954762309,69.9570045237691,70.24754472396143,69.91755527603857
2026-09-06,ATL,143,77.21555,0.06343568092292963,77.31989240984421,77.11120759015577,77.3398816499437,77.09121835005628,77.37894948581186,77.05215051418813
2026-09-06,BAL,144,76.85665,0.0645385024600818,76.96280638984949,76.75049361015051,76.98314314043792,76.73015685956209,77.02289016584385,76.69040983415616
2026-09-06,BOS,144,75.82114856262146,0.07390984092988609,75.94271943254239,75.69957769270053,75.96600918894713,75.6762879362958,76.0115276967093,75.63076942853363
2026-09-06,BOS,146,79.19223951152256,0.12784996296309367,79.40253398680801,78.98194503623711,79.442820834355,78.94165818869011,79.52155919258054,78.86291983046458
2026-09-06,CHC,144,76.81475,0.06307737755846378,76.91850305325563,76.71099694674437,76.93837938825382,76.69112061174619,76.97722655750611,76.6522734424939
2026-09-06,CHW,143,59.9629,0.06312238431230296,60.066727082777916,59.85907291722208,60.08661759987041,59.83918240012959,60.1254924872215,59.800307512778495
2026-09-06,CIN,143,68.7003,0.06376631009094944,68.80518624643041,68.59541375356959,68.82527967120527,68.57532032879473,68.86455113011145,68.53604886988855
2026-09-06,CLE,144,67.7983,0.06411225604023564,67.90375527687982,67.69284472312017,67.92395771280647,67.67264228719353,67.96344222782507,67.63315777217493
2026-09-06,COL,143,56.02235,0.06138661042663931,56.12332198880652,55.92137801119349,56.14266554556921,55.9020344544308,56.18047142998248,55.864228570017524
2026-09-06,DET,143,76.3876,0.0645413944037435,76.4937611466735,76.2814388533265,76.51409880854334,76.26110119145667,76.55384761499708,76.22135238500293
2026-09-06,HOU,144,73.9712,0.06467018354413417,74.07757298595818,73.86482701404181,74.0979512306201,73.8444487693799,74.13777935383887,73.80462064616113
2026-09-06,KCR,144,71.4767,0.06418706142551404,71.5822783207891,71.37112167921089,71.60250432866746,71.35089567133252,71.64203491372852,71.31136508627146
2026-09-06,LAA,143,61.8422,0.06325077067514315,61.94623825955248,61.73816174044752,61.96616923251768,61.71823076748232,62.00512318857708,61.679276811422916
2026-09-06,LAD,143,87.4336,0.06171247826411354,87.53510799370089,87.3320920062991,87.55455423479437,87.31264576520563,87.59256080990733,87.27463919009267
2026-09-06,MIA,144,64.87285,0.06421526550510544,64.97847471237172,64.76722528762828,64.99870960764768,64.74699039235232,65.03825756262323,64.70744243737677
2026-09-06,MIL,144,71.88485,0.06362787871069144,71.9895085470725,71.7801914529275,72.00955835068564,71.76014164931436,72.04874455450566,71.72095544549434
2026-09-06,MIN,143,69.3234,0.06385189484442712,69.42842702082258,69.21837297917743,69.44854741423973,69.19825258576029,69.4878715818274,69.15892841817261
2026-09-06,NYM,143,79.1412,0.06354022344940075,79.24571436699806,79.03668563300194,79.26573654953044,79.01666345046955,79.30486876951501,78.97753123048498
2026-09-06,NYY,144,78.19715,0.06408486121812913,78.30256021640731,78.09173978359267,78.32275401994177,78.07154598005822,78.36222166343951,78.03207833656047
2026-09-06,PHI,143,79.0989,0.06338159670472239,79.20315344922174,78.99464655077826,79.2231256468239,78.9746743531761,79.26216017409774,78.93563982590226
2026-09-06,PIT,144,70.46715,0.06455218348820305,70.57332889313821,70.3609711068618,70.5936699547603,70.3406300452397,70.63342540583699,70.30087459416302
2026-09-06,SDP,143,72.39015,0.0639227342552924,72.49529354128448,72.28500645871553,72.5154362569337,72.26486374306631,72.55480405205776,72.22549594794225
2026-09-06,SEA,144,77.74194423716166,0.07364852743966493,77.86308528464043,77.62080318968289,77.88629269845781,77.59759577586551,77.93165027230397,77.55223820201935
2026-09-06,SEA,146,80.75965012359764,0.12144806284341801,80.95941441025187,80.55988583694341,80.9976839527629,80.52161629443238,81.07247960272896,80.44682064446631
2026-09-06,SFG,144,72.1173,0.06448236141959061,72.22336404605541,72.01123595394459,72.2436831060205,71.9909168939795,72.28339555610661,71.95120444389339
2026-09-06,STL,144,64.90945,0.06408504411732094,65.01486051724973,64.80403948275028,65.03505437841761,64.7838456215824,65.07452213455663,64.74437786544338
2026-09-06,TBR,144,70.7739,0.06502788148762438,70.8808613467179,70.6669386532821,70.90135230570668,70.64644769429331,70.94140072268353,70.60639927731647
2026-09-06,TEX,144,72.86955,0.0642931047628048,72.97530274655708,72.76379725344293,72.99556216978937,72.74353783021064,73.03515806326418,72.70394193673583
2026-09-06,TOR,144,79.1023,0.06396113106265643,79.20750669841233,78.99709330158767,79.22766151329326,78.97693848670674,79.26705295567932,78.93754704432068
2026-09-06,WSN,145,59.4142,0.06283358433963515,59.517552049095414,59.31084795090459,59.53735156232525,59.29104843767475,59.576048587789046,59.252351412210956
2026-09-07,ARI,145,71.15375,0.06448328040312137,71.2598155576488,71.0476844423512,71.28013490719512,71.02736509280489,71.31984792325132,70.98765207674869
2026-09-07,ATH,145,70.52385,0.06433905139611355,70.62967832204352,70.41802167795647,70.64995222353585,70.39774777646414,70.68957641394864,70.35812358605135
2026-09-07,ATL,144,77.70785,0.06376325906456885,77.8127312279386,77.60296877206139,77.83282369130345,77.58287630869654,77.87209327118829,77.5436067288117
2026-09-07,BAL,145,77.4238,0.0649019667750106,77.53055423544616,77.31704576455384,77.55100551740483,77.29659448259517,77.59097638787703,77.25662361212297
2026-09-07,BOS,145,76.42176506064465,0.07434130394620857,76.54404562407287,76.29948449721643,76.56747133894297,76.27605878234633,76.61325556981332,76.23027455147597
2026-09-07,BOS,147,79.79988181997243,0.1284471331308428,80.01115855277422,79.58860508717063,80.0516335748263,79.54813006511856,80.1307397094477,79.46902393049716
2026-09-07,CHC,145,77.34605,0.0634401387327859,77.45039974228894,77.24170025771107,77.47039038709049,77.22170961290952,77.50946096836913,77.18263903163088
2026-09-07,CIN,144,69.07115,0.06404884461565125,69.17650097436811,68.9657990256319,69.19668342869808,68.94561657130193,69.23612889081944,68.90617110918056
2026-09-07,CLE,145,68.23115,0.06444841862922741,68.33715821513357,68.12514178486643,68.35746657937385,68.10483342062615,68.39715812527255,68.06514187472744
2026-09-07,DET,144,76.9383,0.06493570272026315,77.04510972613807,76.83149027386193,77.06557163864251,76.81102836135749,77.10556328591339,76.7710367140866
2026-09-07,KCR,145,71.9836,0.06452801519679091,72.08973913983641,71.87746086016358,72.11007258577956,71.85712741422043,72.14981315244374,71.81738684755625
2026-09-07,LAA,144,62.2398,0.0636247373539581,62.344453380000495,62.13514661999951,62.36450219373958,62.11509780626042,62.40368646290693,62.07591353709307
2026-09-07,LAD,144,88.06275,0.06205850614367258,88.16482715891361,87.96067284108638,88.18438243697595,87.94111756302404,88.22260211865934,87.90289788134065
2026-09-07,MIA,145,65.27495,0.0645286046797549,65.38109010944962,65.16880989055039,65.40142374114495,65.14847625885506,65.44116467085124,65.10873532914877
2026-09-07,MIL,145,72.35355,0.06395543084626774,72.45874732239072,72.24835267760928,72.47890034107442,72.22819965892558,72.5182882728949,72.18881172710509
2026-09-07,MIN,144,69.7727,0.06422762641496067,69.87834504425913,69.66705495574087,69.89858383458582,69.64681616541418,69.93813940221705,69.60726059778295
2026-09-07,NYM,144,79.7391,0.06386611389089826,79.84415040907274,79.63404959092725,79.86427528305869,79.6139247169413,79.90360820766396,79.57459179233602
2026-09-07,PHI,144,79.6066,0.06373315399182661,79.71143170950052,79.50176829049948,79.73151468644512,79.48168531355488,79.77076572565974,79.44243427434026
2026-09-07,SDP,144,72.9847,0.06428160624739442,73.0904338331823,72.8789661668177,73.11068963311328,72.85871036688673,73.15027844505123,72.81912155494878
2026-09-07,SFG,145,72.66495,0.06483540511451136,72.77159475125748,72.55830524874253,72.79202505894752,72.5378749410525,72.83195493640143,72.49794506359858
2026-09-07,STL,145,65.3618,0.06444422154766495,65.46780131154874,65.25579868845126,65.48810835324515,65.23549164675485,65.52779731430688,65.19580268569312
2026-09-07,TOR,145,79.661,0.06428394489511799,79.76673767991548,79.55526232008452,79.7869942167786,79.53500578322141,79.82658446900857,79.49541553099144
2026-09-07,WSN,146,59.81965,0.06318259883793008,59.92357612685879,59.715723873141215,59.94348561817199,59.695814381828015,59.98239758956112,59.65690241043889
2026-09-08,ARI,146,71.6524,0.06483983283596668,71.75905203421117,71.54574796578883,71.77948373712209,71.52531626287791,71.81941634145609,71.48538365854391
2026-09-08,ATH,146,70.95615,0.06465632514220127,71.0625001909155,70.84979980908449,71.08287406865142,70.82942593134857,71.12269365696106,70.78960634303893
2026-09-08,ATL,145,78.24765,0.06410878622075537,78.35309956953466,78.14220043046532,78.37330091208526,78.12199908791473,78.41278329016237,78.08251670983762
2026-09-08,BAL,146,77.9911,0.06519937566748153,78.09834342954163,77.88385657045838,78.11888842812276,77.86331157187725,78.15904246241739,77.82315753758262
2026-09-08,BOS,146,77.02171145212088,0.07473019992932031,77.14463169251744,76.89879121172433,77.16817995253983,76.87524295170194,77.2142036909589,76.82921921328287
2026-09-08,BOS,148,80.41875123104195,0.1290879527697409,80.631082018351,80.20642044373291,80.67175896930866,80.16574349277525,80.75125976252139,80.08624269956252
2026-09-08,CHC,146,77.8772,0.06378608344476157,77.98211877070315,77.77228122929685,78.0022184262666,77.75218157373341,78.04150206289563,77.71289793710437
2026-09-08,CHW,144,60.399,0.06350894912790614,60.50346292531692,60.294537074683085,60.523475252986685,60.27452474701332,60.562588212201256,60.235411787798746
2026-09-08,CIN,145,69.4354,0.06437315851484118,69.54128442326146,69.32951557673854,69.56156907226018,69.30923092773982,69.60121426806452,69.26958573193548
2026-09-08,CLE,146,68.66385,0.0648150654440033,68.77046129547666,68.55723870452333,68.79088519392585,68.53681480607415,68.8308025448821,68.49689745511789
2026-09-08,COL,144,56.36545,0.061675076048800154,56.46689647253138,56.264003527468624,56.48633092779942,56.24456907220058,56.52431446818511,56.206585531814895
2026-09-08,DET,145,77.4863,0.06533734815519537,77.59377037408846,77.37882962591154,77.61435884922953,77.35824115077047,77.65459785599433,77.31800214400567
2026-09-08,HOU,145,74.4319,0.06501926248985575,74.53884716972814,74.32495283027185,74.55933541278148,74.30446458721852,74.5993785216165,74.2644214783835
2026-09-08,KCR,146,72.48495,0.06487460297050393,72.59165922599307,72.37824077400693,72.61210188533352,72.35779811466648,72.65205590338752,72.31784409661248
2026-09-08,LAA,145,62.63505,0.0639765795038405,62.740282108836844,62.529817891163155,62.76044179168159,62.509658208318406,62.799842748226816,62.470257251773184
2026-09-08,LAD,145,88.6985,0.062341993982472935,88.80104345491345,88.59595654508654,88.82068806293006,88.57631193706993,88.85908233494172,88.53791766505827
2026-09-08,MIA,146,65.67585,0.06490253813101449,65.78260517524315,65.56909482475685,65.80305663724202,65.54864336275797,65.84302785959257,65.50867214040743
2026-09-08,MIL,146,72.8224,0.06432235054970398,72.92820085159573,72.71659914840427,72.94846949047839,72.69633050952162,72.98808339541907,72.65671660458094
2026-09-08,MIN,145,70.2247,0.06461175767197085,70.33097688395046,70.11842311604954,70.35133671801489,70.0980632819851,70.39112885876526,70.05827114123474
2026-09-08,NYM,145,80.3382,0.0641955379395996,80.44379226341405,80.23260773658595,80.4640209423298,80.2123790576702,80.5035567477819,80.1728432522181
2026-09-08,NYY,145,78.85405,0.06440186185092404,78.95998163604791,78.74811836395209,78.98027532976513,78.72782467023487,79.01993820295871,78.68816179704129
2026-09-08,PHI,145,80.1459,0.06409193434670574,80.25132185066852,80.04047814933148,80.27151788301904,80.02028211698095,80.31098988261138,79.98081011738861
2026-09-08,PIT,145,71.03105,0.06488871105297184,71.13778243172368,70.92431756827631,71.15822953666705,70.90387046333294,71.19819224339976,70.86390775660023
2026-09-08,SDP,145,73.57305,0.06460074959098693,73.67930877726852,73.46679122273147,73.69966514257263,73.44643485742736,73.73945050382768,73.4066494961723
2026-09-08,SEA,145,78.27942473373584,0.07405402490968968,78.4012327651989,78.15761670227278,78.42456795546906,78.13428151200262,78.47017526114395,78.08867420632772
2026-09-08,SEA,147,81.31279710971667,0.1220300435465531,81.51351866944127,81.11207554999207,81.55197160009976,81.07362261933358,81.62712567179723,80.99846854763611
2026-09-08,SFG,146,73.221,0.06519597745086574,73.3282378399727,73.1137621600273,73.34878176774059,73.09321823225942,73.38893370919146,73.05306629080854
2026-09-08,STL,146,65.80575,0.06481925580929794,65.91236818801423,65.69913181198578,65.93279340689092,65.67870659310908,65.97271333854782,65.63878666145219
2026-09-08,TBR,145,71.2341,0.06543499787153134,71.34173099357855,71.12646900642144,71.36235023915665,71.10584976084334,71.40264938499514,71.06555061500485
2026-09-08,TEX,145,73.32795,0.064624095765919,73.43424717830904,73.22165282169097,73.45461090023467,73.20128909976533,73.4944106395892,73.1614893604108
2026-09-08,TOR,146,80.2287,0.06463198650965331,80.33501015742749,80.12238984257252,80.3553763658082,80.10202363419181,80.39518096479814,80.06221903520186
2026-09-08,WSN,147,60.2313,0.06357178685631085,60.33586628418239,60.12673371581761,60.35589841267122,60.10670158732877,60.395050071463444,60.06754992853655
2026-09-09,ARI,147,72.15595,0.06517709630360294,72.26315678324914,72.04874321675086,72.28369476137196,72.02820523862805,72.32383507457905,71.98806492542096
2026-09-09,ATH,147,71.38785,0.06501517105644163,71.49479043991906,71.28090956008094,71.51527739371933,71.26042260628067,71.55531798278243,71.22038201721757
2026-09-09,ATL,146,78.7866,0.06447275284019546,78.89264824134875,78.68055175865126,78.91296427355094,78.66023572644907,78.95267080604624,78.62052919395377
2026-09-09,BAL,147,78.5612,0.06555202194729823,78.66902348105401,78.45337651894599,78.68967960213048,78.43272039786952,78.73005081903874,78.39234918096126
2026-09-09,BOS,147,77.61542585271059,0.07510068252544243,77.73895548274909,77.49189622267208,77.76262048567483,77.46823121974634,77.80887239147614,77.42197931394503
2026-09-09,BOS,149,81.04372661020288,0.12974138497084953,81.25713219783789,80.83032102256787,81.29801505205009,80.78943816835567,81.37791827149381,80.70953494891195
2026-09-09,CHC,147,78.4161,0.06412502351213617,78.52157627750229,78.31062372249771,78.54178273659157,78.29041726340843,78.58127511465332,78.25092488534668
2026-09-09,CHW,145,60.84065,0.06390072021485535,60.94575733141021,60.73554266858978,60.96589311020728,60.71540688979271,61.0052473476473,60.676052652352695
2026-09-09,CIN,146,69.80755,0.06467843392403484,69.9139365566255,69.70116344337451,69.93431740106757,69.68078259893244,69.97415060540919,69.64094939459082
2026-09-09,CLE,147,69.09375,0.06515059690354982,69.20091319561486,68.98658680438514,69.22144282350224,68.96605717649776,69.26156681664787,68.92593318335213
2026-09-09,COL,145,56.71525,0.062002746623875005,56.81723544266523,56.613264557334766,56.83677315032536,56.59372684967464,56.87495849165429,56.555541508345705
2026-09-09,DET,146,78.0342,0.06568494685704011,78.14224212307391,77.92615787692608,78.16294013016622,77.90545986983378,78.20339321091642,77.86500678908358
2026-09-09,HOU,146,74.89685,0.06536259723519916,75.00436190512929,74.78933809487071,75.02495833651699,74.76874166348301,75.0652128933145,74.7284871066855
2026-09-09,KCR,147,72.9814,0.06523097773315062,73.08869541031396,72.87410458968603,73.1092503670333,72.85354963296669,73.1494238639442,72.8133761360558
2026-09-09,LAA,146,63.0334,0.06432819077050436,63.13921045790409,62.92758954209591,63.15948093710081,62.90731906289919,63.19909843883095,62.86770156116905
2026-09-09,LAD,146,89.32635,0.06267562281748598,89.42944222551279,89.22325777448722,89.44919196343089,89.20350803656912,89.48779170587146,89.16490829412855
2026-09-09,MIA,147,66.07195,0.065224890756472,66.1792353981283,65.9646646018717,66.19978843677825,65.94411156322175,66.2399581849313,65.9039418150687
2026-09-09,MIL,147,73.2835,0.06466123600173501,73.38985826856062,73.17714173143939,73.41023369375925,73.15676630624075,73.45005630649696,73.11694369350305
2026-09-09,MIN,146,70.6768,0.06504151449597703,70.78378377102112,70.56981622897888,70.80427902591205,70.54932097408795,70.84433583898594,70.50926416101406
2026-09-09,NYM,146,80.9421,0.06452616183206654,81.04823609132274,80.83596390867726,81.06856895325144,80.81563104674855,81.10830837849257,80.77589162150743
2026-09-09,NYY,146,79.50425,0.06469716673119578,79.61066736935129,79.39783263064871,79.63105411669493,79.37744588330507,79.67089885792281,79.33760114207719
2026-09-09,PHI,146,80.68095,0.06443710469828774,80.78693960537322,80.57496039462677,80.80724440447668,80.55465559552331,80.8469289825177,80.5149710174823
2026-09-09,PIT,146,71.5894,0.06524651896777223,71.69672097337009,71.4820790266299,71.71728082729344,71.46151917270656,71.75746389551175,71.42133610448825
2026-09-09,SDP,146,74.16325,0.06498239074880514,74.27013652111116,74.05636347888885,74.29061314549698,74.03588685450303,74.33063354630544,73.99586645369457
2026-09-09,SEA,146,78.82823417678584,0.0744739810359805,78.9507329746064,78.70573537896529,78.97420049740168,78.68226785617,79.02006643949026,78.63640191408142
2026-09-09,SEA,148,81.875071306332,0.12274224631875724,82.07696433536958,81.67317827729443,82.11564168849831,81.63450092416569,82.19123438118328,81.55890823148073
2026-09-09,SFG,147,73.7625,0.06553758041171746,73.87029972684184,73.65470027315817,73.89095129724086,73.63404870275915,73.9313136201082,73.5936863798918
2026-09-09,STL,147,66.26425,0.06518323050871261,66.37146687311868,66.15703312688133,66.39200678419306,66.13649321580695,66.43215087524433,66.09634912475568
2026-09-09,TBR,146,71.69515,0.06580902191374124,71.80339620838095,71.58690379161905,71.82413331280874,71.56616668719126,71.8646628070833,71.52563719291669
2026-09-09,TEX,146,73.7756,0.06502106288681339,73.88255013111761,73.66864986888238,73.90303894149467,73.64816105850532,73.94308315913175,73.60811684086825
2026-09-09,TOR,147,80.797,0.0649615313091332,80.90385221038615,80.69014778961385,80.92432226174647,80.66967773825353,80.96432981594947,80.62967018405052
2026-09-09,WSN,148,60.6411,0.06392658969430075,60.74624988291731,60.53595011708269,60.7663938134553,60.5158061865447,60.80576398301053,60.476436016989474
2026-09-10,ATL,147,79.3289,0.06483121465636527,79.4355378585672,79.22226214143281,79.45596684580046,79.20183315419955,79.49589414249654,79.16190585750347
2026-09-10,CHW,146,61.27695,0.06426771313671115,61.382660981048794,61.171239018951205,61.4029124031167,61.1509875968833,61.442492658769616,61.11140734123038
2026-09-10,COL,146,57.06865,0.062327049440267644,57.17116887332901,56.96613112667099,57.19080877216557,56.94649122783443,57.22919384035198,56.908106159648014
2026-09-10,HOU,147,75.36315,0.06574062439131355,75.4712837044681,75.2550162955319,75.49199925612815,75.23430074387186,75.53248662674075,75.19381337325926
2026-09-10,NYY,147,80.15085,0.0650189286818025,80.25779662066277,80.04390337933724,80.27828475852972,80.02341524147029,80.31832766178395,79.98337233821606
2026-09-10,PHI,147,81.21465,0.06475935034840836,81.3211696522996,81.10813034770041,81.34157599434509,81.08772400565492,81.38145903230622,81.04784096769379
2026-09-10,PIT,147,72.1531,0.06561191405273352,72.26102199480086,72.04517800519913,72.28169698850009,72.0245030114999,72.32210509087896,71.98409490912103
2026-09-10,SEA,147,79.36259412522895,0.0749019304301556,79.48579683716267,79.23939141329524,79.50939921124458,79.21578903921332,79.55552871252333,79.16965953793458
2026-09-10,SEA,149,82.43848640425936,0.12346988626319234,82.64157629449866,82.23539651402007,82.68048293451048,82.19648987400825,82.75652375540194,82.12044905311679
2026-09-10,TBR,147,72.15285,0.066139648218964,72.26164004025826,72.04405995974174,72.28248132845931,72.02321867154069,72.32321444400883,71.98248555599118
2026-09-10,TEX,147,74.2336,0.06541261722729526,74.3411941806947,74.12600581930529,74.3618063739,74.1053936261,74.40209173627589,74.0651082637241
2026-09-11,ARI,148,72.64075,0.06552285199899106,72.74852550075875,72.53297449924125,72.76917243008236,72.51232756991763,72.8095256822311,72.4719743177689
2026-09-11,ATH,148,71.82945,0.06539420429191548,71.93701389411116,71.72188610588883,71.9576202852098,71.70127971479019,71.99789430769738,71.66100569230261
2026-09-11,ATL,148,79.8161,0.06516875315532279,79.92329305999144,79.70890694000857,79.94382840910183,79.68837159089819,79.98396358405323,79.64823641594678
2026-09-11,BAL,148,79.04405,0.06588074448197809,79.15241418150744,78.93568581849256,79.17317388645937,78.91492611354063,79.2137475521763,78.8743524478237
2026-09-11,BOS,148,78.15814514507807,0.07548130236471456,78.28230083903969,78.03398945111644,78.30608577921909,78.01020451093704,78.35257209557913,77.963718194577
2026-09-11,BOS,150,81.60035454008272,0.13036345716406067,81.81478334542096,81.38592573474448,81.85586222102441,81.34484685914103,81.93614855315785,81.26456052700759
2026-09-11,CHC,148,78.9559,0.06449109019496979,79.06197840361325,78.84982159638675,79.08230021410587,78.82949978589413,79.12201803994202,78.78978196005798
2026-09-11,CHW,147,61.75695,0.06465193599975498,61.86329297141864,61.65060702858137,61.883665466090314,61.63023453390969,61.92348235127934,61.59041764872067
2026-09-11,CIN,147,70.2788,0.06505901291718238,70.38581255336271,70.1717874466373,70.4063133221874,70.1512866778126,70.44638091193205,70.11121908806795
2026-09-11,CLE,148,69.5774,0.06546930405532579,69.68508742222939,69.46971257777061,69.70571747804134,69.44908252195866,69.74603775186866,69.40876224813134
2026-09-11,COL,147,57.4259,0.06263778120337364,57.52892998159656,57.322870018403435,57.54866779523011,57.30313220476989,57.587244232332935,57.26455576766706
2026-09-11,DET,147,78.67695,0.0660133117086329,78.78553223519103,78.56836776480898,78.80633371344913,78.54756628655088,78.8469890227234,78.5069109772766
2026-09-11,HOU,148,75.8746,0.0660825399565147,75.98329610552564,75.76590389447436,76.0041193983217,75.7450806016783,76.04481734287293,75.70438265712707
2026-09-11,KCR,148,73.43515,0.06560659216208208,73.54306324106972,73.32723675893027,73.56373655778609,73.3065634422139,73.60414138259706,73.26615861740292
2026-09-11,LAA,147,63.5661,0.06465752523317331,63.67245216488949,63.459747835110505,63.69282642078651,63.43937357921349,63.73264674819056,63.39955325180944
2026-09-11,LAD,147,89.9809,0.06298654717283884,90.0845036505664,89.8772963494336,90.1043513639693,89.85744863603071,90.14314259393717,89.81865740606284
2026-09-11,MIA,148,66.4174,0.06552971516173771,66.52518678965689,66.30961321034312,66.54583588163418,66.28896411836583,66.58619336056682,66.24860663943318
2026-09-11,MIL,148,73.81225,0.06503084996713,73.91921622943218,73.70528377056783,73.93970812381961,73.6847918761804,73.97975836898003,73.64474163101998
2026-09-11,MIN,147,71.19315,0.06541541188955854,71.30074877750506,71.08555122249494,71.32136185133739,71.06493814866262,71.36164893484884,71.02465106515116
2026-09-11,NYM,147,81.4385,0.0649051347839757,81.5452594463572,81.3317405536428,81.56571172658832,81.31128827341169,81.60568454812736,81.27131545187265
2026-09-11,NYY,148,80.65445,0.06536176916147848,80.76196054306922,80.54693945693077,80.78255671352231,80.52634328647768,80.82281076033793,80.48608923966206
2026-09-11,PHI,148,81.72745,0.06510411086972612,81.83453673289353,81.62036326710648,81.85505171255016,81.59984828744984,81.89514707655974,81.55975292344027
2026-09-11,PIT,148,72.6133,0.0659702642050793,72.72181142834867,72.50478857165132,72.74259934189254,72.48400065810745,72.7832281397023,72.44337186029769
2026-09-11,SDP,147,74.6735,0.06536940068126154,74.78102309580223,74.56597690419778,74.80162167102624,74.54537832897377,74.84188041783023,74.50511958216978
2026-09-11,SEA,148,79.91757682653822,0.07538467739321067,80.04157358656501,79.79358006651144,80.06532807921509,79.76982557386135,80.11175488760624,79.72339876547021
2026-09-11,SEA,150,83.00646510743488,0.12396490505085044,83.21036923112247,82.80256098374728,83.24943185668147,82.76349835818829,83.32577754247652,82.68715267239324
2026-09-11,SFG,148,74.25225,0.06594310746049249,74.36071675947885,74.14378324052116,74.38149611565122,74.12300388434879,74.42210818856381,74.0823918114362
2026-09-11,STL,148,66.78425,0.06552556582635397,66.89202996460753,66.67647003539247,66.91267774908626,66.65582225091374,66.95303267258714,66.61546732741286
2026-09-11,TBR,148,72.6414,0.0664760577600145,72.750743384712,72.53205661528801,72.77169067904384,72.51110932095617,72.81263097756266,72.47016902243735
2026-09-11,TEX,148,74.7488,0.06578967504150714,74.85701438560798,74.64058561439202,74.87774539363595,74.61985460636406,74.91826297284288,74.57933702715712
2026-09-11,TOR,148,81.31415,0.06530433539732325,81.42156607293394,81.20673392706605,81.44214414541308,81.18615585458691,81.4823628207652,81.14593717923479
2026-09-11,WSN,149,61.1084,0.06426343409317678,61.21410394264852,61.002696057351486,61.23435401634549,60.982445983654515,61.27393163668389,60.942868363316116
2026-09-12,ARI,149,73.12645,0.06583991771420449,73.2347470274504,73.01815297254961,73.25549386746492,72.99740613253509,73.2960423893915,72.95685761060851
2026-09-12,ATH,149,72.27205,0.06576258948508475,72.38021983383226,72.16388016616773,72.40094230692085,72.14315769307913,72.44144320507293,72.10265679492706
2026-09-12,ATL,149,80.3058,0.06554017160264912,80.41360398897164,80.19799601102837,80.43425637588177,80.17734362411824,80.47462029457373,80.13697970542628
2026-09-12,BAL,149,79.52715,0.06623494166412362,79.63609678402716,79.41820321597285,79.6569681001798,79.39733189982022,79.69775990365731,79.3565400963427
2026-09-12,BOS,149,78.69751390471085,0.07583227194497509,78.82224689225951,78.57278091716218,78.84614242658884,78.54888538283285,78.8928448929414,78.5021829164803
2026-09-12,BOS,151,82.15580066968683,0.13112703780578241,82.37148545341307,81.94011588596058,82.41280494118558,81.89879639818807,82.49356153615453,81.81803980321912
2026-09-12,CHC,149,79.4941,0.06488088112793149,79.60081955264309,79.38738044735692,79.62126419029597,79.36693580970403,79.6612220748494,79.3269779251506
2026-09-12,CHW,148,62.2283,0.06500953981927082,62.33523117735817,62.12136882264183,62.35571635669729,62.1008836433027,62.395753477676706,62.06084652232329
2026-09-12,CIN,148,70.75205,0.06543070837729742,70.8596739379884,70.64442606201159,70.88029183190244,70.62380816809755,70.9205883359902,70.58351166400979
2026-09-12,CLE,149,70.0695,0.06578126516145993,70.17770055258629,69.96129944741372,70.19842891057395,69.94057108942606,70.2389413104274,69.9000586895726
2026-09-12,COL,148,57.7885,0.06297234840255803,57.8920802956676,57.6849197043324,57.911923534890924,57.665076465109074,57.950706020328596,57.6262939796714
2026-09-12,DET,148,79.31435,0.06634411640050711,79.42347636048827,79.20522363951174,79.44438207873114,79.18431792126887,79.48524111914249,79.14345888085752
2026-09-12,HOU,149,76.3916,0.06638906421536891,76.50080029306456,76.28239970693544,76.52172017482944,76.26147982517055,76.56260689704114,76.22059310295886
2026-09-12,KCR,149,73.8917,0.06596314207423429,74.00019971348593,73.78320028651407,74.0209853827726,73.7624146172274,74.06160979430898,73.72179020569102
2026-09-12,LAA,148,64.0966,0.06502533995867937,64.20355716627478,63.989642833725206,64.22404732440148,63.96915267559851,64.2640941761388,63.9291058238612
2026-09-12,LAD,148,90.6324,0.06332411870054297,90.7365589063181,90.52824109368191,90.75651299200581,90.5082870079942,90.79551212057027,90.46928787942974
2026-09-12,MIA,149,66.7659,0.06588055002687526,66.87426386165727,66.65753613834273,66.89502350533436,66.63677649466564,66.93559705129314,66.59620294870686
2026-09-12,MIL,149,74.339,0.06542134932609825,74.4466085437191,74.2313914562809,74.46722348849916,74.21077651150084,74.50751422867187,74.17048577132813
2026-09-12,MIN,148,71.70105,0.06575051407692617,71.80919997155335,71.59290002844664,71.82991863955577,71.57218136044422,71.87041210088275,71.53168789911724
2026-09-12,NYM,148,81.93545,0.06525049460523115,82.0427775127118,81.82812248728821,82.06333861939969,81.80756138060032,82.10352413607522,81.76737586392478
2026-09-12,NYY,149,81.1575,0.06572058769732936,81.26560074703933,81.04939925296067,81.28630998492957,81.02869001507042,81.32678501563724,80.98821498436276
2026-09-12,PHI,149,82.23775,0.06547645076785445,82.34544917752542,82.13005082247459,82.36608148534052,82.1094185146595,82.40640616058022,82.06909383941979
2026-09-12,PIT,149,73.0751,0.0663562216895133,73.18424627191679,72.96595372808322,73.2051558046616,72.94504419533841,73.24602230030064,72.90417769969937
2026-09-12,SDP,148,75.1819,0.06572154582463251,75.2900023230185,75.0737976769815,75.31071186282458,75.05308813717542,75.35118748360962,75.01261251639038
2026-09-12,SEA,149,80.47127060579336,0.07581702841689517,80.59597851996958,80.34656269161715,80.61986925090532,80.3226719606814,80.6665623292976,80.27597888228912
2026-09-12,SEA,151,83.5742536603917,0.12460853178162824,83.77921645584182,83.36929086494159,83.81848189485011,83.3300254259333,83.89522396802703,83.25328335275638
2026-09-12,SFG,149,74.74385,0.06630498983077227,74.85291200300811,74.63478799699188,74.8738053920636,74.61389460793639,74.9146403357776,74.57305966422238
2026-09-12,STL,149,67.3129,0.06584839770316368,67.42121097579098,67.20458902420901,67.44196048793788,67.18383951206212,67.48251423239554,67.14328576760445
2026-09-12,TBR,149,73.1244,0.06685753307209623,73.23437085576266,73.01442914423733,73.2554383569165,72.99336164308349,73.2966135928501,72.9521864071499
2026-09-12,TEX,149,75.2631,0.06613945600684996,75.37188972409746,75.15431027590253,75.39273095173048,75.1334690482695,75.43346394890322,75.09273605109676
2026-09-12,TOR,149,81.83105,0.06564952999004937,81.9390338675118,81.72306613248821,81.95972071438248,81.70237928561752,82.00015198311259,81.66194801688742
2026-09-12,WSN,150,61.5779,0.06455741601472377,61.68408749987843,61.47171250012157,61.70443021032383,61.45136978967617,61.744188883932125,61.411611116067874
2026-09-13,ARI,150,73.61745,0.06617872963488945,73.72630432346699,73.50859567653302,73.747157926627,73.48774207337301,73.78791511106519,73.44698488893482
2026-09-13,ATH,150,72.71605,0.0661364107063276,72.82483471502385,72.60726528497614,72.84567498305114,72.58642501694885,72.8864061047289,72.54569389527109
2026-09-13,ATL,150,80.795,0.06587640499478344,80.9033570436862,80.6866429563138,80.92411538122076,80.66588461877924,80.96468637439801,80.62531362560199
2026-09-13,BAL,150,80.0102,0.06661949193618388,80.1197793129369,79.9006206870631,80.14077180486328,79.87962819513672,80.18180043951676,79.83859956048323
2026-09-13,BOS,150,79.24311465523019,0.07619428558537748,79.36844310222827,79.1177862082321,79.39245271080529,79.09377659965509,79.43937812880398,79.0468511816564
2026-09-13,BOS,152,82.71439826669292,0.13168427793712145,82.93099962887028,82.49779690451557,82.97249470877985,82.456301824606,83.05359448862004,82.37520204476581
2026-09-13,CHC,150,80.0366,0.0651942523273857,80.1438350023971,79.92936499760292,80.1643783865607,79.90882161343932,80.20452926556784,79.86867073443217
2026-09-13,CHW,149,62.69815,0.06527733056252576,62.80552165393348,62.590778346066514,62.82609121690946,62.570208783090536,62.8662932609204,62.530006739079596
2026-09-13,CIN,149,71.2308,0.06579660346591903,71.339025781852,71.122574218148,71.35975897309827,71.10184102690174,71.4002808192815,71.0613191807185
2026-09-13,CLE,150,70.56175,0.06611821177082307,70.67050478043879,70.45299521956122,70.69133931379301,70.432160686207,70.73205922737755,70.39144077262246
2026-09-13,COL,149,58.15555,0.06326960456663294,58.25961923854721,58.05148076145279,58.27955614626669,58.031543853733304,58.31852170146668,57.99257829853332
2026-09-13,DET,149,79.9473,0.0666563071934263,80.0569398686463,79.8376601313537,80.07794396144155,79.81665603855845,80.11899526933519,79.77560473066481
2026-09-13,HOU,150,76.89865,0.06671177880964207,77.00838111133542,76.78891888866458,77.0294026838115,76.76789731618851,77.07048815474975,76.72681184525025
2026-09-13,KCR,150,74.3428,0.06635687281456591,74.4519473429222,74.2336526570778,74.47285708084326,74.21274291915674,74.51372397748763,74.17187602251236
2026-09-13,LAA,149,64.62295,0.06539310344198293,64.73051208337417,64.51538791662584,64.7511181275836,64.49478187241641,64.79139147209587,64.45450852790414
2026-09-13,LAD,149,91.27435,0.06360323397786953,91.37896801009434,91.16973198990566,91.3990100478969,91.1496899521031,91.43818107388067,91.11051892611933
2026-09-13,MIA,150,67.12395,0.06620440673435977,67.23284655853718,67.01505344146281,67.25370825281718,66.99419174718281,67.29448125089043,66.95341874910956
2026-09-13,MIL,150,74.86025,0.06576942509813237,74.96843107741518,74.75206892258481,74.98915570447623,74.73134429552375,75.02966081244533,74.69083918755466
2026-09-13,MIN,149,72.2088,0.06610732665092295,72.31753687600984,72.10006312399015,72.33836797935002,72.07923202064997,72.37908118916673,72.03851881083327
2026-09-13,NYM,149,82.43325,0.06560036122038207,82.54115299208267,82.32534700791733,82.56182434536477,82.30467565463523,82.60222533275486,82.26427466724515
2026-09-13,NYY,150,81.6597,0.0660379651877789,81.76832278655561,81.55107721344439,81.78913203338035,81.53026796661965,81.82980252587743,81.48959747412258
2026-09-13,PHI,150,82.74855,0.06583842251883748,82.85684456807287,82.64025543192712,82.87759093693585,82.61950906306414,82.91813853802346,82.57896146197653
2026-09-13,PIT,150,73.5326,0.0666940347161073,73.64230192489882,73.42289807510119,73.66331790602723,73.40188209397277,73.70439244899366,73.36080755100635
2026-09-13,SDP,149,75.69265,0.06605185418477719,75.8012956319227,75.5840043680773,75.82210925531426,75.56319074468574,75.86278830156289,75.52251169843711
2026-09-13,SEA,150,81.02469303303711,0.07623025752630787,81.1500806486127,80.89930541746152,81.17410159232088,80.87528447375334,81.22104916419045,80.82833690188377
2026-09-13,SEA,152,84.1374786081004,0.12543723670049578,84.34380450184197,83.93115271435882,84.38333107435359,83.8916261418472,84.46058351814973,83.81437369805106
2026-09-13,SFG,150,75.2331,0.06667556149763597,75.3427715391584,75.12342846084158,75.36378169918434,75.10241830081564,75.40484486513618,75.0613551348638
2026-09-13,STL,150,67.84305,0.06620932727815568,67.9519546521115,67.73414534788851,67.97281789690581,67.7132821030942,68.01359392537134,67.67250607462867
2026-09-13,TBR,150,73.61735,0.06722940159258399,73.72793252504734,73.50676747495267,73.74911720582365,73.48558279417635,73.79052146268224,73.44417853731777
2026-09-13,TEX,150,75.7721,0.066502625583209,75.88148708489233,75.66271291510766,75.90244275102043,75.64175724897956,75.94339941174016,75.60080058825983
2026-09-13,TOR,150,82.348,0.06602130520246505,82.45659538331834,82.23940461668165,82.47739938040915,82.21860061959084,82.51805961259906,82.17794038740094
2026-09-13,WSN,151,62.05155,0.064856263742389,62.15822906064719,61.94487093935281,62.178665941106914,61.924434058893084,62.21860866466634,61.88449133533366
2026-09-14,ARI,151,74.16575,0.06652736385414719,74.27517777572702,74.05632222427299,74.29614123714052,74.03535876285949,74.33711313330338,73.99438686669663
2026-09-14,ATL,151,81.30335,0.0661969828685724,81.41223434736462,81.19446565263537,81.43309370230762,81.17360629769237,81.47386212827939,81.1328378717206
2026-09-14,BAL,151,80.4949,0.06699248539317626,80.60509283257745,80.38470716742255,80.62620285860545,80.36359714139455,80.66746120699332,80.32233879300668
2026-09-14,CHC,151,80.52825,0.06559062588041972,80.63613697887342,80.42036302112658,80.65680526444906,80.39969473555094,80.69720025618089,80.35929974381911
2026-09-14,CHW,150,63.16225,0.0656473283954591,63.27023024621094,63.05426975378906,63.290916399336375,63.033583600663626,63.33134631218072,62.99315368781928
2026-09-14,CIN,150,71.60085,0.0661125177793536,71.70959541465626,71.49210458534372,71.7304281537748,71.47127184622519,71.77114456062745,71.43055543937254
2026-09-14,CLE,151,71.09765,0.06647072018345436,71.20698460517983,70.98831539482018,71.227930217586,70.967369782414,71.26886722887654,70.92643277112346
2026-09-14,COL,150,58.54335,0.06360985261374585,58.64797889678157,58.43872110321843,58.66802302018484,58.41867697981515,58.70719812235691,58.37950187764309
2026-09-14,DET,150,80.4235,0.0669938190887026,80.53369502631139,80.31330497368862,80.55480547260065,80.29219452739936,80.59606464236533,80.25093535763467
2026-09-14,LAA,150,65.01925,0.06568907614368809,65.12729891514604,64.91120108485396,65.14799822341934,64.89050177658066,65.18845384725397,64.85004615274603
2026-09-14,LAD,150,91.9043,0.06391272422073627,92.00942707624283,91.79917292375718,92.02956663762649,91.77903336237353,92.06892826791741,91.7396717320826
2026-09-14,MIA,151,67.57565,0.06654070361167558,67.68509971767557,67.46620028232442,67.70606738258483,67.44523261741516,67.74704749424171,67.40425250575828
2026-09-14,MIN,150,72.63945,0.06642321346516865,72.74870646358195,72.53019353641804,72.76963710612914,72.50926289387085,72.81054485967947,72.46835514032053
2026-09-14,NYM,150,82.94855,0.06598346638186547,83.05708314399703,82.84001685600296,83.07787521768357,82.81922478231643,83.11851214625614,82.77858785374386
2026-09-14,NYY,151,82.22905,0.0663717527669207,82.3382218182658,82.11987818173421,82.35913624501396,82.09896375498604,82.40001230570493,82.05808769429507
2026-09-14,SDP,150,76.30485,0.06640701256976489,76.41407981548039,76.19562018451961,76.43500535295765,76.17469464704236,76.47590312893834,76.13379687106166
2026-09-14,SEA,151,81.62390611220405,0.07666371390771942,81.75000670008073,81.49780552432738,81.77416423038427,81.47364799402384,81.82137875300644,81.42643347140167
2026-09-14,SEA,153,84.75375546681879,0.12597384832422784,84.96096400813593,84.54654692550164,85.00065967252819,84.50685126110939,85.07824259681315,84.42926833682442
2026-09-14,SFG,151,75.77775,0.06703139120774203,75.88800682694766,75.66749317305234,75.90912911260078,75.64637088739921,75.95041142173055,75.60508857826945
2026-09-14,STL,151,68.2984,0.06652668007617767,68.40782665101234,68.18897334898766,68.42878989696032,68.16801010303968,68.46976137200804,68.12703862799196
2026-09-14,TOR,151,82.8718,0.06638052091297425,82.98098624058262,82.76261375941736,83.00190343026443,82.74169656973555,83.04278489095248,82.70081510904751
2026-09-15,ARI,152,74.71005,0.06686282585823818,74.82002956162114,74.60007043837885,74.84109873058672,74.57900126941327,74.88227722616374,74.53782277383625
2026-09-15,ATH,151,73.2031,0.06646159324503746,73.31241959270208,73.09378040729793,73.33336232911543,73.07283767088458,73.37429371944113,73.03190628055889
2026-09-15,ATL,152,81.80975,0.06656657796777708,81.91924227720403,81.70025772279595,81.94021809539092,81.67928190460907,81.98121414216637,81.63828585783362
2026-09-15,BAL,152,80.9807,0.06734707237072626,81.09147607625356,80.86992392374644,81.11269783631083,80.84870216368917,81.15417456252075,80.80722543747925
2026-09-15,BOS,151,79.78482878777726,0.07655953528169793,79.91075801706307,79.65889955849144,79.93488271960251,79.634774855952,79.98203308222195,79.58762449333257
2026-09-15,BOS,153,83.26984439629703,0.1322324677143707,83.48734745041776,83.0523413421763,83.52901527060405,83.01067352199001,83.61045266151629,82.92923613107777
2026-09-15,CHC,152,81.02185,0.06596227088217937,81.1303482805025,80.9133517194975,81.15113367526754,80.89256632473246,81.19175755026694,80.85194244973306
2026-09-15,CHW,151,63.61475,0.06599249481830215,63.72329799445346,63.50620200554654,63.744092913093816,63.485407086906186,63.78473540196728,63.44476459803272
2026-09-15,CIN,151,71.97395,0.06642378471476755,72.08320740320393,71.86469259679608,72.1041382257578,71.84376177424221,72.14504633112092,71.80285366887908
2026-09-15,CLE,152,71.64515,0.06679322301406798,71.75501507513047,71.53528492486953,71.77606231151893,71.51423768848107,71.81719794111811,71.47310205888189
2026-09-15,COL,151,58.93005,0.06395855990205102,59.03525246922948,58.82484753077052,59.05540647391107,58.80469352608893,59.09479633280849,58.76530366719151
2026-09-15,DET,151,80.9019,0.06737514964762228,81.0127222592643,80.7910777407357,81.03395286676233,80.76984713323766,81.07544688479334,80.72835311520666
2026-09-15,HOU,151,77.415,0.06710174276569966,77.52537254496293,77.30462745503708,77.54651699912066,77.28348300087936,77.5878426353351,77.24215736466492
2026-09-15,KCR,151,74.82645,0.06665886055176397,74.93609406854702,74.71680593145297,74.95709896593193,74.69580103406805,74.99815184635041,74.65474815364958
2026-09-15,LAA,151,65.4132,0.06598909770599075,65.52174240670095,65.30465759329905,65.54253625487604,65.28386374512397,65.58317665158584,65.24322334841416
2026-09-15,LAD,151,92.5312,0.06424482623437396,92.63687333544448,92.42552666455552,92.65711754561241,92.40528245438759,92.6966837060159,92.3657162939841
2026-09-15,MIA,152,68.03135,0.06686098921246166,68.14132654060768,67.92137345939233,68.16239513082715,67.90030486917286,68.20357249527773,67.85912750472228
2026-09-15,MIL,151,75.3642,0.06613060245324419,75.4729751612977,75.2554248387023,75.49381359908429,75.2345864009157,75.5345411436604,75.19385885633959
2026-09-15,MIN,151,73.07455,0.06672913347060416,73.18430965721245,72.96479034278755,73.20533669832196,72.94376330167805,73.24643285739401,72.90266714260599
2026-09-15,NYM,151,83.46275,0.06630415095525108,83.57181062318068,83.35368937681932,83.5927037478978,83.3327962521022,83.63353817497746,83.29196182502254
2026-09-15,NYY,152,82.79395,0.06668940728277034,82.90364431344831,82.68425568655168,82.92465883642456,82.66324116357544,82.96573052951527,82.62216947048472
2026-09-15,PHI,151,83.3809,0.06618062218835385,83.48975743644041,83.27204256355958,83.51061163596363,83.25118836403637,83.55136998595985,83.21043001404014
2026-09-15,PIT,151,74.02865,0.06708227381691846,74.1389905213919,73.9183094786081,74.16012884068222,73.89717115931778,74.20144248664631,73.85585751335368
2026-09-15,SDP,151,76.91815,0.06676612475384296,77.02797050245886,76.80832949754114,77.04900919990484,76.78729080009515,77.09012814062535,76.74617185937464
2026-09-15,SEA,152,82.22522216945933,0.07704252279441191,82.3519458425072,82.09849849641145,82.37622273941449,82.07422159950417,82.42367055729251,82.02677378162615
2026-09-15,SEA,154,85.37307472903593,0.1265346810478847,85.5812057580927,85.16494369997918,85.62107814668505,85.12507131138682,85.69900646839429,85.04714298967758
2026-09-15,SFG,152,76.32385,0.06741628739900564,76.43473992484385,76.21296007515613,76.45598349527344,76.19171650472654,76.49750284861882,76.15019715138116
2026-09-15,STL,152,68.7523,0.06688958025206411,68.86232356868287,68.64227643131714,68.88340116823505,68.62119883176496,68.92459614091536,68.58000385908466
2026-09-15,TBR,151,74.1303,0.06763649037495613,74.24155212650751,74.0190478734925,74.2628650851756,73.9977349148244,74.30452005389702,73.95607994610299
2026-09-15,TEX,151,76.2269,0.06682214512759958,76.33681264777381,76.11698735222619,76.3578689978198,76.0959310021802,76.39902243954567,76.05477756045433
2026-09-15,TOR,152,83.3934,0.06674166273383693,83.50318026601653,83.28361973398347,83.52421125522665,83.26258874477335,83.5653151306374,83.2214848693626
2026-09-15,WSN,152,62.4192,0.0651842466958152,62.52641854459771,62.31198145540228,62.54695877588317,62.291441224116824,62.58710349276884,62.25129650723115
2026-09-16,ARI,153,75.2571,0.06719479694542417,75.36762560546794,75.14657439453205,75.3887993819615,75.12540061803848,75.43018232701803,75.08401767298196
2026-09-16,ATH,152,73.69185,0.06682086448312016,73.80176054130109,73.58193945869891,73.82281648780275,73.56088351219725,73.8639691408241,73.51973085917591
2026-09-16,ATL,153,82.3218,0.06690393145998405,82.43184717431926,82.21175282568073,82.4529292960857,82.1906707039143,82.49413310717725,82.14946689282274
2026-09-16,BAL,153,81.4662,0.06768147395776686,81.57752611791686,81.35487388208314,81.5988532513778,81.3335467486222,81.6405359239278,81.2918640760722
2026-09-16,BOS,152,80.31696039670308,0.07690864674883395,80.44346386325184,80.19045693015433,80.46769857443051,80.16622221897565,80.51506394269502,80.11885685071114
2026-09-16,BOS,154,83.8120937561552,0.13279095842727012,84.03051544575067,83.59367206655975,84.07235925214522,83.5518282601652,84.15414059811852,83.4700469141919
2026-09-16,CHC,153,81.5098,0.06634738349599681,81.61893173438213,81.40066826561787,81.63983848212062,81.37976151787937,81.68069953462279,81.33890046537721
2026-09-16,CHW,152,64.06565,0.06637090671926921,64.17482042664125,63.956479573358756,64.19573458679103,63.93556541320897,64.2366101264306,63.8946898735694
2026-09-16,CIN,152,72.3447,0.06669086503468029,72.45439671123683,72.23500328876318,72.4754116935658,72.2139883064342,72.51648428443536,72.17291571556464
2026-09-16,CLE,153,72.19425,0.06715788379589378,72.30471488874005,72.08378511125994,72.32587703351787,72.06262296648212,72.36723724504579,72.02126275495421
2026-09-16,COL,152,59.3227,0.06434804013342954,59.42854310720069,59.216856892799306,59.44881984113726,59.19658015886274,59.488449567401624,59.15695043259837
2026-09-16,DET,152,81.384,0.06771710626070811,81.49538472783958,81.27261527216042,81.51672308940826,81.25127691059174,81.55842770665787,81.20957229334213
2026-09-16,HOU,152,77.93285,0.06744827282703662,78.04379253619116,77.82190746380884,78.06504618556042,77.80065381443958,78.10658523762164,77.75911476237836
2026-09-16,KCR,152,75.3086,0.06699587841342354,75.41879841359912,75.19840158640088,75.43990950880293,75.17729049119707,75.4811699468343,75.1360300531657
2026-09-16,LAA,152,65.80285,0.06631571444668381,65.9119296434315,65.6937703565685,65.93282641192455,65.67287358807546,65.97366796055755,65.63203203944246
2026-09-16,LAD,152,93.16045,0.06459019960155908,93.26669142408014,93.05420857591986,93.2870444649733,93.03385553502669,93.32682332885577,92.99407667114423
2026-09-16,MIA,153,68.4843,0.06718290967699767,68.59480605265136,68.37379394734864,68.61597608334353,68.35262391665648,68.6573517074437,68.31124829255631
2026-09-16,MIL,152,75.8742,0.06645881850234658,75.9835150286565,75.7648849713435,76.00445689071968,75.74394310928032,76.04538657217758,75.70301342782243
2026-09-16,MIN,152,73.50825,0.06701944626139393,73.61848717925933,73.39801282074068,73.63960570093616,73.37689429906385,73.68088065358772,73.33561934641229
2026-09-16,NYM,152,83.97725,0.0666518472760678,84.08688253273506,83.86761746726494,84.10788522016415,83.84661477983585,84.14893378134936,83.80556621865064
2026-09-16,NYY,153,83.36025,0.06700207430201718,83.47045860492894,83.25004139507105,83.49157165252143,83.22892834747856,83.53283590638569,83.1876640936143
2026-09-16,PHI,152,84.01485,0.06653591380049009,84.12429183913726,83.90540816086273,84.14525799472742,83.88444200527258,84.1862351565057,83.84346484349429
2026-09-16,PIT,152,74.51865,0.06747692394914204,74.62963966309327,74.40766033690672,74.65090234072787,74.38639765927212,74.69245903802154,74.34484096197845
2026-09-16,SDP,152,77.5255,0.06713015574531692,77.63591928015549,77.4150807198445,77.65707268753738,77.39392731246261,77.69841582232058,77.3525841776794
2026-09-16,SEA,153,82.8349501390679,0.07739569138682112,82.96225472275593,82.70764555537987,82.98664290674465,82.68325737139115,83.0343082289105,82.6355920492253
2026-09-16,SEA,155,85.98516828294352,0.12708832986373486,86.1942099832631,85.77612658262395,86.23425683233178,85.73607973355526,86.31252612714562,85.65781043874142
2026-09-16,SFG,153,76.86085,0.06770290649634181,76.97221137130566,76.74948862869434,76.99354525838152,76.72815474161848,77.03524113048871,76.68645886951128
2026-09-16,STL,153,69.2153,0.06724967227742493,69.32591586735681,69.10468413264319,69.34710693563588,69.08349306436412,69.38852367650625,69.04207632349375
2026-09-16,TBR,152,74.64155,0.06799922333816551,74.75339876913766,74.52970123086233,74.77482602871949,74.5082739712805,74.816704392093,74.46639560790699
2026-09-16,TEX,152,76.6922,0.06717833433801577,76.80269852688845,76.58170147311155,76.8238671158439,76.5605328841561,76.86523992215146,76.51916007784854
2026-09-16,TOR,153,83.9113,0.06706069245335626,84.02160502320778,83.80099497679221,84.0427365419869,83.7798634580131,84.08403689673763,83.73856310326236
2026-09-16,WSN,153,62.78525,0.06551416814084093,62.89301121708317,62.677488782916825,62.91365541003315,62.656844589966845,62.954003314094805,62.61649668590519
2026-09-17,ATH,153,74.1809,0.06717837752000483,74.29139859791648,74.0704014020835,74.31256720047904,74.04923279952095,74.3539400333809,74.0078599666191
2026-09-17,BOS,153,80.84426723849091,0.07733062409442995,80.97146479600706,80.71706968097477,80.995832476618,80.69270200036382,81.04345772609507,80.64507675088676
2026-09-17,BOS,155,84.35611581642702,0.13344324693837556,84.57561042514578,84.13662120770826,84.61765977440632,84.09457185844772,84.6998428422516,84.01238879060244
2026-09-17,CHW,153,64.4624,0.06673583741588755,64.57217068422116,64.35262931577884,64.59319983781326,64.33160016218675,64.63430012561273,64.29049987438728
2026-09-17,CIN,153,72.7117,0.06701215327785212,72.82192518336889,72.6014748166311,72.84304140695106,72.58035859304893,72.88431186810699,72.539088131893
2026-09-17,COL,153,59.70725,0.06470244734327771,59.813676055185226,59.60082394481478,59.83406446650442,59.58043553349558,59.87391245987815,59.540587540121855
2026-09-17,DET,153,81.98725,0.06809097730929199,82.09924969098986,81.87525030901014,82.12070586319835,81.85379413680165,82.16264073466056,81.81185926533945
2026-09-17,HOU,153,78.4459,0.06777686437618095,78.55738302119255,78.33441697880744,78.57874021316236,78.31305978683763,78.62048163336281,78.27131836663717
2026-09-17,KCR,153,75.79555,0.06734555873321614,75.9063235865414,75.68477641345861,75.92754486963584,75.66355513036417,75.96902066364889,75.62207933635112
2026-09-17,LAA,153,66.2601,0.06666711801728958,66.36975765086913,66.15044234913086,66.39076515026696,66.12943484973303,66.43182311617208,66.0883768838279
2026-09-17,LAD,153,93.79345,0.06493935794944036,93.90026573845505,93.68663426154497,93.92072880276007,93.66617119723995,93.96072270115982,93.62617729884019
2026-09-17,MIL,153,76.38215,0.06678823700551707,76.49200687387622,76.27229312612377,76.51305253912173,76.25124746087826,76.55418509801117,76.21011490198882
2026-09-17,MIN,153,74.051,0.06736042474139449,74.16179803894887,73.94020196105113,74.18302400647646,73.91897599352355,74.22450895594838,73.87749104405162
2026-09-17,NYM,153,84.4741,0.06697571012529323,84.58426523971724,84.36393476028277,84.60536997968458,84.34283002031543,84.64661799676674,84.30158200323328
2026-09-17,PHI,153,84.518,0.06691941205947284,84.62807263763949,84.40792736236051,84.64915963750316,84.38684036249684,84.69037298255905,84.34562701744095
2026-09-17,PIT,153,75.0107,0.06786928309242235,75.12233503645317,74.89906496354683,75.1437213505177,74.8776786494823,75.18551968820032,74.83588031179968
2026-09-17,SDP,153,78.14095,0.06748634584283517,78.2519551607293,78.02994483927071,78.27322080730018,78.00867919269983,78.31478330721141,77.9671166927886
2026-09-17,TBR,153,75.1525,0.06834234208224102,75.26491314924833,75.04008685075168,75.28644852910031,75.0185514708997,75.3285382074086,74.97646179259141
2026-09-17,TEX,153,77.16065,0.06751651651910925,77.27170478707559,77.04959521292442,77.29297994073906,77.02832005926095,77.33456102172347,76.98673897827653
2026-09-18,ARI,154,75.6975,0.06752338600724125,75.80856608637806,75.58643391362195,75.82984340468839,75.56515659531162,75.8714287163523,75.52357128364771
2026-09-18,ATH,154,74.69725,0.06753045712866895,74.80832771733778,74.58617228266222,74.82960726383172,74.56489273616828,74.87119693035407,74.52330306964592
2026-09-18,ATL,154,82.84955,0.06723092100895232,82.96013502426486,82.73896497573513,82.98132018382499,82.717779816175,83.02272537643944,82.67637462356055
2026-09-18,BAL,154,82.00465,0.06800193109027587,82.11650322299354,81.89279677700645,82.13793133581612,81.87136866418388,82.17981136680024,81.82948863319976
2026-09-18,BOS,154,81.39375460698251,0.07782711851273504,81.52176882514337,81.26574038882165,81.546292956288,81.24121625767702,81.59422397945839,81.19328523450663
2026-09-18,BOS,156,84.91569824699626,0.13399833496175348,85.13610589426355,84.69529059972896,85.17833015750963,84.65306633648288,85.2608550848175,84.57054140917501
2026-09-18,CHC,154,82.06285,0.06672479002406215,82.17260251287865,81.95309748712134,82.19362818532316,81.93207181467683,82.23472166941713,81.89097833058287
2026-09-18,CHW,154,64.85575,0.06706274649515467,64.96605840180588,64.74544159819412,64.98719056783484,64.72430943216516,65.02849218759869,64.68300781240131
2026-09-18,CIN,154,73.15865,0.06733755063975295,73.26941041439981,73.04788958560017,73.29062917406105,73.02667082593894,73.33210003616708,72.98519996383291
2026-09-18,CLE,154,72.6779,0.06749503951045525,72.78891946054,72.56688053945999,72.81018784657559,72.5456121534244,72.85175570061521,72.50404429938477
2026-09-18,COL,154,60.05815,0.06499680498384454,60.16506023041793,59.95123976958207,60.185541396878506,59.93075860312149,60.22557067491444,59.89072932508556
2026-09-18,DET,154,82.5939,0.06844704806943458,82.70648537527114,82.48131462472887,82.72805374906417,82.45974625093584,82.77020791215867,82.41759208784134
2026-09-18,HOU,154,78.91815,0.06812601989404897,79.03020733091249,78.8060926690875,79.05167454540239,78.7846254545976,79.09363099837725,78.74266900162274
2026-09-18,KCR,154,76.3017,0.0676839930237982,76.41303026141175,76.19036973858825,76.4343581886565,76.16904181134349,76.47604241261189,76.1273575873881
2026-09-18,LAA,154,66.711,0.06702655129072994,66.8212488659926,66.6007511340074,66.84236962653776,66.57963037346224,66.88364895493048,66.53835104506952
2026-09-18,LAD,154,94.39625,0.06529705186395547,94.50365409258767,94.28884590741232,94.52422986994999,94.26827013005,94.56444405962652,94.22805594037347
2026-09-18,MIA,154,68.9193,0.06754844568993236,69.03040730588803,68.80819269411198,69.05169252076394,68.78690747923608,69.09329326581732,68.74530673418269
2026-09-18,MIL,154,76.8437,0.06711358824549882,76.95409202904334,76.73330797095666,76.97524021583443,76.71215978416556,77.01657314726907,76.67082685273093
2026-09-18,MIN,154,74.6001,0.06767956135829553,74.71142297197068,74.48877702802932,74.73274950275173,74.46745049724827,74.77443099739803,74.42576900260197
2026-09-18,NYM,154,84.97805,0.06736308558208981,85.08885241564234,84.86724758435766,85.11007922162838,84.84602077837161,85.15156580981981,84.80453419018018
2026-09-18,NYY,154,83.91985,0.06733637953049913,84.03060848809652,83.80909151190347,84.0518268787291,83.78787312127089,84.09329701958954,83.74640298041045
2026-09-18,PHI,154,85.01405,0.0672662535549465,85.12469314113129,84.9034068588687,85.14588943434264,84.88221056565736,85.18731638704678,84.84078361295322
2026-09-18,PIT,154,75.50455,0.06820422681698521,75.61673596985334,75.39236403014665,75.63822782815468,75.3708721718453,75.68023244606108,75.3288675539389
2026-09-18,SDP,154,78.70595,0.06780884257846898,78.81748562065458,78.59441437934542,78.83885288928715,78.57304711071285,78.88061400375335,78.53128599624665
2026-09-18,SEA,154,83.48036089817516,0.07777770477013801,83.6082938379623,83.35242795838803,83.63280239832483,83.3279193980255,83.68070298928485,83.28001880706547
2026-09-18,SEA,156,86.64460924130063,0.12770941507308395,86.85467253587944,86.43454594672181,86.89491509533055,86.39430338727071,86.97356689498497,86.31565158761629
2026-09-18,SFG,154,77.25805,0.06804134398363682,77.36996805143413,77.14613194856587,77.39140858366763,77.12469141633237,77.4333128876859,77.0827871123141
2026-09-18,STL,154,69.7557,0.06761748650847711,69.86692086792881,69.6444791320712,69.88822783828174,69.62317216171827,69.92987110318086,69.58152889681915
2026-09-18,TBR,154,75.60045,0.0687019758664144,75.7134546941826,75.48744530581739,75.73510339836491,75.46579660163508,75.77741456264842,75.42348543735157
2026-09-18,TEX,154,77.61535,0.06785594992608991,77.72696310534617,77.50373689465384,77.7483452179919,77.48235478200812,77.79013534423977,77.44056465576024
2026-09-18,TOR,154,84.4566,0.06741786173117663,84.56749251438983,84.34570748561016,84.5887365809078,84.32446341909218,84.63025690382976,84.28294309617023
2026-09-18,WSN,154,63.24485,0.06587045521110726,63.35319725716293,63.13650274283707,63.37395371985903,63.11574628014097,63.41452104877087,63.07517895122913
2026-09-19,ARI,155,76.1362,0.06788068847171043,76.24785379663265,76.02454620336735,76.26924370465034,76.00315629534967,76.3110490665105,75.9613509334895
2026-09-19,ATH,155,75.2135,0.06788447026062071,75.32516001712186,75.10183998287813,75.3465511168204,75.0804488831796,75.38835880775319,75.0386411922468
2026-09-19,ATL,155,83.38005,0.06759651665824372,83.4912363755946,83.2688636244054,83.51253673813052,83.24756326186947,83.55416708842613,83.20593291157387
2026-09-19,BAL,155,82.5458,0.06836134713190707,82.6582444097732,82.4333555902268,82.67978577831317,82.41181422168683,82.72188716117245,82.36971283882755
2026-09-19,BOS,155,81.93359244119814,0.07821933286726367,82.06225179456258,81.8049330878337,82.08689951651273,81.78028536588356,82.13507209090169,81.7321127914946
2026-09-19,BOS,157,85.46464447508372,0.13474208756473635,85.68627548651759,85.24301346364985,85.72873411391234,85.2005548362551,85.81171709265432,85.11757185751311
2026-09-19,CHC,155,82.6205,0.06707215458889078,82.73082387674299,82.51017612325703,82.75195900735973,82.48904099264028,82.79326642124224,82.44773357875778
2026-09-19,CHW,155,65.2497,0.06741746621786948,65.36059186382835,65.13880813617166,65.38183580571598,65.11756419428403,65.42335588505502,65.07604411494499
2026-09-19,CIN,155,73.601,0.06771339753114063,73.7123786275223,73.4896213724777,73.73371582043188,73.46828417956812,73.77541815360357,73.42658184639643
2026-09-19,CLE,155,73.16165,0.06786133819735732,73.2732719682637,73.05002803173629,73.29465577880951,73.02864422119048,73.33644922350679,72.9868507764932
2026-09-19,COL,155,60.4171,0.06527855271045918,60.52447366418794,60.30972633581206,60.5450436122754,60.289156387724596,60.58524640896486,60.24895359103513
2026-09-19,DET,155,83.19995,0.06882405347981085,83.31315549398776,83.08674450601224,83.3348426660905,83.06505733390951,83.37722901374231,83.0226709862577
2026-09-19,HOU,155,79.38765,0.06843316468479624,79.50021253913555,79.27508746086444,79.5217765381303,79.25352346186969,79.56392215092968,79.2113778490703
2026-09-19,KCR,155,76.80685,0.06800083352094279,76.91870141765264,76.69499858234735,76.94012918461975,76.67357081538024,76.98200853964899,76.631691460351
2026-09-19,LAA,155,67.16615,0.0673732822922658,67.27696918773806,67.05533081226194,67.2981992068131,67.03410079318691,67.33969207480469,66.99260792519532
2026-09-19,LAD,155,94.999,0.06565466835476239,95.10699231936962,94.89100768063037,95.12768078539226,94.87031921460773,95.16811521866298,94.82988478133701
2026-09-19,MIA,155,69.3576,0.06790321534605506,69.46929085004363,69.24590914995638,69.49068785651274,69.22451214348727,69.53250709189356,69.18269290810645
2026-09-19,MIL,155,77.30255,0.06746023435355043,77.41351221115143,77.19158778884857,77.43476962972159,77.1703303702784,77.47631604847214,77.12878395152785
2026-09-19,MIN,155,75.14495,0.06801678681795723,75.25682765849109,75.0330723415089,75.27826045250733,75.01163954749266,75.32014963261892,74.96975036738107
2026-09-19,NYM,155,85.4808,0.06768870405047528,85.59213801036107,85.36946198963894,85.61346742209912,85.34813257790088,85.65515454741247,85.30644545258754
2026-09-19,NYY,155,84.48115,0.06770229991621933,84.59251037357015,84.36978962642985,84.61384406950631,84.34845593049369,84.65553956804186,84.30676043195814
2026-09-19,PHI,155,85.5113,0.06758973320040351,85.62247521779938,85.40012478220063,85.64377344279747,85.37882655720254,85.68539961539666,85.33720038460335
2026-09-19,PIT,155,75.9994,0.06858957798755166,76.11221981612388,75.8865801838761,76.13383310257039,75.8649668974296,76.17607504489838,75.8227249551016
2026-09-19,SDP,155,79.26765,0.06811774860679658,79.37969372585566,79.15560627414435,79.40115833397728,79.13414166602273,79.44310969295317,79.09219030704683
2026-09-19,SEA,155,84.11946272301743,0.07811605905206367,84.24795220607238,83.99097323996249,84.27256738537369,83.96635806066118,84.3206763570015,83.91824908903337
2026-09-19,SEA,157,87.29111998478798,0.1281733346533365,87.50194635917099,87.08029361040498,87.54233510448692,87.03990486508904,87.62127261612163,86.96096735345434
2026-09-19,SFG,155,77.6553,0.06837260296450481,77.76776292397028,77.54283707602971,77.78930783933968,77.52129216066031,77.83141615427589,77.47918384572411
2026-09-19,STL,155,70.2982,0.06795766881108789,70.40998041802308,70.1864195819769,70.43139458334302,70.16500541665697,70.47324735472446,70.12315264527552
2026-09-19,TBR,155,76.0583,0.06908823137615949,76.17194002795874,75.94465997204126,76.19371044525285,75.92288955474716,76.23625949090908,75.88034050909093
2026-09-19,TEX,155,78.0669,0.06818851591862915,78.1790601277252,77.95473987227481,78.20054703535975,77.93325296464026,78.24254197746872,77.89125802253129
2026-09-19,TOR,155,85.00505,0.06776076151368908,85.11650653434079,84.89359346565921,85.13785865213184,84.87224134786815,85.17959015513775,84.83050984486225
2026-09-19,WSN,155,63.70235,0.06624988434883361,63.8113213625563,63.593378637443706,63.83219738730366,63.57250261269635,63.87299839346245,63.53170160653755
2026-09-20,ARI,156,76.57255,0.06819834584206422,76.68472629651042,76.4603737034896,76.70621630165566,76.43888369834436,76.74821729767356,76.39688270232645
2026-09-20,ATH,156,75.733,0.06821589419197731,75.84520516097741,75.6207948390226,75.86670069578948,75.59929930421053,75.90871249922749,75.55728750077252
2026-09-20,ATL,156,83.9039,0.06796686114725828,84.01569553807057,83.79210446192941,84.03711259999085,83.77068740000914,84.07897103261334,83.72882896738665
2026-09-20,BAL,156,83.08445,0.06872526513574452,83.19749300162174,82.97140699837827,83.21914904449403,82.94975095550598,83.26147455183082,82.90742544816919
2026-09-20,BOS,156,82.46793540172888,0.07859768773379497,82.59721709346782,82.33865370998994,82.62198403895525,82.31388676450251,82.67038962898478,82.26548117447298
2026-09-20,BOS,158,86.01280283632066,0.1353032453079777,86.23535687010379,85.79024880253753,86.27799232411569,85.74761334852563,86.36132090045021,85.66428477219111
2026-09-20,CHC,156,83.17385,0.0674069246706129,83.2847245245261,83.0629754754739,83.305965144663,83.041734855337,83.34747873182867,83.00022126817133
2026-09-20,CHW,156,65.64235,0.06774648554124543,65.75378305245573,65.53091694754426,65.77513067174,65.50956932825999,65.81685338266959,65.4678466173304
2026-09-20,CIN,156,74.04765,0.06811292786558323,74.15968579644199,73.93561420355802,74.18114888549812,73.91415111450189,74.22309727554669,73.87220272445332
2026-09-20,CLE,156,73.64215,0.06819327081893216,73.75431794884021,73.52998205115979,73.77580635479309,73.50849364520691,73.81780422528026,73.46649577471975
2026-09-20,COL,156,60.7704,0.0655853586097016,60.87827831498408,60.662521685015925,60.89894494078816,60.64185505921184,60.939336688590636,60.60146331140937
2026-09-20,DET,156,83.8073,0.06917591778126303,83.92108425926021,83.69351574073978,83.94288230744878,83.67171769255121,83.98548535612086,83.62911464387913
2026-09-20,HOU,156,79.8638,0.06874037197991452,79.97686785016916,79.75073214983084,79.99852865336452,79.72907134663548,80.04086346448271,79.68673653551728
2026-09-20,KCR,156,77.3139,0.0683611878341804,77.42634414775176,77.20145585224824,77.44788546609537,77.17991453390464,77.4899867508487,77.1378132491513
2026-09-20,LAA,156,67.6173,0.0677075789798497,67.72866905685711,67.50593094314289,67.7500044162809,67.4845955837191,67.79170316600865,67.44289683399136
2026-09-20,LAD,156,95.6061,0.06599276393472699,95.71464843711058,95.49755156288941,95.73544344055232,95.47675655944768,95.77608609516525,95.43611390483474
2026-09-20,MIA,156,69.79675,0.06826946614611415,69.90904327900049,69.68445672099952,69.93055569489016,69.66294430510985,69.97260049143681,69.6208995085632
2026-09-20,MIL,156,77.7639,0.06782851815345663,77.87546798409547,77.65233201590455,77.8968414527055,77.63095854729451,77.93861468467598,77.58918531532403
2026-09-20,MIN,156,75.6938,0.06835148626243394,75.80622819008629,75.5813718099137,75.82776645136416,75.55983354863584,75.86986176125589,75.5177382387441
2026-09-20,NYM,156,85.9856,0.0680863159476334,86.09759202373223,85.87360797626778,86.11904672709738,85.85215327290263,86.1609787277886,85.81022127221141
2026-09-20,NYY,156,85.0448,0.068068357649246,85.15676248495998,84.93283751504,85.17821152947931,84.91138847052068,85.22013247027736,84.86946752972263
2026-09-20,PHI,156,86.0065,0.06795114977274308,86.11826969515923,85.89473030484078,86.13968180626267,85.87331819373733,86.18153056279448,85.83146943720553
2026-09-20,PIT,156,76.49235,0.06896828912710708,76.60579274051535,76.37890725948465,76.62752536276447,76.35717463723553,76.67000054014923,76.31469945985077
2026-09-20,SDP,156,79.8285,0.06840886913382517,79.94102257651042,79.71597742348959,79.96257891972542,79.6944210802746,80.00470956973756,79.65229043026245
2026-09-20,SEA,156,84.76310969405061,0.07842435320162779,84.89210627585564,84.63411311224559,84.91681860183665,84.60940078626457,84.96511744113923,84.561101946962
2026-09-20,SEA,158,87.94637763833428,0.12868997807728427,88.15805381552701,87.73470146114155,88.19860536053702,87.69414991613155,88.27786105493882,87.61489422172974
2026-09-20,SFG,156,78.0482,0.06875416492664102,78.1612905375476,77.93510946245239,78.18295568704333,77.91344431295666,78.22529899275906,77.87110100724092
2026-09-20,STL,156,70.8331,0.06827598626175235,70.94540400363634,70.72079599636366,70.966918474082,70.69928152591801,71.00896728614173,70.65723271385828
2026-09-20,TBR,156,76.52045,0.06946395001648396,76.63470803012699,76.406191969873,76.6565968402562,76.3843031597438,76.69937727799271,76.34152272200728
2026-09-20,TEX,156,78.5157,0.06856520790376665,78.6284797309032,78.4029202690968,78.65008533808388,78.38131466191611,78.69231227172244,78.33908772827755
2026-09-20,TOR,156,85.55625,0.06816435370360958,85.6683703844182,85.44412961558182,85.68984967828852,85.42265032171149,85.73182973972723,85.38067026027278
2026-09-20,WSN,156,64.16745,0.06657996822981727,64.27696430222512,64.05793569777488,64.29794433982227,64.03695566017774,64.33894863319573,63.995951366804285
2026-09-21,BAL,157,83.5605,0.06905798605354685,83.67409027883015,83.44690972116986,83.69585116550982,83.42514883449019,83.7383815841208,83.38261841587921
2026-09-21,DET,157,84.42365,0.06946128257787834,84.53790364258091,84.30939635741908,84.5597916121726,84.28750838782739,84.60257040712618,84.24472959287381
2026-09-21,MIN,157,76.1802,0.06870394755485656,76.29320793732148,76.06719206267852,76.31485726280324,76.04554273719675,76.35716964138129,76.00323035861871
2026-09-21,SFG,157,78.5618,0.06912176161598053,78.67549518029533,78.44810481970468,78.6972761633153,78.42632383668472,78.73984585908337,78.38375414091664
2026-09-21,TOR,157,86.0802,0.06851939975953633,86.19290438321102,85.967495616789,86.214495555771,85.94590444422901,86.2566942777622,85.90370572223782
2026-09-21,WSN,157,64.5511,0.06691930475705388,64.66117246114271,64.4410275388573,64.6822594271943,64.41994057280571,64.72347270616635,64.37872729383366
2026-09-22,ARI,157,77.17445,0.06855141008517765,77.28720703551123,77.06169296448876,77.30880829485638,77.04009170514361,77.35102673089699,76.997873269103
2026-09-22,ATH,157,76.27385,0.06859433699678429,76.38667764399749,76.1610223560025,76.4082924300571,76.13940756994289,76.45053730329383,76.09716269670616
2026-09-22,ATL,157,84.4683,0.06830704976905692,84.58065509855899,84.355944901441,84.60217935743754,84.33442064256246,84.6442473004341,84.2923526995659
2026-09-22,BAL,158,84.04525,0.06943839864538437,84.15946600186156,83.93103399813843,84.18134676048908,83.90915323951091,84.2241114620223,83.8663885379777
2026-09-22,BOS,157,83.03524760436909,0.07891267531309303,83.16504740457027,82.9054478041679,83.18991360590645,82.88058160283173,83.23851318586199,82.83198202287619
2026-09-22,BOS,159,86.59050620445144,0.1360279561829781,86.8142522815458,86.36676012735708,86.85711609946067,86.32389630944222,86.94089100008942,86.24012140881347
2026-09-22,CHC,157,83.74885,0.0677409634252517,83.86027396938321,83.6374260306168,83.88161984859154,83.61608015140847,83.9233391586414,83.57436084135861
2026-09-22,CHW,157,66.07895,0.06809847806677294,66.19096202863801,65.966937971362,66.21242056441287,65.94547943558715,66.25436005533149,65.90353994466852
2026-09-22,CIN,157,74.48325,0.0684327781412622,74.59581190332801,74.37068809667198,74.6173757805189,74.3491242194811,74.65952115525953,74.30697884474047
2026-09-22,CLE,157,74.0722,0.06852418650525381,74.18491225670707,73.95948774329293,74.2065049376202,73.9378950623798,74.24870660760207,73.89569339239792
2026-09-22,COL,157,61.1685,0.06592448474872206,61.27693612784385,61.06006387215616,61.29770961580686,61.039290384193144,61.33831021963712,60.99868978036288
2026-09-22,DET,158,85.0408,0.06978287935097359,85.15558262219957,84.92601737780043,85.17757193026542,84.9040280697346,85.22054878551826,84.86105121448175
2026-09-22,HOU,157,80.32475,0.06908750267614468,80.43838882935387,80.21111117064612,80.46015901702705,80.18934098297294,80.50270761390222,80.14679238609777
2026-09-22,KCR,157,77.8773,0.06868994213789618,77.99028490046061,77.7643150995394,78.01192981269043,77.74267018730959,78.05423356581788,77.70036643418213
2026-09-22,LAA,157,68.07645,0.06803761258091957,68.18836191382285,67.96453808617714,68.20980127025268,67.9430987297473,68.25170327622943,67.90119672377055
2026-09-22,LAD,157,96.20045,0.06635015905825208,96.30958629977577,96.09131370022423,96.33049392212268,96.07040607787732,96.37135668399738,96.02954331600263
2026-09-22,MIA,157,70.22175,0.06861508032741342,70.33461176374011,70.10888823625989,70.35623308623805,70.08726691376195,70.39849073457272,70.04500926542728
2026-09-22,MIL,157,78.20895,0.06813058478909588,78.32101483949667,78.09688516050333,78.34248349243228,78.07541650756772,78.38444275676768,78.03345724323232
2026-09-22,MIN,158,76.6687,0.06906301832764783,76.78229855618444,76.55510144381556,76.80406102858582,76.53333897141418,76.84659454639988,76.49080545360012
2026-09-22,NYM,157,86.53325,0.06843178258176807,86.64581026577837,86.42068973422163,86.66737382925814,86.39912617074185,86.7095185908682,86.35698140913179
2026-09-22,NYY,157,85.59935,0.06841389114719369,85.71188083698732,85.48681916301268,85.73343876269074,85.46526123730926,85.77557250558675,85.42312749441325
2026-09-22,PHI,157,86.56145,0.06829626207813783,86.67378735438645,86.44911264561354,86.69530821395185,86.42759178604814,86.73736951318372,86.38553048681626
2026-09-22,PIT,157,77.0249,0.06935268191803728,77.1389750103917,76.9108249896083,77.16082875879061,76.88897124120939,77.20354067036419,76.84625932963581
2026-09-22,SDP,157,80.23415,0.0687542911133719,80.3472407451063,80.1210592548937,80.36890593436479,80.09939406563521,80.41124931779456,80.05705068220544
2026-09-22,SEA,157,85.29808018451936,0.07881771170387976,85.4277237834835,85.16843658555523,85.45256006080282,85.1436003082359,85.50110115596489,85.09505921307384
2026-09-22,SEA,159,88.4968625213919,0.12940875228310517,88.70972097694404,88.28400406583977,88.75049901515105,88.24322602763276,88.83019737765842,88.16352766512539
2026-09-22,SFG,158,79.0733,0.06946432624110756,79.18755864896143,78.95904135103858,79.20944757764292,78.93715242235709,79.25222824708312,78.89437175291688
2026-09-22,STL,157,71.30055,0.06861990541705788,71.41341970030632,71.18768029969368,71.43504254323997,71.16605745676003,71.47730316318001,71.12379683681999
2026-09-22,TBR,157,76.9659,0.06981504541664581,77.08073553066936,76.85106446933065,77.10273497459566,76.82906502540435,77.1457316398128,76.78606836018722
2026-09-22,TEX,157,78.96805,0.06889237089702603,79.08136786613926,78.85473213386075,79.10307656576775,78.83302343423226,79.14550498774753,78.79059501225248
2026-09-22,TOR,158,86.59545,0.06887235755335186,86.70873494711833,86.48216505288167,86.73043734033493,86.46046265966507,86.77285343679043,86.41804656320957
2026-09-22,WSN,158,64.93395,0.0672355962355138,65.04454271432823,64.82335728567176,65.06572934710069,64.8021706528993,65.10713741902501,64.76076258097498
2026-09-23,ARI,158,77.77155,0.06887626751564235,77.88484137843399,77.65825862156602,77.90654500372021,77.6365549962798,77.94896350818587,77.59413649181414
2026-09-23,ATH,158,76.828,0.06897045487875429,76.94144630285982,76.71455369714019,76.96317960755971,76.6928203924403,77.0056561187558,76.65034388124421
2026-09-23,ATL,158,85.03735,0.06864643738420266,85.1502633415087,84.9244366584913,85.17189454494003,84.90280545505998,85.21417150499846,84.86052849500155
2026-09-23,BAL,159,84.5275,0.06975987750509235,84.64224478752995,84.41275521247006,84.66422684747592,84.39077315252409,84.7071895366896,84.34781046331041
2026-09-23,BOS,158,83.6027608389734,0.07933328802481349,83.73325248551899,83.4722691924278,83.75825122627717,83.44727045166962,83.8071098470146,83.39841183093219
2026-09-23,BOS,160,87.1810124089029,0.13662526405192318,87.4057409700119,86.9562838477939,87.44879300582295,86.91323181198285,87.53293576765296,86.82908905015285
2026-09-23,CHC,158,84.33215,0.06807116131685391,84.44411709658283,84.22018290341717,84.46556702456685,84.19873297543315,84.50748969204656,84.15681030795344
2026-09-23,CHW,158,66.5081,0.06840680298065915,66.62061917799089,66.39558082200911,66.64217487013961,66.37402512986039,66.68430424767968,66.33189575232032
2026-09-23,CIN,158,74.9142,0.0687716394665689,75.02731928060798,74.801080719392,75.04898993651224,74.77941006348775,75.09134400419109,74.7370559958089
2026-09-23,CLE,158,74.49885,0.06882904042419377,74.61206369678133,74.38563630321867,74.63375244032187,74.36394755967814,74.6761418592598,74.32155814074021
2026-09-23,COL,158,61.5714,0.06626088308520593,61.680389453867704,61.46241054613229,61.70126894443082,61.44153105556917,61.7420767243299,61.400723275670096
2026-09-23,DET,159,85.65635,0.07007912162719658,85.77161989738207,85.54108010261794,85.79370255445751,85.5189974455425,85.83686185505431,85.4758381449457
2026-09-23,HOU,158,80.79,0.0694290358535316,80.90420060143943,80.67579939856059,80.92607840975427,80.65392159024574,80.96883734506868,80.61116265493133
2026-09-23,KCR,158,78.44815,0.0690220890825107,78.56168123356713,78.33461876643287,78.58343080873944,78.31286919126056,78.6259391196509,78.2703608803491
2026-09-23,LAA,158,68.5223,0.06838061809421268,68.63477610768545,68.40982389231455,68.65632354870525,68.38827645129476,68.69843679988186,68.34616320011814
2026-09-23,LAD,158,96.7941,0.06667013952944179,96.90376262081436,96.68443737918564,96.92477107232196,96.66342892767804,96.96583089907163,96.62236910092837
2026-09-23,MIA,158,70.63845,0.0689561768632179,70.75187281761417,70.52502718238584,70.77360162316349,70.50329837683653,70.81606934102498,70.46083065897503
2026-09-23,MIL,158,78.66055,0.06846441085449202,78.7731639345111,78.5479360654889,78.79473777949755,78.52636222050245,78.83690263572922,78.48419736427078
2026-09-23,MIN,159,77.1612,0.06941632847776515,77.2753796996663,77.04702030033368,77.29725350375541,77.02514649624457,77.34000461303779,76.9823953869622
2026-09-23,NYM,158,87.07485,0.0687881818670418,87.1879964904354,86.9617035095646,87.2096723590214,86.9400276409786,87.25203661459098,86.89766338540902
2026-09-23,NYY,158,86.15895,0.06877296511647252,86.27207146110804,86.04582853889197,86.29374253473831,86.0241574652617,86.33609741883896,85.98180258116105
2026-09-23,PHI,158,87.10985,0.06867368457147642,87.22280815914351,86.99689184085648,87.24444794844575,86.97525205155424,87.28674168910187,86.93295831089812
2026-09-23,PIT,158,77.559,0.0696955079125703,77.67363890897221,77.44436109102779,77.69560068539286,77.42239931460713,77.73852373160692,77.37947626839308
2026-09-23,SDP,158,80.6405,0.06910457119169451,80.75416690456359,80.52683309543642,80.7759424707028,80.5050575292972,80.81850157948475,80.46249842051526
2026-09-23,SEA,158,85.82762363476019,0.07926398499186678,85.95800128796068,85.69724598155969,85.98297819061537,85.672269078905,86.0317941300183,85.62345313950208
2026-09-23,SEA,160,89.04620650313748,0.13002530954473318,89.26007910513762,88.83233390113735,89.30105142692383,88.79136157935113,89.38112950566583,88.71128350060914
2026-09-23,SFG,159,79.5808,0.06982332943126257,79.69564915666083,79.46595084333916,79.71765121096594,79.44394878903405,79.76065297802039,79.4009470219796
2026-09-23,STL,158,71.76645,0.06899846562995415,71.87994237644553,71.65295762355449,71.90168450762324,71.63121549237677,71.94417826966955,71.58872173033046
2026-09-23,TBR,158,77.4063,0.07016150759039717,77.52170541023246,77.29089458976755,77.54381402797821,77.26878597202179,77.58702406723252,77.22557593276748
2026-09-23,TEX,158,79.42645,0.06921223906634448,79.54029400245771,79.31260599754229,79.56210349585942,79.29079650414059,79.60472891355133,79.24817108644868
2026-09-23,TOR,159,87.1132,0.0692479173094946,87.22710268794536,86.99929731205465,87.24892342393102,86.977476576069,87.29157081461554,86.93482918538447
2026-09-23,WSN,159,65.3184,0.06758634823485687,65.42956965002651,65.20723034997349,65.4508668083869,65.18593319161309,65.4924908963032,65.1443091036968
2026-09-24,ARI,159,78.37005,0.0691932441436789,78.48386275859028,78.25623724140974,78.5056662664951,78.23443373350491,78.54827998587291,78.1918200141271
2026-09-24,ATH,159,77.3036,0.0693502474749819,77.41767100608921,77.1895289939108,77.43952398736991,77.1676760126301,77.48223439965443,77.12496560034558
2026-09-24,ATL,159,85.6038,0.06898169468569218,85.71726479069703,85.49033520930298,85.7390016371765,85.46859836282351,85.78148507057988,85.42611492942014
2026-09-24,BOS,159,84.17308852107485,0.07972834010741937,84.30422997047135,84.04194707167834,84.32935319623255,84.01682384591714,84.37845511584685,83.96772192630284
2026-09-24,BOS,161,87.76462477841245,0.13730224990952808,87.99046688216474,87.53878267466017,88.03373224323144,87.49551731359347,88.11829193717261,87.4109576196523
2026-09-24,CHC,159,84.91355,0.0684076223824143,85.02607052578684,84.80102947421317,85.04762647613755,84.77947352386245,85.08975635831874,84.73734364168126
2026-09-24,CHW,159,66.94635,0.06876983385451377,67.05946631064045,66.83323368935955,67.08113639757765,66.81156360242234,67.12348935324265,66.76921064675734
2026-09-24,CIN,159,75.34775,0.0690969949897305,75.46140444282031,75.2340955571797,75.48317762161982,75.2123223783802,75.52573206448173,75.16976793551828
2026-09-24,CLE,159,74.92515,0.0691709231158963,75.03892604376676,74.81137395623324,75.06072251808455,74.78957748191546,75.10332249071546,74.74697750928455
2026-09-24,COL,159,61.9729,0.06659354333943135,62.08243663129342,61.86336336870659,62.1034209465482,61.84237905345181,62.14443360036086,61.80136639963914
2026-09-24,HOU,159,81.3144,0.0697399513553081,81.4291120119302,81.19968798806981,81.45108779293999,81.17771220706003,81.49403821032908,81.13476178967093
2026-09-24,KCR,159,79.0099,0.06939806124125668,79.12404965273608,78.89575034726393,79.14591770062977,78.87388229937024,79.18865755975472,78.83114244024529
2026-09-24,LAA,159,68.9203,0.06870515566841248,69.03330992449145,68.80729007550855,69.05495963066231,68.78564036933768,69.09727275327559,68.7433272467244
2026-09-24,LAD,159,97.3837,0.0670213645688107,97.49394033459426,97.27345966540575,97.5150594607496,97.25234053925041,97.55633559482018,97.21106440517983
2026-09-24,MIA,159,71.05705,0.06929624710883105,71.17103218339109,70.94306781660892,71.1928681485971,70.92123185140291,71.2355453039289,70.8785546960711
2026-09-24,MIL,159,79.10445,0.06876873175214403,79.21756449784337,78.99133550215663,79.2392342374967,78.9696657625033,79.28158651441507,78.92731348558493
2026-09-24,NYM,159,87.62095,0.06912721955568005,87.73465415780723,87.50724584219276,87.75643686068052,87.48546313931946,87.79900991780437,87.44289008219562
2026-09-24,NYY,159,86.7117,0.06912320924554063,86.82539756143404,86.59800243856594,86.84717900061707,86.57622099938291,86.88974958793,86.53365041206999
2026-09-24,PHI,159,87.66595,0.06903250179582224,87.77949836095638,87.55240163904361,87.8012512172825,87.53064878271749,87.84376594102297,87.48813405897702
2026-09-24,PIT,159,78.0961,0.07003590858213064,78.21129881824817,77.98090118175185,78.23336785844552,77.9588321415545,78.27650054562653,77.91569945437348
2026-09-24,SDP,159,81.0509,0.06944794172853885,81.1651316988365,80.9366683011635,81.18701546458837,80.91478453541163,81.22978604337553,80.87201395662447
2026-09-24,SEA,159,86.42514076385591,0.07971506041276291,86.5562603700985,86.29402115761332,86.58137941129036,86.26890211642146,86.63047315240128,86.21980837531054
2026-09-24,SEA,161,89.66077200988781,0.1307125674820879,89.87577505059886,89.44576896917675,89.91696393447945,89.40458008529616,89.99746527155028,89.32407874822533
2026-09-24,STL,159,72.22935,0.06934683033865985,72.34341538540014,72.11528461459986,72.36526728990577,72.09343271009422,72.40797559769454,72.05072440230545
2026-09-24,TBR,159,77.85355,0.07049268459070104,77.96950014792256,77.73759985207744,77.99171312297132,77.71538687702868,78.03512712265456,77.67197287734544
2026-09-24,TEX,159,79.88035,0.06955575888490259,79.9947590422772,79.76594095772282,80.01667678233177,79.74402321766824,80.05951376196631,79.7011862380337
2026-09-25,ARI,160,78.85245,0.06955796766308117,78.966862675394,78.73803732460601,78.98878111145744,78.71611888854257,79.03161945140188,78.67328054859813
2026-09-25,ATH,160,77.7804,0.06969377054717782,77.89503605126045,77.66576394873955,77.91699728021926,77.64380271978074,77.95991925645023,77.60088074354977
2026-09-25,ATL,160,86.1952,0.06937460262786745,86.30931106675077,86.08108893324923,86.3311717225924,86.0592282774076,86.37389713437092,86.01650286562908
2026-09-25,BAL,160,85.01155,0.0701720887246262,85.12697281464946,84.89612718535054,85.14908476662022,84.87401523337978,85.19230132242812,84.83079867757188
2026-09-25,BOS,160,84.68243650740467,0.08010937630880371,84.81420470557903,84.55066830923032,84.83944799979389,84.52542501501546,84.88878458638992,84.47608842841943
2026-09-25,BOS,162,88.29269253496159,0.1379742626222923,88.51964000126182,88.06574506866136,88.56311712049475,88.02226794942843,88.64809068375965,87.93729438616353
2026-09-25,CHC,160,85.39945,0.06874744210088653,85.51252947948328,85.28637052051673,85.53419251054699,85.26470748945302,85.5765316759075,85.2223683240925
2026-09-25,CHW,160,67.47185,0.06908143014641899,67.58547884093133,67.35822115906868,67.6072471150875,67.3364528849125,67.64979197210222,67.29390802789779
2026-09-25,CIN,160,75.76395,0.0694449252988114,75.87817673725112,75.64972326274886,75.90005955249474,75.62784044750525,75.94282827356744,75.58507172643255
2026-09-25,CLE,160,75.40555,0.06955340281874904,75.51995516689324,75.29114483310677,75.54187216452696,75.26922783547305,75.58470769314208,75.22639230685793
2026-09-25,COL,160,62.4474,0.06691562259313859,62.55746640452204,62.337333595477965,62.57855221028563,62.316247789714375,62.61976322154063,62.27503677845937
2026-09-25,DET,160,86.2058,0.07042553021288007,86.32163968880063,86.08996031119936,86.34383150280938,86.06776849719061,86.3872041444403,86.02439585555969
2026-09-25,HOU,160,81.8376,0.07014850214094111,81.95298401817173,81.72221598182826,81.97508853776567,81.70011146223432,82.0182905674147,81.6569094325853
2026-09-25,KCR,160,79.5295,0.0697325219587744,79.64419979166036,79.41480020833964,79.66617323159035,79.39282676840965,79.70911907347178,79.34988092652821
2026-09-25,LAA,160,69.30975,0.06904968240192681,69.42332662053865,69.19617337946134,69.4450848906517,69.17441510934829,69.48761019533163,69.13188980466836
2026-09-25,LAD,160,97.9901,0.06739259742441589,98.10095095830323,97.87924904169677,98.12218706377647,97.85801293622353,98.16369182728808,97.81650817271192
2026-09-25,MIA,160,71.46565,0.06962789244293804,71.58017769142175,71.35112230857824,71.60211816150759,71.3291818384924,71.64499956569887,71.28630043430113
2026-09-25,MIL,160,79.6448,0.06910521271598277,79.75846795977714,79.53113204022287,79.7802437280673,79.5093562719327,79.82280323194182,79.46679676805819
2026-09-25,MIN,160,77.6475,0.06974450087476501,77.76221949522377,77.53278050477621,77.78419670983426,77.51080329016573,77.82714992911461,77.46785007088538
2026-09-25,NYM,160,88.249,0.06946122078584328,88.36325354094207,88.13474645905792,88.38514149106243,88.11285850893756,88.42792024796044,88.07007975203955
2026-09-25,NYY,160,87.22765,0.06947397070489984,87.34192451269267,87.11337548730732,87.3638164804446,87.0914835195554,87.40660308957558,87.04869691042441
2026-09-25,PHI,160,88.2124,0.06932715647371673,88.32643302477203,88.09836697522798,88.34827872983907,88.07652127016094,88.39097492117672,88.03382507882328
2026-09-25,PIT,160,78.54665,0.07038866327094764,78.66242904807748,78.43087095192251,78.68460924493097,78.40869075506903,78.72795918149095,78.36534081850905
2026-09-25,SDP,160,81.5685,0.0697563164500838,81.68323893011569,81.45376106988431,81.70521986793635,81.43178013206365,81.74818036401976,81.38881963598024
2026-09-25,SEA,160,87.03419035343599,0.08004738374663044,87.16585658291962,86.90252412395236,87.19108034263604,86.87730036423594,87.24037875016299,86.82800195670899
2026-09-25,SEA,162,90.27552766685682,0.13131279602714432,90.49151799566721,90.05953733804643,90.53289601777928,90.01815931593435,90.61376701479448,89.93728831891916
2026-09-25,SFG,160,79.9744,0.07016600598167026,80.08981280942766,79.85898719057235,80.1119228446631,79.83687715533691,80.15513565432057,79.79366434567943
2026-09-25,STL,160,72.689,0.06968580741863993,72.80362295307958,72.5743770469204,72.82558167277412,72.55241832722587,72.86849874479039,72.5095012552096
2026-09-25,TBR,160,78.3071,0.07084211607349471,78.42362491156442,78.1905750884356,78.44594799609266,78.16825200390736,78.48957719850753,78.12462280149248
2026-09-25,TEX,160,80.39405,0.06990223920610349,80.50902895169018,80.2790710483098,80.53105587128266,80.25704412871733,80.57410623613076,80.21399376386923
2026-09-25,TOR,160,87.697,0.06958585818672497,87.81145855122297,87.58254144877704,87.8333857758793,87.56061422412071,87.87624129262997,87.51775870737004
2026-09-25,WSN,160,65.69035,0.06791939337240001,65.80206746052893,65.57863253947106,65.82346956486171,65.55723043513828,65.86529876372789,65.5154012362721
2026-09-26,ARI,161,79.33875,0.06995330296065216,79.45381294409206,79.22368705590794,79.4758559544025,79.2016440455975,79.51893776764608,79.15856223235393
2026-09-26,ATH,161,78.26215,0.07006516128017051,78.37739693465463,78.14690306534538,78.39947519268013,78.12482480731988,78.44262589558335,78.08167410441666
2026-09-26,ATL,161,86.7831,0.0697416727254642,86.89781484333214,86.66838515666787,86.91979116676349,86.64640883323652,86.96274264428477,86.60345735571524
2026-09-26,BAL,161,85.5038,0.07055422151018781,85.61985136714777,85.38774863285222,85.64208373311723,85.36551626688276,85.68553563125502,85.32206436874498
2026-09-26,BOS,161,85.19185150438919,0.08051263831775639,85.32428300954159,85.0594199992368,85.3496533757923,85.03404963298608,85.3992383174741,84.98446469130428
2026-09-26,BOS,163,88.81682095725823,0.13865438809730923,89.04488713041283,88.58875478410363,89.08857856422739,88.54506335028907,89.17397099318492,88.45967092133154
2026-09-26,CHC,161,85.8863,0.06910439484120601,85.99996661449285,85.77263338550716,86.0217421250622,85.75085787493781,86.064301125236,85.70829887476401
2026-09-26,CHW,161,68.00505,0.06940988482543795,68.1192191008014,67.89088089919859,68.14109087442893,67.86900912557107,68.18383801528931,67.82626198471068
2026-09-26,CIN,161,76.1807,0.06981651733511675,76.29553795175978,76.06586204824022,76.31753785950285,76.04386214049715,76.36053543122352,76.00086456877648
2026-09-26,CLE,161,75.8808,0.06990403347944121,75.99578190300718,75.7658180969928,76.01780938799378,75.74379061200621,76.0608608578726,75.70073914212739
2026-09-26,COL,161,62.9142,0.0672542792311668,63.02482344512139,62.80357655487861,63.046015965099286,62.782384034900716,63.0874355432327,62.7409644567673
2026-09-26,DET,161,86.75425,0.07076756495236684,86.87065228588243,86.63784771411757,86.89295187858023,86.61554812141976,86.9365351675451,86.5719648324549
2026-09-26,HOU,161,82.35585,0.07051290408398395,82.47183340602943,82.23986659397058,82.49405275244995,82.21764724755006,82.53747920461787,82.17422079538214
2026-09-26,KCR,161,80.05425,0.07007796296211576,80.16951799154761,79.93898200845238,80.19160028351567,79.91689971648432,80.23475887053083,79.87374112946917
2026-09-26,LAA,161,69.70395,0.0693743170032541,69.81806059694009,69.58983940305993,69.83992116277845,69.56797883722156,69.88264639865068,69.52525360134933
2026-09-26,LAD,161,98.5888,0.06773913313224394,98.70022095881913,98.47737904118088,98.72156626128317,98.45603373871684,98.76328444411904,98.41431555588098
2026-09-26,MIA,161,71.87775,0.06997774711384745,71.99285315114611,71.7626468488539,72.0149038640624,71.74059613593761,72.05800073161218,71.69749926838783
2026-09-26,MIL,161,80.18635,0.06943772219577905,80.30056488920098,80.07213511079902,80.32244543467223,80.05025456532778,80.36520971960358,80.00749028039642
2026-09-26,MIN,161,78.12625,0.0700844928545677,78.24152873226488,78.01097126773512,78.2636130818697,77.98888691813029,78.30677569041916,77.94572430958084
2026-09-26,NYM,161,88.8782,0.06981659513215892,88.99303807972454,88.76336192027547,89.01503801198226,88.74136198801776,89.05803563161543,88.69836436838459
2026-09-26,NYY,161,87.7354,0.06978694614963915,87.8501893114881,87.6206106885119,87.87217990104433,87.59862009895566,87.91515926089743,87.55564073910257
2026-09-26,PHI,161,88.7602,0.06965818265732014,88.87477751439074,88.64562248560925,88.89672752923686,88.62367247076314,88.93962758812069,88.58077241187931
2026-09-26,PIT,161,78.9982,0.07074139562697887,79.11455924117264,78.88184075882735,79.13685058764497,78.85954941235502,79.18041775982992,78.81598224017007
2026-09-26,SDP,161,82.0822,0.07013496348936935,82.1975617490716,81.9668382509284,82.2196620024962,81.94473799750381,82.26285569415926,81.90154430584074
2026-09-26,SEA,161,87.63652398073401,0.08044459922573356,87.76884357153912,87.5042043899289,87.7941924979672,87.47885546350082,87.8437355367319,87.42931242473612
2026-09-26,SEA,163,90.89104392470051,0.13203303955880963,91.10821894869625,90.67386890070478,91.14982392700513,90.6322639223959,91.23113849703273,90.55094935236829
2026-09-26,SFG,161,80.3757,0.07051149600634936,80.49168108994782,80.25971891005217,80.51389999266848,80.2375000073315,80.55732557765022,80.19407442234977
2026-09-26,STL,161,73.14745,0.070090841492866,73.26273917484563,73.03216082515438,73.28482552497213,73.01007447502788,73.32799204342773,72.96690795657229
2026-09-26,TBR,161,78.7593,0.07116622377975627,78.87635802130058,78.64224197869942,78.89878323552404,78.61981676447596,78.94261204463481,78.57598795536518
2026-09-26,TEX,161,80.9153,0.07026669314766636,81.03087842507783,80.79972157492217,81.05302018788215,80.77757981211785,81.09629500727324,80.73430499272676
2026-09-26,TOR,161,88.28025,0.06992016832339511,88.39525844246378,88.1652415575362,88.41729101170682,88.14320898829317,88.46035241847646,88.10014758152353
2026-09-26,WSN,161,66.06115,0.06826539051416972,66.17343657518249,65.9488634248175,66.19494770679833,65.92735229320166,66.2369899933046,65.88531000669539
2026-09-27,ARI,162,79.82165,0.07030842216681002,79.93729706320632,79.7060029367937,79.9594519752568,79.68384802474321,80.00275249410356,79.64054750589645
2026-09-27,ATH,162,78.73735,0.07038718609713937,78.8531266183428,78.62157338165721,78.87530634972352,78.5993936502765,78.91865537654337,78.55604462345664
2026-09-27,ATL,162,87.37115,0.07008819801971006,87.48643482671922,87.25586517328078,87.50852034385994,87.23377965614006,87.55168523429211,87.19061476570789
2026-09-27,BAL,162,85.9896,0.0708665696611226,86.1061651341367,85.87303486586329,86.1284959242437,85.8507040757563,86.17214018677511,85.80705981322488
2026-09-27,BOS,162,85.7048850767272,0.08092595876988334,85.83799643352437,85.57177371993002,85.86349704133053,85.54627311212386,85.91333653274445,85.49643362070994
2026-09-27,BOS,164,89.34488871380736,0.13939424146679577,89.57417183746017,89.11560559015456,89.61809640673457,89.07168102088016,89.70394448572351,88.98583294189122
2026-09-27,CHC,162,86.36945,0.0695278328502483,86.48381310803781,86.2550868919622,86.50572204830961,86.2331779516904,86.54854182926792,86.19035817073208
2026-09-27,CHW,162,68.53335,0.06976336958076058,68.64810053148327,68.41859946851673,68.67008369181845,68.39661630818155,68.71304853168043,68.35365146831957
2026-09-27,CIN,162,76.6048,0.07016556853863894,76.72021208989788,76.48938791010211,76.74232198729051,76.46727801270949,76.785534527542,76.424065472458
2026-09-27,CLE,162,76.3538,0.07025705004235552,76.46936256358109,76.23823743641893,76.49150128774305,76.21609871225697,76.53477016828,76.17282983172001
2026-09-27,COL,162,63.3859,0.0676324830768349,63.49714553508866,63.274654464911336,63.51845723101561,63.25334276898439,63.56010973178108,63.211690268218916
2026-09-27,DET,162,87.29155,0.0711212369225398,87.40853402450531,87.17456597549469,87.43094506290412,87.15215493709589,87.47474616616972,87.10835383383028
2026-09-27,HOU,162,82.88065,0.07087835682313974,82.9972345222929,82.7640654777071,83.01956902665674,82.74173097334327,83.06322054849244,82.69807945150757
2026-09-27,KCR,162,80.58125,0.07044343855730469,80.6971191454059,80.46538085459409,80.71931660251947,80.44318339748052,80.76270027327865,80.39979972672134
2026-09-27,LAA,162,70.088,0.06972432053482967,70.20268630151844,69.97331369848155,70.22465715709478,69.9513428429052,70.26759794800364,69.90840205199635
2026-09-27,LAD,162,99.19115,0.06813084965350656,99.30321527515984,99.07908472484014,99.32468401155698,99.057615988443,99.36664343901317,99.01565656098681
2026-09-27,MIA,162,72.2897,0.07031348302277972,72.40535538757361,72.17404461242639,72.42751189435221,72.15188810564779,72.47081553000466,72.10858446999534
2026-09-27,MIL,162,80.72595,0.06976550502332479,80.84070404397372,80.61119595602628,80.86268787720896,80.58921212279104,80.90565403221596,80.54624596778403
2026-09-27,MIN,162,78.61235,0.07039550163332522,78.72814029618264,78.49655970381737,78.75032264787495,78.47437735212506,78.79367679594515,78.43102320405487
2026-09-27,NYM,162,89.5087,0.07014504424306534,89.62407833043588,89.39332166956413,89.64618176041039,89.37121823958962,89.68938166046003,89.32801833953998
2026-09-27,NYY,162,88.2496,0.070158328811019,88.36500018160567,88.13419981839434,88.38710779768512,88.11209220231488,88.43031587923944,88.06888412076056
2026-09-27,PHI,162,89.30995,0.0699557269997388,89.42501693128155,89.19488306871845,89.44706070543181,89.17283929456819,89.49014401155699,89.12975598844301
2026-09-27,PIT,162,79.4609,0.0710739131788642,79.57780618387389,79.3439938161261,79.6002023100709,79.32159768992909,79.643974268284,79.27782573171599
2026-09-27,SDP,162,82.5993,0.07045573203089163,82.71518936637054,82.48341063362946,82.73739069728495,82.46120930271505,82.78078193916816,82.41781806083183
2026-09-27,SEA,162,88.24910114646225,0.08077154739056207,88.3819585191421,88.1162437737824,88.40741047032333,88.09079182260118,88.45715486512385,88.04104742780065
2026-09-27,SEA,164,91.5164479939152,0.13267443129392184,91.73467801343273,91.29821797439766,91.77648510092061,91.25641088690978,91.85819468187377,91.17470130595662
2026-09-27,SFG,162,80.77335,0.0708822982407115,80.88994100534788,80.65675899465211,80.91227675169321,80.63442324830677,80.95593070091131,80.59076929908868
2026-09-27,STL,162,73.60785,0.07042951394619133,73.72369624145882,73.49200375854117,73.7458893107832,73.4698106892168,73.78926440585731,73.42643559414269
2026-09-27,TBR,162,79.20955,0.07149365361345268,79.32714659545009,79.0919534045499,79.34967498620554,79.06942501379444,79.3937054479953,79.02539455200468
2026-09-27,TEX,162,81.4292,0.07063220804590972,81.5453796435839,81.31302035641609,81.56763658391851,81.29076341608148,81.611136511259,81.24726348874098
2026-09-27,TOR,162,88.85615,0.07029149951181991,88.97176922791587,88.74053077208413,88.99391880746248,88.71838119253752,89.03720890423294,88.67509109576706
2026-09-27,WSN,162,66.43065,0.06861774514382125,66.54351614697305,66.31778385302695,66.56513830918223,66.29616169081777,66.60739759868491,66.25390240131509
