START DATE,away,home,SUBJECT,START TIME,datetime
2025-03-27,BAL,TOR,Orioles at Blue Jays,03:07 PM,2025-03-27 19:07:00+00:00
2025-03-28,BAL,TOR,Orioles at Blue Jays,07:07 PM,2025-03-28 23:07:00+00:00
2025-03-29,BAL,TOR,Orioles at Blue Jays,03:07 PM,2025-03-29 19:07:00+00:00
2025-03-30,BAL,TOR,Orioles at Blue Jays,01:37 PM,2025-03-30 17:37:00+00:00
2025-03-31,WSN,TOR,Nationals at Blue Jays,07:07 PM,2025-03-31 23:07:00+00:00
2025-04-01,WSN,TOR,Nationals at Blue Jays,07:07 PM,2025-04-01 23:07:00+00:00
2025-04-02,WSN,TOR,Nationals at Blue Jays,03:07 PM,2025-04-02 19:07:00+00:00
2025-04-04,TOR,NYM,Blue Jays at Mets,03:10 PM,2025-04-04 19:10:00+00:00
2025-04-05,TOR,NYM,Blue Jays at Mets,07:10 PM,2025-04-05 23:10:00+00:00
2025-04-06,TOR,NYM,Blue Jays at Mets,01:40 PM,2025-04-06 17:40:00+00:00
2025-04-07,TOR,BOS,Blue Jays at Red Sox,06:45 PM,2025-04-07 22:45:00+00:00
2025-04-08,TOR,BOS,Blue Jays at Red Sox,06:45 PM,2025-04-08 22:45:00+00:00
2025-04-09,TOR,BOS,Blue Jays at Red Sox,06:45 PM,2025-04-09 22:45:00+00:00
2025-04-10,TOR,BOS,Blue Jays at Red Sox,12:00 AM,2025-04-10 04:00:00+00:00
2025-04-11,TOR,BAL,Blue Jays at Orioles,07:05 PM,2025-04-11 23:05:00+00:00
2025-04-12,TOR,BAL,Blue Jays at Orioles,04:05 PM,2025-04-12 20:05:00+00:00
2025-04-13,TOR,BAL,Blue Jays at Orioles,01:35 PM,2025-04-13 17:35:00+00:00
2025-04-14,ATL,TOR,Braves at Blue Jays,07:07 PM,2025-04-14 23:07:00+00:00
2025-04-15,ATL,TOR,Braves at Blue Jays,07:07 PM,2025-04-15 23:07:00+00:00
2025-04-16,ATL,TOR,Braves at Blue Jays,01:07 PM,2025-04-16 17:07:00+00:00
2025-04-18,SEA,TOR,Mariners at Blue Jays,07:07 PM,2025-04-18 23:07:00+00:00
2025-04-19,SEA,TOR,Mariners at Blue Jays,03:07 PM,2025-04-19 19:07:00+00:00
2025-04-20,SEA,TOR,Mariners at Blue Jays,01:37 PM,2025-04-20 17:37:00+00:00
2025-04-21,TOR,HOU,Blue Jays at Astros,12:00 AM,2025-04-21 04:00:00+00:00
2025-04-22,TOR,HOU,Blue Jays at Astros,12:00 AM,2025-04-22 04:00:00+00:00
2025-04-23,TOR,HOU,Blue Jays at Astros,12:00 AM,2025-04-23 04:00:00+00:00
2025-04-25,TOR,NYY,Blue Jays at Yankees,07:05 PM,2025-04-25 23:05:00+00:00
2025-04-26,TOR,NYY,Blue Jays at Yankees,01:05 PM,2025-04-26 17:05:00+00:00
2025-04-27,TOR,NYY,Blue Jays at Yankees,12:00 AM,2025-04-27 04:00:00+00:00
2025-04-29,BOS,TOR,Red Sox at Blue Jays,07:07 PM,2025-04-29 23:07:00+00:00
2025-04-30,BOS,TOR,Red Sox at Blue Jays,07:07 PM,2025-04-30 23:07:00+00:00
2025-05-01,BOS,TOR,Red Sox at Blue Jays,07:07 PM,2025-05-01 23:07:00+00:00
2025-05-02,CLE,TOR,Guardians at Blue Jays,07:07 PM,2025-05-02 23:07:00+00:00
2025-05-03,CLE,TOR,Guardians at Blue Jays,03:07 PM,2025-05-03 19:07:00+00:00
2025-05-04,CLE,TOR,Guardians at Blue Jays,01:37 PM,2025-05-04 17:37:00+00:00
2025-05-06,TOR,LAA,Blue Jays at Angels,09:38 PM,2025-05-07 01:38:00+00:00
2025-05-07,TOR,LAA,Blue Jays at Angels,09:38 PM,2025-05-08 01:38:00+00:00
2025-05-08,TOR,LAA,Blue Jays at Angels,09:38 PM,2025-05-09 01:38:00+00:00
2025-05-09,TOR,SEA,Blue Jays at Mariners,09:40 PM,2025-05-10 01:40:00+00:00
2025-05-10,TOR,SEA,Blue Jays at Mariners,09:40 PM,2025-05-11 01:40:00+00:00
2025-05-11,TOR,SEA,Blue Jays at Mariners,04:10 PM,2025-05-11 20:10:00+00:00
2025-05-13,TBR,TOR,Rays at Blue Jays,07:07 PM,2025-05-13 23:07:00+00:00
2025-05-14,TBR,TOR,Rays at Blue Jays,07:07 PM,2025-05-14 23:07:00+00:00
2025-05-15,TBR,TOR,Rays at Blue Jays,03:07 PM,2025-05-15 19:07:00+00:00
2025-05-16,DET,TOR,Tigers at Blue Jays,07:07 PM,2025-05-16 23:07:00+00:00
2025-05-17,DET,TOR,Tigers at Blue Jays,03:07 PM,2025-05-17 19:07:00+00:00
2025-05-18,DET,TOR,Tigers at Blue Jays,01:37 PM,2025-05-18 17:37:00+00:00
2025-05-20,SDP,TOR,Padres at Blue Jays,07:07 PM,2025-05-20 23:07:00+00:00
2025-05-21,SDP,TOR,Padres at Blue Jays,07:07 PM,2025-05-21 23:07:00+00:00
2025-05-22,SDP,TOR,Padres at Blue Jays,01:07 PM,2025-05-22 17:07:00+00:00
2025-05-23,TOR,TBR,Blue Jays at Rays,12:00 AM,2025-05-23 04:00:00+00:00
2025-05-24,TOR,TBR,Blue Jays at Rays,12:00 AM,2025-05-24 04:00:00+00:00
2025-05-25,TOR,TBR,Blue Jays at Rays,12:00 AM,2025-05-25 04:00:00+00:00
2025-05-26,TOR,TEX,Blue Jays at Rangers,04:05 PM,2025-05-26 20:05:00+00:00
2025-05-27,TOR,TEX,Blue Jays at Rangers,08:05 PM,2025-05-28 00:05:00+00:00
2025-05-28,TOR,TEX,Blue Jays at Rangers,08:05 PM,2025-05-29 00:05:00+00:00
2025-05-29,ATH,TOR,Athletics at Blue Jays,07:07 PM,2025-05-29 23:07:00+00:00
2025-05-30,ATH,TOR,Athletics at Blue Jays,07:07 PM,2025-05-30 23:07:00+00:00
2025-05-31,ATH,TOR,Athletics at Blue Jays,03:07 PM,2025-05-31 19:07:00+00:00
2025-06-01,ATH,TOR,Athletics at Blue Jays,01:37 PM,2025-06-01 17:37:00+00:00
2025-06-03,PHI,TOR,Phillies at Blue Jays,07:07 PM,2025-06-03 23:07:00+00:00
2025-06-04,PHI,TOR,Phillies at Blue Jays,07:07 PM,2025-06-04 23:07:00+00:00
2025-06-05,PHI,TOR,Phillies at Blue Jays,03:07 PM,2025-06-05 19:07:00+00:00
2025-06-06,TOR,MIN,Blue Jays at Twins,08:10 PM,2025-06-07 00:10:00+00:00
2025-06-07,TOR,MIN,Blue Jays at Twins,02:10 PM,2025-06-07 18:10:00+00:00
2025-06-08,TOR,MIN,Blue Jays at Twins,02:10 PM,2025-06-08 18:10:00+00:00
2025-06-09,TOR,STL,Blue Jays at Cardinals,07:45 PM,2025-06-09 23:45:00+00:00
2025-06-10,TOR,STL,Blue Jays at Cardinals,07:45 PM,2025-06-10 23:45:00+00:00
2025-06-11,TOR,STL,Blue Jays at Cardinals,02:15 PM,2025-06-11 18:15:00+00:00
2025-06-13,TOR,PHI,Blue Jays at Phillies,06:45 PM,2025-06-13 22:45:00+00:00
2025-06-14,TOR,PHI,Blue Jays at Phillies,04:05 PM,2025-06-14 20:05:00+00:00
2025-06-15,TOR,PHI,Blue Jays at Phillies,01:35 PM,2025-06-15 17:35:00+00:00
2025-06-17,ARI,TOR,D-backs at Blue Jays,07:07 PM,2025-06-17 23:07:00+00:00
2025-06-18,ARI,TOR,D-backs at Blue Jays,07:07 PM,2025-06-18 23:07:00+00:00
2025-06-19,ARI,TOR,D-backs at Blue Jays,03:07 PM,2025-06-19 19:07:00+00:00
2025-06-20,CHW,TOR,White Sox at Blue Jays,07:07 PM,2025-06-20 23:07:00+00:00
2025-06-21,CHW,TOR,White Sox at Blue Jays,03:07 PM,2025-06-21 19:07:00+00:00
2025-06-22,CHW,TOR,White Sox at Blue Jays,01:37 PM,2025-06-22 17:37:00+00:00
2025-06-24,TOR,CLE,Blue Jays at Guardians,12:00 AM,2025-06-24 04:00:00+00:00
2025-06-25,TOR,CLE,Blue Jays at Guardians,12:00 AM,2025-06-25 04:00:00+00:00
2025-06-26,TOR,CLE,Blue Jays at Guardians,12:00 AM,2025-06-26 04:00:00+00:00
2025-06-27,TOR,BOS,Blue Jays at Red Sox,07:10 PM,2025-06-27 23:10:00+00:00
2025-06-28,TOR,BOS,Blue Jays at Red Sox,04:10 PM,2025-06-28 20:10:00+00:00
2025-06-29,TOR,BOS,Blue Jays at Red Sox,01:35 PM,2025-06-29 17:35:00+00:00
2025-06-30,NYY,TOR,Yankees at Blue Jays,07:07 PM,2025-06-30 23:07:00+00:00
2025-07-01,NYY,TOR,Yankees at Blue Jays,03:07 PM,2025-07-01 19:07:00+00:00
2025-07-02,NYY,TOR,Yankees at Blue Jays,07:07 PM,2025-07-02 23:07:00+00:00
2025-07-03,NYY,TOR,Yankees at Blue Jays,07:07 PM,2025-07-03 23:07:00+00:00
2025-07-04,LAA,TOR,Angels at Blue Jays,07:07 PM,2025-07-04 23:07:00+00:00
2025-07-05,LAA,TOR,Angels at Blue Jays,03:07 PM,2025-07-05 19:07:00+00:00
2025-07-06,LAA,TOR,Angels at Blue Jays,01:37 PM,2025-07-06 17:37:00+00:00
2025-07-07,TOR,CHW,Blue Jays at White Sox,12:00 AM,2025-07-07 04:00:00+00:00
2025-07-08,TOR,CHW,Blue Jays at White Sox,12:00 AM,2025-07-08 04:00:00+00:00
2025-07-09,TOR,CHW,Blue Jays at White Sox,12:00 AM,2025-07-09 04:00:00+00:00
2025-07-11,TOR,ATH,Blue Jays at Athletics,10:05 PM,2025-07-12 02:05:00+00:00
2025-07-12,TOR,ATH,Blue Jays at Athletics,10:05 PM,2025-07-13 02:05:00+00:00
2025-07-13,TOR,ATH,Blue Jays at Athletics,04:05 PM,2025-07-13 20:05:00+00:00
2025-07-18,SFG,TOR,Giants at Blue Jays,07:07 PM,2025-07-18 23:07:00+00:00
2025-07-19,SFG,TOR,Giants at Blue Jays,03:07 PM,2025-07-19 19:07:00+00:00
2025-07-20,SFG,TOR,Giants at Blue Jays,01:37 PM,2025-07-20 17:37:00+00:00
2025-07-21,NYY,TOR,Yankees at Blue Jays,07:07 PM,2025-07-21 23:07:00+00:00
2025-07-22,NYY,TOR,Yankees at Blue Jays,07:07 PM,2025-07-22 23:07:00+00:00
2025-07-23,NYY,TOR,Yankees at Blue Jays,07:07 PM,2025-07-23 23:07:00+00:00
2025-07-24,TOR,DET,Blue Jays at Tigers,06:40 PM,2025-07-24 22:40:00+00:00
2025-07-25,TOR,DET,Blue Jays at Tigers,07:10 PM,2025-07-25 23:10:00+00:00
2025-07-26,TOR,DET,Blue Jays at Tigers,06:10 PM,2025-07-26 22:10:00+00:00
2025-07-27,TOR,DET,Blue Jays at Tigers,01:40 PM,2025-07-27 17:40:00+00:00
2025-07-28,TOR,BAL,Blue Jays at Orioles,06:35 PM,2025-07-28 22:35:00+00:00
2025-07-29,TOR,BAL,Blue Jays at Orioles,06:35 PM,2025-07-29 22:35:00+00:00
2025-07-30,TOR,BAL,Blue Jays at Orioles,12:35 PM,2025-07-30 16:35:00+00:00
2025-08-01,KCR,TOR,Royals at Blue Jays,07:07 PM,2025-08-01 23:07:00+00:00
2025-08-02,KCR,TOR,Royals at Blue Jays,03:07 PM,2025-08-02 19:07:00+00:00
2025-08-03,KCR,TOR,Royals at Blue Jays,01:37 PM,2025-08-03 17:37:00+00:00
2025-08-04,TOR,COL,Blue Jays at Rockies,08:40 PM,2025-08-05 00:40:00+00:00
2025-08-05,TOR,COL,Blue Jays at Rockies,08:40 PM,2025-08-06 00:40:00+00:00
2025-08-06,TOR,COL,Blue Jays at Rockies,03:10 PM,2025-08-06 19:10:00+00:00
2025-08-08,TOR,LAD,Blue Jays at Dodgers,10:10 PM,2025-08-09 02:10:00+00:00
2025-08-09,TOR,LAD,Blue Jays at Dodgers,09:10 PM,2025-08-10 01:10:00+00:00
2025-08-10,TOR,LAD,Blue Jays at Dodgers,04:10 PM,2025-08-10 20:10:00+00:00
2025-08-12,CHC,TOR,Cubs at Blue Jays,07:07 PM,2025-08-12 23:07:00+00:00
2025-08-13,CHC,TOR,Cubs at Blue Jays,07:07 PM,2025-08-13 23:07:00+00:00
2025-08-14,CHC,TOR,Cubs at Blue Jays,03:07 PM,2025-08-14 19:07:00+00:00
2025-08-15,TEX,TOR,Rangers at Blue Jays,07:07 PM,2025-08-15 23:07:00+00:00
2025-08-16,TEX,TOR,Rangers at Blue Jays,03:07 PM,2025-08-16 19:07:00+00:00
2025-08-17,TEX,TOR,Rangers at Blue Jays,01:37 PM,2025-08-17 17:37:00+00:00
2025-08-18,TOR,PIT,Blue Jays at Pirates,06:40 PM,2025-08-18 22:40:00+00:00
2025-08-19,TOR,PIT,Blue Jays at Pirates,06:40 PM,2025-08-19 22:40:00+00:00
2025-08-20,TOR,PIT,Blue Jays at Pirates,12:35 PM,2025-08-20 16:35:00+00:00
2025-08-22,TOR,MIA,Blue Jays at Marlins,07:10 PM,2025-08-22 23:10:00+00:00
2025-08-23,TOR,MIA,Blue Jays at Marlins,04:10 PM,2025-08-23 20:10:00+00:00
2025-08-24,TOR,MIA,Blue Jays at Marlins,01:40 PM,2025-08-24 17:40:00+00:00
2025-08-25,MIN,TOR,Twins at Blue Jays,07:07 PM,2025-08-25 23:07:00+00:00
2025-08-26,MIN,TOR,Twins at Blue Jays,07:07 PM,2025-08-26 23:07:00+00:00
2025-08-27,MIN,TOR,Twins at Blue Jays,07:07 PM,2025-08-27 23:07:00+00:00
2025-08-29,MIL,TOR,Brewers at Blue Jays,07:07 PM,2025-08-29 23:07:00+00:00
2025-08-30,MIL,TOR,Brewers at Blue Jays,03:07 PM,2025-08-30 19:07:00+00:00
2025-08-31,MIL,TOR,Brewers at Blue Jays,01:37 PM,2025-08-31 17:37:00+00:00
2025-09-01,TOR,CIN,Blue Jays at Reds,01:10 PM,2025-09-01 17:10:00+00:00
2025-09-02,TOR,CIN,Blue Jays at Reds,06:40 PM,2025-09-02 22:40:00+00:00
2025-09-03,TOR,CIN,Blue Jays at Reds,06:40 PM,2025-09-03 22:40:00+00:00
2025-09-05,TOR,NYY,Blue Jays at Yankees,07:05 PM,2025-09-05 23:05:00+00:00
2025-09-06,TOR,NYY,Blue Jays at Yankees,01:05 PM,2025-09-06 17:05:00+00:00
2025-09-07,TOR,NYY,Blue Jays at Yankees,12:00 AM,2025-09-07 04:00:00+00:00
2025-09-09,HOU,TOR,Astros at Blue Jays,07:07 PM,2025-09-09 23:07:00+00:00
2025-09-10,HOU,TOR,Astros at Blue Jays,07:07 PM,2025-09-10 23:07:00+00:00
2025-09-11,HOU,TOR,Astros at Blue Jays,03:07 PM,2025-09-11 19:07:00+00:00
2025-09-12,BAL,TOR,Orioles at Blue Jays,07:07 PM,2025-09-12 23:07:00+00:00
2025-09-13,BAL,TOR,Orioles at Blue Jays,03:07 PM,2025-09-13 19:07:00+00:00
2025-09-14,BAL,TOR,Orioles at Blue Jays,01:37 PM,2025-09-14 17:37:00+00:00
2025-09-15,TOR,TBR,Blue Jays at Rays,12:00 AM,2025-09-15 04:00:00+00:00
2025-09-16,TOR,TBR,Blue Jays at Rays,12:00 AM,2025-09-16 04:00:00+00:00
2025-09-17,TOR,TBR,Blue Jays at Rays,12:00 AM,2025-09-17 04:00:00+00:00
2025-09-18,TOR,TBR,Blue Jays at Rays,12:00 AM,2025-09-18 04:00:00+00:00
2025-09-19,TOR,KCR,Blue Jays at Royals,07:40 PM,2025-09-19 23:40:00+00:00
2025-09-20,TOR,KCR,Blue Jays at Royals,07:10 PM,2025-09-20 23:10:00+00:00
2025-09-21,TOR,KCR,Blue Jays at Royals,02:10 PM,2025-09-21 18:10:00+00:00
2025-09-23,BOS,TOR,Red Sox at Blue Jays,07:07 PM,2025-09-23 23:07:00+00:00
2025-09-24,BOS,TOR,Red Sox at Blue Jays,07:07 PM,2025-09-24 23:07:00+00:00
2025-09-25,BOS,TOR,Red Sox at Blue Jays,07:07 PM,2025-09-25 23:07:00+00:00
2025-09-26,TBR,TOR,Rays at Blue Jays,07:07 PM,2025-09-26 23:07:00+00:00
2025-09-27,TBR,TOR,Rays at Blue Jays,03:07 PM,2025-09-27 19:07:00+00:00
2025-09-28,TBR,TOR,Rays at Blue Jays,03:07 PM,2025-09-28 19:07:00+00:00
2025-03-31,BOS,BAL,Red Sox at Orioles,03:05 PM,2025-03-31 19:05:00+00:00
2025-04-02,BOS,BAL,Red Sox at Orioles,06:35 PM,2025-04-02 22:35:00+00:00
2025-04-03,BOS,BAL,Red Sox at Orioles,01:05 PM,2025-04-03 17:05:00+00:00
2025-04-04,BAL,KCR,Orioles at Royals,07:40 PM,2025-04-04 23:40:00+00:00
2025-04-05,BAL,KCR,Orioles at Royals,04:10 PM,2025-04-05 20:10:00+00:00
2025-04-06,BAL,KCR,Orioles at Royals,02:10 PM,2025-04-06 18:10:00+00:00
2025-04-07,BAL,ARI,Orioles at D-backs,09:40 PM,2025-04-08 01:40:00+00:00
2025-04-08,BAL,ARI,Orioles at D-backs,09:40 PM,2025-04-09 01:40:00+00:00
2025-04-09,BAL,ARI,Orioles at D-backs,03:40 PM,2025-04-09 19:40:00+00:00
2025-04-15,CLE,BAL,Guardians at Orioles,06:35 PM,2025-04-15 22:35:00+00:00
2025-04-16,CLE,BAL,Guardians at Orioles,06:35 PM,2025-04-16 22:35:00+00:00
2025-04-17,CLE,BAL,Guardians at Orioles,06:35 PM,2025-04-17 22:35:00+00:00
2025-04-18,CIN,BAL,Reds at Orioles,07:05 PM,2025-04-18 23:05:00+00:00
2025-04-19,CIN,BAL,Reds at Orioles,04:05 PM,2025-04-19 20:05:00+00:00
2025-04-20,CIN,BAL,Reds at Orioles,01:35 PM,2025-04-20 17:35:00+00:00
2025-04-22,BAL,WSN,Orioles at Nationals,06:45 PM,2025-04-22 22:45:00+00:00
2025-04-23,BAL,WSN,Orioles at Nationals,06:45 PM,2025-04-23 22:45:00+00:00
2025-04-24,BAL,WSN,Orioles at Nationals,06:45 PM,2025-04-24 22:45:00+00:00
2025-04-25,BAL,DET,Orioles at Tigers,06:40 PM,2025-04-25 22:40:00+00:00
2025-04-26,BAL,DET,Orioles at Tigers,01:10 PM,2025-04-26 17:10:00+00:00
2025-04-27,BAL,DET,Orioles at Tigers,01:40 PM,2025-04-27 17:40:00+00:00
2025-04-28,NYY,BAL,Yankees at Orioles,06:35 PM,2025-04-28 22:35:00+00:00
2025-04-29,NYY,BAL,Yankees at Orioles,06:35 PM,2025-04-29 22:35:00+00:00
2025-04-30,NYY,BAL,Yankees at Orioles,06:35 PM,2025-04-30 22:35:00+00:00
2025-05-02,KCR,BAL,Royals at Orioles,07:05 PM,2025-05-02 23:05:00+00:00
2025-05-03,KCR,BAL,Royals at Orioles,07:15 PM,2025-05-03 23:15:00+00:00
2025-05-04,KCR,BAL,Royals at Orioles,01:35 PM,2025-05-04 17:35:00+00:00
2025-05-06,BAL,MIN,Orioles at Twins,07:40 PM,2025-05-06 23:40:00+00:00
2025-05-07,BAL,MIN,Orioles at Twins,07:40 PM,2025-05-07 23:40:00+00:00
2025-05-08,BAL,MIN,Orioles at Twins,01:10 PM,2025-05-08 17:10:00+00:00
2025-05-09,BAL,LAA,Orioles at Angels,09:38 PM,2025-05-10 01:38:00+00:00
2025-05-10,BAL,LAA,Orioles at Angels,09:38 PM,2025-05-11 01:38:00+00:00
2025-05-11,BAL,LAA,Orioles at Angels,04:07 PM,2025-05-11 20:07:00+00:00
2025-05-13,MIN,BAL,Twins at Orioles,06:35 PM,2025-05-13 22:35:00+00:00
2025-05-14,MIN,BAL,Twins at Orioles,06:35 PM,2025-05-14 22:35:00+00:00
2025-05-15,MIN,BAL,Twins at Orioles,12:35 PM,2025-05-15 16:35:00+00:00
2025-05-16,WSN,BAL,Nationals at Orioles,07:05 PM,2025-05-16 23:05:00+00:00
2025-05-17,WSN,BAL,Nationals at Orioles,04:05 PM,2025-05-17 20:05:00+00:00
2025-05-18,WSN,BAL,Nationals at Orioles,01:35 PM,2025-05-18 17:35:00+00:00
2025-05-19,BAL,MIL,Orioles at Brewers,07:40 PM,2025-05-19 23:40:00+00:00
2025-05-20,BAL,MIL,Orioles at Brewers,07:40 PM,2025-05-20 23:40:00+00:00
2025-05-21,BAL,MIL,Orioles at Brewers,01:10 PM,2025-05-21 17:10:00+00:00
2025-05-22,BAL,BOS,Orioles at Red Sox,06:45 PM,2025-05-22 22:45:00+00:00
2025-05-23,BAL,BOS,Orioles at Red Sox,07:10 PM,2025-05-23 23:10:00+00:00
2025-05-24,BAL,BOS,Orioles at Red Sox,04:10 PM,2025-05-24 20:10:00+00:00
2025-05-25,BAL,BOS,Orioles at Red Sox,01:35 PM,2025-05-25 17:35:00+00:00
2025-05-26,STL,BAL,Cardinals at Orioles,03:05 PM,2025-05-26 19:05:00+00:00
2025-05-27,STL,BAL,Cardinals at Orioles,06:35 PM,2025-05-27 22:35:00+00:00
2025-05-28,STL,BAL,Cardinals at Orioles,06:35 PM,2025-05-28 22:35:00+00:00
2025-05-30,CHW,BAL,White Sox at Orioles,07:05 PM,2025-05-30 23:05:00+00:00
2025-05-31,CHW,BAL,White Sox at Orioles,04:05 PM,2025-05-31 20:05:00+00:00
2025-06-01,CHW,BAL,White Sox at Orioles,01:35 PM,2025-06-01 17:35:00+00:00
2025-06-03,BAL,SEA,Orioles at Mariners,09:40 PM,2025-06-04 01:40:00+00:00
2025-06-04,BAL,SEA,Orioles at Mariners,09:40 PM,2025-06-05 01:40:00+00:00
2025-06-05,BAL,SEA,Orioles at Mariners,03:40 PM,2025-06-05 19:40:00+00:00
2025-06-06,BAL,ATH,Orioles at Athletics,10:05 PM,2025-06-07 02:05:00+00:00
2025-06-07,BAL,ATH,Orioles at Athletics,10:05 PM,2025-06-08 02:05:00+00:00
2025-06-08,BAL,ATH,Orioles at Athletics,04:05 PM,2025-06-08 20:05:00+00:00
2025-06-10,DET,BAL,Tigers at Orioles,06:35 PM,2025-06-10 22:35:00+00:00
2025-06-11,DET,BAL,Tigers at Orioles,06:35 PM,2025-06-11 22:35:00+00:00
2025-06-12,DET,BAL,Tigers at Orioles,06:35 PM,2025-06-12 22:35:00+00:00
2025-06-13,LAA,BAL,Angels at Orioles,07:05 PM,2025-06-13 23:05:00+00:00
2025-06-14,LAA,BAL,Angels at Orioles,04:05 PM,2025-06-14 20:05:00+00:00
2025-06-15,LAA,BAL,Angels at Orioles,01:35 PM,2025-06-15 17:35:00+00:00
2025-06-16,BAL,TBR,Orioles at Rays,12:00 AM,2025-06-16 04:00:00+00:00
2025-06-17,BAL,TBR,Orioles at Rays,12:00 AM,2025-06-17 04:00:00+00:00
2025-06-18,BAL,TBR,Orioles at Rays,12:00 AM,2025-06-18 04:00:00+00:00
2025-06-19,BAL,TBR,Orioles at Rays,12:00 AM,2025-06-19 04:00:00+00:00
2025-06-20,BAL,NYY,Orioles at Yankees,07:05 PM,2025-06-20 23:05:00+00:00
2025-06-21,BAL,NYY,Orioles at Yankees,01:05 PM,2025-06-21 17:05:00+00:00
2025-06-22,BAL,NYY,Orioles at Yankees,12:00 AM,2025-06-22 04:00:00+00:00
2025-06-23,TEX,BAL,Rangers at Orioles,06:35 PM,2025-06-23 22:35:00+00:00
2025-06-24,TEX,BAL,Rangers at Orioles,06:35 PM,2025-06-24 22:35:00+00:00
2025-06-25,TEX,BAL,Rangers at Orioles,06:35 PM,2025-06-25 22:35:00+00:00
2025-06-27,TBR,BAL,Rays at Orioles,07:05 PM,2025-06-27 23:05:00+00:00
2025-06-28,TBR,BAL,Rays at Orioles,04:05 PM,2025-06-28 20:05:00+00:00
2025-06-29,TBR,BAL,Rays at Orioles,01:35 PM,2025-06-29 17:35:00+00:00
2025-06-30,BAL,TEX,Orioles at Rangers,08:05 PM,2025-07-01 00:05:00+00:00
2025-07-01,BAL,TEX,Orioles at Rangers,08:05 PM,2025-07-02 00:05:00+00:00
2025-07-02,BAL,TEX,Orioles at Rangers,08:05 PM,2025-07-03 00:05:00+00:00
2025-07-04,BAL,ATL,Orioles at Braves,07:15 PM,2025-07-04 23:15:00+00:00
2025-07-05,BAL,ATL,Orioles at Braves,04:10 PM,2025-07-05 20:10:00+00:00
2025-07-06,BAL,ATL,Orioles at Braves,01:35 PM,2025-07-06 17:35:00+00:00
2025-07-08,NYM,BAL,Mets at Orioles,06:35 PM,2025-07-08 22:35:00+00:00
2025-07-09,NYM,BAL,Mets at Orioles,06:35 PM,2025-07-09 22:35:00+00:00
2025-07-10,NYM,BAL,Mets at Orioles,01:05 PM,2025-07-10 17:05:00+00:00
2025-07-11,MIA,BAL,Marlins at Orioles,07:05 PM,2025-07-11 23:05:00+00:00
2025-07-12,MIA,BAL,Marlins at Orioles,04:05 PM,2025-07-12 20:05:00+00:00
2025-07-13,MIA,BAL,Marlins at Orioles,01:35 PM,2025-07-13 17:35:00+00:00
2025-07-18,BAL,TBR,Orioles at Rays,12:00 AM,2025-07-18 04:00:00+00:00
2025-07-19,BAL,TBR,Orioles at Rays,12:00 AM,2025-07-19 04:00:00+00:00
2025-07-20,BAL,TBR,Orioles at Rays,12:00 AM,2025-07-20 04:00:00+00:00
2025-07-21,BAL,CLE,Orioles at Guardians,12:00 AM,2025-07-21 04:00:00+00:00
2025-07-22,BAL,CLE,Orioles at Guardians,12:00 AM,2025-07-22 04:00:00+00:00
2025-07-23,BAL,CLE,Orioles at Guardians,12:00 AM,2025-07-23 04:00:00+00:00
2025-07-24,BAL,CLE,Orioles at Guardians,12:00 AM,2025-07-24 04:00:00+00:00
2025-07-25,COL,BAL,Rockies at Orioles,07:05 PM,2025-07-25 23:05:00+00:00
2025-07-26,COL,BAL,Rockies at Orioles,07:05 PM,2025-07-26 23:05:00+00:00
2025-07-27,COL,BAL,Rockies at Orioles,01:35 PM,2025-07-27 17:35:00+00:00
2025-08-01,BAL,CHC,Orioles at Cubs,02:20 PM,2025-08-01 18:20:00+00:00
2025-08-02,BAL,CHC,Orioles at Cubs,02:20 PM,2025-08-02 18:20:00+00:00
2025-08-03,BAL,CHC,Orioles at Cubs,02:20 PM,2025-08-03 18:20:00+00:00
2025-08-04,BAL,PHI,Orioles at Phillies,06:45 PM,2025-08-04 22:45:00+00:00
2025-08-05,BAL,PHI,Orioles at Phillies,06:45 PM,2025-08-05 22:45:00+00:00
2025-08-06,BAL,PHI,Orioles at Phillies,12:35 PM,2025-08-06 16:35:00+00:00
2025-08-08,ATH,BAL,Athletics at Orioles,07:05 PM,2025-08-08 23:05:00+00:00
2025-08-09,ATH,BAL,Athletics at Orioles,07:05 PM,2025-08-09 23:05:00+00:00
2025-08-10,ATH,BAL,Athletics at Orioles,01:35 PM,2025-08-10 17:35:00+00:00
2025-08-12,SEA,BAL,Mariners at Orioles,06:35 PM,2025-08-12 22:35:00+00:00
2025-08-13,SEA,BAL,Mariners at Orioles,06:35 PM,2025-08-13 22:35:00+00:00
2025-08-14,SEA,BAL,Mariners at Orioles,01:05 PM,2025-08-14 17:05:00+00:00
2025-08-15,BAL,HOU,Orioles at Astros,12:00 AM,2025-08-15 04:00:00+00:00
2025-08-16,BAL,HOU,Orioles at Astros,12:00 AM,2025-08-16 04:00:00+00:00
2025-08-17,BAL,HOU,Orioles at Astros,12:00 AM,2025-08-17 04:00:00+00:00
2025-08-18,BAL,BOS,Orioles at Red Sox,07:10 PM,2025-08-18 23:10:00+00:00
2025-08-19,BAL,BOS,Orioles at Red Sox,07:10 PM,2025-08-19 23:10:00+00:00
2025-08-21,HOU,BAL,Astros at Orioles,07:15 PM,2025-08-21 23:15:00+00:00
2025-08-22,HOU,BAL,Astros at Orioles,07:05 PM,2025-08-22 23:05:00+00:00
2025-08-23,HOU,BAL,Astros at Orioles,07:05 PM,2025-08-23 23:05:00+00:00
2025-08-24,HOU,BAL,Astros at Orioles,01:35 PM,2025-08-24 17:35:00+00:00
2025-08-25,BOS,BAL,Red Sox at Orioles,06:35 PM,2025-08-25 22:35:00+00:00
2025-08-26,BOS,BAL,Red Sox at Orioles,06:35 PM,2025-08-26 22:35:00+00:00
2025-08-27,BOS,BAL,Red Sox at Orioles,06:35 PM,2025-08-27 22:35:00+00:00
2025-08-28,BOS,BAL,Red Sox at Orioles,01:05 PM,2025-08-28 17:05:00+00:00
2025-08-29,BAL,SFG,Orioles at Giants,10:15 PM,2025-08-30 02:15:00+00:00
2025-08-30,BAL,SFG,Orioles at Giants,07:15 PM,2025-08-30 23:15:00+00:00
2025-08-31,BAL,SFG,Orioles at Giants,04:05 PM,2025-08-31 20:05:00+00:00
2025-09-01,BAL,SDP,Orioles at Padres,06:40 PM,2025-09-01 22:40:00+00:00
2025-09-02,BAL,SDP,Orioles at Padres,09:40 PM,2025-09-03 01:40:00+00:00
2025-09-03,BAL,SDP,Orioles at Padres,04:10 PM,2025-09-03 20:10:00+00:00
2025-09-05,LAD,BAL,Dodgers at Orioles,07:05 PM,2025-09-05 23:05:00+00:00
2025-09-06,LAD,BAL,Dodgers at Orioles,07:05 PM,2025-09-06 23:05:00+00:00
2025-09-07,LAD,BAL,Dodgers at Orioles,01:35 PM,2025-09-07 17:35:00+00:00
2025-09-09,PIT,BAL,Pirates at Orioles,06:35 PM,2025-09-09 22:35:00+00:00
2025-09-10,PIT,BAL,Pirates at Orioles,06:35 PM,2025-09-10 22:35:00+00:00
2025-09-11,PIT,BAL,Pirates at Orioles,01:05 PM,2025-09-11 17:05:00+00:00
2025-09-15,BAL,CHW,Orioles at White Sox,12:00 AM,2025-09-15 04:00:00+00:00
2025-09-16,BAL,CHW,Orioles at White Sox,12:00 AM,2025-09-16 04:00:00+00:00
2025-09-17,BAL,CHW,Orioles at White Sox,12:00 AM,2025-09-17 04:00:00+00:00
2025-09-18,NYY,BAL,Yankees at Orioles,07:15 PM,2025-09-18 23:15:00+00:00
2025-09-19,NYY,BAL,Yankees at Orioles,07:05 PM,2025-09-19 23:05:00+00:00
2025-09-20,NYY,BAL,Yankees at Orioles,07:05 PM,2025-09-20 23:05:00+00:00
2025-09-21,NYY,BAL,Yankees at Orioles,01:35 PM,2025-09-21 17:35:00+00:00
2025-09-23,TBR,BAL,Rays at Orioles,06:35 PM,2025-09-23 22:35:00+00:00
2025-09-24,TBR,BAL,Rays at Orioles,06:35 PM,2025-09-24 22:35:00+00:00
2025-09-25,TBR,BAL,Rays at Orioles,01:05 PM,2025-09-25 17:05:00+00:00
2025-09-26,BAL,NYY,Orioles at Yankees,07:05 PM,2025-09-26 23:05:00+00:00
2025-09-27,BAL,NYY,Orioles at Yankees,01:05 PM,2025-09-27 17:05:00+00:00
2025-09-28,BAL,NYY,Orioles at Yankees,03:05 PM,2025-09-28 19:05:00+00:00
2025-03-28,COL,TBR,Rockies at Rays,04:10 PM,2025-03-28 20:10:00+00:00
2025-03-29,COL,TBR,Rockies at Rays,12:00 AM,2025-03-29 04:00:00+00:00
2025-03-30,COL,TBR,Rockies at Rays,12:00 AM,2025-03-30 04:00:00+00:00
2025-03-31,PIT,TBR,Pirates at Rays,12:00 AM,2025-03-31 04:00:00+00:00
2025-04-01,PIT,TBR,Pirates at Rays,12:00 AM,2025-04-01 04:00:00+00:00
2025-04-02,PIT,TBR,Pirates at Rays,12:00 AM,2025-04-02 04:00:00+00:00
2025-04-04,TBR,TEX,Rays at Rangers,08:05 PM,2025-04-05 00:05:00+00:00
2025-04-05,TBR,TEX,Rays at Rangers,07:05 PM,2025-04-05 23:05:00+00:00
2025-04-06,TBR,TEX,Rays at Rangers,02:35 PM,2025-04-06 18:35:00+00:00
2025-04-08,LAA,TBR,Angels at Rays,12:00 AM,2025-04-08 04:00:00+00:00
2025-04-09,LAA,TBR,Angels at Rays,12:00 AM,2025-04-09 04:00:00+00:00
2025-04-10,LAA,TBR,Angels at Rays,12:00 AM,2025-04-10 04:00:00+00:00
2025-04-11,ATL,TBR,Braves at Rays,12:00 AM,2025-04-11 04:00:00+00:00
2025-04-12,ATL,TBR,Braves at Rays,12:00 AM,2025-04-12 04:00:00+00:00
2025-04-13,ATL,TBR,Braves at Rays,12:00 AM,2025-04-13 04:00:00+00:00
2025-04-14,BOS,TBR,Red Sox at Rays,12:00 AM,2025-04-14 04:00:00+00:00
2025-04-15,BOS,TBR,Red Sox at Rays,12:00 AM,2025-04-15 04:00:00+00:00
2025-04-16,BOS,TBR,Red Sox at Rays,12:00 AM,2025-04-16 04:00:00+00:00
2025-04-17,NYY,TBR,Yankees at Rays,12:00 AM,2025-04-17 04:00:00+00:00
2025-04-18,NYY,TBR,Yankees at Rays,12:00 AM,2025-04-18 04:00:00+00:00
2025-04-19,NYY,TBR,Yankees at Rays,12:00 AM,2025-04-19 04:00:00+00:00
2025-04-20,NYY,TBR,Yankees at Rays,12:00 AM,2025-04-20 04:00:00+00:00
2025-04-22,TBR,ARI,Rays at D-backs,09:40 PM,2025-04-23 01:40:00+00:00
2025-04-23,TBR,ARI,Rays at D-backs,09:40 PM,2025-04-24 01:40:00+00:00
2025-04-24,TBR,ARI,Rays at D-backs,09:40 PM,2025-04-25 01:40:00+00:00
2025-04-25,TBR,SDP,Rays at Padres,09:40 PM,2025-04-26 01:40:00+00:00
2025-04-26,TBR,SDP,Rays at Padres,08:40 PM,2025-04-27 00:40:00+00:00
2025-04-27,TBR,SDP,Rays at Padres,04:10 PM,2025-04-27 20:10:00+00:00
2025-04-29,KCR,TBR,Royals at Rays,12:00 AM,2025-04-29 04:00:00+00:00
2025-04-30,KCR,TBR,Royals at Rays,12:00 AM,2025-04-30 04:00:00+00:00
2025-05-01,KCR,TBR,Royals at Rays,12:00 AM,2025-05-01 04:00:00+00:00
2025-05-02,TBR,NYY,Rays at Yankees,07:05 PM,2025-05-02 23:05:00+00:00
2025-05-03,TBR,NYY,Rays at Yankees,01:05 PM,2025-05-03 17:05:00+00:00
2025-05-04,TBR,NYY,Rays at Yankees,12:00 AM,2025-05-04 04:00:00+00:00
2025-05-06,PHI,TBR,Phillies at Rays,12:00 AM,2025-05-06 04:00:00+00:00
2025-05-07,PHI,TBR,Phillies at Rays,12:00 AM,2025-05-07 04:00:00+00:00
2025-05-08,PHI,TBR,Phillies at Rays,12:00 AM,2025-05-08 04:00:00+00:00
2025-05-09,MIL,TBR,Brewers at Rays,12:00 AM,2025-05-09 04:00:00+00:00
2025-05-10,MIL,TBR,Brewers at Rays,12:00 AM,2025-05-10 04:00:00+00:00
2025-05-11,MIL,TBR,Brewers at Rays,12:00 AM,2025-05-11 04:00:00+00:00
2025-05-16,TBR,MIA,Rays at Marlins,07:10 PM,2025-05-16 23:10:00+00:00
2025-05-17,TBR,MIA,Rays at Marlins,04:10 PM,2025-05-17 20:10:00+00:00
2025-05-18,TBR,MIA,Rays at Marlins,01:40 PM,2025-05-18 17:40:00+00:00
2025-05-19,HOU,TBR,Astros at Rays,12:00 AM,2025-05-19 04:00:00+00:00
2025-05-20,HOU,TBR,Astros at Rays,12:00 AM,2025-05-20 04:00:00+00:00
2025-05-21,HOU,TBR,Astros at Rays,12:00 AM,2025-05-21 04:00:00+00:00
2025-05-26,MIN,TBR,Twins at Rays,12:00 AM,2025-05-26 04:00:00+00:00
2025-05-27,MIN,TBR,Twins at Rays,12:00 AM,2025-05-27 04:00:00+00:00
2025-05-28,MIN,TBR,Twins at Rays,12:00 AM,2025-05-28 04:00:00+00:00
2025-05-29,TBR,HOU,Rays at Astros,12:00 AM,2025-05-29 04:00:00+00:00
2025-05-30,TBR,HOU,Rays at Astros,12:00 AM,2025-05-30 04:00:00+00:00
2025-05-31,TBR,HOU,Rays at Astros,12:00 AM,2025-05-31 04:00:00+00:00
2025-06-01,TBR,HOU,Rays at Astros,12:00 AM,2025-06-01 04:00:00+00:00
2025-06-03,TEX,TBR,Rangers at Rays,12:00 AM,2025-06-03 04:00:00+00:00
2025-06-04,TEX,TBR,Rangers at Rays,12:00 AM,2025-06-04 04:00:00+00:00
2025-06-05,TEX,TBR,Rangers at Rays,12:00 AM,2025-06-05 04:00:00+00:00
2025-06-06,MIA,TBR,Marlins at Rays,12:00 AM,2025-06-06 04:00:00+00:00
2025-06-07,MIA,TBR,Marlins at Rays,12:00 AM,2025-06-07 04:00:00+00:00
2025-06-08,MIA,TBR,Marlins at Rays,12:00 AM,2025-06-08 04:00:00+00:00
2025-06-09,TBR,BOS,Rays at Red Sox,07:10 PM,2025-06-09 23:10:00+00:00
2025-06-10,TBR,BOS,Rays at Red Sox,07:10 PM,2025-06-10 23:10:00+00:00
2025-06-11,TBR,BOS,Rays at Red Sox,07:10 PM,2025-06-11 23:10:00+00:00
2025-06-13,TBR,NYM,Rays at Mets,07:10 PM,2025-06-13 23:10:00+00:00
2025-06-14,TBR,NYM,Rays at Mets,04:10 PM,2025-06-14 20:10:00+00:00
2025-06-15,TBR,NYM,Rays at Mets,01:40 PM,2025-06-15 17:40:00+00:00
2025-06-20,DET,TBR,Tigers at Rays,12:00 AM,2025-06-20 04:00:00+00:00
2025-06-21,DET,TBR,Tigers at Rays,12:00 AM,2025-06-21 04:00:00+00:00
2025-06-22,DET,TBR,Tigers at Rays,12:00 AM,2025-06-22 04:00:00+00:00
2025-06-24,TBR,KCR,Rays at Royals,07:40 PM,2025-06-24 23:40:00+00:00
2025-06-25,TBR,KCR,Rays at Royals,07:40 PM,2025-06-25 23:40:00+00:00
2025-06-26,TBR,KCR,Rays at Royals,02:10 PM,2025-06-26 18:10:00+00:00
2025-06-30,ATH,TBR,Athletics at Rays,12:00 AM,2025-06-30 04:00:00+00:00
2025-07-01,ATH,TBR,Athletics at Rays,12:00 AM,2025-07-01 04:00:00+00:00
2025-07-02,ATH,TBR,Athletics at Rays,12:00 AM,2025-07-02 04:00:00+00:00
2025-07-04,TBR,MIN,Rays at Twins,04:10 PM,2025-07-04 20:10:00+00:00
2025-07-05,TBR,MIN,Rays at Twins,02:10 PM,2025-07-05 18:10:00+00:00
2025-07-06,TBR,MIN,Rays at Twins,02:10 PM,2025-07-06 18:10:00+00:00
2025-07-07,TBR,DET,Rays at Tigers,06:40 PM,2025-07-07 22:40:00+00:00
2025-07-08,TBR,DET,Rays at Tigers,06:40 PM,2025-07-08 22:40:00+00:00
2025-07-09,TBR,DET,Rays at Tigers,01:10 PM,2025-07-09 17:10:00+00:00
2025-07-10,TBR,BOS,Rays at Red Sox,07:10 PM,2025-07-10 23:10:00+00:00
2025-07-11,TBR,BOS,Rays at Red Sox,07:10 PM,2025-07-11 23:10:00+00:00
2025-07-12,TBR,BOS,Rays at Red Sox,04:10 PM,2025-07-12 20:10:00+00:00
2025-07-13,TBR,BOS,Rays at Red Sox,01:35 PM,2025-07-13 17:35:00+00:00
2025-07-21,CHW,TBR,White Sox at Rays,12:00 AM,2025-07-21 04:00:00+00:00
2025-07-22,CHW,TBR,White Sox at Rays,12:00 AM,2025-07-22 04:00:00+00:00
2025-07-23,CHW,TBR,White Sox at Rays,12:00 AM,2025-07-23 04:00:00+00:00
2025-07-25,TBR,CIN,Rays at Reds,07:10 PM,2025-07-25 23:10:00+00:00
2025-07-26,TBR,CIN,Rays at Reds,06:40 PM,2025-07-26 22:40:00+00:00
2025-07-27,TBR,CIN,Rays at Reds,01:40 PM,2025-07-27 17:40:00+00:00
2025-07-28,TBR,NYY,Rays at Yankees,07:05 PM,2025-07-28 23:05:00+00:00
2025-07-29,TBR,NYY,Rays at Yankees,07:05 PM,2025-07-29 23:05:00+00:00
2025-07-30,TBR,NYY,Rays at Yankees,07:05 PM,2025-07-30 23:05:00+00:00
2025-07-31,TBR,NYY,Rays at Yankees,12:00 AM,2025-07-31 04:00:00+00:00
2025-08-01,LAD,TBR,Dodgers at Rays,12:00 AM,2025-08-01 04:00:00+00:00
2025-08-02,LAD,TBR,Dodgers at Rays,12:00 AM,2025-08-02 04:00:00+00:00
2025-08-03,LAD,TBR,Dodgers at Rays,12:00 AM,2025-08-03 04:00:00+00:00
2025-08-04,TBR,LAA,Rays at Angels,09:38 PM,2025-08-05 01:38:00+00:00
2025-08-05,TBR,LAA,Rays at Angels,09:38 PM,2025-08-06 01:38:00+00:00
2025-08-06,TBR,LAA,Rays at Angels,04:07 PM,2025-08-06 20:07:00+00:00
2025-08-08,TBR,SEA,Rays at Mariners,09:40 PM,2025-08-09 01:40:00+00:00
2025-08-09,TBR,SEA,Rays at Mariners,09:40 PM,2025-08-10 01:40:00+00:00
2025-08-10,TBR,SEA,Rays at Mariners,04:10 PM,2025-08-10 20:10:00+00:00
2025-08-11,TBR,ATH,Rays at Athletics,10:05 PM,2025-08-12 02:05:00+00:00
2025-08-12,TBR,ATH,Rays at Athletics,10:05 PM,2025-08-13 02:05:00+00:00
2025-08-13,TBR,ATH,Rays at Athletics,10:05 PM,2025-08-14 02:05:00+00:00
2025-08-15,TBR,SFG,Rays at Giants,10:15 PM,2025-08-16 02:15:00+00:00
2025-08-16,TBR,SFG,Rays at Giants,12:00 AM,2025-08-16 04:00:00+00:00
2025-08-17,TBR,SFG,Rays at Giants,04:05 PM,2025-08-17 20:05:00+00:00
2025-08-19,NYY,TBR,Yankees at Rays,12:00 AM,2025-08-19 04:00:00+00:00
2025-08-20,NYY,TBR,Yankees at Rays,12:00 AM,2025-08-20 04:00:00+00:00
2025-08-22,STL,TBR,Cardinals at Rays,12:00 AM,2025-08-22 04:00:00+00:00
2025-08-23,STL,TBR,Cardinals at Rays,12:00 AM,2025-08-23 04:00:00+00:00
2025-08-24,STL,TBR,Cardinals at Rays,12:00 AM,2025-08-24 04:00:00+00:00
2025-08-25,TBR,CLE,Rays at Guardians,12:00 AM,2025-08-25 04:00:00+00:00
2025-08-26,TBR,CLE,Rays at Guardians,12:00 AM,2025-08-26 04:00:00+00:00
2025-08-27,TBR,CLE,Rays at Guardians,12:00 AM,2025-08-27 04:00:00+00:00
2025-08-29,TBR,WSN,Rays at Nationals,06:45 PM,2025-08-29 22:45:00+00:00
2025-08-30,TBR,WSN,Rays at Nationals,04:05 PM,2025-08-30 20:05:00+00:00
2025-08-31,TBR,WSN,Rays at Nationals,01:35 PM,2025-08-31 17:35:00+00:00
2025-09-01,SEA,TBR,Mariners at Rays,12:00 AM,2025-09-01 04:00:00+00:00
2025-09-02,SEA,TBR,Mariners at Rays,12:00 AM,2025-09-02 04:00:00+00:00
2025-09-03,SEA,TBR,Mariners at Rays,12:00 AM,2025-09-03 04:00:00+00:00
2025-09-04,CLE,TBR,Guardians at Rays,12:00 AM,2025-09-04 04:00:00+00:00
2025-09-05,CLE,TBR,Guardians at Rays,12:00 AM,2025-09-05 04:00:00+00:00
2025-09-06,CLE,TBR,Guardians at Rays,12:00 AM,2025-09-06 04:00:00+00:00
2025-09-07,CLE,TBR,Guardians at Rays,12:00 AM,2025-09-07 04:00:00+00:00
2025-09-09,TBR,CHW,Rays at White Sox,12:00 AM,2025-09-09 04:00:00+00:00
2025-09-10,TBR,CHW,Rays at White Sox,12:00 AM,2025-09-10 04:00:00+00:00
2025-09-11,TBR,CHW,Rays at White Sox,12:00 AM,2025-09-11 04:00:00+00:00
2025-09-12,TBR,CHC,Rays at Cubs,02:20 PM,2025-09-12 18:20:00+00:00
2025-09-13,TBR,CHC,Rays at Cubs,02:20 PM,2025-09-13 18:20:00+00:00
2025-09-14,TBR,CHC,Rays at Cubs,02:20 PM,2025-09-14 18:20:00+00:00
2025-09-19,BOS,TBR,Red Sox at Rays,12:00 AM,2025-09-19 04:00:00+00:00
2025-09-20,BOS,TBR,Red Sox at Rays,12:00 AM,2025-09-20 04:00:00+00:00
2025-09-21,BOS,TBR,Red Sox at Rays,12:00 AM,2025-09-21 04:00:00+00:00
2025-03-27,BOS,TEX,Red Sox at Rangers,04:05 PM,2025-03-27 20:05:00+00:00
2025-03-28,BOS,TEX,Red Sox at Rangers,08:05 PM,2025-03-29 00:05:00+00:00
2025-03-29,BOS,TEX,Red Sox at Rangers,07:05 PM,2025-03-29 23:05:00+00:00
2025-03-30,BOS,TEX,Red Sox at Rangers,02:35 PM,2025-03-30 18:35:00+00:00
2025-04-04,STL,BOS,Cardinals at Red Sox,02:10 PM,2025-04-04 18:10:00+00:00
2025-04-05,STL,BOS,Cardinals at Red Sox,04:10 PM,2025-04-05 20:10:00+00:00
2025-04-06,STL,BOS,Cardinals at Red Sox,12:00 AM,2025-04-06 04:00:00+00:00
2025-04-11,BOS,CHW,Red Sox at White Sox,12:00 AM,2025-04-11 04:00:00+00:00
2025-04-12,BOS,CHW,Red Sox at White Sox,12:00 AM,2025-04-12 04:00:00+00:00
2025-04-13,BOS,CHW,Red Sox at White Sox,12:00 AM,2025-04-13 04:00:00+00:00
2025-04-18,CHW,BOS,White Sox at Red Sox,07:10 PM,2025-04-18 23:10:00+00:00
2025-04-19,CHW,BOS,White Sox at Red Sox,04:10 PM,2025-04-19 20:10:00+00:00
2025-04-20,CHW,BOS,White Sox at Red Sox,01:35 PM,2025-04-20 17:35:00+00:00
2025-04-21,CHW,BOS,White Sox at Red Sox,11:10 AM,2025-04-21 15:10:00+00:00
2025-04-22,SEA,BOS,Mariners at Red Sox,06:45 PM,2025-04-22 22:45:00+00:00
2025-04-23,SEA,BOS,Mariners at Red Sox,06:45 PM,2025-04-23 22:45:00+00:00
2025-04-24,SEA,BOS,Mariners at Red Sox,01:35 PM,2025-04-24 17:35:00+00:00
2025-04-25,BOS,CLE,Red Sox at Guardians,12:00 AM,2025-04-25 04:00:00+00:00
2025-04-26,BOS,CLE,Red Sox at Guardians,12:00 AM,2025-04-26 04:00:00+00:00
2025-04-27,BOS,CLE,Red Sox at Guardians,12:00 AM,2025-04-27 04:00:00+00:00
2025-05-02,MIN,BOS,Twins at Red Sox,07:10 PM,2025-05-02 23:10:00+00:00
2025-05-03,MIN,BOS,Twins at Red Sox,04:10 PM,2025-05-03 20:10:00+00:00
2025-05-04,MIN,BOS,Twins at Red Sox,01:35 PM,2025-05-04 17:35:00+00:00
2025-05-06,TEX,BOS,Rangers at Red Sox,06:45 PM,2025-05-06 22:45:00+00:00
2025-05-07,TEX,BOS,Rangers at Red Sox,06:45 PM,2025-05-07 22:45:00+00:00
2025-05-08,TEX,BOS,Rangers at Red Sox,01:35 PM,2025-05-08 17:35:00+00:00
2025-05-09,BOS,KCR,Red Sox at Royals,07:40 PM,2025-05-09 23:40:00+00:00
2025-05-10,BOS,KCR,Red Sox at Royals,07:10 PM,2025-05-10 23:10:00+00:00
2025-05-11,BOS,KCR,Red Sox at Royals,02:10 PM,2025-05-11 18:10:00+00:00
2025-05-12,BOS,DET,Red Sox at Tigers,06:40 PM,2025-05-12 22:40:00+00:00
2025-05-13,BOS,DET,Red Sox at Tigers,06:40 PM,2025-05-13 22:40:00+00:00
2025-05-14,BOS,DET,Red Sox at Tigers,06:40 PM,2025-05-14 22:40:00+00:00
2025-05-16,ATL,BOS,Braves at Red Sox,07:10 PM,2025-05-16 23:10:00+00:00
2025-05-17,ATL,BOS,Braves at Red Sox,07:15 PM,2025-05-17 23:15:00+00:00
2025-05-18,ATL,BOS,Braves at Red Sox,01:35 PM,2025-05-18 17:35:00+00:00
2025-05-19,NYM,BOS,Mets at Red Sox,06:45 PM,2025-05-19 22:45:00+00:00
2025-05-20,NYM,BOS,Mets at Red Sox,06:45 PM,2025-05-20 22:45:00+00:00
2025-05-21,NYM,BOS,Mets at Red Sox,06:45 PM,2025-05-21 22:45:00+00:00
2025-05-26,BOS,MIL,Red Sox at Brewers,02:10 PM,2025-05-26 18:10:00+00:00
2025-05-27,BOS,MIL,Red Sox at Brewers,07:40 PM,2025-05-27 23:40:00+00:00
2025-05-28,BOS,MIL,Red Sox at Brewers,01:10 PM,2025-05-28 17:10:00+00:00
2025-05-30,BOS,ATL,Red Sox at Braves,07:15 PM,2025-05-30 23:15:00+00:00
2025-05-31,BOS,ATL,Red Sox at Braves,04:10 PM,2025-05-31 20:10:00+00:00
2025-06-01,BOS,ATL,Red Sox at Braves,01:35 PM,2025-06-01 17:35:00+00:00
2025-06-02,LAA,BOS,Angels at Red Sox,07:10 PM,2025-06-02 23:10:00+00:00
2025-06-03,LAA,BOS,Angels at Red Sox,07:10 PM,2025-06-03 23:10:00+00:00
2025-06-04,LAA,BOS,Angels at Red Sox,01:35 PM,2025-06-04 17:35:00+00:00
2025-06-06,BOS,NYY,Red Sox at Yankees,07:05 PM,2025-06-06 23:05:00+00:00
2025-06-07,BOS,NYY,Red Sox at Yankees,07:35 PM,2025-06-07 23:35:00+00:00
2025-06-08,BOS,NYY,Red Sox at Yankees,12:00 AM,2025-06-08 04:00:00+00:00
2025-06-13,NYY,BOS,Yankees at Red Sox,07:10 PM,2025-06-13 23:10:00+00:00
2025-06-14,NYY,BOS,Yankees at Red Sox,07:15 PM,2025-06-14 23:15:00+00:00
2025-06-15,NYY,BOS,Yankees at Red Sox,12:00 AM,2025-06-15 04:00:00+00:00
2025-06-16,BOS,SEA,Red Sox at Mariners,09:40 PM,2025-06-17 01:40:00+00:00
2025-06-17,BOS,SEA,Red Sox at Mariners,09:40 PM,2025-06-18 01:40:00+00:00
2025-06-18,BOS,SEA,Red Sox at Mariners,04:10 PM,2025-06-18 20:10:00+00:00
2025-06-20,BOS,SFG,Red Sox at Giants,10:15 PM,2025-06-21 02:15:00+00:00
2025-06-21,BOS,SFG,Red Sox at Giants,12:00 AM,2025-06-21 04:00:00+00:00
2025-06-22,BOS,SFG,Red Sox at Giants,04:05 PM,2025-06-22 20:05:00+00:00
2025-06-23,BOS,LAA,Red Sox at Angels,09:38 PM,2025-06-24 01:38:00+00:00
2025-06-24,BOS,LAA,Red Sox at Angels,09:38 PM,2025-06-25 01:38:00+00:00
2025-06-25,BOS,LAA,Red Sox at Angels,04:07 PM,2025-06-25 20:07:00+00:00
2025-06-30,CIN,BOS,Reds at Red Sox,07:10 PM,2025-06-30 23:10:00+00:00
2025-07-01,CIN,BOS,Reds at Red Sox,07:10 PM,2025-07-01 23:10:00+00:00
2025-07-02,CIN,BOS,Reds at Red Sox,07:10 PM,2025-07-02 23:10:00+00:00
2025-07-04,BOS,WSN,Red Sox at Nationals,11:05 AM,2025-07-04 15:05:00+00:00
2025-07-05,BOS,WSN,Red Sox at Nationals,04:05 PM,2025-07-05 20:05:00+00:00
2025-07-06,BOS,WSN,Red Sox at Nationals,01:35 PM,2025-07-06 17:35:00+00:00
2025-07-07,COL,BOS,Rockies at Red Sox,07:10 PM,2025-07-07 23:10:00+00:00
2025-07-08,COL,BOS,Rockies at Red Sox,07:10 PM,2025-07-08 23:10:00+00:00
2025-07-09,COL,BOS,Rockies at Red Sox,07:10 PM,2025-07-09 23:10:00+00:00
2025-07-18,BOS,CHC,Red Sox at Cubs,02:20 PM,2025-07-18 18:20:00+00:00
2025-07-19,BOS,CHC,Red Sox at Cubs,07:15 PM,2025-07-19 23:15:00+00:00
2025-07-20,BOS,CHC,Red Sox at Cubs,02:20 PM,2025-07-20 18:20:00+00:00
2025-07-21,BOS,PHI,Red Sox at Phillies,06:45 PM,2025-07-21 22:45:00+00:00
2025-07-22,BOS,PHI,Red Sox at Phillies,06:45 PM,2025-07-22 22:45:00+00:00
2025-07-23,BOS,PHI,Red Sox at Phillies,06:05 PM,2025-07-23 22:05:00+00:00
2025-07-25,LAD,BOS,Dodgers at Red Sox,07:10 PM,2025-07-25 23:10:00+00:00
2025-07-26,LAD,BOS,Dodgers at Red Sox,07:15 PM,2025-07-26 23:15:00+00:00
2025-07-27,LAD,BOS,Dodgers at Red Sox,12:00 AM,2025-07-27 04:00:00+00:00
2025-07-28,BOS,MIN,Red Sox at Twins,07:40 PM,2025-07-28 23:40:00+00:00
2025-07-29,BOS,MIN,Red Sox at Twins,07:40 PM,2025-07-29 23:40:00+00:00
2025-07-30,BOS,MIN,Red Sox at Twins,01:10 PM,2025-07-30 17:10:00+00:00
2025-08-01,HOU,BOS,Astros at Red Sox,07:10 PM,2025-08-01 23:10:00+00:00
2025-08-02,HOU,BOS,Astros at Red Sox,04:10 PM,2025-08-02 20:10:00+00:00
2025-08-03,HOU,BOS,Astros at Red Sox,01:35 PM,2025-08-03 17:35:00+00:00
2025-08-04,KCR,BOS,Royals at Red Sox,07:10 PM,2025-08-04 23:10:00+00:00
2025-08-05,KCR,BOS,Royals at Red Sox,07:10 PM,2025-08-05 23:10:00+00:00
2025-08-06,KCR,BOS,Royals at Red Sox,07:10 PM,2025-08-06 23:10:00+00:00
2025-08-08,BOS,SDP,Red Sox at Padres,09:40 PM,2025-08-09 01:40:00+00:00
2025-08-09,BOS,SDP,Red Sox at Padres,08:40 PM,2025-08-10 00:40:00+00:00
2025-08-10,BOS,SDP,Red Sox at Padres,04:10 PM,2025-08-10 20:10:00+00:00
2025-08-11,BOS,HOU,Red Sox at Astros,12:00 AM,2025-08-11 04:00:00+00:00
2025-08-12,BOS,HOU,Red Sox at Astros,12:00 AM,2025-08-12 04:00:00+00:00
2025-08-13,BOS,HOU,Red Sox at Astros,12:00 AM,2025-08-13 04:00:00+00:00
2025-08-15,MIA,BOS,Marlins at Red Sox,07:10 PM,2025-08-15 23:10:00+00:00
2025-08-16,MIA,BOS,Marlins at Red Sox,04:10 PM,2025-08-16 20:10:00+00:00
2025-08-17,MIA,BOS,Marlins at Red Sox,01:35 PM,2025-08-17 17:35:00+00:00
2025-08-21,BOS,NYY,Red Sox at Yankees,07:15 PM,2025-08-21 23:15:00+00:00
2025-08-22,BOS,NYY,Red Sox at Yankees,07:05 PM,2025-08-22 23:05:00+00:00
2025-08-23,BOS,NYY,Red Sox at Yankees,01:05 PM,2025-08-23 17:05:00+00:00
2025-08-24,BOS,NYY,Red Sox at Yankees,12:00 AM,2025-08-24 04:00:00+00:00
2025-08-29,PIT,BOS,Pirates at Red Sox,07:10 PM,2025-08-29 23:10:00+00:00
2025-08-30,PIT,BOS,Pirates at Red Sox,04:10 PM,2025-08-30 20:10:00+00:00
2025-08-31,PIT,BOS,Pirates at Red Sox,01:35 PM,2025-08-31 17:35:00+00:00
2025-09-01,CLE,BOS,Guardians at Red Sox,01:35 PM,2025-09-01 17:35:00+00:00
2025-09-02,CLE,BOS,Guardians at Red Sox,06:45 PM,2025-09-02 22:45:00+00:00
2025-09-03,CLE,BOS,Guardians at Red Sox,06:45 PM,2025-09-03 22:45:00+00:00
2025-09-05,BOS,ARI,Red Sox at D-backs,09:40 PM,2025-09-06 01:40:00+00:00
2025-09-06,BOS,ARI,Red Sox at D-backs,08:10 PM,2025-09-07 00:10:00+00:00
2025-09-07,BOS,ARI,Red Sox at D-backs,04:10 PM,2025-09-07 20:10:00+00:00
2025-09-08,BOS,ATH,Red Sox at Athletics,10:05 PM,2025-09-09 02:05:00+00:00
2025-09-09,BOS,ATH,Red Sox at Athletics,10:05 PM,2025-09-10 02:05:00+00:00
2025-09-10,BOS,ATH,Red Sox at Athletics,03:35 PM,2025-09-10 19:35:00+00:00
2025-09-12,NYY,BOS,Yankees at Red Sox,07:10 PM,2025-09-12 23:10:00+00:00
2025-09-13,NYY,BOS,Yankees at Red Sox,04:10 PM,2025-09-13 20:10:00+00:00
2025-09-14,NYY,BOS,Yankees at Red Sox,01:35 PM,2025-09-14 17:35:00+00:00
2025-09-16,ATH,BOS,Athletics at Red Sox,06:45 PM,2025-09-16 22:45:00+00:00
2025-09-17,ATH,BOS,Athletics at Red Sox,06:45 PM,2025-09-17 22:45:00+00:00
2025-09-18,ATH,BOS,Athletics at Red Sox,01:35 PM,2025-09-18 17:35:00+00:00
2025-09-26,DET,BOS,Tigers at Red Sox,07:10 PM,2025-09-26 23:10:00+00:00
2025-09-27,DET,BOS,Tigers at Red Sox,04:10 PM,2025-09-27 20:10:00+00:00
2025-09-28,DET,BOS,Tigers at Red Sox,03:05 PM,2025-09-28 19:05:00+00:00
2025-03-27,MIL,NYY,Brewers at Yankees,03:05 PM,2025-03-27 19:05:00+00:00
2025-03-29,MIL,NYY,Brewers at Yankees,01:05 PM,2025-03-29 17:05:00+00:00
2025-03-30,MIL,NYY,Brewers at Yankees,12:00 AM,2025-03-30 04:00:00+00:00
2025-04-01,ARI,NYY,D-backs at Yankees,07:05 PM,2025-04-01 23:05:00+00:00
2025-04-02,ARI,NYY,D-backs at Yankees,07:05 PM,2025-04-02 23:05:00+00:00
2025-04-03,ARI,NYY,D-backs at Yankees,07:05 PM,2025-04-03 23:05:00+00:00
2025-04-04,NYY,PIT,Yankees at Pirates,04:12 PM,2025-04-04 20:12:00+00:00
2025-04-05,NYY,PIT,Yankees at Pirates,04:05 PM,2025-04-05 20:05:00+00:00
2025-04-06,NYY,PIT,Yankees at Pirates,01:35 PM,2025-04-06 17:35:00+00:00
2025-04-07,NYY,DET,Yankees at Tigers,06:40 PM,2025-04-07 22:40:00+00:00
2025-04-08,NYY,DET,Yankees at Tigers,06:40 PM,2025-04-08 22:40:00+00:00
2025-04-09,NYY,DET,Yankees at Tigers,06:40 PM,2025-04-09 22:40:00+00:00
2025-04-11,SFG,NYY,Giants at Yankees,07:05 PM,2025-04-11 23:05:00+00:00
2025-04-12,SFG,NYY,Giants at Yankees,01:05 PM,2025-04-12 17:05:00+00:00
2025-04-13,SFG,NYY,Giants at Yankees,12:00 AM,2025-04-13 04:00:00+00:00
2025-04-14,KCR,NYY,Royals at Yankees,07:05 PM,2025-04-14 23:05:00+00:00
2025-04-15,KCR,NYY,Royals at Yankees,07:05 PM,2025-04-15 23:05:00+00:00
2025-04-16,KCR,NYY,Royals at Yankees,07:05 PM,2025-04-16 23:05:00+00:00
2025-04-21,NYY,CLE,Yankees at Guardians,12:00 AM,2025-04-21 04:00:00+00:00
2025-04-22,NYY,CLE,Yankees at Guardians,12:00 AM,2025-04-22 04:00:00+00:00
2025-04-23,NYY,CLE,Yankees at Guardians,12:00 AM,2025-04-23 04:00:00+00:00
2025-05-05,SDP,NYY,Padres at Yankees,07:05 PM,2025-05-05 23:05:00+00:00
2025-05-06,SDP,NYY,Padres at Yankees,07:05 PM,2025-05-06 23:05:00+00:00
2025-05-07,SDP,NYY,Padres at Yankees,07:05 PM,2025-05-07 23:05:00+00:00
2025-05-09,NYY,ATH,Yankees at Athletics,10:05 PM,2025-05-10 02:05:00+00:00
2025-05-10,NYY,ATH,Yankees at Athletics,04:05 PM,2025-05-10 20:05:00+00:00
2025-05-11,NYY,ATH,Yankees at Athletics,04:05 PM,2025-05-11 20:05:00+00:00
2025-05-12,NYY,SEA,Yankees at Mariners,09:40 PM,2025-05-13 01:40:00+00:00
2025-05-13,NYY,SEA,Yankees at Mariners,09:40 PM,2025-05-14 01:40:00+00:00
2025-05-14,NYY,SEA,Yankees at Mariners,04:10 PM,2025-05-14 20:10:00+00:00
2025-05-16,NYM,NYY,Mets at Yankees,07:05 PM,2025-05-16 23:05:00+00:00
2025-05-17,NYM,NYY,Mets at Yankees,01:05 PM,2025-05-17 17:05:00+00:00
2025-05-18,NYM,NYY,Mets at Yankees,12:00 AM,2025-05-18 04:00:00+00:00
2025-05-20,TEX,NYY,Rangers at Yankees,07:05 PM,2025-05-20 23:05:00+00:00
2025-05-21,TEX,NYY,Rangers at Yankees,07:05 PM,2025-05-21 23:05:00+00:00
2025-05-22,TEX,NYY,Rangers at Yankees,12:00 AM,2025-05-22 04:00:00+00:00
2025-05-23,NYY,COL,Yankees at Rockies,08:40 PM,2025-05-24 00:40:00+00:00
2025-05-24,NYY,COL,Yankees at Rockies,03:10 PM,2025-05-24 19:10:00+00:00
2025-05-25,NYY,COL,Yankees at Rockies,03:10 PM,2025-05-25 19:10:00+00:00
2025-05-26,NYY,LAA,Yankees at Angels,09:38 PM,2025-05-27 01:38:00+00:00
2025-05-27,NYY,LAA,Yankees at Angels,09:38 PM,2025-05-28 01:38:00+00:00
2025-05-28,NYY,LAA,Yankees at Angels,09:38 PM,2025-05-29 01:38:00+00:00
2025-05-30,NYY,LAD,Yankees at Dodgers,10:10 PM,2025-05-31 02:10:00+00:00
2025-05-31,NYY,LAD,Yankees at Dodgers,07:15 PM,2025-05-31 23:15:00+00:00
2025-06-01,NYY,LAD,Yankees at Dodgers,04:10 PM,2025-06-01 20:10:00+00:00
2025-06-03,CLE,NYY,Guardians at Yankees,07:05 PM,2025-06-03 23:05:00+00:00
2025-06-04,CLE,NYY,Guardians at Yankees,07:05 PM,2025-06-04 23:05:00+00:00
2025-06-05,CLE,NYY,Guardians at Yankees,07:05 PM,2025-06-05 23:05:00+00:00
2025-06-10,NYY,KCR,Yankees at Royals,07:40 PM,2025-06-10 23:40:00+00:00
2025-06-11,NYY,KCR,Yankees at Royals,07:40 PM,2025-06-11 23:40:00+00:00
2025-06-12,NYY,KCR,Yankees at Royals,07:40 PM,2025-06-12 23:40:00+00:00
2025-06-16,LAA,NYY,Angels at Yankees,07:05 PM,2025-06-16 23:05:00+00:00
2025-06-17,LAA,NYY,Angels at Yankees,07:05 PM,2025-06-17 23:05:00+00:00
2025-06-18,LAA,NYY,Angels at Yankees,07:05 PM,2025-06-18 23:05:00+00:00
2025-06-19,LAA,NYY,Angels at Yankees,12:00 AM,2025-06-19 04:00:00+00:00
2025-06-23,NYY,CIN,Yankees at Reds,07:10 PM,2025-06-23 23:10:00+00:00
2025-06-24,NYY,CIN,Yankees at Reds,07:10 PM,2025-06-24 23:10:00+00:00
2025-06-25,NYY,CIN,Yankees at Reds,07:10 PM,2025-06-25 23:10:00+00:00
2025-06-27,ATH,NYY,Athletics at Yankees,07:05 PM,2025-06-27 23:05:00+00:00
2025-06-28,ATH,NYY,Athletics at Yankees,01:05 PM,2025-06-28 17:05:00+00:00
2025-06-29,ATH,NYY,Athletics at Yankees,12:00 AM,2025-06-29 04:00:00+00:00
2025-07-04,NYY,NYM,Yankees at Mets,03:10 PM,2025-07-04 19:10:00+00:00
2025-07-05,NYY,NYM,Yankees at Mets,04:10 PM,2025-07-05 20:10:00+00:00
2025-07-06,NYY,NYM,Yankees at Mets,01:40 PM,2025-07-06 17:40:00+00:00
2025-07-08,SEA,NYY,Mariners at Yankees,07:05 PM,2025-07-08 23:05:00+00:00
2025-07-09,SEA,NYY,Mariners at Yankees,07:05 PM,2025-07-09 23:05:00+00:00
2025-07-10,SEA,NYY,Mariners at Yankees,07:05 PM,2025-07-10 23:05:00+00:00
2025-07-11,CHC,NYY,Cubs at Yankees,07:05 PM,2025-07-11 23:05:00+00:00
2025-07-12,CHC,NYY,Cubs at Yankees,01:05 PM,2025-07-12 17:05:00+00:00
2025-07-13,CHC,NYY,Cubs at Yankees,12:00 AM,2025-07-13 04:00:00+00:00
2025-07-18,NYY,ATL,Yankees at Braves,07:15 PM,2025-07-18 23:15:00+00:00
2025-07-19,NYY,ATL,Yankees at Braves,07:15 PM,2025-07-19 23:15:00+00:00
2025-07-20,NYY,ATL,Yankees at Braves,01:35 PM,2025-07-20 17:35:00+00:00
2025-07-25,PHI,NYY,Phillies at Yankees,07:05 PM,2025-07-25 23:05:00+00:00
2025-07-26,PHI,NYY,Phillies at Yankees,01:05 PM,2025-07-26 17:05:00+00:00
2025-07-27,PHI,NYY,Phillies at Yankees,12:00 AM,2025-07-27 04:00:00+00:00
2025-08-01,NYY,MIA,Yankees at Marlins,07:10 PM,2025-08-01 23:10:00+00:00
2025-08-02,NYY,MIA,Yankees at Marlins,04:10 PM,2025-08-02 20:10:00+00:00
2025-08-03,NYY,MIA,Yankees at Marlins,01:40 PM,2025-08-03 17:40:00+00:00
2025-08-04,NYY,TEX,Yankees at Rangers,08:05 PM,2025-08-05 00:05:00+00:00
2025-08-05,NYY,TEX,Yankees at Rangers,08:05 PM,2025-08-06 00:05:00+00:00
2025-08-06,NYY,TEX,Yankees at Rangers,02:35 PM,2025-08-06 18:35:00+00:00
2025-08-08,HOU,NYY,Astros at Yankees,07:05 PM,2025-08-08 23:05:00+00:00
2025-08-09,HOU,NYY,Astros at Yankees,12:00 AM,2025-08-09 04:00:00+00:00
2025-08-10,HOU,NYY,Astros at Yankees,12:00 AM,2025-08-10 04:00:00+00:00
2025-08-11,MIN,NYY,Twins at Yankees,07:05 PM,2025-08-11 23:05:00+00:00
2025-08-12,MIN,NYY,Twins at Yankees,07:05 PM,2025-08-12 23:05:00+00:00
2025-08-13,MIN,NYY,Twins at Yankees,07:05 PM,2025-08-13 23:05:00+00:00
2025-08-15,NYY,STL,Yankees at Cardinals,08:15 PM,2025-08-16 00:15:00+00:00
2025-08-16,NYY,STL,Yankees at Cardinals,07:15 PM,2025-08-16 23:15:00+00:00
2025-08-17,NYY,STL,Yankees at Cardinals,02:15 PM,2025-08-17 18:15:00+00:00
2025-08-25,WSN,NYY,Nationals at Yankees,07:05 PM,2025-08-25 23:05:00+00:00
2025-08-26,WSN,NYY,Nationals at Yankees,07:05 PM,2025-08-26 23:05:00+00:00
2025-08-27,WSN,NYY,Nationals at Yankees,12:00 AM,2025-08-27 04:00:00+00:00
2025-08-28,NYY,CHW,Yankees at White Sox,12:00 AM,2025-08-28 04:00:00+00:00
2025-08-29,NYY,CHW,Yankees at White Sox,12:00 AM,2025-08-29 04:00:00+00:00
2025-08-30,NYY,CHW,Yankees at White Sox,12:00 AM,2025-08-30 04:00:00+00:00
2025-08-31,NYY,CHW,Yankees at White Sox,12:00 AM,2025-08-31 04:00:00+00:00
2025-09-02,NYY,HOU,Yankees at Astros,12:00 AM,2025-09-02 04:00:00+00:00
2025-09-03,NYY,HOU,Yankees at Astros,12:00 AM,2025-09-03 04:00:00+00:00
2025-09-04,NYY,HOU,Yankees at Astros,12:00 AM,2025-09-04 04:00:00+00:00
2025-09-09,DET,NYY,Tigers at Yankees,07:05 PM,2025-09-09 23:05:00+00:00
2025-09-10,DET,NYY,Tigers at Yankees,07:05 PM,2025-09-10 23:05:00+00:00
2025-09-11,DET,NYY,Tigers at Yankees,07:05 PM,2025-09-11 23:05:00+00:00
2025-09-15,NYY,MIN,Yankees at Twins,07:40 PM,2025-09-15 23:40:00+00:00
2025-09-16,NYY,MIN,Yankees at Twins,07:40 PM,2025-09-16 23:40:00+00:00
2025-09-17,NYY,MIN,Yankees at Twins,07:40 PM,2025-09-17 23:40:00+00:00
2025-09-23,CHW,NYY,White Sox at Yankees,07:05 PM,2025-09-23 23:05:00+00:00
2025-09-24,CHW,NYY,White Sox at Yankees,07:05 PM,2025-09-24 23:05:00+00:00
2025-09-25,CHW,NYY,White Sox at Yankees,07:05 PM,2025-09-25 23:05:00+00:00
2025-03-27,CLE,KCR,Guardians at Royals,04:10 PM,2025-03-27 20:10:00+00:00
2025-03-29,CLE,KCR,Guardians at Royals,04:10 PM,2025-03-29 20:10:00+00:00
2025-03-30,CLE,KCR,Guardians at Royals,02:10 PM,2025-03-30 18:10:00+00:00
2025-03-31,CLE,SDP,Guardians at Padres,09:40 PM,2025-04-01 01:40:00+00:00
2025-04-01,CLE,SDP,Guardians at Padres,09:40 PM,2025-04-02 01:40:00+00:00
2025-04-02,CLE,SDP,Guardians at Padres,04:10 PM,2025-04-02 20:10:00+00:00
2025-04-04,CLE,LAA,Guardians at Angels,09:38 PM,2025-04-05 01:38:00+00:00
2025-04-05,CLE,LAA,Guardians at Angels,09:38 PM,2025-04-06 01:38:00+00:00
2025-04-06,CLE,LAA,Guardians at Angels,04:07 PM,2025-04-06 20:07:00+00:00
2025-04-08,CHW,CLE,White Sox at Guardians,12:00 AM,2025-04-08 04:00:00+00:00
2025-04-09,CHW,CLE,White Sox at Guardians,12:00 AM,2025-04-09 04:00:00+00:00
2025-04-10,CHW,CLE,White Sox at Guardians,12:00 AM,2025-04-10 04:00:00+00:00
2025-04-11,KCR,CLE,Royals at Guardians,12:00 AM,2025-04-11 04:00:00+00:00
2025-04-12,KCR,CLE,Royals at Guardians,12:00 AM,2025-04-12 04:00:00+00:00
2025-04-13,KCR,CLE,Royals at Guardians,12:00 AM,2025-04-13 04:00:00+00:00
2025-04-18,CLE,PIT,Guardians at Pirates,06:40 PM,2025-04-18 22:40:00+00:00
2025-04-19,CLE,PIT,Guardians at Pirates,04:05 PM,2025-04-19 20:05:00+00:00
2025-04-20,CLE,PIT,Guardians at Pirates,01:35 PM,2025-04-20 17:35:00+00:00
2025-04-28,MIN,CLE,Twins at Guardians,12:00 AM,2025-04-28 04:00:00+00:00
2025-04-29,MIN,CLE,Twins at Guardians,12:00 AM,2025-04-29 04:00:00+00:00
2025-04-30,MIN,CLE,Twins at Guardians,12:00 AM,2025-04-30 04:00:00+00:00
2025-05-01,MIN,CLE,Twins at Guardians,12:00 AM,2025-05-01 04:00:00+00:00
2025-05-05,CLE,WSN,Guardians at Nationals,06:45 PM,2025-05-05 22:45:00+00:00
2025-05-06,CLE,WSN,Guardians at Nationals,06:45 PM,2025-05-06 22:45:00+00:00
2025-05-07,CLE,WSN,Guardians at Nationals,12:05 PM,2025-05-07 16:05:00+00:00
2025-05-09,PHI,CLE,Phillies at Guardians,12:00 AM,2025-05-09 04:00:00+00:00
2025-05-10,PHI,CLE,Phillies at Guardians,12:00 AM,2025-05-10 04:00:00+00:00
2025-05-11,PHI,CLE,Phillies at Guardians,12:00 AM,2025-05-11 04:00:00+00:00
2025-05-12,MIL,CLE,Brewers at Guardians,12:00 AM,2025-05-12 04:00:00+00:00
2025-05-13,MIL,CLE,Brewers at Guardians,12:00 AM,2025-05-13 04:00:00+00:00
2025-05-14,MIL,CLE,Brewers at Guardians,12:00 AM,2025-05-14 04:00:00+00:00
2025-05-16,CLE,CIN,Guardians at Reds,06:40 PM,2025-05-16 22:40:00+00:00
2025-05-17,CLE,CIN,Guardians at Reds,06:40 PM,2025-05-17 22:40:00+00:00
2025-05-18,CLE,CIN,Guardians at Reds,01:40 PM,2025-05-18 17:40:00+00:00
2025-05-19,CLE,MIN,Guardians at Twins,07:40 PM,2025-05-19 23:40:00+00:00
2025-05-20,CLE,MIN,Guardians at Twins,07:40 PM,2025-05-20 23:40:00+00:00
2025-05-21,CLE,MIN,Guardians at Twins,01:10 PM,2025-05-21 17:10:00+00:00
2025-05-22,CLE,DET,Guardians at Tigers,06:40 PM,2025-05-22 22:40:00+00:00
2025-05-23,CLE,DET,Guardians at Tigers,07:10 PM,2025-05-23 23:10:00+00:00
2025-05-24,CLE,DET,Guardians at Tigers,07:15 PM,2025-05-24 23:15:00+00:00
2025-05-25,CLE,DET,Guardians at Tigers,01:40 PM,2025-05-25 17:40:00+00:00
2025-05-26,LAD,CLE,Dodgers at Guardians,12:00 AM,2025-05-26 04:00:00+00:00
2025-05-27,LAD,CLE,Dodgers at Guardians,12:00 AM,2025-05-27 04:00:00+00:00
2025-05-28,LAD,CLE,Dodgers at Guardians,12:00 AM,2025-05-28 04:00:00+00:00
2025-05-30,LAA,CLE,Angels at Guardians,12:00 AM,2025-05-30 04:00:00+00:00
2025-05-31,LAA,CLE,Angels at Guardians,12:00 AM,2025-05-31 04:00:00+00:00
2025-06-01,LAA,CLE,Angels at Guardians,12:00 AM,2025-06-01 04:00:00+00:00
2025-06-06,HOU,CLE,Astros at Guardians,12:00 AM,2025-06-06 04:00:00+00:00
2025-06-07,HOU,CLE,Astros at Guardians,12:00 AM,2025-06-07 04:00:00+00:00
2025-06-08,HOU,CLE,Astros at Guardians,12:00 AM,2025-06-08 04:00:00+00:00
2025-06-09,CIN,CLE,Reds at Guardians,12:00 AM,2025-06-09 04:00:00+00:00
2025-06-10,CIN,CLE,Reds at Guardians,12:00 AM,2025-06-10 04:00:00+00:00
2025-06-11,CIN,CLE,Reds at Guardians,12:00 AM,2025-06-11 04:00:00+00:00
2025-06-13,CLE,SEA,Guardians at Mariners,10:10 PM,2025-06-14 02:10:00+00:00
2025-06-14,CLE,SEA,Guardians at Mariners,09:40 PM,2025-06-15 01:40:00+00:00
2025-06-15,CLE,SEA,Guardians at Mariners,04:10 PM,2025-06-15 20:10:00+00:00
2025-06-17,CLE,SFG,Guardians at Giants,09:45 PM,2025-06-18 01:45:00+00:00
2025-06-18,CLE,SFG,Guardians at Giants,09:45 PM,2025-06-19 01:45:00+00:00
2025-06-19,CLE,SFG,Guardians at Giants,04:05 PM,2025-06-19 20:05:00+00:00
2025-06-20,CLE,ATH,Guardians at Athletics,10:05 PM,2025-06-21 02:05:00+00:00
2025-06-21,CLE,ATH,Guardians at Athletics,10:05 PM,2025-06-22 02:05:00+00:00
2025-06-22,CLE,ATH,Guardians at Athletics,04:05 PM,2025-06-22 20:05:00+00:00
2025-06-27,STL,CLE,Cardinals at Guardians,12:00 AM,2025-06-27 04:00:00+00:00
2025-06-28,STL,CLE,Cardinals at Guardians,12:00 AM,2025-06-28 04:00:00+00:00
2025-06-29,STL,CLE,Cardinals at Guardians,12:00 AM,2025-06-29 04:00:00+00:00
2025-07-01,CLE,CHC,Guardians at Cubs,08:05 PM,2025-07-02 00:05:00+00:00
2025-07-02,CLE,CHC,Guardians at Cubs,08:05 PM,2025-07-03 00:05:00+00:00
2025-07-03,CLE,CHC,Guardians at Cubs,08:05 PM,2025-07-04 00:05:00+00:00
2025-07-04,DET,CLE,Tigers at Guardians,12:00 AM,2025-07-04 04:00:00+00:00
2025-07-05,DET,CLE,Tigers at Guardians,12:00 AM,2025-07-05 04:00:00+00:00
2025-07-06,DET,CLE,Tigers at Guardians,12:00 AM,2025-07-06 04:00:00+00:00
2025-07-07,CLE,HOU,Guardians at Astros,12:00 AM,2025-07-07 04:00:00+00:00
2025-07-08,CLE,HOU,Guardians at Astros,12:00 AM,2025-07-08 04:00:00+00:00
2025-07-09,CLE,HOU,Guardians at Astros,12:00 AM,2025-07-09 04:00:00+00:00
2025-07-10,CLE,CHW,Guardians at White Sox,12:00 AM,2025-07-10 04:00:00+00:00
2025-07-11,CLE,CHW,Guardians at White Sox,12:00 AM,2025-07-11 04:00:00+00:00
2025-07-12,CLE,CHW,Guardians at White Sox,12:00 AM,2025-07-12 04:00:00+00:00
2025-07-13,CLE,CHW,Guardians at White Sox,12:00 AM,2025-07-13 04:00:00+00:00
2025-07-18,ATH,CLE,Athletics at Guardians,12:00 AM,2025-07-18 04:00:00+00:00
2025-07-19,ATH,CLE,Athletics at Guardians,12:00 AM,2025-07-19 04:00:00+00:00
2025-07-20,ATH,CLE,Athletics at Guardians,12:00 AM,2025-07-20 04:00:00+00:00
2025-07-25,CLE,KCR,Guardians at Royals,08:10 PM,2025-07-26 00:10:00+00:00
2025-07-26,CLE,KCR,Guardians at Royals,07:15 PM,2025-07-26 23:15:00+00:00
2025-07-27,CLE,KCR,Guardians at Royals,02:10 PM,2025-07-27 18:10:00+00:00
2025-07-28,COL,CLE,Rockies at Guardians,12:00 AM,2025-07-28 04:00:00+00:00
2025-07-29,COL,CLE,Rockies at Guardians,12:00 AM,2025-07-29 04:00:00+00:00
2025-07-30,COL,CLE,Rockies at Guardians,12:00 AM,2025-07-30 04:00:00+00:00
2025-08-01,MIN,CLE,Twins at Guardians,12:00 AM,2025-08-01 04:00:00+00:00
2025-08-02,MIN,CLE,Twins at Guardians,12:00 AM,2025-08-02 04:00:00+00:00
2025-08-03,MIN,CLE,Twins at Guardians,12:00 AM,2025-08-03 04:00:00+00:00
2025-08-04,CLE,NYM,Guardians at Mets,07:10 PM,2025-08-04 23:10:00+00:00
2025-08-05,CLE,NYM,Guardians at Mets,07:10 PM,2025-08-05 23:10:00+00:00
2025-08-06,CLE,NYM,Guardians at Mets,01:10 PM,2025-08-06 17:10:00+00:00
2025-08-08,CLE,CHW,Guardians at White Sox,12:00 AM,2025-08-08 04:00:00+00:00
2025-08-09,CLE,CHW,Guardians at White Sox,12:00 AM,2025-08-09 04:00:00+00:00
2025-08-10,CLE,CHW,Guardians at White Sox,12:00 AM,2025-08-10 04:00:00+00:00
2025-08-12,MIA,CLE,Marlins at Guardians,12:00 AM,2025-08-12 04:00:00+00:00
2025-08-13,MIA,CLE,Marlins at Guardians,12:00 AM,2025-08-13 04:00:00+00:00
2025-08-14,MIA,CLE,Marlins at Guardians,12:00 AM,2025-08-14 04:00:00+00:00
2025-08-15,ATL,CLE,Braves at Guardians,12:00 AM,2025-08-15 04:00:00+00:00
2025-08-16,ATL,CLE,Braves at Guardians,12:00 AM,2025-08-16 04:00:00+00:00
2025-08-17,ATL,CLE,Braves at Guardians,12:00 AM,2025-08-17 04:00:00+00:00
2025-08-18,CLE,ARI,Guardians at D-backs,09:40 PM,2025-08-19 01:40:00+00:00
2025-08-19,CLE,ARI,Guardians at D-backs,09:40 PM,2025-08-20 01:40:00+00:00
2025-08-20,CLE,ARI,Guardians at D-backs,03:40 PM,2025-08-20 19:40:00+00:00
2025-08-22,CLE,TEX,Guardians at Rangers,08:05 PM,2025-08-23 00:05:00+00:00
2025-08-23,CLE,TEX,Guardians at Rangers,07:05 PM,2025-08-23 23:05:00+00:00
2025-08-24,CLE,TEX,Guardians at Rangers,02:35 PM,2025-08-24 18:35:00+00:00
2025-08-29,SEA,CLE,Mariners at Guardians,12:00 AM,2025-08-29 04:00:00+00:00
2025-08-30,SEA,CLE,Mariners at Guardians,12:00 AM,2025-08-30 04:00:00+00:00
2025-08-31,SEA,CLE,Mariners at Guardians,12:00 AM,2025-08-31 04:00:00+00:00
2025-09-08,KCR,CLE,Royals at Guardians,12:00 AM,2025-09-08 04:00:00+00:00
2025-09-09,KCR,CLE,Royals at Guardians,12:00 AM,2025-09-09 04:00:00+00:00
2025-09-10,KCR,CLE,Royals at Guardians,12:00 AM,2025-09-10 04:00:00+00:00
2025-09-11,KCR,CLE,Royals at Guardians,12:00 AM,2025-09-11 04:00:00+00:00
2025-09-12,CHW,CLE,White Sox at Guardians,12:00 AM,2025-09-12 04:00:00+00:00
2025-09-13,CHW,CLE,White Sox at Guardians,12:00 AM,2025-09-13 04:00:00+00:00
2025-09-14,CHW,CLE,White Sox at Guardians,12:00 AM,2025-09-14 04:00:00+00:00
2025-09-16,CLE,DET,Guardians at Tigers,06:40 PM,2025-09-16 22:40:00+00:00
2025-09-17,CLE,DET,Guardians at Tigers,06:40 PM,2025-09-17 22:40:00+00:00
2025-09-18,CLE,DET,Guardians at Tigers,01:10 PM,2025-09-18 17:10:00+00:00
2025-09-19,CLE,MIN,Guardians at Twins,08:10 PM,2025-09-20 00:10:00+00:00
2025-09-20,CLE,MIN,Guardians at Twins,07:10 PM,2025-09-20 23:10:00+00:00
2025-09-21,CLE,MIN,Guardians at Twins,02:10 PM,2025-09-21 18:10:00+00:00
2025-09-23,DET,CLE,Tigers at Guardians,12:00 AM,2025-09-23 04:00:00+00:00
2025-09-24,DET,CLE,Tigers at Guardians,12:00 AM,2025-09-24 04:00:00+00:00
2025-09-25,DET,CLE,Tigers at Guardians,12:00 AM,2025-09-25 04:00:00+00:00
2025-09-26,TEX,CLE,Rangers at Guardians,12:00 AM,2025-09-26 04:00:00+00:00
2025-09-27,TEX,CLE,Rangers at Guardians,12:00 AM,2025-09-27 04:00:00+00:00
2025-09-28,TEX,CLE,Rangers at Guardians,12:00 AM,2025-09-28 04:00:00+00:00
2025-03-31,KCR,MIL,Royals at Brewers,01:10 PM,2025-03-31 18:10:00+00:00
2025-04-01,KCR,MIL,Royals at Brewers,06:40 PM,2025-04-01 23:40:00+00:00
2025-04-02,KCR,MIL,Royals at Brewers,12:10 PM,2025-04-02 17:10:00+00:00
2025-04-07,MIN,KCR,Twins at Royals,06:40 PM,2025-04-07 23:40:00+00:00
2025-04-08,MIN,KCR,Twins at Royals,06:40 PM,2025-04-08 23:40:00+00:00
2025-04-09,MIN,KCR,Twins at Royals,06:40 PM,2025-04-09 23:40:00+00:00
2025-04-10,MIN,KCR,Twins at Royals,01:10 PM,2025-04-10 18:10:00+00:00
2025-04-17,KCR,DET,Royals at Tigers,05:40 PM,2025-04-17 22:40:00+00:00
2025-04-18,KCR,DET,Royals at Tigers,05:40 PM,2025-04-18 22:40:00+00:00
2025-04-19,KCR,DET,Royals at Tigers,12:10 PM,2025-04-19 17:10:00+00:00
2025-04-20,KCR,DET,Royals at Tigers,12:40 PM,2025-04-20 17:40:00+00:00
2025-04-22,COL,KCR,Rockies at Royals,06:40 PM,2025-04-22 23:40:00+00:00
2025-04-23,COL,KCR,Rockies at Royals,06:40 PM,2025-04-23 23:40:00+00:00
2025-04-24,COL,KCR,Rockies at Royals,01:10 PM,2025-04-24 18:10:00+00:00
2025-04-25,HOU,KCR,Astros at Royals,06:40 PM,2025-04-25 23:40:00+00:00
2025-04-26,HOU,KCR,Astros at Royals,06:10 PM,2025-04-26 23:10:00+00:00
2025-04-27,HOU,KCR,Astros at Royals,01:10 PM,2025-04-27 18:10:00+00:00
2025-05-05,CHW,KCR,White Sox at Royals,06:40 PM,2025-05-05 23:40:00+00:00
2025-05-06,CHW,KCR,White Sox at Royals,06:40 PM,2025-05-06 23:40:00+00:00
2025-05-07,CHW,KCR,White Sox at Royals,06:40 PM,2025-05-07 23:40:00+00:00
2025-05-08,CHW,KCR,White Sox at Royals,01:10 PM,2025-05-08 18:10:00+00:00
2025-05-12,KCR,HOU,Royals at Astros,12:00 AM,2025-05-12 05:00:00+00:00
2025-05-13,KCR,HOU,Royals at Astros,12:00 AM,2025-05-13 05:00:00+00:00
2025-05-14,KCR,HOU,Royals at Astros,12:00 AM,2025-05-14 05:00:00+00:00
2025-05-16,STL,KCR,Cardinals at Royals,06:40 PM,2025-05-16 23:40:00+00:00
2025-05-17,STL,KCR,Cardinals at Royals,06:10 PM,2025-05-17 23:10:00+00:00
2025-05-18,STL,KCR,Cardinals at Royals,01:10 PM,2025-05-18 18:10:00+00:00
2025-05-19,KCR,SFG,Royals at Giants,08:45 PM,2025-05-20 01:45:00+00:00
2025-05-20,KCR,SFG,Royals at Giants,08:45 PM,2025-05-21 01:45:00+00:00
2025-05-21,KCR,SFG,Royals at Giants,02:45 PM,2025-05-21 19:45:00+00:00
2025-05-23,KCR,MIN,Royals at Twins,07:10 PM,2025-05-24 00:10:00+00:00
2025-05-24,KCR,MIN,Royals at Twins,01:10 PM,2025-05-24 18:10:00+00:00
2025-05-25,KCR,MIN,Royals at Twins,01:10 PM,2025-05-25 18:10:00+00:00
2025-05-26,CIN,KCR,Reds at Royals,03:10 PM,2025-05-26 20:10:00+00:00
2025-05-27,CIN,KCR,Reds at Royals,06:40 PM,2025-05-27 23:40:00+00:00
2025-05-28,CIN,KCR,Reds at Royals,06:40 PM,2025-05-28 23:40:00+00:00
2025-05-30,DET,KCR,Tigers at Royals,07:10 PM,2025-05-31 00:10:00+00:00
2025-05-31,DET,KCR,Tigers at Royals,03:10 PM,2025-05-31 20:10:00+00:00
2025-06-01,DET,KCR,Tigers at Royals,01:10 PM,2025-06-01 18:10:00+00:00
2025-06-03,KCR,STL,Royals at Cardinals,06:45 PM,2025-06-03 23:45:00+00:00
2025-06-04,KCR,STL,Royals at Cardinals,06:45 PM,2025-06-04 23:45:00+00:00
2025-06-05,KCR,STL,Royals at Cardinals,06:45 PM,2025-06-05 23:45:00+00:00
2025-06-06,KCR,CHW,Royals at White Sox,12:00 AM,2025-06-06 05:00:00+00:00
2025-06-07,KCR,CHW,Royals at White Sox,12:00 AM,2025-06-07 05:00:00+00:00
2025-06-08,KCR,CHW,Royals at White Sox,12:00 AM,2025-06-08 05:00:00+00:00
2025-06-13,ATH,KCR,Athletics at Royals,07:10 PM,2025-06-14 00:10:00+00:00
2025-06-14,ATH,KCR,Athletics at Royals,03:10 PM,2025-06-14 20:10:00+00:00
2025-06-15,ATH,KCR,Athletics at Royals,01:10 PM,2025-06-15 18:10:00+00:00
2025-06-17,KCR,TEX,Royals at Rangers,07:05 PM,2025-06-18 00:05:00+00:00
2025-06-18,KCR,TEX,Royals at Rangers,07:05 PM,2025-06-19 00:05:00+00:00
2025-06-19,KCR,TEX,Royals at Rangers,01:35 PM,2025-06-19 18:35:00+00:00
2025-06-20,KCR,SDP,Royals at Padres,08:40 PM,2025-06-21 01:40:00+00:00
2025-06-21,KCR,SDP,Royals at Padres,06:15 PM,2025-06-21 23:15:00+00:00
2025-06-22,KCR,SDP,Royals at Padres,03:10 PM,2025-06-22 20:10:00+00:00
2025-06-27,LAD,KCR,Dodgers at Royals,07:10 PM,2025-06-28 00:10:00+00:00
2025-06-28,LAD,KCR,Dodgers at Royals,03:10 PM,2025-06-28 20:10:00+00:00
2025-06-29,LAD,KCR,Dodgers at Royals,01:10 PM,2025-06-29 18:10:00+00:00
2025-06-30,KCR,SEA,Royals at Mariners,08:40 PM,2025-07-01 01:40:00+00:00
2025-07-01,KCR,SEA,Royals at Mariners,08:40 PM,2025-07-02 01:40:00+00:00
2025-07-02,KCR,SEA,Royals at Mariners,08:40 PM,2025-07-03 01:40:00+00:00
2025-07-03,KCR,SEA,Royals at Mariners,09:10 PM,2025-07-04 02:10:00+00:00
2025-07-04,KCR,ARI,Royals at D-backs,08:40 PM,2025-07-05 01:40:00+00:00
2025-07-05,KCR,ARI,Royals at D-backs,03:10 PM,2025-07-05 20:10:00+00:00
2025-07-06,KCR,ARI,Royals at D-backs,03:10 PM,2025-07-06 20:10:00+00:00
2025-07-07,PIT,KCR,Pirates at Royals,06:40 PM,2025-07-07 23:40:00+00:00
2025-07-08,PIT,KCR,Pirates at Royals,06:40 PM,2025-07-08 23:40:00+00:00
2025-07-09,PIT,KCR,Pirates at Royals,06:40 PM,2025-07-09 23:40:00+00:00
2025-07-11,NYM,KCR,Mets at Royals,07:10 PM,2025-07-12 00:10:00+00:00
2025-07-12,NYM,KCR,Mets at Royals,03:10 PM,2025-07-12 20:10:00+00:00
2025-07-13,NYM,KCR,Mets at Royals,01:10 PM,2025-07-13 18:10:00+00:00
2025-07-18,KCR,MIA,Royals at Marlins,06:10 PM,2025-07-18 23:10:00+00:00
2025-07-19,KCR,MIA,Royals at Marlins,03:10 PM,2025-07-19 20:10:00+00:00
2025-07-20,KCR,MIA,Royals at Marlins,12:40 PM,2025-07-20 17:40:00+00:00
2025-07-21,KCR,CHC,Royals at Cubs,07:05 PM,2025-07-22 00:05:00+00:00
2025-07-22,KCR,CHC,Royals at Cubs,07:05 PM,2025-07-23 00:05:00+00:00
2025-07-23,KCR,CHC,Royals at Cubs,01:20 PM,2025-07-23 18:20:00+00:00
2025-07-28,ATL,KCR,Braves at Royals,06:40 PM,2025-07-28 23:40:00+00:00
2025-07-29,ATL,KCR,Braves at Royals,06:40 PM,2025-07-29 23:40:00+00:00
2025-07-30,ATL,KCR,Braves at Royals,01:10 PM,2025-07-30 18:10:00+00:00
2025-08-08,KCR,MIN,Royals at Twins,07:10 PM,2025-08-09 00:10:00+00:00
2025-08-09,KCR,MIN,Royals at Twins,06:10 PM,2025-08-09 23:10:00+00:00
2025-08-10,KCR,MIN,Royals at Twins,01:10 PM,2025-08-10 18:10:00+00:00
2025-08-11,WSN,KCR,Nationals at Royals,06:40 PM,2025-08-11 23:40:00+00:00
2025-08-12,WSN,KCR,Nationals at Royals,06:40 PM,2025-08-12 23:40:00+00:00
2025-08-13,WSN,KCR,Nationals at Royals,01:10 PM,2025-08-13 18:10:00+00:00
2025-08-15,CHW,KCR,White Sox at Royals,07:10 PM,2025-08-16 00:10:00+00:00
2025-08-16,CHW,KCR,White Sox at Royals,06:10 PM,2025-08-16 23:10:00+00:00
2025-08-17,CHW,KCR,White Sox at Royals,01:10 PM,2025-08-17 18:10:00+00:00
2025-08-18,TEX,KCR,Rangers at Royals,06:40 PM,2025-08-18 23:40:00+00:00
2025-08-19,TEX,KCR,Rangers at Royals,06:40 PM,2025-08-19 23:40:00+00:00
2025-08-20,TEX,KCR,Rangers at Royals,06:40 PM,2025-08-20 23:40:00+00:00
2025-08-21,TEX,KCR,Rangers at Royals,01:10 PM,2025-08-21 18:10:00+00:00
2025-08-22,KCR,DET,Royals at Tigers,06:10 PM,2025-08-22 23:10:00+00:00
2025-08-23,KCR,DET,Royals at Tigers,05:10 PM,2025-08-23 22:10:00+00:00
2025-08-24,KCR,DET,Royals at Tigers,12:40 PM,2025-08-24 17:40:00+00:00
2025-08-25,KCR,CHW,Royals at White Sox,12:00 AM,2025-08-25 05:00:00+00:00
2025-08-26,KCR,CHW,Royals at White Sox,12:00 AM,2025-08-26 05:00:00+00:00
2025-08-27,KCR,CHW,Royals at White Sox,12:00 AM,2025-08-27 05:00:00+00:00
2025-08-29,DET,KCR,Tigers at Royals,07:10 PM,2025-08-30 00:10:00+00:00
2025-08-30,DET,KCR,Tigers at Royals,06:15 PM,2025-08-30 23:15:00+00:00
2025-08-31,DET,KCR,Tigers at Royals,01:10 PM,2025-08-31 18:10:00+00:00
2025-09-02,LAA,KCR,Angels at Royals,06:40 PM,2025-09-02 23:40:00+00:00
2025-09-03,LAA,KCR,Angels at Royals,06:40 PM,2025-09-03 23:40:00+00:00
2025-09-04,LAA,KCR,Angels at Royals,06:40 PM,2025-09-04 23:40:00+00:00
2025-09-05,MIN,KCR,Twins at Royals,06:40 PM,2025-09-05 23:40:00+00:00
2025-09-06,MIN,KCR,Twins at Royals,06:15 PM,2025-09-06 23:15:00+00:00
2025-09-07,MIN,KCR,Twins at Royals,01:10 PM,2025-09-07 18:10:00+00:00
2025-09-12,KCR,PHI,Royals at Phillies,05:45 PM,2025-09-12 22:45:00+00:00
2025-09-13,KCR,PHI,Royals at Phillies,05:05 PM,2025-09-13 22:05:00+00:00
2025-09-14,KCR,PHI,Royals at Phillies,12:35 PM,2025-09-14 17:35:00+00:00
2025-09-16,SEA,KCR,Mariners at Royals,06:40 PM,2025-09-16 23:40:00+00:00
2025-09-17,SEA,KCR,Mariners at Royals,06:40 PM,2025-09-17 23:40:00+00:00
2025-09-18,SEA,KCR,Mariners at Royals,01:10 PM,2025-09-18 18:10:00+00:00
2025-09-23,KCR,LAA,Royals at Angels,08:38 PM,2025-09-24 01:38:00+00:00
2025-09-24,KCR,LAA,Royals at Angels,08:38 PM,2025-09-25 01:38:00+00:00
2025-09-25,KCR,LAA,Royals at Angels,08:38 PM,2025-09-26 01:38:00+00:00
2025-09-26,KCR,ATH,Royals at Athletics,09:05 PM,2025-09-27 02:05:00+00:00
2025-09-27,KCR,ATH,Royals at Athletics,09:05 PM,2025-09-28 02:05:00+00:00
2025-09-28,KCR,ATH,Royals at Athletics,02:05 PM,2025-09-28 19:05:00+00:00
2025-03-27,DET,LAD,Tigers at Dodgers,07:10 PM,2025-03-27 23:10:00+00:00
2025-03-28,DET,LAD,Tigers at Dodgers,10:10 PM,2025-03-29 02:10:00+00:00
2025-03-29,DET,LAD,Tigers at Dodgers,09:10 PM,2025-03-30 01:10:00+00:00
2025-03-31,DET,SEA,Tigers at Mariners,09:40 PM,2025-04-01 01:40:00+00:00
2025-04-01,DET,SEA,Tigers at Mariners,09:40 PM,2025-04-02 01:40:00+00:00
2025-04-02,DET,SEA,Tigers at Mariners,04:10 PM,2025-04-02 20:10:00+00:00
2025-04-04,CHW,DET,White Sox at Tigers,01:10 PM,2025-04-04 17:10:00+00:00
2025-04-05,CHW,DET,White Sox at Tigers,01:10 PM,2025-04-05 17:10:00+00:00
2025-04-06,CHW,DET,White Sox at Tigers,01:40 PM,2025-04-06 17:40:00+00:00
2025-04-11,DET,MIN,Tigers at Twins,08:10 PM,2025-04-12 00:10:00+00:00
2025-04-12,DET,MIN,Tigers at Twins,02:10 PM,2025-04-12 18:10:00+00:00
2025-04-13,DET,MIN,Tigers at Twins,02:10 PM,2025-04-13 18:10:00+00:00
2025-04-14,DET,MIL,Tigers at Brewers,07:40 PM,2025-04-14 23:40:00+00:00
2025-04-15,DET,MIL,Tigers at Brewers,07:40 PM,2025-04-15 23:40:00+00:00
2025-04-16,DET,MIL,Tigers at Brewers,01:10 PM,2025-04-16 17:10:00+00:00
2025-04-21,SDP,DET,Padres at Tigers,06:40 PM,2025-04-21 22:40:00+00:00
2025-04-22,SDP,DET,Padres at Tigers,06:40 PM,2025-04-22 22:40:00+00:00
2025-04-23,SDP,DET,Padres at Tigers,01:10 PM,2025-04-23 17:10:00+00:00
2025-04-28,DET,HOU,Tigers at Astros,12:00 AM,2025-04-28 04:00:00+00:00
2025-04-29,DET,HOU,Tigers at Astros,12:00 AM,2025-04-29 04:00:00+00:00
2025-04-30,DET,HOU,Tigers at Astros,12:00 AM,2025-04-30 04:00:00+00:00
2025-05-01,DET,LAA,Tigers at Angels,09:38 PM,2025-05-02 01:38:00+00:00
2025-05-02,DET,LAA,Tigers at Angels,09:38 PM,2025-05-03 01:38:00+00:00
2025-05-03,DET,LAA,Tigers at Angels,09:38 PM,2025-05-04 01:38:00+00:00
2025-05-04,DET,LAA,Tigers at Angels,04:07 PM,2025-05-04 20:07:00+00:00
2025-05-06,DET,COL,Tigers at Rockies,08:40 PM,2025-05-07 00:40:00+00:00
2025-05-07,DET,COL,Tigers at Rockies,08:40 PM,2025-05-08 00:40:00+00:00
2025-05-08,DET,COL,Tigers at Rockies,03:10 PM,2025-05-08 19:10:00+00:00
2025-05-09,TEX,DET,Rangers at Tigers,06:40 PM,2025-05-09 22:40:00+00:00
2025-05-10,TEX,DET,Rangers at Tigers,06:10 PM,2025-05-10 22:10:00+00:00
2025-05-11,TEX,DET,Rangers at Tigers,01:40 PM,2025-05-11 17:40:00+00:00
2025-05-19,DET,STL,Tigers at Cardinals,07:45 PM,2025-05-19 23:45:00+00:00
2025-05-20,DET,STL,Tigers at Cardinals,07:45 PM,2025-05-20 23:45:00+00:00
2025-05-21,DET,STL,Tigers at Cardinals,01:15 PM,2025-05-21 17:15:00+00:00
2025-05-26,SFG,DET,Giants at Tigers,01:10 PM,2025-05-26 17:10:00+00:00
2025-05-27,SFG,DET,Giants at Tigers,06:40 PM,2025-05-27 22:40:00+00:00
2025-05-28,SFG,DET,Giants at Tigers,01:10 PM,2025-05-28 17:10:00+00:00
2025-06-02,DET,CHW,Tigers at White Sox,12:00 AM,2025-06-02 04:00:00+00:00
2025-06-03,DET,CHW,Tigers at White Sox,12:00 AM,2025-06-03 04:00:00+00:00
2025-06-04,DET,CHW,Tigers at White Sox,12:00 AM,2025-06-04 04:00:00+00:00
2025-06-05,DET,CHW,Tigers at White Sox,12:00 AM,2025-06-05 04:00:00+00:00
2025-06-06,CHC,DET,Cubs at Tigers,07:10 PM,2025-06-06 23:10:00+00:00
2025-06-07,CHC,DET,Cubs at Tigers,01:10 PM,2025-06-07 17:10:00+00:00
2025-06-08,CHC,DET,Cubs at Tigers,01:40 PM,2025-06-08 17:40:00+00:00
2025-06-13,CIN,DET,Reds at Tigers,07:10 PM,2025-06-13 23:10:00+00:00
2025-06-14,CIN,DET,Reds at Tigers,01:10 PM,2025-06-14 17:10:00+00:00
2025-06-15,CIN,DET,Reds at Tigers,01:40 PM,2025-06-15 17:40:00+00:00
2025-06-17,PIT,DET,Pirates at Tigers,06:40 PM,2025-06-17 22:40:00+00:00
2025-06-18,PIT,DET,Pirates at Tigers,06:40 PM,2025-06-18 22:40:00+00:00
2025-06-19,PIT,DET,Pirates at Tigers,01:10 PM,2025-06-19 17:10:00+00:00
2025-06-24,ATH,DET,Athletics at Tigers,06:40 PM,2025-06-24 22:40:00+00:00
2025-06-25,ATH,DET,Athletics at Tigers,06:40 PM,2025-06-25 22:40:00+00:00
2025-06-26,ATH,DET,Athletics at Tigers,01:10 PM,2025-06-26 17:10:00+00:00
2025-06-27,MIN,DET,Twins at Tigers,07:10 PM,2025-06-27 23:10:00+00:00
2025-06-28,MIN,DET,Twins at Tigers,01:10 PM,2025-06-28 17:10:00+00:00
2025-06-29,MIN,DET,Twins at Tigers,01:40 PM,2025-06-29 17:40:00+00:00
2025-07-01,DET,WSN,Tigers at Nationals,06:45 PM,2025-07-01 22:45:00+00:00
2025-07-02,DET,WSN,Tigers at Nationals,06:45 PM,2025-07-02 22:45:00+00:00
2025-07-03,DET,WSN,Tigers at Nationals,06:45 PM,2025-07-03 22:45:00+00:00
2025-07-11,SEA,DET,Mariners at Tigers,07:10 PM,2025-07-11 23:10:00+00:00
2025-07-12,SEA,DET,Mariners at Tigers,01:10 PM,2025-07-12 17:10:00+00:00
2025-07-13,SEA,DET,Mariners at Tigers,01:40 PM,2025-07-13 17:40:00+00:00
2025-07-18,DET,TEX,Tigers at Rangers,08:05 PM,2025-07-19 00:05:00+00:00
2025-07-19,DET,TEX,Tigers at Rangers,07:05 PM,2025-07-19 23:05:00+00:00
2025-07-20,DET,TEX,Tigers at Rangers,02:35 PM,2025-07-20 18:35:00+00:00
2025-07-21,DET,PIT,Tigers at Pirates,06:40 PM,2025-07-21 22:40:00+00:00
2025-07-22,DET,PIT,Tigers at Pirates,06:40 PM,2025-07-22 22:40:00+00:00
2025-07-23,DET,PIT,Tigers at Pirates,12:35 PM,2025-07-23 16:35:00+00:00
2025-07-28,ARI,DET,D-backs at Tigers,06:40 PM,2025-07-28 22:40:00+00:00
2025-07-29,ARI,DET,D-backs at Tigers,06:40 PM,2025-07-29 22:40:00+00:00
2025-07-30,ARI,DET,D-backs at Tigers,01:10 PM,2025-07-30 17:10:00+00:00
2025-08-01,DET,PHI,Tigers at Phillies,06:45 PM,2025-08-01 22:45:00+00:00
2025-08-02,DET,PHI,Tigers at Phillies,04:05 PM,2025-08-02 20:05:00+00:00
2025-08-03,DET,PHI,Tigers at Phillies,01:35 PM,2025-08-03 17:35:00+00:00
2025-08-04,MIN,DET,Twins at Tigers,06:40 PM,2025-08-04 22:40:00+00:00
2025-08-05,MIN,DET,Twins at Tigers,06:40 PM,2025-08-05 22:40:00+00:00
2025-08-06,MIN,DET,Twins at Tigers,01:10 PM,2025-08-06 17:10:00+00:00
2025-08-08,LAA,DET,Angels at Tigers,07:10 PM,2025-08-08 23:10:00+00:00
2025-08-09,LAA,DET,Angels at Tigers,06:10 PM,2025-08-09 22:10:00+00:00
2025-08-10,LAA,DET,Angels at Tigers,01:40 PM,2025-08-10 17:40:00+00:00
2025-08-11,DET,CHW,Tigers at White Sox,12:00 AM,2025-08-11 04:00:00+00:00
2025-08-12,DET,CHW,Tigers at White Sox,12:00 AM,2025-08-12 04:00:00+00:00
2025-08-13,DET,CHW,Tigers at White Sox,12:00 AM,2025-08-13 04:00:00+00:00
2025-08-14,DET,MIN,Tigers at Twins,07:40 PM,2025-08-14 23:40:00+00:00
2025-08-15,DET,MIN,Tigers at Twins,08:10 PM,2025-08-16 00:10:00+00:00
2025-08-16,DET,MIN,Tigers at Twins,07:15 PM,2025-08-16 23:15:00+00:00
2025-08-17,DET,MIN,Tigers at Twins,02:10 PM,2025-08-17 18:10:00+00:00
2025-08-18,HOU,DET,Astros at Tigers,06:40 PM,2025-08-18 22:40:00+00:00
2025-08-19,HOU,DET,Astros at Tigers,06:40 PM,2025-08-19 22:40:00+00:00
2025-08-20,HOU,DET,Astros at Tigers,01:10 PM,2025-08-20 17:10:00+00:00
2025-08-25,DET,ATH,Tigers at Athletics,10:05 PM,2025-08-26 02:05:00+00:00
2025-08-26,DET,ATH,Tigers at Athletics,10:05 PM,2025-08-27 02:05:00+00:00
2025-08-27,DET,ATH,Tigers at Athletics,10:05 PM,2025-08-28 02:05:00+00:00
2025-09-01,NYM,DET,Mets at Tigers,01:10 PM,2025-09-01 17:10:00+00:00
2025-09-02,NYM,DET,Mets at Tigers,06:40 PM,2025-09-02 22:40:00+00:00
2025-09-03,NYM,DET,Mets at Tigers,01:10 PM,2025-09-03 17:10:00+00:00
2025-09-05,CHW,DET,White Sox at Tigers,06:40 PM,2025-09-05 22:40:00+00:00
2025-09-06,CHW,DET,White Sox at Tigers,06:10 PM,2025-09-06 22:10:00+00:00
2025-09-07,CHW,DET,White Sox at Tigers,01:40 PM,2025-09-07 17:40:00+00:00
2025-09-12,DET,MIA,Tigers at Marlins,07:10 PM,2025-09-12 23:10:00+00:00
2025-09-13,DET,MIA,Tigers at Marlins,04:10 PM,2025-09-13 20:10:00+00:00
2025-09-14,DET,MIA,Tigers at Marlins,01:40 PM,2025-09-14 17:40:00+00:00
2025-09-19,ATL,DET,Braves at Tigers,06:40 PM,2025-09-19 22:40:00+00:00
2025-09-20,ATL,DET,Braves at Tigers,01:10 PM,2025-09-20 17:10:00+00:00
2025-09-21,ATL,DET,Braves at Tigers,01:40 PM,2025-09-21 17:40:00+00:00
2025-03-27,MIN,STL,Twins at Cardinals,03:15 PM,2025-03-27 20:15:00+00:00
2025-03-29,MIN,STL,Twins at Cardinals,01:15 PM,2025-03-29 18:15:00+00:00
2025-03-30,MIN,STL,Twins at Cardinals,01:15 PM,2025-03-30 18:15:00+00:00
2025-03-31,MIN,CHW,Twins at White Sox,12:00 AM,2025-03-31 05:00:00+00:00
2025-04-01,MIN,CHW,Twins at White Sox,12:00 AM,2025-04-01 05:00:00+00:00
2025-04-02,MIN,CHW,Twins at White Sox,12:00 AM,2025-04-02 05:00:00+00:00
2025-04-03,HOU,MIN,Astros at Twins,03:10 PM,2025-04-03 20:10:00+00:00
2025-04-05,HOU,MIN,Astros at Twins,01:10 PM,2025-04-05 18:10:00+00:00
2025-04-06,HOU,MIN,Astros at Twins,01:10 PM,2025-04-06 18:10:00+00:00
2025-04-14,NYM,MIN,Mets at Twins,06:40 PM,2025-04-14 23:40:00+00:00
2025-04-15,NYM,MIN,Mets at Twins,06:40 PM,2025-04-15 23:40:00+00:00
2025-04-16,NYM,MIN,Mets at Twins,12:10 PM,2025-04-16 17:10:00+00:00
2025-04-18,MIN,ATL,Twins at Braves,06:15 PM,2025-04-18 23:15:00+00:00
2025-04-19,MIN,ATL,Twins at Braves,06:15 PM,2025-04-19 23:15:00+00:00
2025-04-20,MIN,ATL,Twins at Braves,12:35 PM,2025-04-20 17:35:00+00:00
2025-04-22,CHW,MIN,White Sox at Twins,06:40 PM,2025-04-22 23:40:00+00:00
2025-04-23,CHW,MIN,White Sox at Twins,06:40 PM,2025-04-23 23:40:00+00:00
2025-04-24,CHW,MIN,White Sox at Twins,12:10 PM,2025-04-24 17:10:00+00:00
2025-04-25,LAA,MIN,Angels at Twins,07:10 PM,2025-04-26 00:10:00+00:00
2025-04-26,LAA,MIN,Angels at Twins,01:10 PM,2025-04-26 18:10:00+00:00
2025-04-27,LAA,MIN,Angels at Twins,01:10 PM,2025-04-27 18:10:00+00:00
2025-05-09,SFG,MIN,Giants at Twins,07:10 PM,2025-05-10 00:10:00+00:00
2025-05-10,SFG,MIN,Giants at Twins,06:15 PM,2025-05-10 23:15:00+00:00
2025-05-11,SFG,MIN,Giants at Twins,01:10 PM,2025-05-11 18:10:00+00:00
2025-05-16,MIN,MIL,Twins at Brewers,07:10 PM,2025-05-17 00:10:00+00:00
2025-05-17,MIN,MIL,Twins at Brewers,06:15 PM,2025-05-17 23:15:00+00:00
2025-05-18,MIN,MIL,Twins at Brewers,01:10 PM,2025-05-18 18:10:00+00:00
2025-05-30,MIN,SEA,Twins at Mariners,09:10 PM,2025-05-31 02:10:00+00:00
2025-05-31,MIN,SEA,Twins at Mariners,06:15 PM,2025-05-31 23:15:00+00:00
2025-06-01,MIN,SEA,Twins at Mariners,03:10 PM,2025-06-01 20:10:00+00:00
2025-06-02,MIN,ATH,Twins at Athletics,09:05 PM,2025-06-03 02:05:00+00:00
2025-06-03,MIN,ATH,Twins at Athletics,09:05 PM,2025-06-04 02:05:00+00:00
2025-06-04,MIN,ATH,Twins at Athletics,09:05 PM,2025-06-05 02:05:00+00:00
2025-06-05,MIN,ATH,Twins at Athletics,02:35 PM,2025-06-05 19:35:00+00:00
2025-06-10,TEX,MIN,Rangers at Twins,06:40 PM,2025-06-10 23:40:00+00:00
2025-06-11,TEX,MIN,Rangers at Twins,06:40 PM,2025-06-11 23:40:00+00:00
2025-06-12,TEX,MIN,Rangers at Twins,12:10 PM,2025-06-12 17:10:00+00:00
2025-06-13,MIN,HOU,Twins at Astros,12:00 AM,2025-06-13 05:00:00+00:00
2025-06-14,MIN,HOU,Twins at Astros,12:00 AM,2025-06-14 05:00:00+00:00
2025-06-15,MIN,HOU,Twins at Astros,12:00 AM,2025-06-15 05:00:00+00:00
2025-06-17,MIN,CIN,Twins at Reds,06:10 PM,2025-06-17 23:10:00+00:00
2025-06-18,MIN,CIN,Twins at Reds,06:10 PM,2025-06-18 23:10:00+00:00
2025-06-19,MIN,CIN,Twins at Reds,11:40 AM,2025-06-19 16:40:00+00:00
2025-06-20,MIL,MIN,Brewers at Twins,07:10 PM,2025-06-21 00:10:00+00:00
2025-06-21,MIL,MIN,Brewers at Twins,01:10 PM,2025-06-21 18:10:00+00:00
2025-06-22,MIL,MIN,Brewers at Twins,01:10 PM,2025-06-22 18:10:00+00:00
2025-06-23,SEA,MIN,Mariners at Twins,06:40 PM,2025-06-23 23:40:00+00:00
2025-06-24,SEA,MIN,Mariners at Twins,06:40 PM,2025-06-24 23:40:00+00:00
2025-06-25,SEA,MIN,Mariners at Twins,06:40 PM,2025-06-25 23:40:00+00:00
2025-06-26,SEA,MIN,Mariners at Twins,12:10 PM,2025-06-26 17:10:00+00:00
2025-07-01,MIN,MIA,Twins at Marlins,05:40 PM,2025-07-01 22:40:00+00:00
2025-07-02,MIN,MIA,Twins at Marlins,05:40 PM,2025-07-02 22:40:00+00:00
2025-07-03,MIN,MIA,Twins at Marlins,11:10 AM,2025-07-03 16:10:00+00:00
2025-07-08,CHC,MIN,Cubs at Twins,06:40 PM,2025-07-08 23:40:00+00:00
2025-07-09,CHC,MIN,Cubs at Twins,06:40 PM,2025-07-09 23:40:00+00:00
2025-07-10,CHC,MIN,Cubs at Twins,12:10 PM,2025-07-10 17:10:00+00:00
2025-07-11,PIT,MIN,Pirates at Twins,07:10 PM,2025-07-12 00:10:00+00:00
2025-07-12,PIT,MIN,Pirates at Twins,01:10 PM,2025-07-12 18:10:00+00:00
2025-07-13,PIT,MIN,Pirates at Twins,01:10 PM,2025-07-13 18:10:00+00:00
2025-07-18,MIN,COL,Twins at Rockies,07:40 PM,2025-07-19 00:40:00+00:00
2025-07-19,MIN,COL,Twins at Rockies,07:10 PM,2025-07-20 00:10:00+00:00
2025-07-20,MIN,COL,Twins at Rockies,02:10 PM,2025-07-20 19:10:00+00:00
2025-07-21,MIN,LAD,Twins at Dodgers,09:10 PM,2025-07-22 02:10:00+00:00
2025-07-22,MIN,LAD,Twins at Dodgers,09:10 PM,2025-07-23 02:10:00+00:00
2025-07-23,MIN,LAD,Twins at Dodgers,03:10 PM,2025-07-23 20:10:00+00:00
2025-07-25,WSN,MIN,Nationals at Twins,07:10 PM,2025-07-26 00:10:00+00:00
2025-07-26,WSN,MIN,Nationals at Twins,06:10 PM,2025-07-26 23:10:00+00:00
2025-07-27,WSN,MIN,Nationals at Twins,01:10 PM,2025-07-27 18:10:00+00:00
2025-08-19,ATH,MIN,Athletics at Twins,06:40 PM,2025-08-19 23:40:00+00:00
2025-08-20,ATH,MIN,Athletics at Twins,06:40 PM,2025-08-20 23:40:00+00:00
2025-08-21,ATH,MIN,Athletics at Twins,12:10 PM,2025-08-21 17:10:00+00:00
2025-08-22,MIN,CHW,Twins at White Sox,12:00 AM,2025-08-22 05:00:00+00:00
2025-08-23,MIN,CHW,Twins at White Sox,12:00 AM,2025-08-23 05:00:00+00:00
2025-08-24,MIN,CHW,Twins at White Sox,12:00 AM,2025-08-24 05:00:00+00:00
2025-08-29,SDP,MIN,Padres at Twins,07:10 PM,2025-08-30 00:10:00+00:00
2025-08-30,SDP,MIN,Padres at Twins,06:10 PM,2025-08-30 23:10:00+00:00
2025-08-31,SDP,MIN,Padres at Twins,01:10 PM,2025-08-31 18:10:00+00:00
2025-09-01,CHW,MIN,White Sox at Twins,01:10 PM,2025-09-01 18:10:00+00:00
2025-09-02,CHW,MIN,White Sox at Twins,06:40 PM,2025-09-02 23:40:00+00:00
2025-09-03,CHW,MIN,White Sox at Twins,06:40 PM,2025-09-03 23:40:00+00:00
2025-09-04,CHW,MIN,White Sox at Twins,06:40 PM,2025-09-04 23:40:00+00:00
2025-09-08,MIN,LAA,Twins at Angels,08:38 PM,2025-09-09 01:38:00+00:00
2025-09-09,MIN,LAA,Twins at Angels,08:38 PM,2025-09-10 01:38:00+00:00
2025-09-10,MIN,LAA,Twins at Angels,08:29 PM,2025-09-11 01:29:00+00:00
2025-09-12,ARI,MIN,D-backs at Twins,07:10 PM,2025-09-13 00:10:00+00:00
2025-09-13,ARI,MIN,D-backs at Twins,06:10 PM,2025-09-13 23:10:00+00:00
2025-09-14,ARI,MIN,D-backs at Twins,01:10 PM,2025-09-14 18:10:00+00:00
2025-09-23,MIN,TEX,Twins at Rangers,07:05 PM,2025-09-24 00:05:00+00:00
2025-09-24,MIN,TEX,Twins at Rangers,07:05 PM,2025-09-25 00:05:00+00:00
2025-09-25,MIN,TEX,Twins at Rangers,01:35 PM,2025-09-25 18:35:00+00:00
2025-09-26,MIN,PHI,Twins at Phillies,05:45 PM,2025-09-26 22:45:00+00:00
2025-09-27,MIN,PHI,Twins at Phillies,05:05 PM,2025-09-27 22:05:00+00:00
2025-09-28,MIN,PHI,Twins at Phillies,02:05 PM,2025-09-28 19:05:00+00:00
2025-03-27,LAA,CHW,Angels at White Sox,12:00 AM,2025-03-27 05:00:00+00:00
2025-03-29,LAA,CHW,Angels at White Sox,12:00 AM,2025-03-29 05:00:00+00:00
2025-03-30,LAA,CHW,Angels at White Sox,12:00 AM,2025-03-30 05:00:00+00:00
2025-04-15,ATH,CHW,Athletics at White Sox,12:00 AM,2025-04-15 05:00:00+00:00
2025-04-16,ATH,CHW,Athletics at White Sox,12:00 AM,2025-04-16 05:00:00+00:00
2025-04-17,ATH,CHW,Athletics at White Sox,12:00 AM,2025-04-17 05:00:00+00:00
2025-04-25,CHW,ATH,White Sox at Athletics,09:05 PM,2025-04-26 02:05:00+00:00
2025-04-26,CHW,ATH,White Sox at Athletics,03:05 PM,2025-04-26 20:05:00+00:00
2025-04-27,CHW,ATH,White Sox at Athletics,03:05 PM,2025-04-27 20:05:00+00:00
2025-04-29,MIL,CHW,Brewers at White Sox,12:00 AM,2025-04-29 05:00:00+00:00
2025-04-30,MIL,CHW,Brewers at White Sox,12:00 AM,2025-04-30 05:00:00+00:00
2025-05-01,MIL,CHW,Brewers at White Sox,12:00 AM,2025-05-01 05:00:00+00:00
2025-05-02,HOU,CHW,Astros at White Sox,12:00 AM,2025-05-02 05:00:00+00:00
2025-05-03,HOU,CHW,Astros at White Sox,12:00 AM,2025-05-03 05:00:00+00:00
2025-05-04,HOU,CHW,Astros at White Sox,12:00 AM,2025-05-04 05:00:00+00:00
2025-05-09,MIA,CHW,Marlins at White Sox,12:00 AM,2025-05-09 05:00:00+00:00
2025-05-10,MIA,CHW,Marlins at White Sox,12:00 AM,2025-05-10 05:00:00+00:00
2025-05-11,MIA,CHW,Marlins at White Sox,12:00 AM,2025-05-11 05:00:00+00:00
2025-05-13,CHW,CIN,White Sox at Reds,05:40 PM,2025-05-13 22:40:00+00:00
2025-05-14,CHW,CIN,White Sox at Reds,06:14 PM,2025-05-14 23:14:00+00:00
2025-05-15,CHW,CIN,White Sox at Reds,11:40 AM,2025-05-15 16:40:00+00:00
2025-05-16,CHW,CHC,White Sox at Cubs,01:20 PM,2025-05-16 18:20:00+00:00
2025-05-17,CHW,CHC,White Sox at Cubs,01:20 PM,2025-05-17 18:20:00+00:00
2025-05-18,CHW,CHC,White Sox at Cubs,01:20 PM,2025-05-18 18:20:00+00:00
2025-05-19,SEA,CHW,Mariners at White Sox,12:00 AM,2025-05-19 05:00:00+00:00
2025-05-20,SEA,CHW,Mariners at White Sox,12:00 AM,2025-05-20 05:00:00+00:00
2025-05-21,SEA,CHW,Mariners at White Sox,12:00 AM,2025-05-21 05:00:00+00:00
2025-05-23,TEX,CHW,Rangers at White Sox,12:00 AM,2025-05-23 05:00:00+00:00
2025-05-24,TEX,CHW,Rangers at White Sox,12:00 AM,2025-05-24 05:00:00+00:00
2025-05-25,TEX,CHW,Rangers at White Sox,12:00 AM,2025-05-25 05:00:00+00:00
2025-05-26,CHW,NYM,White Sox at Mets,03:10 PM,2025-05-26 20:10:00+00:00
2025-05-27,CHW,NYM,White Sox at Mets,06:10 PM,2025-05-27 23:10:00+00:00
2025-05-28,CHW,NYM,White Sox at Mets,06:10 PM,2025-05-28 23:10:00+00:00
2025-06-10,CHW,HOU,White Sox at Astros,12:00 AM,2025-06-10 05:00:00+00:00
2025-06-11,CHW,HOU,White Sox at Astros,12:00 AM,2025-06-11 05:00:00+00:00
2025-06-12,CHW,HOU,White Sox at Astros,12:00 AM,2025-06-12 05:00:00+00:00
2025-06-13,CHW,TEX,White Sox at Rangers,07:05 PM,2025-06-14 00:05:00+00:00
2025-06-14,CHW,TEX,White Sox at Rangers,03:05 PM,2025-06-14 20:05:00+00:00
2025-06-15,CHW,TEX,White Sox at Rangers,01:35 PM,2025-06-15 18:35:00+00:00
2025-06-17,STL,CHW,Cardinals at White Sox,12:00 AM,2025-06-17 05:00:00+00:00
2025-06-18,STL,CHW,Cardinals at White Sox,12:00 AM,2025-06-18 05:00:00+00:00
2025-06-19,STL,CHW,Cardinals at White Sox,12:00 AM,2025-06-19 05:00:00+00:00
2025-06-23,ARI,CHW,D-backs at White Sox,12:00 AM,2025-06-23 05:00:00+00:00
2025-06-24,ARI,CHW,D-backs at White Sox,12:00 AM,2025-06-24 05:00:00+00:00
2025-06-25,ARI,CHW,D-backs at White Sox,12:00 AM,2025-06-25 05:00:00+00:00
2025-06-27,SFG,CHW,Giants at White Sox,12:00 AM,2025-06-27 05:00:00+00:00
2025-06-28,SFG,CHW,Giants at White Sox,12:00 AM,2025-06-28 05:00:00+00:00
2025-06-29,SFG,CHW,Giants at White Sox,12:00 AM,2025-06-29 05:00:00+00:00
2025-07-01,CHW,LAD,White Sox at Dodgers,09:10 PM,2025-07-02 02:10:00+00:00
2025-07-02,CHW,LAD,White Sox at Dodgers,09:10 PM,2025-07-03 02:10:00+00:00
2025-07-03,CHW,LAD,White Sox at Dodgers,09:10 PM,2025-07-04 02:10:00+00:00
2025-07-04,CHW,COL,White Sox at Rockies,07:10 PM,2025-07-05 00:10:00+00:00
2025-07-05,CHW,COL,White Sox at Rockies,07:10 PM,2025-07-06 00:10:00+00:00
2025-07-06,CHW,COL,White Sox at Rockies,02:10 PM,2025-07-06 19:10:00+00:00
2025-07-18,CHW,PIT,White Sox at Pirates,05:40 PM,2025-07-18 22:40:00+00:00
2025-07-19,CHW,PIT,White Sox at Pirates,05:40 PM,2025-07-19 22:40:00+00:00
2025-07-20,CHW,PIT,White Sox at Pirates,12:35 PM,2025-07-20 17:35:00+00:00
2025-07-25,CHC,CHW,Cubs at White Sox,12:00 AM,2025-07-25 05:00:00+00:00
2025-07-26,CHC,CHW,Cubs at White Sox,12:00 AM,2025-07-26 05:00:00+00:00
2025-07-27,CHC,CHW,Cubs at White Sox,12:00 AM,2025-07-27 05:00:00+00:00
2025-07-28,PHI,CHW,Phillies at White Sox,12:00 AM,2025-07-28 05:00:00+00:00
2025-07-29,PHI,CHW,Phillies at White Sox,12:00 AM,2025-07-29 05:00:00+00:00
2025-07-30,PHI,CHW,Phillies at White Sox,12:00 AM,2025-07-30 05:00:00+00:00
2025-08-01,CHW,LAA,White Sox at Angels,08:38 PM,2025-08-02 01:38:00+00:00
2025-08-02,CHW,LAA,White Sox at Angels,09:07 PM,2025-08-03 02:07:00+00:00
2025-08-03,CHW,LAA,White Sox at Angels,03:07 PM,2025-08-03 20:07:00+00:00
2025-08-05,CHW,SEA,White Sox at Mariners,08:40 PM,2025-08-06 01:40:00+00:00
2025-08-06,CHW,SEA,White Sox at Mariners,08:40 PM,2025-08-07 01:40:00+00:00
2025-08-07,CHW,SEA,White Sox at Mariners,03:10 PM,2025-08-07 20:10:00+00:00
2025-08-18,CHW,ATL,White Sox at Braves,06:15 PM,2025-08-18 23:15:00+00:00
2025-08-19,CHW,ATL,White Sox at Braves,06:15 PM,2025-08-19 23:15:00+00:00
2025-08-20,CHW,ATL,White Sox at Braves,06:15 PM,2025-08-20 23:15:00+00:00
2025-09-19,SDP,CHW,Padres at White Sox,12:00 AM,2025-09-19 05:00:00+00:00
2025-09-20,SDP,CHW,Padres at White Sox,12:00 AM,2025-09-20 05:00:00+00:00
2025-09-21,SDP,CHW,Padres at White Sox,12:00 AM,2025-09-21 05:00:00+00:00
2025-09-26,CHW,WSN,White Sox at Nationals,05:45 PM,2025-09-26 22:45:00+00:00
2025-09-27,CHW,WSN,White Sox at Nationals,03:05 PM,2025-09-27 20:05:00+00:00
2025-09-28,CHW,WSN,White Sox at Nationals,02:05 PM,2025-09-28 19:05:00+00:00
2025-03-31,LAA,STL,Angels at Cardinals,04:45 PM,2025-03-31 23:45:00+00:00
2025-04-01,LAA,STL,Angels at Cardinals,04:45 PM,2025-04-01 23:45:00+00:00
2025-04-02,LAA,STL,Angels at Cardinals,10:15 AM,2025-04-02 17:15:00+00:00
2025-04-11,LAA,HOU,Angels at Astros,12:00 AM,2025-04-11 07:00:00+00:00
2025-04-12,LAA,HOU,Angels at Astros,12:00 AM,2025-04-12 07:00:00+00:00
2025-04-13,LAA,HOU,Angels at Astros,12:00 AM,2025-04-13 07:00:00+00:00
2025-04-15,LAA,TEX,Angels at Rangers,05:05 PM,2025-04-16 00:05:00+00:00
2025-04-16,LAA,TEX,Angels at Rangers,05:05 PM,2025-04-17 00:05:00+00:00
2025-04-17,LAA,TEX,Angels at Rangers,05:05 PM,2025-04-18 00:05:00+00:00
2025-04-18,SFG,LAA,Giants at Angels,06:38 PM,2025-04-19 01:38:00+00:00
2025-04-19,SFG,LAA,Giants at Angels,06:38 PM,2025-04-20 01:38:00+00:00
2025-04-20,SFG,LAA,Giants at Angels,01:07 PM,2025-04-20 20:07:00+00:00
2025-04-22,PIT,LAA,Pirates at Angels,06:38 PM,2025-04-23 01:38:00+00:00
2025-04-23,PIT,LAA,Pirates at Angels,06:38 PM,2025-04-24 01:38:00+00:00
2025-04-24,PIT,LAA,Pirates at Angels,06:29 PM,2025-04-25 01:29:00+00:00
2025-04-29,LAA,SEA,Angels at Mariners,06:40 PM,2025-04-30 01:40:00+00:00
2025-04-30,LAA,SEA,Angels at Mariners,01:10 PM,2025-04-30 20:10:00+00:00
2025-05-12,LAA,SDP,Angels at Padres,06:40 PM,2025-05-13 01:40:00+00:00
2025-05-13,LAA,SDP,Angels at Padres,06:40 PM,2025-05-14 01:40:00+00:00
2025-05-14,LAA,SDP,Angels at Padres,06:40 PM,2025-05-15 01:40:00+00:00
2025-05-16,LAA,LAD,Angels at Dodgers,07:10 PM,2025-05-17 02:10:00+00:00
2025-05-17,LAA,LAD,Angels at Dodgers,06:10 PM,2025-05-18 01:10:00+00:00
2025-05-18,LAA,LAD,Angels at Dodgers,01:10 PM,2025-05-18 20:10:00+00:00
2025-05-19,LAA,ATH,Angels at Athletics,07:05 PM,2025-05-20 02:05:00+00:00
2025-05-20,LAA,ATH,Angels at Athletics,07:05 PM,2025-05-21 02:05:00+00:00
2025-05-21,LAA,ATH,Angels at Athletics,07:05 PM,2025-05-22 02:05:00+00:00
2025-05-22,LAA,ATH,Angels at Athletics,12:35 PM,2025-05-22 19:35:00+00:00
2025-05-23,MIA,LAA,Marlins at Angels,06:38 PM,2025-05-24 01:38:00+00:00
2025-05-24,MIA,LAA,Marlins at Angels,07:07 PM,2025-05-25 02:07:00+00:00
2025-05-25,MIA,LAA,Marlins at Angels,01:07 PM,2025-05-25 20:07:00+00:00
2025-06-06,SEA,LAA,Mariners at Angels,06:38 PM,2025-06-07 01:38:00+00:00
2025-06-07,SEA,LAA,Mariners at Angels,06:38 PM,2025-06-08 01:38:00+00:00
2025-06-08,SEA,LAA,Mariners at Angels,01:07 PM,2025-06-08 20:07:00+00:00
2025-06-09,ATH,LAA,Athletics at Angels,06:38 PM,2025-06-10 01:38:00+00:00
2025-06-10,ATH,LAA,Athletics at Angels,06:38 PM,2025-06-11 01:38:00+00:00
2025-06-11,ATH,LAA,Athletics at Angels,01:07 PM,2025-06-11 20:07:00+00:00
2025-06-20,HOU,LAA,Astros at Angels,06:38 PM,2025-06-21 01:38:00+00:00
2025-06-21,HOU,LAA,Astros at Angels,06:38 PM,2025-06-22 01:38:00+00:00
2025-06-22,HOU,LAA,Astros at Angels,01:07 PM,2025-06-22 20:07:00+00:00
2025-06-27,WSN,LAA,Nationals at Angels,06:38 PM,2025-06-28 01:38:00+00:00
2025-06-28,WSN,LAA,Nationals at Angels,06:38 PM,2025-06-29 01:38:00+00:00
2025-06-29,WSN,LAA,Nationals at Angels,01:07 PM,2025-06-29 20:07:00+00:00
2025-07-01,LAA,ATL,Angels at Braves,04:15 PM,2025-07-01 23:15:00+00:00
2025-07-02,LAA,ATL,Angels at Braves,04:15 PM,2025-07-02 23:15:00+00:00
2025-07-03,LAA,ATL,Angels at Braves,04:15 PM,2025-07-03 23:15:00+00:00
2025-07-07,TEX,LAA,Rangers at Angels,06:38 PM,2025-07-08 01:38:00+00:00
2025-07-08,TEX,LAA,Rangers at Angels,06:38 PM,2025-07-09 01:38:00+00:00
2025-07-09,TEX,LAA,Rangers at Angels,06:38 PM,2025-07-10 01:38:00+00:00
2025-07-10,TEX,LAA,Rangers at Angels,06:38 PM,2025-07-11 01:38:00+00:00
2025-07-11,ARI,LAA,D-backs at Angels,06:38 PM,2025-07-12 01:38:00+00:00
2025-07-12,ARI,LAA,D-backs at Angels,06:38 PM,2025-07-13 01:38:00+00:00
2025-07-13,ARI,LAA,D-backs at Angels,01:07 PM,2025-07-13 20:07:00+00:00
2025-07-18,LAA,PHI,Angels at Phillies,03:45 PM,2025-07-18 22:45:00+00:00
2025-07-19,LAA,PHI,Angels at Phillies,03:05 PM,2025-07-19 22:05:00+00:00
2025-07-20,LAA,PHI,Angels at Phillies,10:35 AM,2025-07-20 17:35:00+00:00
2025-07-21,LAA,NYM,Angels at Mets,04:10 PM,2025-07-21 23:10:00+00:00
2025-07-22,LAA,NYM,Angels at Mets,04:10 PM,2025-07-22 23:10:00+00:00
2025-07-23,LAA,NYM,Angels at Mets,10:10 AM,2025-07-23 17:10:00+00:00
2025-07-24,SEA,LAA,Mariners at Angels,06:38 PM,2025-07-25 01:38:00+00:00
2025-07-25,SEA,LAA,Mariners at Angels,06:38 PM,2025-07-26 01:38:00+00:00
2025-07-26,SEA,LAA,Mariners at Angels,06:38 PM,2025-07-27 01:38:00+00:00
2025-07-27,SEA,LAA,Mariners at Angels,01:07 PM,2025-07-27 20:07:00+00:00
2025-07-28,TEX,LAA,Rangers at Angels,06:38 PM,2025-07-29 01:38:00+00:00
2025-07-29,TEX,LAA,Rangers at Angels,06:38 PM,2025-07-30 01:38:00+00:00
2025-07-30,TEX,LAA,Rangers at Angels,06:38 PM,2025-07-31 01:38:00+00:00
2025-08-11,LAD,LAA,Dodgers at Angels,06:38 PM,2025-08-12 01:38:00+00:00
2025-08-12,LAD,LAA,Dodgers at Angels,06:38 PM,2025-08-13 01:38:00+00:00
2025-08-13,LAD,LAA,Dodgers at Angels,06:38 PM,2025-08-14 01:38:00+00:00
2025-08-15,LAA,ATH,Angels at Athletics,07:05 PM,2025-08-16 02:05:00+00:00
2025-08-16,LAA,ATH,Angels at Athletics,07:05 PM,2025-08-17 02:05:00+00:00
2025-08-17,LAA,ATH,Angels at Athletics,01:05 PM,2025-08-17 20:05:00+00:00
2025-08-18,CIN,LAA,Reds at Angels,06:38 PM,2025-08-19 01:38:00+00:00
2025-08-19,CIN,LAA,Reds at Angels,06:38 PM,2025-08-20 01:38:00+00:00
2025-08-20,CIN,LAA,Reds at Angels,06:38 PM,2025-08-21 01:38:00+00:00
2025-08-22,CHC,LAA,Cubs at Angels,06:38 PM,2025-08-23 01:38:00+00:00
2025-08-23,CHC,LAA,Cubs at Angels,06:38 PM,2025-08-24 01:38:00+00:00
2025-08-24,CHC,LAA,Cubs at Angels,01:07 PM,2025-08-24 20:07:00+00:00
2025-08-25,LAA,TEX,Angels at Rangers,05:05 PM,2025-08-26 00:05:00+00:00
2025-08-26,LAA,TEX,Angels at Rangers,05:05 PM,2025-08-27 00:05:00+00:00
2025-08-27,LAA,TEX,Angels at Rangers,05:05 PM,2025-08-28 00:05:00+00:00
2025-08-29,LAA,HOU,Angels at Astros,12:00 AM,2025-08-29 07:00:00+00:00
2025-08-30,LAA,HOU,Angels at Astros,12:00 AM,2025-08-30 07:00:00+00:00
2025-08-31,LAA,HOU,Angels at Astros,12:00 AM,2025-08-31 07:00:00+00:00
2025-09-01,LAA,HOU,Angels at Astros,12:00 AM,2025-09-01 07:00:00+00:00
2025-09-05,ATH,LAA,Athletics at Angels,06:38 PM,2025-09-06 01:38:00+00:00
2025-09-06,ATH,LAA,Athletics at Angels,06:38 PM,2025-09-07 01:38:00+00:00
2025-09-07,ATH,LAA,Athletics at Angels,01:07 PM,2025-09-07 20:07:00+00:00
2025-09-11,LAA,SEA,Angels at Mariners,06:40 PM,2025-09-12 01:40:00+00:00
2025-09-12,LAA,SEA,Angels at Mariners,07:10 PM,2025-09-13 02:10:00+00:00
2025-09-13,LAA,SEA,Angels at Mariners,06:40 PM,2025-09-14 01:40:00+00:00
2025-09-14,LAA,SEA,Angels at Mariners,01:10 PM,2025-09-14 20:10:00+00:00
2025-09-16,LAA,MIL,Angels at Brewers,04:40 PM,2025-09-16 23:40:00+00:00
2025-09-17,LAA,MIL,Angels at Brewers,04:40 PM,2025-09-17 23:40:00+00:00
2025-09-18,LAA,MIL,Angels at Brewers,04:40 PM,2025-09-18 23:40:00+00:00
2025-09-19,LAA,COL,Angels at Rockies,05:10 PM,2025-09-20 00:10:00+00:00
2025-09-20,LAA,COL,Angels at Rockies,05:10 PM,2025-09-21 00:10:00+00:00
2025-09-21,LAA,COL,Angels at Rockies,12:10 PM,2025-09-21 19:10:00+00:00
2025-09-26,HOU,LAA,Astros at Angels,06:38 PM,2025-09-27 01:38:00+00:00
2025-09-27,HOU,LAA,Astros at Angels,06:38 PM,2025-09-28 01:38:00+00:00
2025-09-28,HOU,LAA,Astros at Angels,12:07 PM,2025-09-28 19:07:00+00:00
2025-03-27,NYM,HOU,Mets at Astros,12:00 AM,2025-03-27 05:00:00+00:00
2025-03-29,NYM,HOU,Mets at Astros,12:00 AM,2025-03-29 05:00:00+00:00
2025-03-30,NYM,HOU,Mets at Astros,12:00 AM,2025-03-30 05:00:00+00:00
2025-03-31,SFG,HOU,Giants at Astros,12:00 AM,2025-03-31 05:00:00+00:00
2025-04-01,SFG,HOU,Giants at Astros,12:00 AM,2025-04-01 05:00:00+00:00
2025-04-02,SFG,HOU,Giants at Astros,12:00 AM,2025-04-02 05:00:00+00:00
2025-04-07,HOU,SEA,Astros at Mariners,08:40 PM,2025-04-08 01:40:00+00:00
2025-04-08,HOU,SEA,Astros at Mariners,08:40 PM,2025-04-09 01:40:00+00:00
2025-04-09,HOU,SEA,Astros at Mariners,03:10 PM,2025-04-09 20:10:00+00:00
2025-04-14,HOU,STL,Astros at Cardinals,06:45 PM,2025-04-14 23:45:00+00:00
2025-04-15,HOU,STL,Astros at Cardinals,06:45 PM,2025-04-15 23:45:00+00:00
2025-04-16,HOU,STL,Astros at Cardinals,12:15 PM,2025-04-16 17:15:00+00:00
2025-04-18,SDP,HOU,Padres at Astros,12:00 AM,2025-04-18 05:00:00+00:00
2025-04-19,SDP,HOU,Padres at Astros,12:00 AM,2025-04-19 05:00:00+00:00
2025-04-20,SDP,HOU,Padres at Astros,12:00 AM,2025-04-20 05:00:00+00:00
2025-05-05,HOU,MIL,Astros at Brewers,06:40 PM,2025-05-05 23:40:00+00:00
2025-05-06,HOU,MIL,Astros at Brewers,06:40 PM,2025-05-06 23:40:00+00:00
2025-05-07,HOU,MIL,Astros at Brewers,12:10 PM,2025-05-07 17:10:00+00:00
2025-05-09,CIN,HOU,Reds at Astros,12:00 AM,2025-05-09 05:00:00+00:00
2025-05-10,CIN,HOU,Reds at Astros,12:00 AM,2025-05-10 05:00:00+00:00
2025-05-11,CIN,HOU,Reds at Astros,12:00 AM,2025-05-11 05:00:00+00:00
2025-05-15,HOU,TEX,Astros at Rangers,07:05 PM,2025-05-16 00:05:00+00:00
2025-05-16,HOU,TEX,Astros at Rangers,07:05 PM,2025-05-17 00:05:00+00:00
2025-05-17,HOU,TEX,Astros at Rangers,06:05 PM,2025-05-17 23:05:00+00:00
2025-05-18,HOU,TEX,Astros at Rangers,01:35 PM,2025-05-18 18:35:00+00:00
2025-05-22,SEA,HOU,Mariners at Astros,12:00 AM,2025-05-22 05:00:00+00:00
2025-05-23,SEA,HOU,Mariners at Astros,12:00 AM,2025-05-23 05:00:00+00:00
2025-05-24,SEA,HOU,Mariners at Astros,12:00 AM,2025-05-24 05:00:00+00:00
2025-05-25,SEA,HOU,Mariners at Astros,12:00 AM,2025-05-25 05:00:00+00:00
2025-05-27,ATH,HOU,Athletics at Astros,12:00 AM,2025-05-27 05:00:00+00:00
2025-05-28,ATH,HOU,Athletics at Astros,12:00 AM,2025-05-28 05:00:00+00:00
2025-06-03,HOU,PIT,Astros at Pirates,05:40 PM,2025-06-03 22:40:00+00:00
2025-06-04,HOU,PIT,Astros at Pirates,05:40 PM,2025-06-04 22:40:00+00:00
2025-06-05,HOU,PIT,Astros at Pirates,05:40 PM,2025-06-05 22:40:00+00:00
2025-06-16,HOU,ATH,Astros at Athletics,09:05 PM,2025-06-17 02:05:00+00:00
2025-06-17,HOU,ATH,Astros at Athletics,09:05 PM,2025-06-18 02:05:00+00:00
2025-06-18,HOU,ATH,Astros at Athletics,09:05 PM,2025-06-19 02:05:00+00:00
2025-06-19,HOU,ATH,Astros at Athletics,09:05 PM,2025-06-20 02:05:00+00:00
2025-06-24,PHI,HOU,Phillies at Astros,12:00 AM,2025-06-24 05:00:00+00:00
2025-06-25,PHI,HOU,Phillies at Astros,12:00 AM,2025-06-25 05:00:00+00:00
2025-06-26,PHI,HOU,Phillies at Astros,12:00 AM,2025-06-26 05:00:00+00:00
2025-06-27,CHC,HOU,Cubs at Astros,12:00 AM,2025-06-27 05:00:00+00:00
2025-06-28,CHC,HOU,Cubs at Astros,12:00 AM,2025-06-28 05:00:00+00:00
2025-06-29,CHC,HOU,Cubs at Astros,12:00 AM,2025-06-29 05:00:00+00:00
2025-07-01,HOU,COL,Astros at Rockies,07:40 PM,2025-07-02 00:40:00+00:00
2025-07-02,HOU,COL,Astros at Rockies,07:40 PM,2025-07-03 00:40:00+00:00
2025-07-03,HOU,COL,Astros at Rockies,02:10 PM,2025-07-03 19:10:00+00:00
2025-07-04,HOU,LAD,Astros at Dodgers,08:10 PM,2025-07-05 01:10:00+00:00
2025-07-05,HOU,LAD,Astros at Dodgers,06:15 PM,2025-07-05 23:15:00+00:00
2025-07-06,HOU,LAD,Astros at Dodgers,03:10 PM,2025-07-06 20:10:00+00:00
2025-07-11,TEX,HOU,Rangers at Astros,12:00 AM,2025-07-11 05:00:00+00:00
2025-07-12,TEX,HOU,Rangers at Astros,12:00 AM,2025-07-12 05:00:00+00:00
2025-07-13,TEX,HOU,Rangers at Astros,12:00 AM,2025-07-13 05:00:00+00:00
2025-07-18,HOU,SEA,Astros at Mariners,09:10 PM,2025-07-19 02:10:00+00:00
2025-07-19,HOU,SEA,Astros at Mariners,08:40 PM,2025-07-20 01:40:00+00:00
2025-07-20,HOU,SEA,Astros at Mariners,03:10 PM,2025-07-20 20:10:00+00:00
2025-07-21,HOU,ARI,Astros at D-backs,08:40 PM,2025-07-22 01:40:00+00:00
2025-07-22,HOU,ARI,Astros at D-backs,08:40 PM,2025-07-23 01:40:00+00:00
2025-07-23,HOU,ARI,Astros at D-backs,02:40 PM,2025-07-23 19:40:00+00:00
2025-07-24,ATH,HOU,Athletics at Astros,12:00 AM,2025-07-24 05:00:00+00:00
2025-07-25,ATH,HOU,Athletics at Astros,12:00 AM,2025-07-25 05:00:00+00:00
2025-07-26,ATH,HOU,Athletics at Astros,12:00 AM,2025-07-26 05:00:00+00:00
2025-07-27,ATH,HOU,Athletics at Astros,12:00 AM,2025-07-27 05:00:00+00:00
2025-07-28,WSN,HOU,Nationals at Astros,12:00 AM,2025-07-28 05:00:00+00:00
2025-07-29,WSN,HOU,Nationals at Astros,12:00 AM,2025-07-29 05:00:00+00:00
2025-07-30,WSN,HOU,Nationals at Astros,12:00 AM,2025-07-30 05:00:00+00:00
2025-08-04,HOU,MIA,Astros at Marlins,05:40 PM,2025-08-04 22:40:00+00:00
2025-08-05,HOU,MIA,Astros at Marlins,05:40 PM,2025-08-05 22:40:00+00:00
2025-08-06,HOU,MIA,Astros at Marlins,03:40 PM,2025-08-06 20:40:00+00:00
2025-08-26,COL,HOU,Rockies at Astros,12:00 AM,2025-08-26 05:00:00+00:00
2025-08-27,COL,HOU,Rockies at Astros,12:00 AM,2025-08-27 05:00:00+00:00
2025-08-28,COL,HOU,Rockies at Astros,12:00 AM,2025-08-28 05:00:00+00:00
2025-09-05,HOU,TEX,Astros at Rangers,07:05 PM,2025-09-06 00:05:00+00:00
2025-09-06,HOU,TEX,Astros at Rangers,06:15 PM,2025-09-06 23:15:00+00:00
2025-09-07,HOU,TEX,Astros at Rangers,01:35 PM,2025-09-07 18:35:00+00:00
2025-09-12,HOU,ATL,Astros at Braves,06:15 PM,2025-09-12 23:15:00+00:00
2025-09-13,HOU,ATL,Astros at Braves,06:15 PM,2025-09-13 23:15:00+00:00
2025-09-14,HOU,ATL,Astros at Braves,12:35 PM,2025-09-14 17:35:00+00:00
2025-09-15,TEX,HOU,Rangers at Astros,12:00 AM,2025-09-15 05:00:00+00:00
2025-09-16,TEX,HOU,Rangers at Astros,12:00 AM,2025-09-16 05:00:00+00:00
2025-09-17,TEX,HOU,Rangers at Astros,12:00 AM,2025-09-17 05:00:00+00:00
2025-09-19,SEA,HOU,Mariners at Astros,12:00 AM,2025-09-19 05:00:00+00:00
2025-09-20,SEA,HOU,Mariners at Astros,12:00 AM,2025-09-20 05:00:00+00:00
2025-09-21,SEA,HOU,Mariners at Astros,12:00 AM,2025-09-21 05:00:00+00:00
2025-09-23,HOU,ATH,Astros at Athletics,09:05 PM,2025-09-24 02:05:00+00:00
2025-09-24,HOU,ATH,Astros at Athletics,09:05 PM,2025-09-25 02:05:00+00:00
2025-09-25,HOU,ATH,Astros at Athletics,02:35 PM,2025-09-25 19:35:00+00:00
2025-03-27,ATH,SEA,Athletics at Mariners,07:10 PM,2025-03-28 02:10:00+00:00
2025-03-28,ATH,SEA,Athletics at Mariners,06:40 PM,2025-03-29 01:40:00+00:00
2025-03-29,ATH,SEA,Athletics at Mariners,06:40 PM,2025-03-30 01:40:00+00:00
2025-03-30,ATH,SEA,Athletics at Mariners,01:10 PM,2025-03-30 20:10:00+00:00
2025-03-31,CHC,ATH,Cubs at Athletics,07:05 PM,2025-04-01 02:05:00+00:00
2025-04-01,CHC,ATH,Cubs at Athletics,07:05 PM,2025-04-02 02:05:00+00:00
2025-04-02,CHC,ATH,Cubs at Athletics,12:35 PM,2025-04-02 19:35:00+00:00
2025-04-04,ATH,COL,Athletics at Rockies,01:10 PM,2025-04-04 20:10:00+00:00
2025-04-05,ATH,COL,Athletics at Rockies,05:10 PM,2025-04-06 00:10:00+00:00
2025-04-06,ATH,COL,Athletics at Rockies,12:10 PM,2025-04-06 19:10:00+00:00
2025-04-07,SDP,ATH,Padres at Athletics,07:05 PM,2025-04-08 02:05:00+00:00
2025-04-08,SDP,ATH,Padres at Athletics,07:05 PM,2025-04-09 02:05:00+00:00
2025-04-09,SDP,ATH,Padres at Athletics,12:35 PM,2025-04-09 19:35:00+00:00
2025-04-11,NYM,ATH,Mets at Athletics,07:05 PM,2025-04-12 02:05:00+00:00
2025-04-12,NYM,ATH,Mets at Athletics,01:05 PM,2025-04-12 20:05:00+00:00
2025-04-13,NYM,ATH,Mets at Athletics,01:05 PM,2025-04-13 20:05:00+00:00
2025-04-18,ATH,MIL,Athletics at Brewers,05:10 PM,2025-04-19 00:10:00+00:00
2025-04-19,ATH,MIL,Athletics at Brewers,04:10 PM,2025-04-19 23:10:00+00:00
2025-04-20,ATH,MIL,Athletics at Brewers,11:10 AM,2025-04-20 18:10:00+00:00
2025-04-22,TEX,ATH,Rangers at Athletics,07:05 PM,2025-04-23 02:05:00+00:00
2025-04-23,TEX,ATH,Rangers at Athletics,07:05 PM,2025-04-24 02:05:00+00:00
2025-04-24,TEX,ATH,Rangers at Athletics,07:05 PM,2025-04-25 02:05:00+00:00
2025-04-28,ATH,TEX,Athletics at Rangers,05:05 PM,2025-04-29 00:05:00+00:00
2025-04-29,ATH,TEX,Athletics at Rangers,05:05 PM,2025-04-30 00:05:00+00:00
2025-04-30,ATH,TEX,Athletics at Rangers,05:05 PM,2025-05-01 00:05:00+00:00
2025-05-01,ATH,TEX,Athletics at Rangers,11:35 AM,2025-05-01 18:35:00+00:00
2025-05-02,ATH,MIA,Athletics at Marlins,04:10 PM,2025-05-02 23:10:00+00:00
2025-05-03,ATH,MIA,Athletics at Marlins,01:10 PM,2025-05-03 20:10:00+00:00
2025-05-04,ATH,MIA,Athletics at Marlins,10:40 AM,2025-05-04 17:40:00+00:00
2025-05-05,SEA,ATH,Mariners at Athletics,07:05 PM,2025-05-06 02:05:00+00:00
2025-05-06,SEA,ATH,Mariners at Athletics,07:05 PM,2025-05-07 02:05:00+00:00
2025-05-07,SEA,ATH,Mariners at Athletics,12:35 PM,2025-05-07 19:35:00+00:00
2025-05-13,ATH,LAD,Athletics at Dodgers,07:10 PM,2025-05-14 02:10:00+00:00
2025-05-14,ATH,LAD,Athletics at Dodgers,07:10 PM,2025-05-15 02:10:00+00:00
2025-05-15,ATH,LAD,Athletics at Dodgers,07:10 PM,2025-05-16 02:10:00+00:00
2025-05-16,ATH,SFG,Athletics at Giants,07:15 PM,2025-05-17 02:15:00+00:00
2025-05-17,ATH,SFG,Athletics at Giants,12:00 AM,2025-05-17 07:00:00+00:00
2025-05-18,ATH,SFG,Athletics at Giants,01:05 PM,2025-05-18 20:05:00+00:00
2025-05-23,PHI,ATH,Phillies at Athletics,07:05 PM,2025-05-24 02:05:00+00:00
2025-05-24,PHI,ATH,Phillies at Athletics,07:05 PM,2025-05-25 02:05:00+00:00
2025-05-25,PHI,ATH,Phillies at Athletics,01:05 PM,2025-05-25 20:05:00+00:00
2025-07-04,SFG,ATH,Giants at Athletics,07:05 PM,2025-07-05 02:05:00+00:00
2025-07-05,SFG,ATH,Giants at Athletics,07:05 PM,2025-07-06 02:05:00+00:00
2025-07-06,SFG,ATH,Giants at Athletics,07:05 PM,2025-07-07 02:05:00+00:00
2025-07-08,ATL,ATH,Braves at Athletics,07:05 PM,2025-07-09 02:05:00+00:00
2025-07-09,ATL,ATH,Braves at Athletics,07:05 PM,2025-07-10 02:05:00+00:00
2025-07-10,ATL,ATH,Braves at Athletics,06:05 PM,2025-07-11 01:05:00+00:00
2025-07-21,ATH,TEX,Athletics at Rangers,05:05 PM,2025-07-22 00:05:00+00:00
2025-07-22,ATH,TEX,Athletics at Rangers,05:05 PM,2025-07-23 00:05:00+00:00
2025-07-23,ATH,TEX,Athletics at Rangers,05:05 PM,2025-07-24 00:05:00+00:00
2025-07-28,SEA,ATH,Mariners at Athletics,07:05 PM,2025-07-29 02:05:00+00:00
2025-07-29,SEA,ATH,Mariners at Athletics,07:05 PM,2025-07-30 02:05:00+00:00
2025-07-30,SEA,ATH,Mariners at Athletics,07:05 PM,2025-07-31 02:05:00+00:00
2025-08-01,ARI,ATH,D-backs at Athletics,07:05 PM,2025-08-02 02:05:00+00:00
2025-08-02,ARI,ATH,D-backs at Athletics,07:05 PM,2025-08-03 02:05:00+00:00
2025-08-03,ARI,ATH,D-backs at Athletics,01:05 PM,2025-08-03 20:05:00+00:00
2025-08-05,ATH,WSN,Athletics at Nationals,03:45 PM,2025-08-05 22:45:00+00:00
2025-08-06,ATH,WSN,Athletics at Nationals,03:45 PM,2025-08-06 22:45:00+00:00
2025-08-07,ATH,WSN,Athletics at Nationals,09:05 AM,2025-08-07 16:05:00+00:00
2025-08-22,ATH,SEA,Athletics at Mariners,07:10 PM,2025-08-23 02:10:00+00:00
2025-08-23,ATH,SEA,Athletics at Mariners,06:40 PM,2025-08-24 01:40:00+00:00
2025-08-24,ATH,SEA,Athletics at Mariners,01:10 PM,2025-08-24 20:10:00+00:00
2025-08-29,TEX,ATH,Rangers at Athletics,07:05 PM,2025-08-30 02:05:00+00:00
2025-08-30,TEX,ATH,Rangers at Athletics,07:05 PM,2025-08-31 02:05:00+00:00
2025-08-31,TEX,ATH,Rangers at Athletics,01:05 PM,2025-08-31 20:05:00+00:00
2025-09-01,ATH,STL,Athletics at Cardinals,11:15 AM,2025-09-01 18:15:00+00:00
2025-09-02,ATH,STL,Athletics at Cardinals,04:45 PM,2025-09-02 23:45:00+00:00
2025-09-03,ATH,STL,Athletics at Cardinals,04:45 PM,2025-09-03 23:45:00+00:00
2025-09-12,CIN,ATH,Reds at Athletics,07:05 PM,2025-09-13 02:05:00+00:00
2025-09-13,CIN,ATH,Reds at Athletics,07:05 PM,2025-09-14 02:05:00+00:00
2025-09-14,CIN,ATH,Reds at Athletics,01:05 PM,2025-09-14 20:05:00+00:00
2025-09-19,ATH,PIT,Athletics at Pirates,03:40 PM,2025-09-19 22:40:00+00:00
2025-09-20,ATH,PIT,Athletics at Pirates,03:40 PM,2025-09-20 22:40:00+00:00
2025-09-21,ATH,PIT,Athletics at Pirates,10:35 AM,2025-09-21 17:35:00+00:00
2025-04-04,SEA,SFG,Mariners at Giants,01:35 PM,2025-04-04 20:35:00+00:00
2025-04-05,SEA,SFG,Mariners at Giants,12:00 AM,2025-04-05 07:00:00+00:00
2025-04-06,SEA,SFG,Mariners at Giants,01:05 PM,2025-04-06 20:05:00+00:00
2025-04-11,TEX,SEA,Rangers at Mariners,06:40 PM,2025-04-12 01:40:00+00:00
2025-04-12,TEX,SEA,Rangers at Mariners,06:40 PM,2025-04-13 01:40:00+00:00
2025-04-13,TEX,SEA,Rangers at Mariners,01:10 PM,2025-04-13 20:10:00+00:00
2025-04-15,SEA,CIN,Mariners at Reds,03:40 PM,2025-04-15 22:40:00+00:00
2025-04-16,SEA,CIN,Mariners at Reds,03:40 PM,2025-04-16 22:40:00+00:00
2025-04-17,SEA,CIN,Mariners at Reds,09:40 AM,2025-04-17 16:40:00+00:00
2025-04-25,MIA,SEA,Marlins at Mariners,06:40 PM,2025-04-26 01:40:00+00:00
2025-04-26,MIA,SEA,Marlins at Mariners,06:40 PM,2025-04-27 01:40:00+00:00
2025-04-27,MIA,SEA,Marlins at Mariners,01:10 PM,2025-04-27 20:10:00+00:00
2025-05-02,SEA,TEX,Mariners at Rangers,05:05 PM,2025-05-03 00:05:00+00:00
2025-05-03,SEA,TEX,Mariners at Rangers,04:05 PM,2025-05-03 23:05:00+00:00
2025-05-04,SEA,TEX,Mariners at Rangers,11:35 AM,2025-05-04 18:35:00+00:00
2025-05-16,SEA,SDP,Mariners at Padres,06:40 PM,2025-05-17 01:40:00+00:00
2025-05-17,SEA,SDP,Mariners at Padres,05:40 PM,2025-05-18 00:40:00+00:00
2025-05-18,SEA,SDP,Mariners at Padres,01:10 PM,2025-05-18 20:10:00+00:00
2025-05-27,WSN,SEA,Nationals at Mariners,06:40 PM,2025-05-28 01:40:00+00:00
2025-05-28,WSN,SEA,Nationals at Mariners,06:40 PM,2025-05-29 01:40:00+00:00
2025-05-29,WSN,SEA,Nationals at Mariners,06:40 PM,2025-05-30 01:40:00+00:00
2025-06-09,SEA,ARI,Mariners at D-backs,06:40 PM,2025-06-10 01:40:00+00:00
2025-06-10,SEA,ARI,Mariners at D-backs,06:40 PM,2025-06-11 01:40:00+00:00
2025-06-11,SEA,ARI,Mariners at D-backs,12:40 PM,2025-06-11 19:40:00+00:00
2025-06-20,SEA,CHC,Mariners at Cubs,11:20 AM,2025-06-20 18:20:00+00:00
2025-06-21,SEA,CHC,Mariners at Cubs,11:20 AM,2025-06-21 18:20:00+00:00
2025-06-22,SEA,CHC,Mariners at Cubs,11:20 AM,2025-06-22 18:20:00+00:00
2025-06-27,SEA,TEX,Mariners at Rangers,05:05 PM,2025-06-28 00:05:00+00:00
2025-06-28,SEA,TEX,Mariners at Rangers,01:05 PM,2025-06-28 20:05:00+00:00
2025-06-29,SEA,TEX,Mariners at Rangers,11:35 AM,2025-06-29 18:35:00+00:00
2025-07-04,PIT,SEA,Pirates at Mariners,01:10 PM,2025-07-04 20:10:00+00:00
2025-07-05,PIT,SEA,Pirates at Mariners,07:10 PM,2025-07-06 02:10:00+00:00
2025-07-06,PIT,SEA,Pirates at Mariners,01:10 PM,2025-07-06 20:10:00+00:00
2025-07-21,MIL,SEA,Brewers at Mariners,06:40 PM,2025-07-22 01:40:00+00:00
2025-07-22,MIL,SEA,Brewers at Mariners,06:40 PM,2025-07-23 01:40:00+00:00
2025-07-23,MIL,SEA,Brewers at Mariners,12:40 PM,2025-07-23 19:40:00+00:00
2025-07-31,TEX,SEA,Rangers at Mariners,06:40 PM,2025-08-01 01:40:00+00:00
2025-08-01,TEX,SEA,Rangers at Mariners,07:10 PM,2025-08-02 02:10:00+00:00
2025-08-02,TEX,SEA,Rangers at Mariners,01:10 PM,2025-08-02 20:10:00+00:00
2025-08-03,TEX,SEA,Rangers at Mariners,01:10 PM,2025-08-03 20:10:00+00:00
2025-08-15,SEA,NYM,Mariners at Mets,04:10 PM,2025-08-15 23:10:00+00:00
2025-08-16,SEA,NYM,Mariners at Mets,01:10 PM,2025-08-16 20:10:00+00:00
2025-08-17,SEA,NYM,Mariners at Mets,04:10 PM,2025-08-17 23:10:00+00:00
2025-08-18,SEA,PHI,Mariners at Phillies,03:45 PM,2025-08-18 22:45:00+00:00
2025-08-19,SEA,PHI,Mariners at Phillies,03:45 PM,2025-08-19 22:45:00+00:00
2025-08-20,SEA,PHI,Mariners at Phillies,01:05 PM,2025-08-20 20:05:00+00:00
2025-08-25,SDP,SEA,Padres at Mariners,06:40 PM,2025-08-26 01:40:00+00:00
2025-08-26,SDP,SEA,Padres at Mariners,06:40 PM,2025-08-27 01:40:00+00:00
2025-08-27,SDP,SEA,Padres at Mariners,01:10 PM,2025-08-27 20:10:00+00:00
2025-09-05,SEA,ATL,Mariners at Braves,04:15 PM,2025-09-05 23:15:00+00:00
2025-09-06,SEA,ATL,Mariners at Braves,04:15 PM,2025-09-06 23:15:00+00:00
2025-09-07,SEA,ATL,Mariners at Braves,10:35 AM,2025-09-07 17:35:00+00:00
2025-09-08,STL,SEA,Cardinals at Mariners,06:40 PM,2025-09-09 01:40:00+00:00
2025-09-09,STL,SEA,Cardinals at Mariners,06:40 PM,2025-09-10 01:40:00+00:00
2025-09-10,STL,SEA,Cardinals at Mariners,06:40 PM,2025-09-11 01:40:00+00:00
2025-09-23,COL,SEA,Rockies at Mariners,06:40 PM,2025-09-24 01:40:00+00:00
2025-09-24,COL,SEA,Rockies at Mariners,06:40 PM,2025-09-25 01:40:00+00:00
2025-09-25,COL,SEA,Rockies at Mariners,06:40 PM,2025-09-26 01:40:00+00:00
2025-09-26,LAD,SEA,Dodgers at Mariners,06:40 PM,2025-09-27 01:40:00+00:00
2025-09-27,LAD,SEA,Dodgers at Mariners,06:40 PM,2025-09-28 01:40:00+00:00
2025-09-28,LAD,SEA,Dodgers at Mariners,12:10 PM,2025-09-28 19:10:00+00:00
2025-03-31,TEX,CIN,Rangers at Reds,05:40 PM,2025-03-31 22:40:00+00:00
2025-04-01,TEX,CIN,Rangers at Reds,05:40 PM,2025-04-01 22:40:00+00:00
2025-04-02,TEX,CIN,Rangers at Reds,11:40 AM,2025-04-02 16:40:00+00:00
2025-04-07,TEX,CHC,Rangers at Cubs,06:40 PM,2025-04-07 23:40:00+00:00
2025-04-08,TEX,CHC,Rangers at Cubs,06:40 PM,2025-04-08 23:40:00+00:00
2025-04-09,TEX,CHC,Rangers at Cubs,01:20 PM,2025-04-09 18:20:00+00:00
2025-04-18,LAD,TEX,Dodgers at Rangers,07:05 PM,2025-04-19 00:05:00+00:00
2025-04-19,LAD,TEX,Dodgers at Rangers,03:05 PM,2025-04-19 20:05:00+00:00
2025-04-20,LAD,TEX,Dodgers at Rangers,01:35 PM,2025-04-20 18:35:00+00:00
2025-04-25,TEX,SFG,Rangers at Giants,09:15 PM,2025-04-26 02:15:00+00:00
2025-04-26,TEX,SFG,Rangers at Giants,03:05 PM,2025-04-26 20:05:00+00:00
2025-04-27,TEX,SFG,Rangers at Giants,03:05 PM,2025-04-27 20:05:00+00:00
2025-05-12,COL,TEX,Rockies at Rangers,07:05 PM,2025-05-13 00:05:00+00:00
2025-05-13,COL,TEX,Rockies at Rangers,07:05 PM,2025-05-14 00:05:00+00:00
2025-05-14,COL,TEX,Rockies at Rangers,07:05 PM,2025-05-15 00:05:00+00:00
2025-05-30,STL,TEX,Cardinals at Rangers,07:05 PM,2025-05-31 00:05:00+00:00
2025-05-31,STL,TEX,Cardinals at Rangers,03:05 PM,2025-05-31 20:05:00+00:00
2025-06-01,STL,TEX,Cardinals at Rangers,01:35 PM,2025-06-01 18:35:00+00:00
2025-06-06,TEX,WSN,Rangers at Nationals,05:45 PM,2025-06-06 22:45:00+00:00
2025-06-07,TEX,WSN,Rangers at Nationals,03:05 PM,2025-06-07 20:05:00+00:00
2025-06-08,TEX,WSN,Rangers at Nationals,12:35 PM,2025-06-08 17:35:00+00:00
2025-06-20,TEX,PIT,Rangers at Pirates,05:40 PM,2025-06-20 22:40:00+00:00
2025-06-21,TEX,PIT,Rangers at Pirates,03:05 PM,2025-06-21 20:05:00+00:00
2025-06-22,TEX,PIT,Rangers at Pirates,12:35 PM,2025-06-22 17:35:00+00:00
2025-07-04,TEX,SDP,Rangers at Padres,05:40 PM,2025-07-04 22:40:00+00:00
2025-07-05,TEX,SDP,Rangers at Padres,08:40 PM,2025-07-06 01:40:00+00:00
2025-07-06,TEX,SDP,Rangers at Padres,03:10 PM,2025-07-06 20:10:00+00:00
2025-07-25,ATL,TEX,Braves at Rangers,07:05 PM,2025-07-26 00:05:00+00:00
2025-07-26,ATL,TEX,Braves at Rangers,06:05 PM,2025-07-26 23:05:00+00:00
2025-07-27,ATL,TEX,Braves at Rangers,01:35 PM,2025-07-27 18:35:00+00:00
2025-08-08,PHI,TEX,Phillies at Rangers,07:05 PM,2025-08-09 00:05:00+00:00
2025-08-09,PHI,TEX,Phillies at Rangers,06:15 PM,2025-08-09 23:15:00+00:00
2025-08-10,PHI,TEX,Phillies at Rangers,01:35 PM,2025-08-10 18:35:00+00:00
2025-08-11,ARI,TEX,D-backs at Rangers,07:05 PM,2025-08-12 00:05:00+00:00
2025-08-12,ARI,TEX,D-backs at Rangers,07:05 PM,2025-08-13 00:05:00+00:00
2025-08-13,ARI,TEX,D-backs at Rangers,01:35 PM,2025-08-13 18:35:00+00:00
2025-09-01,TEX,ARI,Rangers at D-backs,07:10 PM,2025-09-02 00:10:00+00:00
2025-09-02,TEX,ARI,Rangers at D-backs,08:40 PM,2025-09-03 01:40:00+00:00
2025-09-03,TEX,ARI,Rangers at D-backs,02:40 PM,2025-09-03 19:40:00+00:00
2025-09-08,MIL,TEX,Brewers at Rangers,07:05 PM,2025-09-09 00:05:00+00:00
2025-09-09,MIL,TEX,Brewers at Rangers,07:05 PM,2025-09-10 00:05:00+00:00
2025-09-10,MIL,TEX,Brewers at Rangers,01:35 PM,2025-09-10 18:35:00+00:00
2025-09-12,TEX,NYM,Rangers at Mets,06:10 PM,2025-09-12 23:10:00+00:00
2025-09-13,TEX,NYM,Rangers at Mets,03:10 PM,2025-09-13 20:10:00+00:00
2025-09-14,TEX,NYM,Rangers at Mets,12:40 PM,2025-09-14 17:40:00+00:00
2025-09-19,MIA,TEX,Marlins at Rangers,07:05 PM,2025-09-20 00:05:00+00:00
2025-09-20,MIA,TEX,Marlins at Rangers,06:05 PM,2025-09-20 23:05:00+00:00
2025-09-21,MIA,TEX,Marlins at Rangers,01:35 PM,2025-09-21 18:35:00+00:00
2025-03-27,ATL,SDP,Braves at Padres,04:10 PM,2025-03-27 20:10:00+00:00
2025-03-28,ATL,SDP,Braves at Padres,09:40 PM,2025-03-29 01:40:00+00:00
2025-03-29,ATL,SDP,Braves at Padres,07:15 PM,2025-03-29 23:15:00+00:00
2025-03-30,ATL,SDP,Braves at Padres,04:10 PM,2025-03-30 20:10:00+00:00
2025-03-31,ATL,LAD,Braves at Dodgers,10:10 PM,2025-04-01 02:10:00+00:00
2025-04-01,ATL,LAD,Braves at Dodgers,10:10 PM,2025-04-02 02:10:00+00:00
2025-04-02,ATL,LAD,Braves at Dodgers,08:38 PM,2025-04-03 00:38:00+00:00
2025-04-04,MIA,ATL,Marlins at Braves,07:15 PM,2025-04-04 23:15:00+00:00
2025-04-05,MIA,ATL,Marlins at Braves,07:15 PM,2025-04-05 23:15:00+00:00
2025-04-06,MIA,ATL,Marlins at Braves,01:35 PM,2025-04-06 17:35:00+00:00
2025-04-08,PHI,ATL,Phillies at Braves,07:15 PM,2025-04-08 23:15:00+00:00
2025-04-09,PHI,ATL,Phillies at Braves,07:15 PM,2025-04-09 23:15:00+00:00
2025-04-10,PHI,ATL,Phillies at Braves,07:15 PM,2025-04-10 23:15:00+00:00
2025-04-21,STL,ATL,Cardinals at Braves,07:15 PM,2025-04-21 23:15:00+00:00
2025-04-22,STL,ATL,Cardinals at Braves,07:15 PM,2025-04-22 23:15:00+00:00
2025-04-23,STL,ATL,Cardinals at Braves,12:15 PM,2025-04-23 16:15:00+00:00
2025-04-25,ATL,ARI,Braves at D-backs,09:40 PM,2025-04-26 01:40:00+00:00
2025-04-26,ATL,ARI,Braves at D-backs,08:10 PM,2025-04-27 00:10:00+00:00
2025-04-27,ATL,ARI,Braves at D-backs,04:10 PM,2025-04-27 20:10:00+00:00
2025-04-28,ATL,COL,Braves at Rockies,08:40 PM,2025-04-29 00:40:00+00:00
2025-04-29,ATL,COL,Braves at Rockies,08:40 PM,2025-04-30 00:40:00+00:00
2025-04-30,ATL,COL,Braves at Rockies,03:10 PM,2025-04-30 19:10:00+00:00
2025-05-02,LAD,ATL,Dodgers at Braves,07:15 PM,2025-05-02 23:15:00+00:00
2025-05-03,LAD,ATL,Dodgers at Braves,07:15 PM,2025-05-03 23:15:00+00:00
2025-05-04,LAD,ATL,Dodgers at Braves,01:35 PM,2025-05-04 17:35:00+00:00
2025-05-05,CIN,ATL,Reds at Braves,07:15 PM,2025-05-05 23:15:00+00:00
2025-05-06,CIN,ATL,Reds at Braves,07:15 PM,2025-05-06 23:15:00+00:00
2025-05-07,CIN,ATL,Reds at Braves,07:15 PM,2025-05-07 23:15:00+00:00
2025-05-08,CIN,ATL,Reds at Braves,07:15 PM,2025-05-08 23:15:00+00:00
2025-05-09,ATL,PIT,Braves at Pirates,06:40 PM,2025-05-09 22:40:00+00:00
2025-05-10,ATL,PIT,Braves at Pirates,04:05 PM,2025-05-10 20:05:00+00:00
2025-05-11,ATL,PIT,Braves at Pirates,01:35 PM,2025-05-11 17:35:00+00:00
2025-05-12,WSN,ATL,Nationals at Braves,07:15 PM,2025-05-12 23:15:00+00:00
2025-05-13,WSN,ATL,Nationals at Braves,07:15 PM,2025-05-13 23:15:00+00:00
2025-05-14,WSN,ATL,Nationals at Braves,07:15 PM,2025-05-14 23:15:00+00:00
2025-05-15,WSN,ATL,Nationals at Braves,12:15 PM,2025-05-15 16:15:00+00:00
2025-05-20,ATL,WSN,Braves at Nationals,06:45 PM,2025-05-20 22:45:00+00:00
2025-05-21,ATL,WSN,Braves at Nationals,06:45 PM,2025-05-21 22:45:00+00:00
2025-05-22,ATL,WSN,Braves at Nationals,06:45 PM,2025-05-22 22:45:00+00:00
2025-05-23,SDP,ATL,Padres at Braves,07:15 PM,2025-05-23 23:15:00+00:00
2025-05-24,SDP,ATL,Padres at Braves,04:10 PM,2025-05-24 20:10:00+00:00
2025-05-25,SDP,ATL,Padres at Braves,04:10 PM,2025-05-25 20:10:00+00:00
2025-05-27,ATL,PHI,Braves at Phillies,06:45 PM,2025-05-27 22:45:00+00:00
2025-05-28,ATL,PHI,Braves at Phillies,06:45 PM,2025-05-28 22:45:00+00:00
2025-05-29,ATL,PHI,Braves at Phillies,06:45 PM,2025-05-29 22:45:00+00:00
2025-06-03,ARI,ATL,D-backs at Braves,07:15 PM,2025-06-03 23:15:00+00:00
2025-06-04,ARI,ATL,D-backs at Braves,07:15 PM,2025-06-04 23:15:00+00:00
2025-06-05,ARI,ATL,D-backs at Braves,12:15 PM,2025-06-05 16:15:00+00:00
2025-06-06,ATL,SFG,Braves at Giants,10:15 PM,2025-06-07 02:15:00+00:00
2025-06-07,ATL,SFG,Braves at Giants,12:00 AM,2025-06-07 04:00:00+00:00
2025-06-08,ATL,SFG,Braves at Giants,04:05 PM,2025-06-08 20:05:00+00:00
2025-06-09,ATL,MIL,Braves at Brewers,07:40 PM,2025-06-09 23:40:00+00:00
2025-06-10,ATL,MIL,Braves at Brewers,07:40 PM,2025-06-10 23:40:00+00:00
2025-06-11,ATL,MIL,Braves at Brewers,02:10 PM,2025-06-11 18:10:00+00:00
2025-06-13,COL,ATL,Rockies at Braves,07:15 PM,2025-06-13 23:15:00+00:00
2025-06-14,COL,ATL,Rockies at Braves,04:10 PM,2025-06-14 20:10:00+00:00
2025-06-15,COL,ATL,Rockies at Braves,01:35 PM,2025-06-15 17:35:00+00:00
2025-06-17,NYM,ATL,Mets at Braves,07:15 PM,2025-06-17 23:15:00+00:00
2025-06-18,NYM,ATL,Mets at Braves,07:15 PM,2025-06-18 23:15:00+00:00
2025-06-19,NYM,ATL,Mets at Braves,07:15 PM,2025-06-19 23:15:00+00:00
2025-06-20,ATL,MIA,Braves at Marlins,07:10 PM,2025-06-20 23:10:00+00:00
2025-06-21,ATL,MIA,Braves at Marlins,04:10 PM,2025-06-21 20:10:00+00:00
2025-06-22,ATL,MIA,Braves at Marlins,01:40 PM,2025-06-22 17:40:00+00:00
2025-06-23,ATL,NYM,Braves at Mets,07:10 PM,2025-06-23 23:10:00+00:00
2025-06-24,ATL,NYM,Braves at Mets,07:10 PM,2025-06-24 23:10:00+00:00
2025-06-25,ATL,NYM,Braves at Mets,07:10 PM,2025-06-25 23:10:00+00:00
2025-06-26,ATL,NYM,Braves at Mets,07:10 PM,2025-06-26 23:10:00+00:00
2025-06-27,PHI,ATL,Phillies at Braves,07:15 PM,2025-06-27 23:15:00+00:00
2025-06-28,PHI,ATL,Phillies at Braves,07:15 PM,2025-06-28 23:15:00+00:00
2025-06-29,PHI,ATL,Phillies at Braves,01:35 PM,2025-06-29 17:35:00+00:00
2025-07-11,ATL,STL,Braves at Cardinals,08:15 PM,2025-07-12 00:15:00+00:00
2025-07-12,ATL,STL,Braves at Cardinals,02:15 PM,2025-07-12 18:15:00+00:00
2025-07-13,ATL,STL,Braves at Cardinals,02:15 PM,2025-07-13 18:15:00+00:00
2025-07-21,SFG,ATL,Giants at Braves,07:15 PM,2025-07-21 23:15:00+00:00
2025-07-22,SFG,ATL,Giants at Braves,07:15 PM,2025-07-22 23:15:00+00:00
2025-07-23,SFG,ATL,Giants at Braves,12:15 PM,2025-07-23 16:15:00+00:00
2025-07-31,ATL,CIN,Braves at Reds,07:10 PM,2025-07-31 23:10:00+00:00
2025-08-01,ATL,CIN,Braves at Reds,12:40 PM,2025-08-01 16:40:00+00:00
2025-08-02,ATL,CIN,Braves at Reds,07:15 PM,2025-08-02 23:15:00+00:00
2025-08-04,MIL,ATL,Brewers at Braves,07:15 PM,2025-08-04 23:15:00+00:00
2025-08-05,MIL,ATL,Brewers at Braves,07:15 PM,2025-08-05 23:15:00+00:00
2025-08-06,MIL,ATL,Brewers at Braves,07:15 PM,2025-08-06 23:15:00+00:00
2025-08-07,MIA,ATL,Marlins at Braves,07:15 PM,2025-08-07 23:15:00+00:00
2025-08-08,MIA,ATL,Marlins at Braves,07:15 PM,2025-08-08 23:15:00+00:00
2025-08-09,MIA,ATL,Marlins at Braves,07:15 PM,2025-08-09 23:15:00+00:00
2025-08-10,MIA,ATL,Marlins at Braves,01:35 PM,2025-08-10 17:35:00+00:00
2025-08-12,ATL,NYM,Braves at Mets,07:10 PM,2025-08-12 23:10:00+00:00
2025-08-13,ATL,NYM,Braves at Mets,07:10 PM,2025-08-13 23:10:00+00:00
2025-08-14,ATL,NYM,Braves at Mets,07:10 PM,2025-08-14 23:10:00+00:00
2025-08-22,NYM,ATL,Mets at Braves,07:15 PM,2025-08-22 23:15:00+00:00
2025-08-23,NYM,ATL,Mets at Braves,07:15 PM,2025-08-23 23:15:00+00:00
2025-08-24,NYM,ATL,Mets at Braves,01:35 PM,2025-08-24 17:35:00+00:00
2025-08-25,ATL,MIA,Braves at Marlins,06:40 PM,2025-08-25 22:40:00+00:00
2025-08-26,ATL,MIA,Braves at Marlins,06:40 PM,2025-08-26 22:40:00+00:00
2025-08-27,ATL,MIA,Braves at Marlins,01:10 PM,2025-08-27 17:10:00+00:00
2025-08-28,ATL,PHI,Braves at Phillies,06:45 PM,2025-08-28 22:45:00+00:00
2025-08-29,ATL,PHI,Braves at Phillies,06:45 PM,2025-08-29 22:45:00+00:00
2025-08-30,ATL,PHI,Braves at Phillies,06:05 PM,2025-08-30 22:05:00+00:00
2025-08-31,ATL,PHI,Braves at Phillies,01:35 PM,2025-08-31 17:35:00+00:00
2025-09-01,ATL,CHC,Braves at Cubs,02:20 PM,2025-09-01 18:20:00+00:00
2025-09-02,ATL,CHC,Braves at Cubs,07:40 PM,2025-09-02 23:40:00+00:00
2025-09-03,ATL,CHC,Braves at Cubs,07:40 PM,2025-09-03 23:40:00+00:00
2025-09-08,CHC,ATL,Cubs at Braves,07:15 PM,2025-09-08 23:15:00+00:00
2025-09-09,CHC,ATL,Cubs at Braves,07:15 PM,2025-09-09 23:15:00+00:00
2025-09-10,CHC,ATL,Cubs at Braves,07:15 PM,2025-09-10 23:15:00+00:00
2025-09-15,ATL,WSN,Braves at Nationals,06:45 PM,2025-09-15 22:45:00+00:00
2025-09-16,ATL,WSN,Braves at Nationals,06:45 PM,2025-09-16 22:45:00+00:00
2025-09-17,ATL,WSN,Braves at Nationals,04:05 PM,2025-09-17 20:05:00+00:00
2025-09-22,WSN,ATL,Nationals at Braves,07:15 PM,2025-09-22 23:15:00+00:00
2025-09-23,WSN,ATL,Nationals at Braves,07:15 PM,2025-09-23 23:15:00+00:00
2025-09-24,WSN,ATL,Nationals at Braves,12:15 PM,2025-09-24 16:15:00+00:00
2025-09-26,PIT,ATL,Pirates at Braves,07:15 PM,2025-09-26 23:15:00+00:00
2025-09-27,PIT,ATL,Pirates at Braves,07:15 PM,2025-09-27 23:15:00+00:00
2025-09-28,PIT,ATL,Pirates at Braves,03:15 PM,2025-09-28 19:15:00+00:00
2025-03-27,PIT,MIA,Pirates at Marlins,04:10 PM,2025-03-27 20:10:00+00:00
2025-03-28,PIT,MIA,Pirates at Marlins,07:10 PM,2025-03-28 23:10:00+00:00
2025-03-29,PIT,MIA,Pirates at Marlins,04:10 PM,2025-03-29 20:10:00+00:00
2025-03-30,PIT,MIA,Pirates at Marlins,01:40 PM,2025-03-30 17:40:00+00:00
2025-03-31,NYM,MIA,Mets at Marlins,06:40 PM,2025-03-31 22:40:00+00:00
2025-04-01,NYM,MIA,Mets at Marlins,06:40 PM,2025-04-01 22:40:00+00:00
2025-04-02,NYM,MIA,Mets at Marlins,04:40 PM,2025-04-02 20:40:00+00:00
2025-04-07,MIA,NYM,Marlins at Mets,07:10 PM,2025-04-07 23:10:00+00:00
2025-04-08,MIA,NYM,Marlins at Mets,07:10 PM,2025-04-08 23:10:00+00:00
2025-04-09,MIA,NYM,Marlins at Mets,01:10 PM,2025-04-09 17:10:00+00:00
2025-04-11,WSN,MIA,Nationals at Marlins,07:10 PM,2025-04-11 23:10:00+00:00
2025-04-12,WSN,MIA,Nationals at Marlins,04:10 PM,2025-04-12 20:10:00+00:00
2025-04-13,WSN,MIA,Nationals at Marlins,01:40 PM,2025-04-13 17:40:00+00:00
2025-04-15,ARI,MIA,D-backs at Marlins,06:40 PM,2025-04-15 22:40:00+00:00
2025-04-16,ARI,MIA,D-backs at Marlins,06:40 PM,2025-04-16 22:40:00+00:00
2025-04-17,ARI,MIA,D-backs at Marlins,12:10 PM,2025-04-17 16:10:00+00:00
2025-04-18,MIA,PHI,Marlins at Phillies,06:45 PM,2025-04-18 22:45:00+00:00
2025-04-19,MIA,PHI,Marlins at Phillies,01:05 PM,2025-04-19 17:05:00+00:00
2025-04-20,MIA,PHI,Marlins at Phillies,01:35 PM,2025-04-20 17:35:00+00:00
2025-04-21,CIN,MIA,Reds at Marlins,06:40 PM,2025-04-21 22:40:00+00:00
2025-04-22,CIN,MIA,Reds at Marlins,06:40 PM,2025-04-22 22:40:00+00:00
2025-04-23,CIN,MIA,Reds at Marlins,01:10 PM,2025-04-23 17:10:00+00:00
2025-04-28,MIA,LAD,Marlins at Dodgers,10:10 PM,2025-04-29 02:10:00+00:00
2025-04-29,MIA,LAD,Marlins at Dodgers,10:10 PM,2025-04-30 02:10:00+00:00
2025-04-30,MIA,LAD,Marlins at Dodgers,03:10 PM,2025-04-30 19:10:00+00:00
2025-05-05,LAD,MIA,Dodgers at Marlins,06:40 PM,2025-05-05 22:40:00+00:00
2025-05-06,LAD,MIA,Dodgers at Marlins,06:40 PM,2025-05-06 22:40:00+00:00
2025-05-07,LAD,MIA,Dodgers at Marlins,04:40 PM,2025-05-07 20:40:00+00:00
2025-05-12,MIA,CHC,Marlins at Cubs,07:40 PM,2025-05-12 23:40:00+00:00
2025-05-13,MIA,CHC,Marlins at Cubs,07:40 PM,2025-05-13 23:40:00+00:00
2025-05-14,MIA,CHC,Marlins at Cubs,07:40 PM,2025-05-14 23:40:00+00:00
2025-05-19,CHC,MIA,Cubs at Marlins,06:40 PM,2025-05-19 22:40:00+00:00
2025-05-20,CHC,MIA,Cubs at Marlins,06:40 PM,2025-05-20 22:40:00+00:00
2025-05-21,CHC,MIA,Cubs at Marlins,01:10 PM,2025-05-21 17:10:00+00:00
2025-05-26,MIA,SDP,Marlins at Padres,08:40 PM,2025-05-27 00:40:00+00:00
2025-05-27,MIA,SDP,Marlins at Padres,09:40 PM,2025-05-28 01:40:00+00:00
2025-05-28,MIA,SDP,Marlins at Padres,04:10 PM,2025-05-28 20:10:00+00:00
2025-05-30,SFG,MIA,Giants at Marlins,07:10 PM,2025-05-30 23:10:00+00:00
2025-05-31,SFG,MIA,Giants at Marlins,04:10 PM,2025-05-31 20:10:00+00:00
2025-06-01,SFG,MIA,Giants at Marlins,01:40 PM,2025-06-01 17:40:00+00:00
2025-06-02,COL,MIA,Rockies at Marlins,06:40 PM,2025-06-02 22:40:00+00:00
2025-06-03,COL,MIA,Rockies at Marlins,06:40 PM,2025-06-03 22:40:00+00:00
2025-06-04,COL,MIA,Rockies at Marlins,12:10 PM,2025-06-04 16:10:00+00:00
2025-06-09,MIA,PIT,Marlins at Pirates,06:40 PM,2025-06-09 22:40:00+00:00
2025-06-10,MIA,PIT,Marlins at Pirates,06:40 PM,2025-06-10 22:40:00+00:00
2025-06-11,MIA,PIT,Marlins at Pirates,12:35 PM,2025-06-11 16:35:00+00:00
2025-06-13,MIA,WSN,Marlins at Nationals,06:45 PM,2025-06-13 22:45:00+00:00
2025-06-14,MIA,WSN,Marlins at Nationals,04:05 PM,2025-06-14 20:05:00+00:00
2025-06-15,MIA,WSN,Marlins at Nationals,01:35 PM,2025-06-15 17:35:00+00:00
2025-06-16,PHI,MIA,Phillies at Marlins,06:40 PM,2025-06-16 22:40:00+00:00
2025-06-17,PHI,MIA,Phillies at Marlins,06:40 PM,2025-06-17 22:40:00+00:00
2025-06-18,PHI,MIA,Phillies at Marlins,06:40 PM,2025-06-18 22:40:00+00:00
2025-06-19,PHI,MIA,Phillies at Marlins,06:40 PM,2025-06-19 22:40:00+00:00
2025-06-24,MIA,SFG,Marlins at Giants,09:45 PM,2025-06-25 01:45:00+00:00
2025-06-25,MIA,SFG,Marlins at Giants,09:45 PM,2025-06-26 01:45:00+00:00
2025-06-26,MIA,SFG,Marlins at Giants,03:45 PM,2025-06-26 19:45:00+00:00
2025-06-27,MIA,ARI,Marlins at D-backs,09:40 PM,2025-06-28 01:40:00+00:00
2025-06-28,MIA,ARI,Marlins at D-backs,04:10 PM,2025-06-28 20:10:00+00:00
2025-06-29,MIA,ARI,Marlins at D-backs,04:10 PM,2025-06-29 20:10:00+00:00
2025-07-04,MIL,MIA,Brewers at Marlins,07:10 PM,2025-07-04 23:10:00+00:00
2025-07-05,MIL,MIA,Brewers at Marlins,04:10 PM,2025-07-05 20:10:00+00:00
2025-07-06,MIL,MIA,Brewers at Marlins,01:40 PM,2025-07-06 17:40:00+00:00
2025-07-07,MIA,CIN,Marlins at Reds,07:10 PM,2025-07-07 23:10:00+00:00
2025-07-08,MIA,CIN,Marlins at Reds,07:10 PM,2025-07-08 23:10:00+00:00
2025-07-09,MIA,CIN,Marlins at Reds,07:10 PM,2025-07-09 23:10:00+00:00
2025-07-10,MIA,CIN,Marlins at Reds,05:10 PM,2025-07-10 21:10:00+00:00
2025-07-21,SDP,MIA,Padres at Marlins,06:40 PM,2025-07-21 22:40:00+00:00
2025-07-22,SDP,MIA,Padres at Marlins,06:40 PM,2025-07-22 22:40:00+00:00
2025-07-23,SDP,MIA,Padres at Marlins,12:10 PM,2025-07-23 16:10:00+00:00
2025-07-25,MIA,MIL,Marlins at Brewers,04:10 PM,2025-07-25 20:10:00+00:00
2025-07-26,MIA,MIL,Marlins at Brewers,07:10 PM,2025-07-26 23:10:00+00:00
2025-07-27,MIA,MIL,Marlins at Brewers,02:10 PM,2025-07-27 18:10:00+00:00
2025-07-28,MIA,STL,Marlins at Cardinals,07:45 PM,2025-07-28 23:45:00+00:00
2025-07-29,MIA,STL,Marlins at Cardinals,07:45 PM,2025-07-29 23:45:00+00:00
2025-07-30,MIA,STL,Marlins at Cardinals,07:45 PM,2025-07-30 23:45:00+00:00
2025-08-18,STL,MIA,Cardinals at Marlins,06:40 PM,2025-08-18 22:40:00+00:00
2025-08-19,STL,MIA,Cardinals at Marlins,06:40 PM,2025-08-19 22:40:00+00:00
2025-08-20,STL,MIA,Cardinals at Marlins,06:40 PM,2025-08-20 22:40:00+00:00
2025-08-28,MIA,NYM,Marlins at Mets,07:10 PM,2025-08-28 23:10:00+00:00
2025-08-29,MIA,NYM,Marlins at Mets,07:10 PM,2025-08-29 23:10:00+00:00
2025-08-30,MIA,NYM,Marlins at Mets,04:10 PM,2025-08-30 20:10:00+00:00
2025-08-31,MIA,NYM,Marlins at Mets,01:40 PM,2025-08-31 17:40:00+00:00
2025-09-01,MIA,WSN,Marlins at Nationals,01:05 PM,2025-09-01 17:05:00+00:00
2025-09-02,MIA,WSN,Marlins at Nationals,06:45 PM,2025-09-02 22:45:00+00:00
2025-09-03,MIA,WSN,Marlins at Nationals,01:05 PM,2025-09-03 17:05:00+00:00
2025-09-05,PHI,MIA,Phillies at Marlins,07:10 PM,2025-09-05 23:10:00+00:00
2025-09-06,PHI,MIA,Phillies at Marlins,04:10 PM,2025-09-06 20:10:00+00:00
2025-09-07,PHI,MIA,Phillies at Marlins,01:40 PM,2025-09-07 17:40:00+00:00
2025-09-08,WSN,MIA,Nationals at Marlins,01:10 PM,2025-09-08 17:10:00+00:00
2025-09-09,WSN,MIA,Nationals at Marlins,06:40 PM,2025-09-09 22:40:00+00:00
2025-09-10,WSN,MIA,Nationals at Marlins,06:40 PM,2025-09-10 22:40:00+00:00
2025-09-11,WSN,MIA,Nationals at Marlins,06:40 PM,2025-09-11 22:40:00+00:00
2025-09-16,MIA,COL,Marlins at Rockies,08:40 PM,2025-09-17 00:40:00+00:00
2025-09-17,MIA,COL,Marlins at Rockies,08:40 PM,2025-09-18 00:40:00+00:00
2025-09-18,MIA,COL,Marlins at Rockies,03:10 PM,2025-09-18 19:10:00+00:00
2025-09-23,MIA,PHI,Marlins at Phillies,06:45 PM,2025-09-23 22:45:00+00:00
2025-09-24,MIA,PHI,Marlins at Phillies,06:45 PM,2025-09-24 22:45:00+00:00
2025-09-25,MIA,PHI,Marlins at Phillies,06:05 PM,2025-09-25 22:05:00+00:00
2025-09-26,NYM,MIA,Mets at Marlins,07:10 PM,2025-09-26 23:10:00+00:00
2025-09-27,NYM,MIA,Mets at Marlins,04:10 PM,2025-09-27 20:10:00+00:00
2025-09-28,NYM,MIA,Mets at Marlins,03:10 PM,2025-09-28 19:10:00+00:00
2025-04-17,STL,NYM,Cardinals at Mets,07:10 PM,2025-04-17 23:10:00+00:00
2025-04-18,STL,NYM,Cardinals at Mets,07:10 PM,2025-04-18 23:10:00+00:00
2025-04-19,STL,NYM,Cardinals at Mets,04:05 PM,2025-04-19 20:05:00+00:00
2025-04-20,STL,NYM,Cardinals at Mets,01:40 PM,2025-04-20 17:40:00+00:00
2025-04-21,PHI,NYM,Phillies at Mets,07:10 PM,2025-04-21 23:10:00+00:00
2025-04-22,PHI,NYM,Phillies at Mets,07:10 PM,2025-04-22 23:10:00+00:00
2025-04-23,PHI,NYM,Phillies at Mets,01:10 PM,2025-04-23 17:10:00+00:00
2025-04-25,NYM,WSN,Mets at Nationals,06:45 PM,2025-04-25 22:45:00+00:00
2025-04-26,NYM,WSN,Mets at Nationals,04:05 PM,2025-04-26 20:05:00+00:00
2025-04-27,NYM,WSN,Mets at Nationals,01:35 PM,2025-04-27 17:35:00+00:00
2025-04-28,NYM,WSN,Mets at Nationals,04:05 PM,2025-04-28 20:05:00+00:00
2025-04-29,ARI,NYM,D-backs at Mets,07:10 PM,2025-04-29 23:10:00+00:00
2025-04-30,ARI,NYM,D-backs at Mets,07:10 PM,2025-04-30 23:10:00+00:00
2025-05-01,ARI,NYM,D-backs at Mets,01:10 PM,2025-05-01 17:10:00+00:00
2025-05-02,NYM,STL,Mets at Cardinals,08:15 PM,2025-05-03 00:15:00+00:00
2025-05-03,NYM,STL,Mets at Cardinals,02:15 PM,2025-05-03 18:15:00+00:00
2025-05-04,NYM,STL,Mets at Cardinals,02:15 PM,2025-05-04 18:15:00+00:00
2025-05-05,NYM,ARI,Mets at D-backs,09:40 PM,2025-05-06 01:40:00+00:00
2025-05-06,NYM,ARI,Mets at D-backs,09:40 PM,2025-05-07 01:40:00+00:00
2025-05-07,NYM,ARI,Mets at D-backs,03:40 PM,2025-05-07 19:40:00+00:00
2025-05-09,CHC,NYM,Cubs at Mets,07:10 PM,2025-05-09 23:10:00+00:00
2025-05-10,CHC,NYM,Cubs at Mets,07:15 PM,2025-05-10 23:15:00+00:00
2025-05-11,CHC,NYM,Cubs at Mets,01:40 PM,2025-05-11 17:40:00+00:00
2025-05-12,PIT,NYM,Pirates at Mets,07:10 PM,2025-05-12 23:10:00+00:00
2025-05-13,PIT,NYM,Pirates at Mets,07:10 PM,2025-05-13 23:10:00+00:00
2025-05-14,PIT,NYM,Pirates at Mets,07:10 PM,2025-05-14 23:10:00+00:00
2025-05-23,LAD,NYM,Dodgers at Mets,07:10 PM,2025-05-23 23:10:00+00:00
2025-05-24,LAD,NYM,Dodgers at Mets,07:15 PM,2025-05-24 23:15:00+00:00
2025-05-25,LAD,NYM,Dodgers at Mets,07:10 PM,2025-05-25 23:10:00+00:00
2025-05-30,COL,NYM,Rockies at Mets,07:10 PM,2025-05-30 23:10:00+00:00
2025-05-31,COL,NYM,Rockies at Mets,04:10 PM,2025-05-31 20:10:00+00:00
2025-06-01,COL,NYM,Rockies at Mets,01:40 PM,2025-06-01 17:40:00+00:00
2025-06-02,NYM,LAD,Mets at Dodgers,10:10 PM,2025-06-03 02:10:00+00:00
2025-06-03,NYM,LAD,Mets at Dodgers,10:10 PM,2025-06-04 02:10:00+00:00
2025-06-04,NYM,LAD,Mets at Dodgers,10:10 PM,2025-06-05 02:10:00+00:00
2025-06-05,NYM,LAD,Mets at Dodgers,04:10 PM,2025-06-05 20:10:00+00:00
2025-06-06,NYM,COL,Mets at Rockies,08:40 PM,2025-06-07 00:40:00+00:00
2025-06-07,NYM,COL,Mets at Rockies,08:40 PM,2025-06-08 00:40:00+00:00
2025-06-08,NYM,COL,Mets at Rockies,03:10 PM,2025-06-08 19:10:00+00:00
2025-06-10,WSN,NYM,Nationals at Mets,07:10 PM,2025-06-10 23:10:00+00:00
2025-06-11,WSN,NYM,Nationals at Mets,07:10 PM,2025-06-11 23:10:00+00:00
2025-06-12,WSN,NYM,Nationals at Mets,01:10 PM,2025-06-12 17:10:00+00:00
2025-06-20,NYM,PHI,Mets at Phillies,06:45 PM,2025-06-20 22:45:00+00:00
2025-06-21,NYM,PHI,Mets at Phillies,07:15 PM,2025-06-21 23:15:00+00:00
2025-06-22,NYM,PHI,Mets at Phillies,07:10 PM,2025-06-22 23:10:00+00:00
2025-06-27,NYM,PIT,Mets at Pirates,06:40 PM,2025-06-27 22:40:00+00:00
2025-06-28,NYM,PIT,Mets at Pirates,04:05 PM,2025-06-28 20:05:00+00:00
2025-06-29,NYM,PIT,Mets at Pirates,01:35 PM,2025-06-29 17:35:00+00:00
2025-07-01,MIL,NYM,Brewers at Mets,07:10 PM,2025-07-01 23:10:00+00:00
2025-07-02,MIL,NYM,Brewers at Mets,07:10 PM,2025-07-02 23:10:00+00:00
2025-07-03,MIL,NYM,Brewers at Mets,07:10 PM,2025-07-03 23:10:00+00:00
2025-07-18,CIN,NYM,Reds at Mets,07:10 PM,2025-07-18 23:10:00+00:00
2025-07-19,CIN,NYM,Reds at Mets,04:10 PM,2025-07-19 20:10:00+00:00
2025-07-20,CIN,NYM,Reds at Mets,01:40 PM,2025-07-20 17:40:00+00:00
2025-07-25,NYM,SFG,Mets at Giants,10:15 PM,2025-07-26 02:15:00+00:00
2025-07-26,NYM,SFG,Mets at Giants,12:00 AM,2025-07-26 04:00:00+00:00
2025-07-27,NYM,SFG,Mets at Giants,04:05 PM,2025-07-27 20:05:00+00:00
2025-07-28,NYM,SDP,Mets at Padres,09:40 PM,2025-07-29 01:40:00+00:00
2025-07-29,NYM,SDP,Mets at Padres,09:40 PM,2025-07-30 01:40:00+00:00
2025-07-30,NYM,SDP,Mets at Padres,04:10 PM,2025-07-30 20:10:00+00:00
2025-08-01,SFG,NYM,Giants at Mets,07:10 PM,2025-08-01 23:10:00+00:00
2025-08-02,SFG,NYM,Giants at Mets,04:10 PM,2025-08-02 20:10:00+00:00
2025-08-03,SFG,NYM,Giants at Mets,01:40 PM,2025-08-03 17:40:00+00:00
2025-08-08,NYM,MIL,Mets at Brewers,08:10 PM,2025-08-09 00:10:00+00:00
2025-08-09,NYM,MIL,Mets at Brewers,07:10 PM,2025-08-09 23:10:00+00:00
2025-08-10,NYM,MIL,Mets at Brewers,02:10 PM,2025-08-10 18:10:00+00:00
2025-08-19,NYM,WSN,Mets at Nationals,06:45 PM,2025-08-19 22:45:00+00:00
2025-08-20,NYM,WSN,Mets at Nationals,06:45 PM,2025-08-20 22:45:00+00:00
2025-08-21,NYM,WSN,Mets at Nationals,04:05 PM,2025-08-21 20:05:00+00:00
2025-08-25,PHI,NYM,Phillies at Mets,07:10 PM,2025-08-25 23:10:00+00:00
2025-08-26,PHI,NYM,Phillies at Mets,07:10 PM,2025-08-26 23:10:00+00:00
2025-08-27,PHI,NYM,Phillies at Mets,07:10 PM,2025-08-27 23:10:00+00:00
2025-09-05,NYM,CIN,Mets at Reds,06:40 PM,2025-09-05 22:40:00+00:00
2025-09-06,NYM,CIN,Mets at Reds,06:40 PM,2025-09-06 22:40:00+00:00
2025-09-07,NYM,CIN,Mets at Reds,01:40 PM,2025-09-07 17:40:00+00:00
2025-09-08,NYM,PHI,Mets at Phillies,06:45 PM,2025-09-08 22:45:00+00:00
2025-09-09,NYM,PHI,Mets at Phillies,06:45 PM,2025-09-09 22:45:00+00:00
2025-09-10,NYM,PHI,Mets at Phillies,06:45 PM,2025-09-10 22:45:00+00:00
2025-09-11,NYM,PHI,Mets at Phillies,07:15 PM,2025-09-11 23:15:00+00:00
2025-09-16,SDP,NYM,Padres at Mets,07:10 PM,2025-09-16 23:10:00+00:00
2025-09-17,SDP,NYM,Padres at Mets,07:10 PM,2025-09-17 23:10:00+00:00
2025-09-18,SDP,NYM,Padres at Mets,01:10 PM,2025-09-18 17:10:00+00:00
2025-09-19,WSN,NYM,Nationals at Mets,07:10 PM,2025-09-19 23:10:00+00:00
2025-09-20,WSN,NYM,Nationals at Mets,04:10 PM,2025-09-20 20:10:00+00:00
2025-09-21,WSN,NYM,Nationals at Mets,01:40 PM,2025-09-21 17:40:00+00:00
2025-09-23,NYM,CHC,Mets at Cubs,07:40 PM,2025-09-23 23:40:00+00:00
2025-09-24,NYM,CHC,Mets at Cubs,07:40 PM,2025-09-24 23:40:00+00:00
2025-09-25,NYM,CHC,Mets at Cubs,07:40 PM,2025-09-25 23:40:00+00:00
2025-03-27,PHI,WSN,Phillies at Nationals,04:05 PM,2025-03-27 20:05:00+00:00
2025-03-29,PHI,WSN,Phillies at Nationals,04:05 PM,2025-03-29 20:05:00+00:00
2025-03-30,PHI,WSN,Phillies at Nationals,01:35 PM,2025-03-30 17:35:00+00:00
2025-04-04,ARI,WSN,D-backs at Nationals,06:45 PM,2025-04-04 22:45:00+00:00
2025-04-05,ARI,WSN,D-backs at Nationals,04:05 PM,2025-04-05 20:05:00+00:00
2025-04-06,ARI,WSN,D-backs at Nationals,01:35 PM,2025-04-06 17:35:00+00:00
2025-04-07,LAD,WSN,Dodgers at Nationals,06:45 PM,2025-04-07 22:45:00+00:00
2025-04-08,LAD,WSN,Dodgers at Nationals,06:45 PM,2025-04-08 22:45:00+00:00
2025-04-09,LAD,WSN,Dodgers at Nationals,04:05 PM,2025-04-09 20:05:00+00:00
2025-04-14,WSN,PIT,Nationals at Pirates,06:40 PM,2025-04-14 22:40:00+00:00
2025-04-15,WSN,PIT,Nationals at Pirates,06:40 PM,2025-04-15 22:40:00+00:00
2025-04-16,WSN,PIT,Nationals at Pirates,06:40 PM,2025-04-16 22:40:00+00:00
2025-04-17,WSN,PIT,Nationals at Pirates,12:35 PM,2025-04-17 16:35:00+00:00
2025-04-18,WSN,COL,Nationals at Rockies,08:40 PM,2025-04-19 00:40:00+00:00
2025-04-19,WSN,COL,Nationals at Rockies,03:10 PM,2025-04-19 19:10:00+00:00
2025-04-20,WSN,COL,Nationals at Rockies,03:10 PM,2025-04-20 19:10:00+00:00
2025-04-29,WSN,PHI,Nationals at Phillies,06:45 PM,2025-04-29 22:45:00+00:00
2025-04-30,WSN,PHI,Nationals at Phillies,06:45 PM,2025-04-30 22:45:00+00:00
2025-05-01,WSN,PHI,Nationals at Phillies,06:45 PM,2025-05-01 22:45:00+00:00
2025-05-02,WSN,CIN,Nationals at Reds,06:10 PM,2025-05-02 22:10:00+00:00
2025-05-03,WSN,CIN,Nationals at Reds,06:40 PM,2025-05-03 22:40:00+00:00
2025-05-04,WSN,CIN,Nationals at Reds,04:10 PM,2025-05-04 20:10:00+00:00
2025-05-09,STL,WSN,Cardinals at Nationals,06:45 PM,2025-05-09 22:45:00+00:00
2025-05-10,STL,WSN,Cardinals at Nationals,04:05 PM,2025-05-10 20:05:00+00:00
2025-05-11,STL,WSN,Cardinals at Nationals,01:35 PM,2025-05-11 17:35:00+00:00
2025-05-23,SFG,WSN,Giants at Nationals,06:45 PM,2025-05-23 22:45:00+00:00
2025-05-24,SFG,WSN,Giants at Nationals,04:05 PM,2025-05-24 20:05:00+00:00
2025-05-25,SFG,WSN,Giants at Nationals,01:35 PM,2025-05-25 17:35:00+00:00
2025-05-30,WSN,ARI,Nationals at D-backs,09:40 PM,2025-05-31 01:40:00+00:00
2025-05-31,WSN,ARI,Nationals at D-backs,10:10 PM,2025-06-01 02:10:00+00:00
2025-06-01,WSN,ARI,Nationals at D-backs,04:10 PM,2025-06-01 20:10:00+00:00
2025-06-03,CHC,WSN,Cubs at Nationals,06:45 PM,2025-06-03 22:45:00+00:00
2025-06-04,CHC,WSN,Cubs at Nationals,06:45 PM,2025-06-04 22:45:00+00:00
2025-06-05,CHC,WSN,Cubs at Nationals,06:45 PM,2025-06-05 22:45:00+00:00
2025-06-16,COL,WSN,Rockies at Nationals,06:45 PM,2025-06-16 22:45:00+00:00
2025-06-17,COL,WSN,Rockies at Nationals,06:45 PM,2025-06-17 22:45:00+00:00
2025-06-18,COL,WSN,Rockies at Nationals,06:45 PM,2025-06-18 22:45:00+00:00
2025-06-19,COL,WSN,Rockies at Nationals,01:05 PM,2025-06-19 17:05:00+00:00
2025-06-20,WSN,LAD,Nationals at Dodgers,10:10 PM,2025-06-21 02:10:00+00:00
2025-06-21,WSN,LAD,Nationals at Dodgers,10:10 PM,2025-06-22 02:10:00+00:00
2025-06-22,WSN,LAD,Nationals at Dodgers,04:10 PM,2025-06-22 20:10:00+00:00
2025-06-23,WSN,SDP,Nationals at Padres,09:40 PM,2025-06-24 01:40:00+00:00
2025-06-24,WSN,SDP,Nationals at Padres,09:40 PM,2025-06-25 01:40:00+00:00
2025-06-25,WSN,SDP,Nationals at Padres,04:10 PM,2025-06-25 20:10:00+00:00
2025-07-08,WSN,STL,Nationals at Cardinals,07:45 PM,2025-07-08 23:45:00+00:00
2025-07-09,WSN,STL,Nationals at Cardinals,07:45 PM,2025-07-09 23:45:00+00:00
2025-07-10,WSN,STL,Nationals at Cardinals,07:45 PM,2025-07-10 23:45:00+00:00
2025-07-11,WSN,MIL,Nationals at Brewers,08:10 PM,2025-07-12 00:10:00+00:00
2025-07-12,WSN,MIL,Nationals at Brewers,04:10 PM,2025-07-12 20:10:00+00:00
2025-07-13,WSN,MIL,Nationals at Brewers,02:10 PM,2025-07-13 18:10:00+00:00
2025-07-18,SDP,WSN,Padres at Nationals,06:45 PM,2025-07-18 22:45:00+00:00
2025-07-19,SDP,WSN,Padres at Nationals,06:45 PM,2025-07-19 22:45:00+00:00
2025-07-20,SDP,WSN,Padres at Nationals,01:35 PM,2025-07-20 17:35:00+00:00
2025-07-21,CIN,WSN,Reds at Nationals,06:45 PM,2025-07-21 22:45:00+00:00
2025-07-22,CIN,WSN,Reds at Nationals,06:45 PM,2025-07-22 22:45:00+00:00
2025-07-23,CIN,WSN,Reds at Nationals,12:05 PM,2025-07-23 16:05:00+00:00
2025-08-01,MIL,WSN,Brewers at Nationals,06:45 PM,2025-08-01 22:45:00+00:00
2025-08-02,MIL,WSN,Brewers at Nationals,04:05 PM,2025-08-02 20:05:00+00:00
2025-08-03,MIL,WSN,Brewers at Nationals,01:35 PM,2025-08-03 17:35:00+00:00
2025-08-08,WSN,SFG,Nationals at Giants,10:15 PM,2025-08-09 02:15:00+00:00
2025-08-09,WSN,SFG,Nationals at Giants,12:00 AM,2025-08-09 04:00:00+00:00
2025-08-10,WSN,SFG,Nationals at Giants,04:05 PM,2025-08-10 20:05:00+00:00
2025-08-14,PHI,WSN,Phillies at Nationals,06:45 PM,2025-08-14 22:45:00+00:00
2025-08-15,PHI,WSN,Phillies at Nationals,06:45 PM,2025-08-15 22:45:00+00:00
2025-08-16,PHI,WSN,Phillies at Nationals,04:05 PM,2025-08-16 20:05:00+00:00
2025-08-17,PHI,WSN,Phillies at Nationals,01:35 PM,2025-08-17 17:35:00+00:00
2025-08-22,WSN,PHI,Nationals at Phillies,06:45 PM,2025-08-22 22:45:00+00:00
2025-08-23,WSN,PHI,Nationals at Phillies,06:05 PM,2025-08-23 22:05:00+00:00
2025-08-24,WSN,PHI,Nationals at Phillies,01:35 PM,2025-08-24 17:35:00+00:00
2025-09-05,WSN,CHC,Nationals at Cubs,02:20 PM,2025-09-05 18:20:00+00:00
2025-09-06,WSN,CHC,Nationals at Cubs,02:20 PM,2025-09-06 18:20:00+00:00
2025-09-07,WSN,CHC,Nationals at Cubs,02:20 PM,2025-09-07 18:20:00+00:00
2025-09-12,PIT,WSN,Pirates at Nationals,06:45 PM,2025-09-12 22:45:00+00:00
2025-09-13,PIT,WSN,Pirates at Nationals,04:05 PM,2025-09-13 20:05:00+00:00
2025-09-14,PIT,WSN,Pirates at Nationals,01:35 PM,2025-09-14 17:35:00+00:00
2025-03-31,COL,PHI,Rockies at Phillies,03:05 PM,2025-03-31 19:05:00+00:00
2025-04-02,COL,PHI,Rockies at Phillies,06:45 PM,2025-04-02 22:45:00+00:00
2025-04-03,COL,PHI,Rockies at Phillies,01:05 PM,2025-04-03 17:05:00+00:00
2025-04-04,LAD,PHI,Dodgers at Phillies,06:45 PM,2025-04-04 22:45:00+00:00
2025-04-05,LAD,PHI,Dodgers at Phillies,04:05 PM,2025-04-05 20:05:00+00:00
2025-04-06,LAD,PHI,Dodgers at Phillies,01:35 PM,2025-04-06 17:35:00+00:00
2025-04-11,PHI,STL,Phillies at Cardinals,08:15 PM,2025-04-12 00:15:00+00:00
2025-04-12,PHI,STL,Phillies at Cardinals,02:15 PM,2025-04-12 18:15:00+00:00
2025-04-13,PHI,STL,Phillies at Cardinals,02:15 PM,2025-04-13 18:15:00+00:00
2025-04-14,SFG,PHI,Giants at Phillies,06:45 PM,2025-04-14 22:45:00+00:00
2025-04-15,SFG,PHI,Giants at Phillies,06:45 PM,2025-04-15 22:45:00+00:00
2025-04-16,SFG,PHI,Giants at Phillies,06:45 PM,2025-04-16 22:45:00+00:00
2025-04-17,SFG,PHI,Giants at Phillies,04:05 PM,2025-04-17 20:05:00+00:00
2025-04-25,PHI,CHC,Phillies at Cubs,02:20 PM,2025-04-25 18:20:00+00:00
2025-04-26,PHI,CHC,Phillies at Cubs,04:05 PM,2025-04-26 20:05:00+00:00
2025-04-27,PHI,CHC,Phillies at Cubs,02:20 PM,2025-04-27 18:20:00+00:00
2025-05-02,ARI,PHI,D-backs at Phillies,06:45 PM,2025-05-02 22:45:00+00:00
2025-05-03,ARI,PHI,D-backs at Phillies,06:05 PM,2025-05-03 22:05:00+00:00
2025-05-04,ARI,PHI,D-backs at Phillies,02:05 PM,2025-05-04 18:05:00+00:00
2025-05-12,STL,PHI,Cardinals at Phillies,06:45 PM,2025-05-12 22:45:00+00:00
2025-05-13,STL,PHI,Cardinals at Phillies,06:45 PM,2025-05-13 22:45:00+00:00
2025-05-14,STL,PHI,Cardinals at Phillies,01:05 PM,2025-05-14 17:05:00+00:00
2025-05-16,PIT,PHI,Pirates at Phillies,06:45 PM,2025-05-16 22:45:00+00:00
2025-05-17,PIT,PHI,Pirates at Phillies,06:05 PM,2025-05-17 22:05:00+00:00
2025-05-18,PIT,PHI,Pirates at Phillies,01:35 PM,2025-05-18 17:35:00+00:00
2025-05-19,PHI,COL,Phillies at Rockies,08:40 PM,2025-05-20 00:40:00+00:00
2025-05-20,PHI,COL,Phillies at Rockies,08:40 PM,2025-05-21 00:40:00+00:00
2025-05-21,PHI,COL,Phillies at Rockies,08:40 PM,2025-05-22 00:40:00+00:00
2025-05-22,PHI,COL,Phillies at Rockies,03:10 PM,2025-05-22 19:10:00+00:00
2025-05-30,MIL,PHI,Brewers at Phillies,06:45 PM,2025-05-30 22:45:00+00:00
2025-05-31,MIL,PHI,Brewers at Phillies,04:05 PM,2025-05-31 20:05:00+00:00
2025-06-01,MIL,PHI,Brewers at Phillies,01:35 PM,2025-06-01 17:35:00+00:00
2025-06-06,PHI,PIT,Phillies at Pirates,06:40 PM,2025-06-06 22:40:00+00:00
2025-06-07,PHI,PIT,Phillies at Pirates,04:05 PM,2025-06-07 20:05:00+00:00
2025-06-08,PHI,PIT,Phillies at Pirates,01:35 PM,2025-06-08 17:35:00+00:00
2025-06-09,CHC,PHI,Cubs at Phillies,06:45 PM,2025-06-09 22:45:00+00:00
2025-06-10,CHC,PHI,Cubs at Phillies,06:45 PM,2025-06-10 22:45:00+00:00
2025-06-11,CHC,PHI,Cubs at Phillies,01:05 PM,2025-06-11 17:05:00+00:00
2025-06-30,SDP,PHI,Padres at Phillies,06:30 PM,2025-06-30 22:30:00+00:00
2025-07-01,SDP,PHI,Padres at Phillies,06:30 PM,2025-07-01 22:30:00+00:00
2025-07-02,SDP,PHI,Padres at Phillies,01:05 PM,2025-07-02 17:05:00+00:00
2025-07-04,CIN,PHI,Reds at Phillies,01:05 PM,2025-07-04 17:05:00+00:00
2025-07-05,CIN,PHI,Reds at Phillies,04:05 PM,2025-07-05 20:05:00+00:00
2025-07-06,CIN,PHI,Reds at Phillies,01:35 PM,2025-07-06 17:35:00+00:00
2025-07-07,PHI,SFG,Phillies at Giants,09:45 PM,2025-07-08 01:45:00+00:00
2025-07-08,PHI,SFG,Phillies at Giants,09:45 PM,2025-07-09 01:45:00+00:00
2025-07-09,PHI,SFG,Phillies at Giants,03:45 PM,2025-07-09 19:45:00+00:00
2025-07-11,PHI,SDP,Phillies at Padres,09:40 PM,2025-07-12 01:40:00+00:00
2025-07-12,PHI,SDP,Phillies at Padres,07:35 PM,2025-07-12 23:35:00+00:00
2025-07-13,PHI,SDP,Phillies at Padres,04:10 PM,2025-07-13 20:10:00+00:00
2025-08-11,PHI,CIN,Phillies at Reds,06:40 PM,2025-08-11 22:40:00+00:00
2025-08-12,PHI,CIN,Phillies at Reds,06:40 PM,2025-08-12 22:40:00+00:00
2025-08-13,PHI,CIN,Phillies at Reds,05:10 PM,2025-08-13 21:10:00+00:00
2025-09-01,PHI,MIL,Phillies at Brewers,04:10 PM,2025-09-01 20:10:00+00:00
2025-09-03,PHI,MIL,Phillies at Brewers,07:40 PM,2025-09-03 23:40:00+00:00
2025-09-04,PHI,MIL,Phillies at Brewers,04:10 PM,2025-09-04 20:10:00+00:00
2025-09-15,PHI,LAD,Phillies at Dodgers,10:10 PM,2025-09-16 02:10:00+00:00
2025-09-16,PHI,LAD,Phillies at Dodgers,10:10 PM,2025-09-17 02:10:00+00:00
2025-09-17,PHI,LAD,Phillies at Dodgers,10:10 PM,2025-09-18 02:10:00+00:00
2025-09-19,PHI,ARI,Phillies at D-backs,09:40 PM,2025-09-20 01:40:00+00:00
2025-09-20,PHI,ARI,Phillies at D-backs,08:10 PM,2025-09-21 00:10:00+00:00
2025-09-21,PHI,ARI,Phillies at D-backs,04:10 PM,2025-09-21 20:10:00+00:00
2025-04-03,CIN,MIL,Reds at Brewers,06:40 PM,2025-04-03 23:40:00+00:00
2025-04-04,CIN,MIL,Reds at Brewers,07:10 PM,2025-04-05 00:10:00+00:00
2025-04-05,CIN,MIL,Reds at Brewers,06:10 PM,2025-04-05 23:10:00+00:00
2025-04-06,CIN,MIL,Reds at Brewers,01:10 PM,2025-04-06 18:10:00+00:00
2025-04-08,MIL,COL,Brewers at Rockies,07:40 PM,2025-04-09 00:40:00+00:00
2025-04-09,MIL,COL,Brewers at Rockies,07:40 PM,2025-04-10 00:40:00+00:00
2025-04-10,MIL,COL,Brewers at Rockies,02:10 PM,2025-04-10 19:10:00+00:00
2025-04-11,MIL,ARI,Brewers at D-backs,08:40 PM,2025-04-12 01:40:00+00:00
2025-04-12,MIL,ARI,Brewers at D-backs,07:10 PM,2025-04-13 00:10:00+00:00
2025-04-13,MIL,ARI,Brewers at D-backs,03:10 PM,2025-04-13 20:10:00+00:00
2025-04-21,MIL,SFG,Brewers at Giants,08:45 PM,2025-04-22 01:45:00+00:00
2025-04-22,MIL,SFG,Brewers at Giants,08:45 PM,2025-04-23 01:45:00+00:00
2025-04-23,MIL,SFG,Brewers at Giants,08:45 PM,2025-04-24 01:45:00+00:00
2025-04-24,MIL,SFG,Brewers at Giants,02:45 PM,2025-04-24 19:45:00+00:00
2025-04-25,MIL,STL,Brewers at Cardinals,07:15 PM,2025-04-26 00:15:00+00:00
2025-04-26,MIL,STL,Brewers at Cardinals,01:15 PM,2025-04-26 18:15:00+00:00
2025-04-27,MIL,STL,Brewers at Cardinals,01:15 PM,2025-04-27 18:15:00+00:00
2025-05-02,CHC,MIL,Cubs at Brewers,07:10 PM,2025-05-03 00:10:00+00:00
2025-05-03,CHC,MIL,Cubs at Brewers,06:10 PM,2025-05-03 23:10:00+00:00
2025-05-04,CHC,MIL,Cubs at Brewers,01:10 PM,2025-05-04 18:10:00+00:00
2025-05-22,MIL,PIT,Brewers at Pirates,05:40 PM,2025-05-22 22:40:00+00:00
2025-05-23,MIL,PIT,Brewers at Pirates,05:40 PM,2025-05-23 22:40:00+00:00
2025-05-24,MIL,PIT,Brewers at Pirates,03:05 PM,2025-05-24 20:05:00+00:00
2025-05-25,MIL,PIT,Brewers at Pirates,12:35 PM,2025-05-25 17:35:00+00:00
2025-06-02,MIL,CIN,Brewers at Reds,06:10 PM,2025-06-02 23:10:00+00:00
2025-06-03,MIL,CIN,Brewers at Reds,06:10 PM,2025-06-03 23:10:00+00:00
2025-06-04,MIL,CIN,Brewers at Reds,11:40 AM,2025-06-04 16:40:00+00:00
2025-06-06,SDP,MIL,Padres at Brewers,07:10 PM,2025-06-07 00:10:00+00:00
2025-06-07,SDP,MIL,Padres at Brewers,06:35 PM,2025-06-07 23:35:00+00:00
2025-06-08,SDP,MIL,Padres at Brewers,01:10 PM,2025-06-08 18:10:00+00:00
2025-06-12,STL,MIL,Cardinals at Brewers,06:40 PM,2025-06-12 23:40:00+00:00
2025-06-13,STL,MIL,Cardinals at Brewers,07:10 PM,2025-06-14 00:10:00+00:00
2025-06-14,STL,MIL,Cardinals at Brewers,03:10 PM,2025-06-14 20:10:00+00:00
2025-06-15,STL,MIL,Cardinals at Brewers,01:10 PM,2025-06-15 18:10:00+00:00
2025-06-17,MIL,CHC,Brewers at Cubs,07:05 PM,2025-06-18 00:05:00+00:00
2025-06-18,MIL,CHC,Brewers at Cubs,07:05 PM,2025-06-19 00:05:00+00:00
2025-06-19,MIL,CHC,Brewers at Cubs,01:20 PM,2025-06-19 18:20:00+00:00
2025-06-23,PIT,MIL,Pirates at Brewers,06:40 PM,2025-06-23 23:40:00+00:00
2025-06-24,PIT,MIL,Pirates at Brewers,06:40 PM,2025-06-24 23:40:00+00:00
2025-06-25,PIT,MIL,Pirates at Brewers,01:10 PM,2025-06-25 18:10:00+00:00
2025-06-27,COL,MIL,Rockies at Brewers,07:10 PM,2025-06-28 00:10:00+00:00
2025-06-28,COL,MIL,Rockies at Brewers,03:10 PM,2025-06-28 20:10:00+00:00
2025-06-29,COL,MIL,Rockies at Brewers,01:10 PM,2025-06-29 18:10:00+00:00
2025-07-07,LAD,MIL,Dodgers at Brewers,06:40 PM,2025-07-07 23:40:00+00:00
2025-07-08,LAD,MIL,Dodgers at Brewers,06:40 PM,2025-07-08 23:40:00+00:00
2025-07-09,LAD,MIL,Dodgers at Brewers,01:10 PM,2025-07-09 18:10:00+00:00
2025-07-18,MIL,LAD,Brewers at Dodgers,09:10 PM,2025-07-19 02:10:00+00:00
2025-07-19,MIL,LAD,Brewers at Dodgers,08:10 PM,2025-07-20 01:10:00+00:00
2025-07-20,MIL,LAD,Brewers at Dodgers,03:10 PM,2025-07-20 20:10:00+00:00
2025-07-28,CHC,MIL,Cubs at Brewers,06:40 PM,2025-07-28 23:40:00+00:00
2025-07-29,CHC,MIL,Cubs at Brewers,06:40 PM,2025-07-29 23:40:00+00:00
2025-07-30,CHC,MIL,Cubs at Brewers,01:10 PM,2025-07-30 18:10:00+00:00
2025-08-11,PIT,MIL,Pirates at Brewers,06:40 PM,2025-08-11 23:40:00+00:00
2025-08-12,PIT,MIL,Pirates at Brewers,06:40 PM,2025-08-12 23:40:00+00:00
2025-08-13,PIT,MIL,Pirates at Brewers,01:10 PM,2025-08-13 18:10:00+00:00
2025-08-15,MIL,CIN,Brewers at Reds,05:40 PM,2025-08-15 22:40:00+00:00
2025-08-16,MIL,CIN,Brewers at Reds,05:40 PM,2025-08-16 22:40:00+00:00
2025-08-17,MIL,CIN,Brewers at Reds,12:40 PM,2025-08-17 17:40:00+00:00
2025-08-18,MIL,CHC,Brewers at Cubs,07:05 PM,2025-08-19 00:05:00+00:00
2025-08-19,MIL,CHC,Brewers at Cubs,07:05 PM,2025-08-20 00:05:00+00:00
2025-08-20,MIL,CHC,Brewers at Cubs,07:05 PM,2025-08-21 00:05:00+00:00
2025-08-21,MIL,CHC,Brewers at Cubs,01:20 PM,2025-08-21 18:20:00+00:00
2025-08-22,SFG,MIL,Giants at Brewers,07:10 PM,2025-08-23 00:10:00+00:00
2025-08-23,SFG,MIL,Giants at Brewers,06:10 PM,2025-08-23 23:10:00+00:00
2025-08-24,SFG,MIL,Giants at Brewers,01:10 PM,2025-08-24 18:10:00+00:00
2025-08-25,ARI,MIL,D-backs at Brewers,06:40 PM,2025-08-25 23:40:00+00:00
2025-08-26,ARI,MIL,D-backs at Brewers,06:40 PM,2025-08-26 23:40:00+00:00
2025-08-27,ARI,MIL,D-backs at Brewers,06:40 PM,2025-08-27 23:40:00+00:00
2025-08-28,ARI,MIL,D-backs at Brewers,01:10 PM,2025-08-28 18:10:00+00:00
2025-09-05,MIL,PIT,Brewers at Pirates,05:40 PM,2025-09-05 22:40:00+00:00
2025-09-06,MIL,PIT,Brewers at Pirates,05:40 PM,2025-09-06 22:40:00+00:00
2025-09-07,MIL,PIT,Brewers at Pirates,12:35 PM,2025-09-07 17:35:00+00:00
2025-09-12,STL,MIL,Cardinals at Brewers,07:10 PM,2025-09-13 00:10:00+00:00
2025-09-13,STL,MIL,Cardinals at Brewers,06:10 PM,2025-09-13 23:10:00+00:00
2025-09-14,STL,MIL,Cardinals at Brewers,01:10 PM,2025-09-14 18:10:00+00:00
2025-09-19,MIL,STL,Brewers at Cardinals,07:15 PM,2025-09-20 00:15:00+00:00
2025-09-20,MIL,STL,Brewers at Cardinals,06:15 PM,2025-09-20 23:15:00+00:00
2025-09-21,MIL,STL,Brewers at Cardinals,01:15 PM,2025-09-21 18:15:00+00:00
2025-09-22,MIL,SDP,Brewers at Padres,08:40 PM,2025-09-23 01:40:00+00:00
2025-09-23,MIL,SDP,Brewers at Padres,08:40 PM,2025-09-24 01:40:00+00:00
2025-09-24,MIL,SDP,Brewers at Padres,03:10 PM,2025-09-24 20:10:00+00:00
2025-09-26,CIN,MIL,Reds at Brewers,07:10 PM,2025-09-27 00:10:00+00:00
2025-09-27,CIN,MIL,Reds at Brewers,06:10 PM,2025-09-27 23:10:00+00:00
2025-09-28,CIN,MIL,Reds at Brewers,02:10 PM,2025-09-28 19:10:00+00:00
2025-04-07,STL,PIT,Cardinals at Pirates,05:40 PM,2025-04-07 22:40:00+00:00
2025-04-08,STL,PIT,Cardinals at Pirates,05:40 PM,2025-04-08 22:40:00+00:00
2025-04-09,STL,PIT,Cardinals at Pirates,11:35 AM,2025-04-09 16:35:00+00:00
2025-04-28,STL,CIN,Cardinals at Reds,05:40 PM,2025-04-28 22:40:00+00:00
2025-04-29,STL,CIN,Cardinals at Reds,05:40 PM,2025-04-29 22:40:00+00:00
2025-04-30,STL,CIN,Cardinals at Reds,05:40 PM,2025-04-30 22:40:00+00:00
2025-05-01,STL,CIN,Cardinals at Reds,11:40 AM,2025-05-01 16:40:00+00:00
2025-05-05,PIT,STL,Pirates at Cardinals,06:45 PM,2025-05-05 23:45:00+00:00
2025-05-06,PIT,STL,Pirates at Cardinals,06:45 PM,2025-05-06 23:45:00+00:00
2025-05-07,PIT,STL,Pirates at Cardinals,12:15 PM,2025-05-07 17:15:00+00:00
2025-05-23,ARI,STL,D-backs at Cardinals,07:15 PM,2025-05-24 00:15:00+00:00
2025-05-24,ARI,STL,D-backs at Cardinals,01:15 PM,2025-05-24 18:15:00+00:00
2025-05-25,ARI,STL,D-backs at Cardinals,01:15 PM,2025-05-25 18:15:00+00:00
2025-06-06,LAD,STL,Dodgers at Cardinals,07:15 PM,2025-06-07 00:15:00+00:00
2025-06-07,LAD,STL,Dodgers at Cardinals,01:15 PM,2025-06-07 18:15:00+00:00
2025-06-08,LAD,STL,Dodgers at Cardinals,01:15 PM,2025-06-08 18:15:00+00:00
2025-06-20,CIN,STL,Reds at Cardinals,07:15 PM,2025-06-21 00:15:00+00:00
2025-06-21,CIN,STL,Reds at Cardinals,01:15 PM,2025-06-21 18:15:00+00:00
2025-06-22,CIN,STL,Reds at Cardinals,01:15 PM,2025-06-22 18:15:00+00:00
2025-06-23,CHC,STL,Cubs at Cardinals,06:45 PM,2025-06-23 23:45:00+00:00
2025-06-24,CHC,STL,Cubs at Cardinals,06:45 PM,2025-06-24 23:45:00+00:00
2025-06-25,CHC,STL,Cubs at Cardinals,06:45 PM,2025-06-25 23:45:00+00:00
2025-06-26,CHC,STL,Cubs at Cardinals,01:15 PM,2025-06-26 18:15:00+00:00
2025-06-30,STL,PIT,Cardinals at Pirates,05:40 PM,2025-06-30 22:40:00+00:00
2025-07-01,STL,PIT,Cardinals at Pirates,05:40 PM,2025-07-01 22:40:00+00:00
2025-07-02,STL,PIT,Cardinals at Pirates,11:35 AM,2025-07-02 16:35:00+00:00
2025-07-04,STL,CHC,Cardinals at Cubs,01:20 PM,2025-07-04 18:20:00+00:00
2025-07-05,STL,CHC,Cardinals at Cubs,01:20 PM,2025-07-05 18:20:00+00:00
2025-07-06,STL,CHC,Cardinals at Cubs,01:20 PM,2025-07-06 18:20:00+00:00
2025-07-18,STL,ARI,Cardinals at D-backs,08:40 PM,2025-07-19 01:40:00+00:00
2025-07-19,STL,ARI,Cardinals at D-backs,06:15 PM,2025-07-19 23:15:00+00:00
2025-07-20,STL,ARI,Cardinals at D-backs,03:10 PM,2025-07-20 20:10:00+00:00
2025-07-21,STL,COL,Cardinals at Rockies,07:40 PM,2025-07-22 00:40:00+00:00
2025-07-22,STL,COL,Cardinals at Rockies,07:40 PM,2025-07-23 00:40:00+00:00
2025-07-23,STL,COL,Cardinals at Rockies,02:10 PM,2025-07-23 19:10:00+00:00
2025-07-24,SDP,STL,Padres at Cardinals,06:45 PM,2025-07-24 23:45:00+00:00
2025-07-25,SDP,STL,Padres at Cardinals,07:15 PM,2025-07-26 00:15:00+00:00
2025-07-26,SDP,STL,Padres at Cardinals,06:15 PM,2025-07-26 23:15:00+00:00
2025-07-27,SDP,STL,Padres at Cardinals,01:15 PM,2025-07-27 18:15:00+00:00
2025-08-01,STL,SDP,Cardinals at Padres,08:40 PM,2025-08-02 01:40:00+00:00
2025-08-02,STL,SDP,Cardinals at Padres,09:10 PM,2025-08-03 02:10:00+00:00
2025-08-03,STL,SDP,Cardinals at Padres,03:10 PM,2025-08-03 20:10:00+00:00
2025-08-04,STL,LAD,Cardinals at Dodgers,09:10 PM,2025-08-05 02:10:00+00:00
2025-08-05,STL,LAD,Cardinals at Dodgers,09:10 PM,2025-08-06 02:10:00+00:00
2025-08-06,STL,LAD,Cardinals at Dodgers,03:10 PM,2025-08-06 20:10:00+00:00
2025-08-08,CHC,STL,Cubs at Cardinals,07:15 PM,2025-08-09 00:15:00+00:00
2025-08-09,CHC,STL,Cubs at Cardinals,06:15 PM,2025-08-09 23:15:00+00:00
2025-08-10,CHC,STL,Cubs at Cardinals,01:15 PM,2025-08-10 18:15:00+00:00
2025-08-11,COL,STL,Rockies at Cardinals,06:45 PM,2025-08-11 23:45:00+00:00
2025-08-12,COL,STL,Rockies at Cardinals,06:45 PM,2025-08-12 23:45:00+00:00
2025-08-13,COL,STL,Rockies at Cardinals,01:15 PM,2025-08-13 18:15:00+00:00
2025-08-25,PIT,STL,Pirates at Cardinals,06:45 PM,2025-08-25 23:45:00+00:00
2025-08-26,PIT,STL,Pirates at Cardinals,06:45 PM,2025-08-26 23:45:00+00:00
2025-08-27,PIT,STL,Pirates at Cardinals,06:45 PM,2025-08-27 23:45:00+00:00
2025-08-28,PIT,STL,Pirates at Cardinals,01:15 PM,2025-08-28 18:15:00+00:00
2025-08-29,STL,CIN,Cardinals at Reds,05:40 PM,2025-08-29 22:40:00+00:00
2025-08-30,STL,CIN,Cardinals at Reds,05:40 PM,2025-08-30 22:40:00+00:00
2025-08-31,STL,CIN,Cardinals at Reds,11:10 AM,2025-08-31 16:10:00+00:00
2025-09-05,SFG,STL,Giants at Cardinals,07:15 PM,2025-09-06 00:15:00+00:00
2025-09-06,SFG,STL,Giants at Cardinals,06:15 PM,2025-09-06 23:15:00+00:00
2025-09-07,SFG,STL,Giants at Cardinals,01:15 PM,2025-09-07 18:15:00+00:00
2025-09-15,CIN,STL,Reds at Cardinals,06:45 PM,2025-09-15 23:45:00+00:00
2025-09-16,CIN,STL,Reds at Cardinals,06:45 PM,2025-09-16 23:45:00+00:00
2025-09-17,CIN,STL,Reds at Cardinals,12:15 PM,2025-09-17 17:15:00+00:00
2025-09-22,STL,SFG,Cardinals at Giants,08:45 PM,2025-09-23 01:45:00+00:00
2025-09-23,STL,SFG,Cardinals at Giants,08:45 PM,2025-09-24 01:45:00+00:00
2025-09-24,STL,SFG,Cardinals at Giants,08:45 PM,2025-09-25 01:45:00+00:00
2025-09-26,STL,CHC,Cardinals at Cubs,01:20 PM,2025-09-26 18:20:00+00:00
2025-09-27,STL,CHC,Cardinals at Cubs,01:20 PM,2025-09-27 18:20:00+00:00
2025-09-28,STL,CHC,Cardinals at Cubs,02:20 PM,2025-09-28 19:20:00+00:00
2025-03-19,LAD,CHC,Dodgers at Cubs,12:00 AM,2025-03-19 05:00:00+00:00
2025-03-27,CHC,ARI,Cubs at D-backs,09:10 PM,2025-03-28 02:10:00+00:00
2025-03-28,CHC,ARI,Cubs at D-backs,08:40 PM,2025-03-29 01:40:00+00:00
2025-03-29,CHC,ARI,Cubs at D-backs,07:10 PM,2025-03-30 00:10:00+00:00
2025-03-30,CHC,ARI,Cubs at D-backs,03:10 PM,2025-03-30 20:10:00+00:00
2025-04-04,SDP,CHC,Padres at Cubs,01:20 PM,2025-04-04 18:20:00+00:00
2025-04-05,SDP,CHC,Padres at Cubs,01:20 PM,2025-04-05 18:20:00+00:00
2025-04-06,SDP,CHC,Padres at Cubs,01:20 PM,2025-04-06 18:20:00+00:00
2025-04-11,CHC,LAD,Cubs at Dodgers,09:10 PM,2025-04-12 02:10:00+00:00
2025-04-12,CHC,LAD,Cubs at Dodgers,08:10 PM,2025-04-13 01:10:00+00:00
2025-04-13,CHC,LAD,Cubs at Dodgers,03:10 PM,2025-04-13 20:10:00+00:00
2025-04-14,CHC,SDP,Cubs at Padres,08:40 PM,2025-04-15 01:40:00+00:00
2025-04-15,CHC,SDP,Cubs at Padres,08:40 PM,2025-04-16 01:40:00+00:00
2025-04-16,CHC,SDP,Cubs at Padres,03:10 PM,2025-04-16 20:10:00+00:00
2025-04-18,ARI,CHC,D-backs at Cubs,01:20 PM,2025-04-18 18:20:00+00:00
2025-04-19,ARI,CHC,D-backs at Cubs,01:20 PM,2025-04-19 18:20:00+00:00
2025-04-20,ARI,CHC,D-backs at Cubs,01:20 PM,2025-04-20 18:20:00+00:00
2025-04-22,LAD,CHC,Dodgers at Cubs,06:40 PM,2025-04-22 23:40:00+00:00
2025-04-23,LAD,CHC,Dodgers at Cubs,06:00 PM,2025-04-23 23:00:00+00:00
2025-04-29,CHC,PIT,Cubs at Pirates,05:40 PM,2025-04-29 22:40:00+00:00
2025-04-30,CHC,PIT,Cubs at Pirates,05:40 PM,2025-04-30 22:40:00+00:00
2025-05-01,CHC,PIT,Cubs at Pirates,11:35 AM,2025-05-01 16:35:00+00:00
2025-05-05,SFG,CHC,Giants at Cubs,06:40 PM,2025-05-05 23:40:00+00:00
2025-05-06,SFG,CHC,Giants at Cubs,06:40 PM,2025-05-06 23:40:00+00:00
2025-05-07,SFG,CHC,Giants at Cubs,01:20 PM,2025-05-07 18:20:00+00:00
2025-05-23,CHC,CIN,Cubs at Reds,05:40 PM,2025-05-23 22:40:00+00:00
2025-05-24,CHC,CIN,Cubs at Reds,03:10 PM,2025-05-24 20:10:00+00:00
2025-05-25,CHC,CIN,Cubs at Reds,12:40 PM,2025-05-25 17:40:00+00:00
2025-05-26,COL,CHC,Rockies at Cubs,01:20 PM,2025-05-26 18:20:00+00:00
2025-05-27,COL,CHC,Rockies at Cubs,07:05 PM,2025-05-28 00:05:00+00:00
2025-05-28,COL,CHC,Rockies at Cubs,07:05 PM,2025-05-29 00:05:00+00:00
2025-05-30,CIN,CHC,Reds at Cubs,01:20 PM,2025-05-30 18:20:00+00:00
2025-05-31,CIN,CHC,Reds at Cubs,01:20 PM,2025-05-31 18:20:00+00:00
2025-06-01,CIN,CHC,Reds at Cubs,01:20 PM,2025-06-01 18:20:00+00:00
2025-06-12,PIT,CHC,Pirates at Cubs,07:05 PM,2025-06-13 00:05:00+00:00
2025-06-13,PIT,CHC,Pirates at Cubs,01:20 PM,2025-06-13 18:20:00+00:00
2025-06-14,PIT,CHC,Pirates at Cubs,01:20 PM,2025-06-14 18:20:00+00:00
2025-06-15,PIT,CHC,Pirates at Cubs,01:20 PM,2025-06-15 18:20:00+00:00
2025-08-04,CIN,CHC,Reds at Cubs,07:05 PM,2025-08-05 00:05:00+00:00
2025-08-05,CIN,CHC,Reds at Cubs,07:05 PM,2025-08-06 00:05:00+00:00
2025-08-06,CIN,CHC,Reds at Cubs,01:20 PM,2025-08-06 18:20:00+00:00
2025-08-15,PIT,CHC,Pirates at Cubs,01:20 PM,2025-08-15 18:20:00+00:00
2025-08-16,PIT,CHC,Pirates at Cubs,01:20 PM,2025-08-16 18:20:00+00:00
2025-08-17,PIT,CHC,Pirates at Cubs,01:20 PM,2025-08-17 18:20:00+00:00
2025-08-26,CHC,SFG,Cubs at Giants,08:45 PM,2025-08-27 01:45:00+00:00
2025-08-27,CHC,SFG,Cubs at Giants,08:45 PM,2025-08-28 01:45:00+00:00
2025-08-28,CHC,SFG,Cubs at Giants,02:45 PM,2025-08-28 19:45:00+00:00
2025-08-29,CHC,COL,Cubs at Rockies,07:40 PM,2025-08-30 00:40:00+00:00
2025-08-30,CHC,COL,Cubs at Rockies,07:10 PM,2025-08-31 00:10:00+00:00
2025-08-31,CHC,COL,Cubs at Rockies,02:10 PM,2025-08-31 19:10:00+00:00
2025-09-15,CHC,PIT,Cubs at Pirates,05:40 PM,2025-09-15 22:40:00+00:00
2025-09-16,CHC,PIT,Cubs at Pirates,05:40 PM,2025-09-16 22:40:00+00:00
2025-09-17,CHC,PIT,Cubs at Pirates,11:35 AM,2025-09-17 16:35:00+00:00
2025-09-18,CHC,CIN,Cubs at Reds,06:15 PM,2025-09-18 23:15:00+00:00
2025-09-19,CHC,CIN,Cubs at Reds,05:40 PM,2025-09-19 22:40:00+00:00
2025-09-20,CHC,CIN,Cubs at Reds,05:40 PM,2025-09-20 22:40:00+00:00
2025-09-21,CHC,CIN,Cubs at Reds,12:40 PM,2025-09-21 17:40:00+00:00
2025-04-11,PIT,CIN,Pirates at Reds,06:40 PM,2025-04-11 22:40:00+00:00
2025-04-12,PIT,CIN,Pirates at Reds,06:40 PM,2025-04-12 22:40:00+00:00
2025-04-13,PIT,CIN,Pirates at Reds,01:40 PM,2025-04-13 17:40:00+00:00
2025-04-25,PIT,LAD,Pirates at Dodgers,10:10 PM,2025-04-26 02:10:00+00:00
2025-04-26,PIT,LAD,Pirates at Dodgers,09:10 PM,2025-04-27 01:10:00+00:00
2025-04-27,PIT,LAD,Pirates at Dodgers,04:10 PM,2025-04-27 20:10:00+00:00
2025-05-02,SDP,PIT,Padres at Pirates,06:40 PM,2025-05-02 22:40:00+00:00
2025-05-03,SDP,PIT,Padres at Pirates,04:05 PM,2025-05-03 20:05:00+00:00
2025-05-04,SDP,PIT,Padres at Pirates,01:35 PM,2025-05-04 17:35:00+00:00
2025-05-19,CIN,PIT,Reds at Pirates,06:40 PM,2025-05-19 22:40:00+00:00
2025-05-20,CIN,PIT,Reds at Pirates,06:40 PM,2025-05-20 22:40:00+00:00
2025-05-21,CIN,PIT,Reds at Pirates,12:35 PM,2025-05-21 16:35:00+00:00
2025-05-26,PIT,ARI,Pirates at D-backs,08:10 PM,2025-05-27 00:10:00+00:00
2025-05-27,PIT,ARI,Pirates at D-backs,09:40 PM,2025-05-28 01:40:00+00:00
2025-05-28,PIT,ARI,Pirates at D-backs,03:40 PM,2025-05-28 19:40:00+00:00
2025-05-30,PIT,SDP,Pirates at Padres,09:40 PM,2025-05-31 01:40:00+00:00
2025-05-31,PIT,SDP,Pirates at Padres,09:40 PM,2025-06-01 01:40:00+00:00
2025-06-01,PIT,SDP,Pirates at Padres,05:10 PM,2025-06-01 21:10:00+00:00
2025-07-25,ARI,PIT,D-backs at Pirates,06:40 PM,2025-07-25 22:40:00+00:00
2025-07-26,ARI,PIT,D-backs at Pirates,06:40 PM,2025-07-26 22:40:00+00:00
2025-07-27,ARI,PIT,D-backs at Pirates,01:35 PM,2025-07-27 17:35:00+00:00
2025-07-28,PIT,SFG,Pirates at Giants,09:45 PM,2025-07-29 01:45:00+00:00
2025-07-29,PIT,SFG,Pirates at Giants,09:45 PM,2025-07-30 01:45:00+00:00
2025-07-30,PIT,SFG,Pirates at Giants,03:45 PM,2025-07-30 19:45:00+00:00
2025-08-01,PIT,COL,Pirates at Rockies,08:40 PM,2025-08-02 00:40:00+00:00
2025-08-02,PIT,COL,Pirates at Rockies,03:10 PM,2025-08-02 19:10:00+00:00
2025-08-03,PIT,COL,Pirates at Rockies,03:10 PM,2025-08-03 19:10:00+00:00
2025-08-04,SFG,PIT,Giants at Pirates,06:40 PM,2025-08-04 22:40:00+00:00
2025-08-05,SFG,PIT,Giants at Pirates,06:40 PM,2025-08-05 22:40:00+00:00
2025-08-06,SFG,PIT,Giants at Pirates,12:35 PM,2025-08-06 16:35:00+00:00
2025-08-07,CIN,PIT,Reds at Pirates,06:40 PM,2025-08-07 22:40:00+00:00
2025-08-08,CIN,PIT,Reds at Pirates,06:40 PM,2025-08-08 22:40:00+00:00
2025-08-09,CIN,PIT,Reds at Pirates,06:40 PM,2025-08-09 22:40:00+00:00
2025-08-10,CIN,PIT,Reds at Pirates,01:35 PM,2025-08-10 17:35:00+00:00
2025-08-22,COL,PIT,Rockies at Pirates,06:40 PM,2025-08-22 22:40:00+00:00
2025-08-23,COL,PIT,Rockies at Pirates,06:40 PM,2025-08-23 22:40:00+00:00
2025-08-24,COL,PIT,Rockies at Pirates,01:35 PM,2025-08-24 17:35:00+00:00
2025-09-02,LAD,PIT,Dodgers at Pirates,06:40 PM,2025-09-02 22:40:00+00:00
2025-09-03,LAD,PIT,Dodgers at Pirates,06:40 PM,2025-09-03 22:40:00+00:00
2025-09-04,LAD,PIT,Dodgers at Pirates,06:40 PM,2025-09-04 22:40:00+00:00
2025-09-23,PIT,CIN,Pirates at Reds,06:40 PM,2025-09-23 22:40:00+00:00
2025-09-24,PIT,CIN,Pirates at Reds,06:40 PM,2025-09-24 22:40:00+00:00
2025-09-25,PIT,CIN,Pirates at Reds,12:40 PM,2025-09-25 16:40:00+00:00
2025-03-27,SFG,CIN,Giants at Reds,04:10 PM,2025-03-27 20:10:00+00:00
2025-03-29,SFG,CIN,Giants at Reds,04:10 PM,2025-03-29 20:10:00+00:00
2025-03-30,SFG,CIN,Giants at Reds,01:40 PM,2025-03-30 17:40:00+00:00
2025-04-07,CIN,SFG,Reds at Giants,09:45 PM,2025-04-08 01:45:00+00:00
2025-04-08,CIN,SFG,Reds at Giants,09:45 PM,2025-04-09 01:45:00+00:00
2025-04-09,CIN,SFG,Reds at Giants,03:45 PM,2025-04-09 19:45:00+00:00
2025-04-25,CIN,COL,Reds at Rockies,08:40 PM,2025-04-26 00:40:00+00:00
2025-04-26,CIN,COL,Reds at Rockies,03:10 PM,2025-04-26 19:10:00+00:00
2025-04-27,CIN,COL,Reds at Rockies,03:10 PM,2025-04-27 19:10:00+00:00
2025-06-06,ARI,CIN,D-backs at Reds,07:10 PM,2025-06-06 23:10:00+00:00
2025-06-07,ARI,CIN,D-backs at Reds,04:10 PM,2025-06-07 20:10:00+00:00
2025-06-08,ARI,CIN,D-backs at Reds,01:40 PM,2025-06-08 17:40:00+00:00
2025-06-27,SDP,CIN,Padres at Reds,07:10 PM,2025-06-27 23:10:00+00:00
2025-06-28,SDP,CIN,Padres at Reds,04:10 PM,2025-06-28 20:10:00+00:00
2025-06-29,SDP,CIN,Padres at Reds,01:40 PM,2025-06-29 17:40:00+00:00
2025-07-11,COL,CIN,Rockies at Reds,07:10 PM,2025-07-11 23:10:00+00:00
2025-07-12,COL,CIN,Rockies at Reds,04:10 PM,2025-07-12 20:10:00+00:00
2025-07-13,COL,CIN,Rockies at Reds,01:40 PM,2025-07-13 17:40:00+00:00
2025-07-28,LAD,CIN,Dodgers at Reds,07:10 PM,2025-07-28 23:10:00+00:00
2025-07-29,LAD,CIN,Dodgers at Reds,07:10 PM,2025-07-29 23:10:00+00:00
2025-07-30,LAD,CIN,Dodgers at Reds,07:10 PM,2025-07-30 23:10:00+00:00
2025-08-22,CIN,ARI,Reds at D-backs,09:40 PM,2025-08-23 01:40:00+00:00
2025-08-23,CIN,ARI,Reds at D-backs,08:10 PM,2025-08-24 00:10:00+00:00
2025-08-24,CIN,ARI,Reds at D-backs,04:10 PM,2025-08-24 20:10:00+00:00
2025-08-25,CIN,LAD,Reds at Dodgers,10:10 PM,2025-08-26 02:10:00+00:00
2025-08-26,CIN,LAD,Reds at Dodgers,10:10 PM,2025-08-27 02:10:00+00:00
2025-08-27,CIN,LAD,Reds at Dodgers,08:40 PM,2025-08-28 00:40:00+00:00
2025-09-08,CIN,SDP,Reds at Padres,09:40 PM,2025-09-09 01:40:00+00:00
2025-09-09,CIN,SDP,Reds at Padres,09:40 PM,2025-09-10 01:40:00+00:00
2025-09-10,CIN,SDP,Reds at Padres,08:40 PM,2025-09-11 00:40:00+00:00
2025-05-08,LAD,ARI,Dodgers at D-backs,06:40 PM,2025-05-09 00:40:00+00:00
2025-05-09,LAD,ARI,Dodgers at D-backs,06:40 PM,2025-05-10 00:40:00+00:00
2025-05-10,LAD,ARI,Dodgers at D-backs,05:10 PM,2025-05-10 23:10:00+00:00
2025-05-11,LAD,ARI,Dodgers at D-backs,01:10 PM,2025-05-11 19:10:00+00:00
2025-05-12,ARI,SFG,D-backs at Giants,06:45 PM,2025-05-13 00:45:00+00:00
2025-05-13,ARI,SFG,D-backs at Giants,06:45 PM,2025-05-14 00:45:00+00:00
2025-05-14,ARI,SFG,D-backs at Giants,12:45 PM,2025-05-14 18:45:00+00:00
2025-05-16,COL,ARI,Rockies at D-backs,06:40 PM,2025-05-17 00:40:00+00:00
2025-05-17,COL,ARI,Rockies at D-backs,05:10 PM,2025-05-17 23:10:00+00:00
2025-05-18,COL,ARI,Rockies at D-backs,01:10 PM,2025-05-18 19:10:00+00:00
2025-05-19,ARI,LAD,D-backs at Dodgers,07:10 PM,2025-05-20 01:10:00+00:00
2025-05-20,ARI,LAD,D-backs at Dodgers,07:10 PM,2025-05-21 01:10:00+00:00
2025-05-21,ARI,LAD,D-backs at Dodgers,07:10 PM,2025-05-22 01:10:00+00:00
2025-06-13,SDP,ARI,Padres at D-backs,06:40 PM,2025-06-14 00:40:00+00:00
2025-06-14,SDP,ARI,Padres at D-backs,04:15 PM,2025-06-14 22:15:00+00:00
2025-06-15,SDP,ARI,Padres at D-backs,01:10 PM,2025-06-15 19:10:00+00:00
2025-06-20,ARI,COL,D-backs at Rockies,05:40 PM,2025-06-20 23:40:00+00:00
2025-06-21,ARI,COL,D-backs at Rockies,05:10 PM,2025-06-21 23:10:00+00:00
2025-06-22,ARI,COL,D-backs at Rockies,12:10 PM,2025-06-22 18:10:00+00:00
2025-06-30,SFG,ARI,Giants at D-backs,06:40 PM,2025-07-01 00:40:00+00:00
2025-07-01,SFG,ARI,Giants at D-backs,06:40 PM,2025-07-02 00:40:00+00:00
2025-07-02,SFG,ARI,Giants at D-backs,06:40 PM,2025-07-03 00:40:00+00:00
2025-07-03,SFG,ARI,Giants at D-backs,06:40 PM,2025-07-04 00:40:00+00:00
2025-07-07,ARI,SDP,D-backs at Padres,06:40 PM,2025-07-08 00:40:00+00:00
2025-07-08,ARI,SDP,D-backs at Padres,06:40 PM,2025-07-09 00:40:00+00:00
2025-07-09,ARI,SDP,D-backs at Padres,06:40 PM,2025-07-10 00:40:00+00:00
2025-07-10,ARI,SDP,D-backs at Padres,06:40 PM,2025-07-11 00:40:00+00:00
2025-08-04,SDP,ARI,Padres at D-backs,06:40 PM,2025-08-05 00:40:00+00:00
2025-08-05,SDP,ARI,Padres at D-backs,06:40 PM,2025-08-06 00:40:00+00:00
2025-08-06,SDP,ARI,Padres at D-backs,06:40 PM,2025-08-07 00:40:00+00:00
2025-08-08,COL,ARI,Rockies at D-backs,06:40 PM,2025-08-09 00:40:00+00:00
2025-08-09,COL,ARI,Rockies at D-backs,05:10 PM,2025-08-09 23:10:00+00:00
2025-08-10,COL,ARI,Rockies at D-backs,01:10 PM,2025-08-10 19:10:00+00:00
2025-08-14,ARI,COL,D-backs at Rockies,05:40 PM,2025-08-14 23:40:00+00:00
2025-08-15,ARI,COL,D-backs at Rockies,05:40 PM,2025-08-15 23:40:00+00:00
2025-08-16,ARI,COL,D-backs at Rockies,05:10 PM,2025-08-16 23:10:00+00:00
2025-08-17,ARI,COL,D-backs at Rockies,12:10 PM,2025-08-17 18:10:00+00:00
2025-08-29,ARI,LAD,D-backs at Dodgers,07:10 PM,2025-08-30 01:10:00+00:00
2025-08-30,ARI,LAD,D-backs at Dodgers,06:10 PM,2025-08-31 00:10:00+00:00
2025-08-31,ARI,LAD,D-backs at Dodgers,01:10 PM,2025-08-31 19:10:00+00:00
2025-09-08,ARI,SFG,D-backs at Giants,06:45 PM,2025-09-09 00:45:00+00:00
2025-09-09,ARI,SFG,D-backs at Giants,06:45 PM,2025-09-10 00:45:00+00:00
2025-09-10,ARI,SFG,D-backs at Giants,12:45 PM,2025-09-10 18:45:00+00:00
2025-09-15,SFG,ARI,Giants at D-backs,06:40 PM,2025-09-16 00:40:00+00:00
2025-09-16,SFG,ARI,Giants at D-backs,06:40 PM,2025-09-17 00:40:00+00:00
2025-09-17,SFG,ARI,Giants at D-backs,12:40 PM,2025-09-17 18:40:00+00:00
2025-09-23,LAD,ARI,Dodgers at D-backs,06:40 PM,2025-09-24 00:40:00+00:00
2025-09-24,LAD,ARI,Dodgers at D-backs,06:40 PM,2025-09-25 00:40:00+00:00
2025-09-25,LAD,ARI,Dodgers at D-backs,12:40 PM,2025-09-25 18:40:00+00:00
2025-09-26,ARI,SDP,D-backs at Padres,06:40 PM,2025-09-27 00:40:00+00:00
2025-09-27,ARI,SDP,D-backs at Padres,05:40 PM,2025-09-27 23:40:00+00:00
2025-09-28,ARI,SDP,D-backs at Padres,12:10 PM,2025-09-28 18:10:00+00:00
2025-03-18,LAD,CHC,Dodgers at Cubs,12:00 AM,2025-03-18 07:00:00+00:00
2025-04-14,COL,LAD,Rockies at Dodgers,07:10 PM,2025-04-15 02:10:00+00:00
2025-04-15,COL,LAD,Rockies at Dodgers,07:10 PM,2025-04-16 02:10:00+00:00
2025-04-16,COL,LAD,Rockies at Dodgers,07:10 PM,2025-04-17 02:10:00+00:00
2025-06-09,LAD,SDP,Dodgers at Padres,06:40 PM,2025-06-10 01:40:00+00:00
2025-06-10,LAD,SDP,Dodgers at Padres,06:40 PM,2025-06-11 01:40:00+00:00
2025-06-11,LAD,SDP,Dodgers at Padres,01:10 PM,2025-06-11 20:10:00+00:00
2025-06-13,SFG,LAD,Giants at Dodgers,07:10 PM,2025-06-14 02:10:00+00:00
2025-06-14,SFG,LAD,Giants at Dodgers,07:10 PM,2025-06-15 02:10:00+00:00
2025-06-15,SFG,LAD,Giants at Dodgers,01:10 PM,2025-06-15 20:10:00+00:00
2025-06-16,SDP,LAD,Padres at Dodgers,07:10 PM,2025-06-17 02:10:00+00:00
2025-06-17,SDP,LAD,Padres at Dodgers,07:10 PM,2025-06-18 02:10:00+00:00
2025-06-18,SDP,LAD,Padres at Dodgers,07:10 PM,2025-06-19 02:10:00+00:00
2025-06-19,SDP,LAD,Padres at Dodgers,07:10 PM,2025-06-20 02:10:00+00:00
2025-06-24,LAD,COL,Dodgers at Rockies,05:40 PM,2025-06-25 00:40:00+00:00
2025-06-25,LAD,COL,Dodgers at Rockies,05:40 PM,2025-06-26 00:40:00+00:00
2025-06-26,LAD,COL,Dodgers at Rockies,12:10 PM,2025-06-26 19:10:00+00:00
2025-07-11,LAD,SFG,Dodgers at Giants,07:15 PM,2025-07-12 02:15:00+00:00
2025-07-12,LAD,SFG,Dodgers at Giants,12:00 AM,2025-07-12 07:00:00+00:00
2025-07-13,LAD,SFG,Dodgers at Giants,01:05 PM,2025-07-13 20:05:00+00:00
2025-08-15,SDP,LAD,Padres at Dodgers,07:10 PM,2025-08-16 02:10:00+00:00
2025-08-16,SDP,LAD,Padres at Dodgers,06:10 PM,2025-08-17 01:10:00+00:00
2025-08-17,SDP,LAD,Padres at Dodgers,01:10 PM,2025-08-17 20:10:00+00:00
2025-08-18,LAD,COL,Dodgers at Rockies,05:40 PM,2025-08-19 00:40:00+00:00
2025-08-19,LAD,COL,Dodgers at Rockies,05:40 PM,2025-08-20 00:40:00+00:00
2025-08-20,LAD,COL,Dodgers at Rockies,05:40 PM,2025-08-21 00:40:00+00:00
2025-08-21,LAD,COL,Dodgers at Rockies,12:10 PM,2025-08-21 19:10:00+00:00
2025-08-22,LAD,SDP,Dodgers at Padres,06:40 PM,2025-08-23 01:40:00+00:00
2025-08-23,LAD,SDP,Dodgers at Padres,05:40 PM,2025-08-24 00:40:00+00:00
2025-08-24,LAD,SDP,Dodgers at Padres,01:10 PM,2025-08-24 20:10:00+00:00
2025-09-08,COL,LAD,Rockies at Dodgers,07:10 PM,2025-09-09 02:10:00+00:00
2025-09-09,COL,LAD,Rockies at Dodgers,07:10 PM,2025-09-10 02:10:00+00:00
2025-09-10,COL,LAD,Rockies at Dodgers,07:10 PM,2025-09-11 02:10:00+00:00
2025-09-12,LAD,SFG,Dodgers at Giants,07:15 PM,2025-09-13 02:15:00+00:00
2025-09-13,LAD,SFG,Dodgers at Giants,12:00 AM,2025-09-13 07:00:00+00:00
2025-09-14,LAD,SFG,Dodgers at Giants,01:05 PM,2025-09-14 20:05:00+00:00
2025-09-18,SFG,LAD,Giants at Dodgers,07:10 PM,2025-09-19 02:10:00+00:00
2025-09-19,SFG,LAD,Giants at Dodgers,07:10 PM,2025-09-20 02:10:00+00:00
2025-09-20,SFG,LAD,Giants at Dodgers,06:10 PM,2025-09-21 01:10:00+00:00
2025-09-21,SFG,LAD,Giants at Dodgers,01:10 PM,2025-09-21 20:10:00+00:00
2025-04-29,SFG,SDP,Giants at Padres,06:40 PM,2025-04-30 01:40:00+00:00
2025-04-30,SFG,SDP,Giants at Padres,01:10 PM,2025-04-30 20:10:00+00:00
2025-05-01,COL,SFG,Rockies at Giants,12:00 AM,2025-05-01 07:00:00+00:00
2025-05-02,COL,SFG,Rockies at Giants,07:15 PM,2025-05-03 02:15:00+00:00
2025-05-03,COL,SFG,Rockies at Giants,12:00 AM,2025-05-03 07:00:00+00:00
2025-05-04,COL,SFG,Rockies at Giants,01:05 PM,2025-05-04 20:05:00+00:00
2025-06-02,SDP,SFG,Padres at Giants,06:45 PM,2025-06-03 01:45:00+00:00
2025-06-03,SDP,SFG,Padres at Giants,06:45 PM,2025-06-04 01:45:00+00:00
2025-06-04,SDP,SFG,Padres at Giants,06:45 PM,2025-06-05 01:45:00+00:00
2025-06-05,SDP,SFG,Padres at Giants,12:45 PM,2025-06-05 19:45:00+00:00
2025-06-10,SFG,COL,Giants at Rockies,05:40 PM,2025-06-11 00:40:00+00:00
2025-06-11,SFG,COL,Giants at Rockies,05:40 PM,2025-06-12 00:40:00+00:00
2025-06-12,SFG,COL,Giants at Rockies,12:10 PM,2025-06-12 19:10:00+00:00
2025-08-11,SDP,SFG,Padres at Giants,06:45 PM,2025-08-12 01:45:00+00:00
2025-08-12,SDP,SFG,Padres at Giants,06:45 PM,2025-08-13 01:45:00+00:00
2025-08-13,SDP,SFG,Padres at Giants,12:45 PM,2025-08-13 19:45:00+00:00
2025-08-18,SFG,SDP,Giants at Padres,06:40 PM,2025-08-19 01:40:00+00:00
2025-08-19,SFG,SDP,Giants at Padres,06:40 PM,2025-08-20 01:40:00+00:00
2025-08-20,SFG,SDP,Giants at Padres,06:40 PM,2025-08-21 01:40:00+00:00
2025-08-21,SFG,SDP,Giants at Padres,01:10 PM,2025-08-21 20:10:00+00:00
2025-09-01,SFG,COL,Giants at Rockies,01:10 PM,2025-09-01 20:10:00+00:00
2025-09-02,SFG,COL,Giants at Rockies,05:40 PM,2025-09-03 00:40:00+00:00
2025-09-03,SFG,COL,Giants at Rockies,05:40 PM,2025-09-04 00:40:00+00:00
2025-09-26,COL,SFG,Rockies at Giants,07:15 PM,2025-09-27 02:15:00+00:00
2025-09-27,COL,SFG,Rockies at Giants,12:00 AM,2025-09-27 07:00:00+00:00
2025-09-28,COL,SFG,Rockies at Giants,12:05 PM,2025-09-28 19:05:00+00:00
2025-04-11,COL,SDP,Rockies at Padres,06:40 PM,2025-04-12 01:40:00+00:00
2025-04-12,COL,SDP,Rockies at Padres,05:40 PM,2025-04-13 00:40:00+00:00
2025-04-13,COL,SDP,Rockies at Padres,01:10 PM,2025-04-13 20:10:00+00:00
2025-05-09,SDP,COL,Padres at Rockies,05:40 PM,2025-05-10 00:40:00+00:00
2025-05-10,SDP,COL,Padres at Rockies,05:10 PM,2025-05-11 00:10:00+00:00
2025-05-11,SDP,COL,Padres at Rockies,12:10 PM,2025-05-11 19:10:00+00:00
2025-09-05,SDP,COL,Padres at Rockies,05:40 PM,2025-09-06 00:40:00+00:00
2025-09-06,SDP,COL,Padres at Rockies,05:10 PM,2025-09-07 00:10:00+00:00
2025-09-07,SDP,COL,Padres at Rockies,12:10 PM,2025-09-07 19:10:00+00:00
2025-09-11,COL,SDP,Rockies at Padres,06:40 PM,2025-09-12 01:40:00+00:00
2025-09-12,COL,SDP,Rockies at Padres,06:40 PM,2025-09-13 01:40:00+00:00
2025-09-13,COL,SDP,Rockies at Padres,05:40 PM,2025-09-14 00:40:00+00:00
2025-09-14,COL,SDP,Rockies at Padres,01:10 PM,2025-09-14 20:10:00+00:00
