START DATE,away,home,SUBJECT,START TIME ET,datetime
2026-03-27,ATH,TOR,Athletics at Blue Jays,07:07 PM,2026-03-27 19:07:00+00:00
2026-03-28,ATH,TOR,Athletics at Blue Jays,03:07 PM,2026-03-28 15:07:00+00:00
2026-03-29,ATH,TOR,Athletics at Blue Jays,01:37 PM,2026-03-29 13:37:00+00:00
2026-03-30,COL,TOR,Rockies at Blue Jays,07:07 PM,2026-03-30 19:07:00+00:00
2026-03-31,COL,TOR,Rockies at Blue Jays,07:07 PM,2026-03-31 19:07:00+00:00
2026-04-01,COL,TOR,Rockies at Blue Jays,01:07 PM,2026-04-01 13:07:00+00:00
2026-04-02,TOR,CHW,Blue Jays at White Sox,04:10 PM,2026-04-02 16:10:00+00:00
2026-04-04,TOR,CHW,Blue Jays at White Sox,02:10 PM,2026-04-04 14:10:00+00:00
2026-04-05,TOR,CHW,Blue Jays at White Sox,02:10 PM,2026-04-05 14:10:00+00:00
2026-04-06,LAD,TOR,Dodgers at Blue Jays,07:07 PM,2026-04-06 19:07:00+00:00
2026-04-07,LAD,TOR,Dodgers at Blue Jays,07:07 PM,2026-04-07 19:07:00+00:00
2026-04-08,LAD,TOR,Dodgers at Blue Jays,03:07 PM,2026-04-08 15:07:00+00:00
2026-04-10,MIN,TOR,Twins at Blue Jays,07:07 PM,2026-04-10 19:07:00+00:00
2026-04-11,MIN,TOR,Twins at Blue Jays,03:07 PM,2026-04-11 15:07:00+00:00
2026-04-12,MIN,TOR,Twins at Blue Jays,01:37 PM,2026-04-12 13:37:00+00:00
2026-04-14,TOR,MIL,Blue Jays at Brewers,07:40 PM,2026-04-14 19:40:00+00:00
2026-04-15,TOR,MIL,Blue Jays at Brewers,07:40 PM,2026-04-15 19:40:00+00:00
2026-04-16,TOR,MIL,Blue Jays at Brewers,01:40 PM,2026-04-16 13:40:00+00:00
2026-04-17,TOR,ARI,Blue Jays at D-backs,09:40 PM,2026-04-17 21:40:00+00:00
2026-04-18,TOR,ARI,Blue Jays at D-backs,08:10 PM,2026-04-18 20:10:00+00:00
2026-04-19,TOR,ARI,Blue Jays at D-backs,04:10 PM,2026-04-19 16:10:00+00:00
2026-04-20,TOR,LAA,Blue Jays at Angels,09:38 PM,2026-04-20 21:38:00+00:00
2026-04-21,TOR,LAA,Blue Jays at Angels,09:38 PM,2026-04-21 21:38:00+00:00
2026-04-22,TOR,LAA,Blue Jays at Angels,03:07 PM,2026-04-22 15:07:00+00:00
2026-04-24,CLE,TOR,Guardians at Blue Jays,07:07 PM,2026-04-24 19:07:00+00:00
2026-04-25,CLE,TOR,Guardians at Blue Jays,03:07 PM,2026-04-25 15:07:00+00:00
2026-04-26,CLE,TOR,Guardians at Blue Jays,01:37 PM,2026-04-26 13:37:00+00:00
2026-04-27,BOS,TOR,Red Sox at Blue Jays,07:07 PM,2026-04-27 19:07:00+00:00
2026-04-28,BOS,TOR,Red Sox at Blue Jays,07:07 PM,2026-04-28 19:07:00+00:00
2026-04-29,BOS,TOR,Red Sox at Blue Jays,03:07 PM,2026-04-29 15:07:00+00:00
2026-04-30,TOR,MIN,Blue Jays at Twins,07:40 PM,2026-04-30 19:40:00+00:00
2026-05-01,TOR,MIN,Blue Jays at Twins,08:10 PM,2026-05-01 20:10:00+00:00
2026-05-02,TOR,MIN,Blue Jays at Twins,02:10 PM,2026-05-02 14:10:00+00:00
2026-05-03,TOR,MIN,Blue Jays at Twins,12:45 PM,2026-05-03 12:45:00+00:00
2026-05-04,TOR,TBR,Blue Jays at Rays,06:40 PM,2026-05-04 18:40:00+00:00
2026-05-05,TOR,TBR,Blue Jays at Rays,06:40 PM,2026-05-05 18:40:00+00:00
2026-05-06,TOR,TBR,Blue Jays at Rays,01:10 PM,2026-05-06 13:10:00+00:00
2026-05-08,LAA,TOR,Angels at Blue Jays,07:07 PM,2026-05-08 19:07:00+00:00
2026-05-09,LAA,TOR,Angels at Blue Jays,03:07 PM,2026-05-09 15:07:00+00:00
2026-05-10,LAA,TOR,Angels at Blue Jays,01:37 PM,2026-05-10 13:37:00+00:00
2026-05-11,TBR,TOR,Rays at Blue Jays,07:07 PM,2026-05-11 19:07:00+00:00
2026-05-12,TBR,TOR,Rays at Blue Jays,07:07 PM,2026-05-12 19:07:00+00:00
2026-05-13,TBR,TOR,Rays at Blue Jays,07:07 PM,2026-05-13 19:07:00+00:00
2026-05-15,TOR,DET,Blue Jays at Tigers,06:40 PM,2026-05-15 18:40:00+00:00
2026-05-16,TOR,DET,Blue Jays at Tigers,01:10 PM,2026-05-16 13:10:00+00:00
2026-05-17,TOR,DET,Blue Jays at Tigers,01:40 PM,2026-05-17 13:40:00+00:00
2026-05-18,TOR,NYY,Blue Jays at Yankees,07:05 PM,2026-05-18 19:05:00+00:00
2026-05-19,TOR,NYY,Blue Jays at Yankees,07:05 PM,2026-05-19 19:05:00+00:00
2026-05-20,TOR,NYY,Blue Jays at Yankees,07:05 PM,2026-05-20 19:05:00+00:00
2026-05-21,TOR,NYY,Blue Jays at Yankees,07:05 PM,2026-05-21 19:05:00+00:00
2026-05-22,PIT,TOR,Pirates at Blue Jays,07:07 PM,2026-05-22 19:07:00+00:00
2026-05-23,PIT,TOR,Pirates at Blue Jays,03:07 PM,2026-05-23 15:07:00+00:00
2026-05-24,PIT,TOR,Pirates at Blue Jays,12:15 PM,2026-05-24 12:15:00+00:00
2026-05-25,MIA,TOR,Marlins at Blue Jays,07:07 PM,2026-05-25 19:07:00+00:00
2026-05-26,MIA,TOR,Marlins at Blue Jays,07:07 PM,2026-05-26 19:07:00+00:00
2026-05-27,MIA,TOR,Marlins at Blue Jays,01:07 PM,2026-05-27 13:07:00+00:00
2026-05-28,TOR,BAL,Blue Jays at Orioles,06:35 PM,2026-05-28 18:35:00+00:00
2026-05-29,TOR,BAL,Blue Jays at Orioles,07:05 PM,2026-05-29 19:05:00+00:00
2026-05-30,TOR,BAL,Blue Jays at Orioles,04:05 PM,2026-05-30 16:05:00+00:00
2026-05-31,TOR,BAL,Blue Jays at Orioles,12:15 PM,2026-05-31 12:15:00+00:00
2026-06-02,TOR,ATL,Blue Jays at Braves,07:15 PM,2026-06-02 19:15:00+00:00
2026-06-03,TOR,ATL,Blue Jays at Braves,07:15 PM,2026-06-03 19:15:00+00:00
2026-06-04,TOR,ATL,Blue Jays at Braves,07:15 PM,2026-06-04 19:15:00+00:00
2026-06-05,BAL,TOR,Orioles at Blue Jays,07:07 PM,2026-06-05 19:07:00+00:00
2026-06-06,BAL,TOR,Orioles at Blue Jays,03:07 PM,2026-06-06 15:07:00+00:00
2026-06-07,BAL,TOR,Orioles at Blue Jays,01:37 PM,2026-06-07 13:37:00+00:00
2026-06-08,PHI,TOR,Phillies at Blue Jays,07:07 PM,2026-06-08 19:07:00+00:00
2026-06-09,PHI,TOR,Phillies at Blue Jays,07:07 PM,2026-06-09 19:07:00+00:00
2026-06-10,PHI,TOR,Phillies at Blue Jays,07:07 PM,2026-06-10 19:07:00+00:00
2026-06-12,NYY,TOR,Yankees at Blue Jays,07:37 PM,2026-06-12 19:37:00+00:00
2026-06-13,NYY,TOR,Yankees at Blue Jays,03:07 PM,2026-06-13 15:07:00+00:00
2026-06-14,NYY,TOR,Yankees at Blue Jays,01:37 PM,2026-06-14 13:37:00+00:00
2026-06-16,TOR,BOS,Blue Jays at Red Sox,06:45 PM,2026-06-16 18:45:00+00:00
2026-06-17,TOR,BOS,Blue Jays at Red Sox,06:45 PM,2026-06-17 18:45:00+00:00
2026-06-18,TOR,BOS,Blue Jays at Red Sox,01:35 PM,2026-06-18 13:35:00+00:00
2026-06-19,TOR,CHC,Blue Jays at Cubs,02:20 PM,2026-06-19 14:20:00+00:00
2026-06-20,TOR,CHC,Blue Jays at Cubs,02:20 PM,2026-06-20 14:20:00+00:00
2026-06-21,TOR,CHC,Blue Jays at Cubs,02:20 PM,2026-06-21 14:20:00+00:00
2026-06-22,HOU,TOR,Astros at Blue Jays,07:07 PM,2026-06-22 19:07:00+00:00
2026-06-23,HOU,TOR,Astros at Blue Jays,07:07 PM,2026-06-23 19:07:00+00:00
2026-06-24,HOU,TOR,Astros at Blue Jays,07:07 PM,2026-06-24 19:07:00+00:00
2026-06-25,TEX,TOR,Rangers at Blue Jays,07:07 PM,2026-06-25 19:07:00+00:00
2026-06-26,TEX,TOR,Rangers at Blue Jays,07:07 PM,2026-06-26 19:07:00+00:00
2026-06-27,TEX,TOR,Rangers at Blue Jays,03:07 PM,2026-06-27 15:07:00+00:00
2026-06-28,TEX,TOR,Rangers at Blue Jays,01:37 PM,2026-06-28 13:37:00+00:00
2026-06-29,NYM,TOR,Mets at Blue Jays,07:07 PM,2026-06-29 19:07:00+00:00
2026-06-30,NYM,TOR,Mets at Blue Jays,07:07 PM,2026-06-30 19:07:00+00:00
2026-07-01,NYM,TOR,Mets at Blue Jays,03:07 PM,2026-07-01 15:07:00+00:00
2026-07-03,TOR,SEA,Blue Jays at Mariners,10:10 PM,2026-07-03 22:10:00+00:00
2026-07-04,TOR,SEA,Blue Jays at Mariners,04:10 PM,2026-07-04 16:10:00+00:00
2026-07-05,TOR,SEA,Blue Jays at Mariners,05:00 PM,2026-07-05 17:00:00+00:00
2026-07-06,TOR,SFG,Blue Jays at Giants,09:45 PM,2026-07-06 21:45:00+00:00
2026-07-07,TOR,SFG,Blue Jays at Giants,09:45 PM,2026-07-07 21:45:00+00:00
2026-07-08,TOR,SFG,Blue Jays at Giants,03:45 PM,2026-07-08 15:45:00+00:00
2026-07-10,TOR,SDP,Blue Jays at Padres,09:40 PM,2026-07-10 21:40:00+00:00
2026-07-11,TOR,SDP,Blue Jays at Padres,08:40 PM,2026-07-11 20:40:00+00:00
2026-07-12,TOR,SDP,Blue Jays at Padres,04:10 PM,2026-07-12 16:10:00+00:00
2026-07-17,CHW,TOR,White Sox at Blue Jays,07:07 PM,2026-07-17 19:07:00+00:00
2026-07-18,CHW,TOR,White Sox at Blue Jays,03:07 PM,2026-07-18 15:07:00+00:00
2026-07-19,CHW,TOR,White Sox at Blue Jays,12:15 PM,2026-07-19 12:15:00+00:00
2026-07-20,TBR,TOR,Rays at Blue Jays,07:07 PM,2026-07-20 19:07:00+00:00
2026-07-21,TBR,TOR,Rays at Blue Jays,07:07 PM,2026-07-21 19:07:00+00:00
2026-07-22,TBR,TOR,Rays at Blue Jays,07:07 PM,2026-07-22 19:07:00+00:00
2026-07-23,TBR,TOR,Rays at Blue Jays,03:07 PM,2026-07-23 15:07:00+00:00
2026-07-24,TOR,BOS,Blue Jays at Red Sox,07:10 PM,2026-07-24 19:10:00+00:00
2026-07-25,TOR,BOS,Blue Jays at Red Sox,04:10 PM,2026-07-25 16:10:00+00:00
2026-07-26,TOR,BOS,Blue Jays at Red Sox,01:35 PM,2026-07-26 13:35:00+00:00
2026-07-27,TOR,WSN,Blue Jays at Nationals,06:45 PM,2026-07-27 18:45:00+00:00
2026-07-28,TOR,WSN,Blue Jays at Nationals,06:45 PM,2026-07-28 18:45:00+00:00
2026-07-29,TOR,WSN,Blue Jays at Nationals,01:05 PM,2026-07-29 13:05:00+00:00
2026-07-31,STL,TOR,Cardinals at Blue Jays,07:07 PM,2026-07-31 19:07:00+00:00
2026-08-01,STL,TOR,Cardinals at Blue Jays,03:07 PM,2026-08-01 15:07:00+00:00
2026-08-02,STL,TOR,Cardinals at Blue Jays,01:37 PM,2026-08-02 13:37:00+00:00
2026-08-03,TOR,HOU,Blue Jays at Astros,08:10 PM,2026-08-03 20:10:00+00:00
2026-08-04,TOR,HOU,Blue Jays at Astros,08:10 PM,2026-08-04 20:10:00+00:00
2026-08-05,TOR,HOU,Blue Jays at Astros,02:10 PM,2026-08-05 14:10:00+00:00
2026-08-07,TOR,PHI,Blue Jays at Phillies,06:40 PM,2026-08-07 18:40:00+00:00
2026-08-08,TOR,PHI,Blue Jays at Phillies,06:05 PM,2026-08-08 18:05:00+00:00
2026-08-09,TOR,PHI,Blue Jays at Phillies,01:35 PM,2026-08-09 13:35:00+00:00
2026-08-10,BOS,TOR,Red Sox at Blue Jays,07:07 PM,2026-08-10 19:07:00+00:00
2026-08-11,BOS,TOR,Red Sox at Blue Jays,07:07 PM,2026-08-11 19:07:00+00:00
2026-08-12,BOS,TOR,Red Sox at Blue Jays,07:07 PM,2026-08-12 19:07:00+00:00
2026-08-13,BOS,TOR,Red Sox at Blue Jays,03:07 PM,2026-08-13 15:07:00+00:00
2026-08-14,NYY,TOR,Yankees at Blue Jays,07:07 PM,2026-08-14 19:07:00+00:00
2026-08-15,NYY,TOR,Yankees at Blue Jays,03:07 PM,2026-08-15 15:07:00+00:00
2026-08-16,NYY,TOR,Yankees at Blue Jays,01:37 PM,2026-08-16 13:37:00+00:00
2026-08-18,TOR,TBR,Blue Jays at Rays,06:40 PM,2026-08-18 18:40:00+00:00
2026-08-19,TOR,TBR,Blue Jays at Rays,06:40 PM,2026-08-19 18:40:00+00:00
2026-08-20,TOR,TBR,Blue Jays at Rays,01:10 PM,2026-08-20 13:10:00+00:00
2026-08-21,TOR,NYY,Blue Jays at Yankees,07:05 PM,2026-08-21 19:05:00+00:00
2026-08-22,TOR,NYY,Blue Jays at Yankees,01:35 PM,2026-08-22 13:35:00+00:00
2026-08-23,TOR,NYY,Blue Jays at Yankees,01:35 PM,2026-08-23 13:35:00+00:00
2026-08-25,KCR,TOR,Royals at Blue Jays,07:07 PM,2026-08-25 19:07:00+00:00
2026-08-26,KCR,TOR,Royals at Blue Jays,07:07 PM,2026-08-26 19:07:00+00:00
2026-08-27,KCR,TOR,Royals at Blue Jays,07:07 PM,2026-08-27 19:07:00+00:00
2026-08-28,SEA,TOR,Mariners at Blue Jays,07:07 PM,2026-08-28 19:07:00+00:00
2026-08-29,SEA,TOR,Mariners at Blue Jays,03:07 PM,2026-08-29 15:07:00+00:00
2026-08-30,SEA,TOR,Mariners at Blue Jays,01:37 PM,2026-08-30 13:37:00+00:00
2026-09-01,TOR,CLE,Blue Jays at Guardians,06:40 PM,2026-09-01 18:40:00+00:00
2026-09-02,TOR,CLE,Blue Jays at Guardians,06:40 PM,2026-09-02 18:40:00+00:00
2026-09-03,TOR,CLE,Blue Jays at Guardians,01:10 PM,2026-09-03 13:10:00+00:00
2026-09-04,TOR,KCR,Blue Jays at Royals,08:10 PM,2026-09-04 20:10:00+00:00
2026-09-05,TOR,KCR,Blue Jays at Royals,07:10 PM,2026-09-05 19:10:00+00:00
2026-09-06,TOR,KCR,Blue Jays at Royals,07:20 PM,2026-09-06 19:20:00+00:00
2026-09-07,TOR,ATH,Blue Jays at Athletics,10:05 PM,2026-09-07 22:05:00+00:00
2026-09-08,TOR,ATH,Blue Jays at Athletics,09:40 PM,2026-09-08 21:40:00+00:00
2026-09-09,TOR,ATH,Blue Jays at Athletics,03:05 PM,2026-09-09 15:05:00+00:00
2026-09-11,BAL,TOR,Orioles at Blue Jays,07:07 PM,2026-09-11 19:07:00+00:00
2026-09-12,BAL,TOR,Orioles at Blue Jays,03:07 PM,2026-09-12 15:07:00+00:00
2026-09-13,BAL,TOR,Orioles at Blue Jays,01:37 PM,2026-09-13 13:37:00+00:00
2026-09-14,DET,TOR,Tigers at Blue Jays,07:07 PM,2026-09-14 19:07:00+00:00
2026-09-15,DET,TOR,Tigers at Blue Jays,07:07 PM,2026-09-15 19:07:00+00:00
2026-09-16,DET,TOR,Tigers at Blue Jays,03:07 PM,2026-09-16 15:07:00+00:00
2026-09-18,TOR,TEX,Blue Jays at Rangers,08:05 PM,2026-09-18 20:05:00+00:00
2026-09-19,TOR,TEX,Blue Jays at Rangers,07:05 PM,2026-09-19 19:05:00+00:00
2026-09-20,TOR,TEX,Blue Jays at Rangers,02:35 PM,2026-09-20 14:35:00+00:00
2026-09-21,TOR,BAL,Blue Jays at Orioles,06:35 PM,2026-09-21 18:35:00+00:00
2026-09-22,TOR,BAL,Blue Jays at Orioles,06:35 PM,2026-09-22 18:35:00+00:00
2026-09-23,TOR,BAL,Blue Jays at Orioles,06:35 PM,2026-09-23 18:35:00+00:00
2026-09-25,CIN,TOR,Reds at Blue Jays,07:07 PM,2026-09-25 19:07:00+00:00
2026-09-26,CIN,TOR,Reds at Blue Jays,03:07 PM,2026-09-26 15:07:00+00:00
2026-09-27,CIN,TOR,Reds at Blue Jays,03:07 PM,2026-09-27 15:07:00+00:00
2026-03-26,MIN,BAL,Twins at Orioles,03:05 PM,2026-03-26 15:05:00+00:00
2026-03-28,MIN,BAL,Twins at Orioles,04:05 PM,2026-03-28 16:05:00+00:00
2026-03-29,MIN,BAL,Twins at Orioles,01:35 PM,2026-03-29 13:35:00+00:00
2026-03-30,TEX,BAL,Rangers at Orioles,06:35 PM,2026-03-30 18:35:00+00:00
2026-03-31,TEX,BAL,Rangers at Orioles,06:35 PM,2026-03-31 18:35:00+00:00
2026-04-01,TEX,BAL,Rangers at Orioles,12:35 PM,2026-04-01 12:35:00+00:00
2026-04-03,BAL,PIT,Orioles at Pirates,04:12 PM,2026-04-03 16:12:00+00:00
2026-04-04,BAL,PIT,Orioles at Pirates,04:05 PM,2026-04-04 16:05:00+00:00
2026-04-05,BAL,PIT,Orioles at Pirates,01:35 PM,2026-04-05 13:35:00+00:00
2026-04-06,BAL,CHW,Orioles at White Sox,07:40 PM,2026-04-06 19:40:00+00:00
2026-04-07,BAL,CHW,Orioles at White Sox,07:40 PM,2026-04-07 19:40:00+00:00
2026-04-08,BAL,CHW,Orioles at White Sox,02:10 PM,2026-04-08 14:10:00+00:00
2026-04-10,SFG,BAL,Giants at Orioles,07:05 PM,2026-04-10 19:05:00+00:00
2026-04-11,SFG,BAL,Giants at Orioles,07:15 PM,2026-04-11 19:15:00+00:00
2026-04-12,SFG,BAL,Giants at Orioles,01:35 PM,2026-04-12 13:35:00+00:00
2026-04-13,ARI,BAL,D-backs at Orioles,06:35 PM,2026-04-13 18:35:00+00:00
2026-04-14,ARI,BAL,D-backs at Orioles,06:35 PM,2026-04-14 18:35:00+00:00
2026-04-15,ARI,BAL,D-backs at Orioles,12:35 PM,2026-04-15 12:35:00+00:00
2026-04-16,BAL,CLE,Orioles at Guardians,06:10 PM,2026-04-16 18:10:00+00:00
2026-04-17,BAL,CLE,Orioles at Guardians,06:10 PM,2026-04-17 18:10:00+00:00
2026-04-18,BAL,CLE,Orioles at Guardians,06:10 PM,2026-04-18 18:10:00+00:00
2026-04-19,BAL,CLE,Orioles at Guardians,01:40 PM,2026-04-19 13:40:00+00:00
2026-04-20,BAL,KCR,Orioles at Royals,07:40 PM,2026-04-20 19:40:00+00:00
2026-04-21,BAL,KCR,Orioles at Royals,07:40 PM,2026-04-21 19:40:00+00:00
2026-04-22,BAL,KCR,Orioles at Royals,02:10 PM,2026-04-22 14:10:00+00:00
2026-04-24,BOS,BAL,Red Sox at Orioles,07:05 PM,2026-04-24 19:05:00+00:00
2026-04-25,BOS,BAL,Red Sox at Orioles,04:05 PM,2026-04-25 16:05:00+00:00
2026-04-26,BOS,BAL,Red Sox at Orioles,01:35 PM,2026-04-26 13:35:00+00:00
2026-04-28,HOU,BAL,Astros at Orioles,06:35 PM,2026-04-28 18:35:00+00:00
2026-04-29,HOU,BAL,Astros at Orioles,06:35 PM,2026-04-29 18:35:00+00:00
2026-04-30,HOU,BAL,Astros at Orioles,12:35 PM,2026-04-30 12:35:00+00:00
2026-05-01,BAL,NYY,Orioles at Yankees,07:05 PM,2026-05-01 19:05:00+00:00
2026-05-02,BAL,NYY,Orioles at Yankees,01:35 PM,2026-05-02 13:35:00+00:00
2026-05-03,BAL,NYY,Orioles at Yankees,01:35 PM,2026-05-03 13:35:00+00:00
2026-05-04,BAL,NYY,Orioles at Yankees,07:05 PM,2026-05-04 19:05:00+00:00
2026-05-05,BAL,MIA,Orioles at Marlins,06:40 PM,2026-05-05 18:40:00+00:00
2026-05-06,BAL,MIA,Orioles at Marlins,06:40 PM,2026-05-06 18:40:00+00:00
2026-05-07,BAL,MIA,Orioles at Marlins,06:40 PM,2026-05-07 18:40:00+00:00
2026-05-08,ATH,BAL,Athletics at Orioles,07:05 PM,2026-05-08 19:05:00+00:00
2026-05-09,ATH,BAL,Athletics at Orioles,04:05 PM,2026-05-09 16:05:00+00:00
2026-05-10,ATH,BAL,Athletics at Orioles,01:35 PM,2026-05-10 13:35:00+00:00
2026-05-11,NYY,BAL,Yankees at Orioles,06:35 PM,2026-05-11 18:35:00+00:00
2026-05-12,NYY,BAL,Yankees at Orioles,06:35 PM,2026-05-12 18:35:00+00:00
2026-05-13,NYY,BAL,Yankees at Orioles,06:35 PM,2026-05-13 18:35:00+00:00
2026-05-15,BAL,WSN,Orioles at Nationals,06:45 PM,2026-05-15 18:45:00+00:00
2026-05-16,BAL,WSN,Orioles at Nationals,04:05 PM,2026-05-16 16:05:00+00:00
2026-05-17,BAL,WSN,Orioles at Nationals,01:35 PM,2026-05-17 13:35:00+00:00
2026-05-18,BAL,TBR,Orioles at Rays,06:40 PM,2026-05-18 18:40:00+00:00
2026-05-19,BAL,TBR,Orioles at Rays,06:40 PM,2026-05-19 18:40:00+00:00
2026-05-20,BAL,TBR,Orioles at Rays,01:10 PM,2026-05-20 13:10:00+00:00
2026-05-22,DET,BAL,Tigers at Orioles,07:05 PM,2026-05-22 19:05:00+00:00
2026-05-23,DET,BAL,Tigers at Orioles,04:05 PM,2026-05-23 16:05:00+00:00
2026-05-24,DET,BAL,Tigers at Orioles,01:35 PM,2026-05-24 13:35:00+00:00
2026-05-25,TBR,BAL,Rays at Orioles,01:35 PM,2026-05-25 13:35:00+00:00
2026-05-26,TBR,BAL,Rays at Orioles,06:35 PM,2026-05-26 18:35:00+00:00
2026-05-27,TBR,BAL,Rays at Orioles,06:35 PM,2026-05-27 18:35:00+00:00
2026-06-02,BAL,BOS,Orioles at Red Sox,06:45 PM,2026-06-02 18:45:00+00:00
2026-06-03,BAL,BOS,Orioles at Red Sox,06:45 PM,2026-06-03 18:45:00+00:00
2026-06-04,BAL,BOS,Orioles at Red Sox,01:35 PM,2026-06-04 13:35:00+00:00
2026-06-08,SEA,BAL,Mariners at Orioles,06:35 PM,2026-06-08 18:35:00+00:00
2026-06-09,SEA,BAL,Mariners at Orioles,06:35 PM,2026-06-09 18:35:00+00:00
2026-06-10,SEA,BAL,Mariners at Orioles,06:35 PM,2026-06-10 18:35:00+00:00
2026-06-11,SEA,BAL,Mariners at Orioles,07:05 PM,2026-06-11 19:05:00+00:00
2026-06-12,SDP,BAL,Padres at Orioles,07:05 PM,2026-06-12 19:05:00+00:00
2026-06-13,SDP,BAL,Padres at Orioles,04:05 PM,2026-06-13 16:05:00+00:00
2026-06-14,SDP,BAL,Padres at Orioles,01:35 PM,2026-06-14 13:35:00+00:00
2026-06-16,BAL,SEA,Orioles at Mariners,09:40 PM,2026-06-16 21:40:00+00:00
2026-06-17,BAL,SEA,Orioles at Mariners,09:40 PM,2026-06-17 21:40:00+00:00
2026-06-18,BAL,SEA,Orioles at Mariners,04:10 PM,2026-06-18 16:10:00+00:00
2026-06-19,BAL,LAD,Orioles at Dodgers,10:10 PM,2026-06-19 22:10:00+00:00
2026-06-20,BAL,LAD,Orioles at Dodgers,10:10 PM,2026-06-20 22:10:00+00:00
2026-06-21,BAL,LAD,Orioles at Dodgers,04:10 PM,2026-06-21 16:10:00+00:00
2026-06-22,BAL,LAA,Orioles at Angels,09:38 PM,2026-06-22 21:38:00+00:00
2026-06-23,BAL,LAA,Orioles at Angels,09:38 PM,2026-06-23 21:38:00+00:00
2026-06-24,BAL,LAA,Orioles at Angels,04:07 PM,2026-06-24 16:07:00+00:00
2026-06-26,WSN,BAL,Nationals at Orioles,07:05 PM,2026-06-26 19:05:00+00:00
2026-06-27,WSN,BAL,Nationals at Orioles,07:05 PM,2026-06-27 19:05:00+00:00
2026-06-28,WSN,BAL,Nationals at Orioles,01:35 PM,2026-06-28 13:35:00+00:00
2026-06-29,CHW,BAL,White Sox at Orioles,06:35 PM,2026-06-29 18:35:00+00:00
2026-06-30,CHW,BAL,White Sox at Orioles,06:35 PM,2026-06-30 18:35:00+00:00
2026-07-01,CHW,BAL,White Sox at Orioles,12:35 PM,2026-07-01 12:35:00+00:00
2026-07-03,BAL,CIN,Orioles at Reds,07:10 PM,2026-07-03 19:10:00+00:00
2026-07-04,BAL,CIN,Orioles at Reds,07:10 PM,2026-07-04 19:10:00+00:00
2026-07-05,BAL,CIN,Orioles at Reds,01:00 PM,2026-07-05 13:00:00+00:00
2026-07-07,CHC,BAL,Cubs at Orioles,06:35 PM,2026-07-07 18:35:00+00:00
2026-07-08,CHC,BAL,Cubs at Orioles,06:35 PM,2026-07-08 18:35:00+00:00
2026-07-09,CHC,BAL,Cubs at Orioles,06:35 PM,2026-07-09 18:35:00+00:00
2026-07-10,KCR,BAL,Royals at Orioles,07:05 PM,2026-07-10 19:05:00+00:00
2026-07-11,KCR,BAL,Royals at Orioles,07:05 PM,2026-07-11 19:05:00+00:00
2026-07-12,KCR,BAL,Royals at Orioles,01:35 PM,2026-07-12 13:35:00+00:00
2026-07-17,BAL,HOU,Orioles at Astros,08:10 PM,2026-07-17 20:10:00+00:00
2026-07-18,BAL,HOU,Orioles at Astros,04:10 PM,2026-07-18 16:10:00+00:00
2026-07-19,BAL,HOU,Orioles at Astros,02:10 PM,2026-07-19 14:10:00+00:00
2026-07-20,BAL,BOS,Orioles at Red Sox,07:10 PM,2026-07-20 19:10:00+00:00
2026-07-21,BAL,BOS,Orioles at Red Sox,07:10 PM,2026-07-21 19:10:00+00:00
2026-07-22,BAL,BOS,Orioles at Red Sox,07:10 PM,2026-07-22 19:10:00+00:00
2026-07-24,ATL,BAL,Braves at Orioles,07:05 PM,2026-07-24 19:05:00+00:00
2026-07-25,ATL,BAL,Braves at Orioles,07:05 PM,2026-07-25 19:05:00+00:00
2026-07-26,ATL,BAL,Braves at Orioles,01:35 PM,2026-07-26 13:35:00+00:00
2026-07-27,BAL,DET,Orioles at Tigers,06:40 PM,2026-07-27 18:40:00+00:00
2026-07-28,BAL,DET,Orioles at Tigers,06:40 PM,2026-07-28 18:40:00+00:00
2026-07-29,BAL,DET,Orioles at Tigers,01:10 PM,2026-07-29 13:10:00+00:00
2026-07-31,PHI,BAL,Phillies at Orioles,07:05 PM,2026-07-31 19:05:00+00:00
2026-08-01,PHI,BAL,Phillies at Orioles,07:05 PM,2026-08-01 19:05:00+00:00
2026-08-02,PHI,BAL,Phillies at Orioles,01:35 PM,2026-08-02 13:35:00+00:00
2026-08-04,LAA,BAL,Angels at Orioles,06:35 PM,2026-08-04 18:35:00+00:00
2026-08-05,LAA,BAL,Angels at Orioles,06:35 PM,2026-08-05 18:35:00+00:00
2026-08-06,LAA,BAL,Angels at Orioles,12:35 PM,2026-08-06 12:35:00+00:00
2026-08-07,BAL,TEX,Orioles at Rangers,08:05 PM,2026-08-07 20:05:00+00:00
2026-08-08,BAL,TEX,Orioles at Rangers,07:15 PM,2026-08-08 19:15:00+00:00
2026-08-09,BAL,TEX,Orioles at Rangers,02:35 PM,2026-08-09 14:35:00+00:00
2026-08-10,BAL,MIN,Orioles at Twins,07:40 PM,2026-08-10 19:40:00+00:00
2026-08-11,BAL,MIN,Orioles at Twins,07:40 PM,2026-08-11 19:40:00+00:00
2026-08-12,BAL,MIN,Orioles at Twins,01:40 PM,2026-08-12 13:40:00+00:00
2026-08-14,BAL,TBR,Orioles at Rays,07:10 PM,2026-08-14 19:10:00+00:00
2026-08-15,BAL,TBR,Orioles at Rays,06:10 PM,2026-08-15 18:10:00+00:00
2026-08-16,BAL,TBR,Orioles at Rays,12:15 PM,2026-08-16 12:15:00+00:00
2026-08-17,BAL,TBR,Orioles at Rays,06:40 PM,2026-08-17 18:40:00+00:00
2026-08-18,NYY,BAL,Yankees at Orioles,06:35 PM,2026-08-18 18:35:00+00:00
2026-08-19,NYY,BAL,Yankees at Orioles,06:35 PM,2026-08-19 18:35:00+00:00
2026-08-20,NYY,BAL,Yankees at Orioles,06:35 PM,2026-08-20 18:35:00+00:00
2026-08-21,TBR,BAL,Rays at Orioles,07:05 PM,2026-08-21 19:05:00+00:00
2026-08-22,TBR,BAL,Rays at Orioles,07:05 PM,2026-08-22 19:05:00+00:00
2026-08-23,TBR,BAL,Rays at Orioles,01:35 PM,2026-08-23 13:35:00+00:00
2026-08-25,BAL,STL,Orioles at Cardinals,07:45 PM,2026-08-25 19:45:00+00:00
2026-08-26,BAL,STL,Orioles at Cardinals,07:45 PM,2026-08-26 19:45:00+00:00
2026-08-27,BAL,STL,Orioles at Cardinals,02:15 PM,2026-08-27 14:15:00+00:00
2026-08-28,BAL,ATH,Orioles at Athletics,09:40 PM,2026-08-28 21:40:00+00:00
2026-08-29,BAL,ATH,Orioles at Athletics,10:05 PM,2026-08-29 22:05:00+00:00
2026-08-30,BAL,ATH,Orioles at Athletics,04:05 PM,2026-08-30 16:05:00+00:00
2026-08-31,BAL,COL,Orioles at Rockies,08:40 PM,2026-08-31 20:40:00+00:00
2026-09-01,BAL,COL,Orioles at Rockies,08:40 PM,2026-09-01 20:40:00+00:00
2026-09-02,BAL,COL,Orioles at Rockies,03:10 PM,2026-09-02 15:10:00+00:00
2026-09-03,BOS,BAL,Red Sox at Orioles,06:35 PM,2026-09-03 18:35:00+00:00
2026-09-04,BOS,BAL,Red Sox at Orioles,07:05 PM,2026-09-04 19:05:00+00:00
2026-09-05,BOS,BAL,Red Sox at Orioles,07:15 PM,2026-09-05 19:15:00+00:00
2026-09-06,BOS,BAL,Red Sox at Orioles,01:35 PM,2026-09-06 13:35:00+00:00
2026-09-07,CLE,BAL,Guardians at Orioles,01:35 PM,2026-09-07 13:35:00+00:00
2026-09-08,CLE,BAL,Guardians at Orioles,06:35 PM,2026-09-08 18:35:00+00:00
2026-09-09,CLE,BAL,Guardians at Orioles,06:35 PM,2026-09-09 18:35:00+00:00
2026-09-14,BAL,NYM,Orioles at Mets,07:10 PM,2026-09-14 19:10:00+00:00
2026-09-15,BAL,NYM,Orioles at Mets,07:10 PM,2026-09-15 19:10:00+00:00
2026-09-16,BAL,NYM,Orioles at Mets,07:10 PM,2026-09-16 19:10:00+00:00
2026-09-18,MIL,BAL,Brewers at Orioles,07:05 PM,2026-09-18 19:05:00+00:00
2026-09-19,MIL,BAL,Brewers at Orioles,04:05 PM,2026-09-19 16:05:00+00:00
2026-09-20,MIL,BAL,Brewers at Orioles,07:20 PM,2026-09-20 19:20:00+00:00
2026-09-25,BAL,NYY,Orioles at Yankees,07:05 PM,2026-09-25 19:05:00+00:00
2026-09-26,BAL,NYY,Orioles at Yankees,07:05 PM,2026-09-26 19:05:00+00:00
2026-09-27,BAL,NYY,Orioles at Yankees,03:20 PM,2026-09-27 15:20:00+00:00
2026-03-26,TBR,STL,Rays at Cardinals,04:15 PM,2026-03-26 16:15:00+00:00
2026-03-28,TBR,STL,Rays at Cardinals,02:15 PM,2026-03-28 14:15:00+00:00
2026-03-29,TBR,STL,Rays at Cardinals,02:15 PM,2026-03-29 14:15:00+00:00
2026-03-30,TBR,MIL,Rays at Brewers,07:40 PM,2026-03-30 19:40:00+00:00
2026-03-31,TBR,MIL,Rays at Brewers,07:40 PM,2026-03-31 19:40:00+00:00
2026-04-01,TBR,MIL,Rays at Brewers,01:40 PM,2026-04-01 13:40:00+00:00
2026-04-03,TBR,MIN,Rays at Twins,04:10 PM,2026-04-03 16:10:00+00:00
2026-04-04,TBR,MIN,Rays at Twins,07:10 PM,2026-04-04 19:10:00+00:00
2026-04-05,TBR,MIN,Rays at Twins,02:10 PM,2026-04-05 14:10:00+00:00
2026-04-06,CHC,TBR,Cubs at Rays,04:10 PM,2026-04-06 16:10:00+00:00
2026-04-07,CHC,TBR,Cubs at Rays,06:40 PM,2026-04-07 18:40:00+00:00
2026-04-08,CHC,TBR,Cubs at Rays,06:40 PM,2026-04-08 18:40:00+00:00
2026-04-10,NYY,TBR,Yankees at Rays,07:10 PM,2026-04-10 19:10:00+00:00
2026-04-11,NYY,TBR,Yankees at Rays,06:10 PM,2026-04-11 18:10:00+00:00
2026-04-12,NYY,TBR,Yankees at Rays,01:40 PM,2026-04-12 13:40:00+00:00
2026-04-14,TBR,CHW,Rays at White Sox,07:40 PM,2026-04-14 19:40:00+00:00
2026-04-15,TBR,CHW,Rays at White Sox,07:40 PM,2026-04-15 19:40:00+00:00
2026-04-16,TBR,CHW,Rays at White Sox,02:10 PM,2026-04-16 14:10:00+00:00
2026-04-17,TBR,PIT,Rays at Pirates,06:40 PM,2026-04-17 18:40:00+00:00
2026-04-18,TBR,PIT,Rays at Pirates,04:05 PM,2026-04-18 16:05:00+00:00
2026-04-19,TBR,PIT,Rays at Pirates,01:35 PM,2026-04-19 13:35:00+00:00
2026-04-20,CIN,TBR,Reds at Rays,06:40 PM,2026-04-20 18:40:00+00:00
2026-04-21,CIN,TBR,Reds at Rays,06:40 PM,2026-04-21 18:40:00+00:00
2026-04-22,CIN,TBR,Reds at Rays,01:10 PM,2026-04-22 13:10:00+00:00
2026-04-24,MIN,TBR,Twins at Rays,07:10 PM,2026-04-24 19:10:00+00:00
2026-04-25,MIN,TBR,Twins at Rays,04:10 PM,2026-04-25 16:10:00+00:00
2026-04-26,MIN,TBR,Twins at Rays,01:40 PM,2026-04-26 13:40:00+00:00
2026-04-27,TBR,CLE,Rays at Guardians,06:10 PM,2026-04-27 18:10:00+00:00
2026-04-28,TBR,CLE,Rays at Guardians,06:10 PM,2026-04-28 18:10:00+00:00
2026-04-29,TBR,CLE,Rays at Guardians,01:10 PM,2026-04-29 13:10:00+00:00
2026-05-01,SFG,TBR,Giants at Rays,07:10 PM,2026-05-01 19:10:00+00:00
2026-05-02,SFG,TBR,Giants at Rays,06:10 PM,2026-05-02 18:10:00+00:00
2026-05-03,SFG,TBR,Giants at Rays,01:40 PM,2026-05-03 13:40:00+00:00
2026-05-07,TBR,BOS,Rays at Red Sox,07:10 PM,2026-05-07 19:10:00+00:00
2026-05-08,TBR,BOS,Rays at Red Sox,07:10 PM,2026-05-08 19:10:00+00:00
2026-05-09,TBR,BOS,Rays at Red Sox,04:10 PM,2026-05-09 16:10:00+00:00
2026-05-10,TBR,BOS,Rays at Red Sox,01:35 PM,2026-05-10 13:35:00+00:00
2026-05-15,MIA,TBR,Marlins at Rays,07:10 PM,2026-05-15 19:10:00+00:00
2026-05-16,MIA,TBR,Marlins at Rays,04:10 PM,2026-05-16 16:10:00+00:00
2026-05-17,MIA,TBR,Marlins at Rays,12:15 PM,2026-05-17 12:15:00+00:00
2026-05-22,TBR,NYY,Rays at Yankees,07:05 PM,2026-05-22 19:05:00+00:00
2026-05-23,TBR,NYY,Rays at Yankees,01:35 PM,2026-05-23 13:35:00+00:00
2026-05-24,TBR,NYY,Rays at Yankees,01:35 PM,2026-05-24 13:35:00+00:00
2026-05-29,LAA,TBR,Angels at Rays,07:10 PM,2026-05-29 19:10:00+00:00
2026-05-30,LAA,TBR,Angels at Rays,04:10 PM,2026-05-30 16:10:00+00:00
2026-05-31,LAA,TBR,Angels at Rays,01:40 PM,2026-05-31 13:40:00+00:00
2026-06-01,DET,TBR,Tigers at Rays,06:40 PM,2026-06-01 18:40:00+00:00
2026-06-02,DET,TBR,Tigers at Rays,06:40 PM,2026-06-02 18:40:00+00:00
2026-06-03,DET,TBR,Tigers at Rays,01:10 PM,2026-06-03 13:10:00+00:00
2026-06-05,TBR,MIA,Rays at Marlins,07:10 PM,2026-06-05 19:10:00+00:00
2026-06-06,TBR,MIA,Rays at Marlins,04:10 PM,2026-06-06 16:10:00+00:00
2026-06-07,TBR,MIA,Rays at Marlins,01:40 PM,2026-06-07 13:40:00+00:00
2026-06-08,BOS,TBR,Red Sox at Rays,06:40 PM,2026-06-08 18:40:00+00:00
2026-06-09,BOS,TBR,Red Sox at Rays,06:40 PM,2026-06-09 18:40:00+00:00
2026-06-10,BOS,TBR,Red Sox at Rays,01:10 PM,2026-06-10 13:10:00+00:00
2026-06-12,TBR,LAA,Rays at Angels,09:38 PM,2026-06-12 21:38:00+00:00
2026-06-13,TBR,LAA,Rays at Angels,10:07 PM,2026-06-13 22:07:00+00:00
2026-06-14,TBR,LAA,Rays at Angels,04:07 PM,2026-06-14 16:07:00+00:00
2026-06-15,TBR,LAD,Rays at Dodgers,10:10 PM,2026-06-15 22:10:00+00:00
2026-06-16,TBR,LAD,Rays at Dodgers,10:10 PM,2026-06-16 22:10:00+00:00
2026-06-17,TBR,LAD,Rays at Dodgers,03:10 PM,2026-06-17 15:10:00+00:00
2026-06-19,WSN,TBR,Nationals at Rays,07:10 PM,2026-06-19 19:10:00+00:00
2026-06-20,WSN,TBR,Nationals at Rays,04:10 PM,2026-06-20 16:10:00+00:00
2026-06-21,WSN,TBR,Nationals at Rays,01:40 PM,2026-06-21 13:40:00+00:00
2026-06-22,KCR,TBR,Royals at Rays,06:40 PM,2026-06-22 18:40:00+00:00
2026-06-23,KCR,TBR,Royals at Rays,06:40 PM,2026-06-23 18:40:00+00:00
2026-06-24,KCR,TBR,Royals at Rays,06:40 PM,2026-06-24 18:40:00+00:00
2026-06-25,KCR,TBR,Royals at Rays,12:10 PM,2026-06-25 12:10:00+00:00
2026-06-26,ARI,TBR,D-backs at Rays,07:10 PM,2026-06-26 19:10:00+00:00
2026-06-27,ARI,TBR,D-backs at Rays,06:10 PM,2026-06-27 18:10:00+00:00
2026-06-28,ARI,TBR,D-backs at Rays,01:40 PM,2026-06-28 13:40:00+00:00
2026-06-30,TBR,KCR,Rays at Royals,07:40 PM,2026-06-30 19:40:00+00:00
2026-07-01,TBR,KCR,Rays at Royals,07:40 PM,2026-07-01 19:40:00+00:00
2026-07-02,TBR,KCR,Rays at Royals,07:40 PM,2026-07-02 19:40:00+00:00
2026-07-03,TBR,HOU,Rays at Astros,08:10 PM,2026-07-03 20:10:00+00:00
2026-07-04,TBR,HOU,Rays at Astros,07:10 PM,2026-07-04 19:10:00+00:00
2026-07-05,TBR,HOU,Rays at Astros,03:30 PM,2026-07-05 15:30:00+00:00
2026-07-06,NYY,TBR,Yankees at Rays,06:40 PM,2026-07-06 18:40:00+00:00
2026-07-07,NYY,TBR,Yankees at Rays,06:40 PM,2026-07-07 18:40:00+00:00
2026-07-08,NYY,TBR,Yankees at Rays,06:40 PM,2026-07-08 18:40:00+00:00
2026-07-09,NYY,TBR,Yankees at Rays,01:10 PM,2026-07-09 13:10:00+00:00
2026-07-10,SEA,TBR,Mariners at Rays,07:10 PM,2026-07-10 19:10:00+00:00
2026-07-11,SEA,TBR,Mariners at Rays,04:10 PM,2026-07-11 16:10:00+00:00
2026-07-12,SEA,TBR,Mariners at Rays,01:40 PM,2026-07-12 13:40:00+00:00
2026-07-17,TBR,BOS,Rays at Red Sox,07:10 PM,2026-07-17 19:10:00+00:00
2026-07-18,TBR,BOS,Rays at Red Sox,04:10 PM,2026-07-18 16:10:00+00:00
2026-07-19,TBR,BOS,Rays at Red Sox,01:35 PM,2026-07-19 13:35:00+00:00
2026-07-24,CLE,TBR,Guardians at Rays,07:10 PM,2026-07-24 19:10:00+00:00
2026-07-25,CLE,TBR,Guardians at Rays,06:10 PM,2026-07-25 18:10:00+00:00
2026-07-26,CLE,TBR,Guardians at Rays,12:15 PM,2026-07-26 12:15:00+00:00
2026-07-28,TEX,TBR,Rangers at Rays,06:40 PM,2026-07-28 18:40:00+00:00
2026-07-29,TEX,TBR,Rangers at Rays,06:40 PM,2026-07-29 18:40:00+00:00
2026-07-30,TEX,TBR,Rangers at Rays,12:10 PM,2026-07-30 12:10:00+00:00
2026-07-31,CHW,TBR,White Sox at Rays,07:10 PM,2026-07-31 19:10:00+00:00
2026-08-01,CHW,TBR,White Sox at Rays,04:10 PM,2026-08-01 16:10:00+00:00
2026-08-02,CHW,TBR,White Sox at Rays,01:40 PM,2026-08-02 13:40:00+00:00
2026-08-03,TBR,COL,Rays at Rockies,08:40 PM,2026-08-03 20:40:00+00:00
2026-08-04,TBR,COL,Rays at Rockies,08:40 PM,2026-08-04 20:40:00+00:00
2026-08-05,TBR,COL,Rays at Rockies,03:10 PM,2026-08-05 15:10:00+00:00
2026-08-07,TBR,SEA,Rays at Mariners,10:10 PM,2026-08-07 22:10:00+00:00
2026-08-08,TBR,SEA,Rays at Mariners,09:50 PM,2026-08-08 21:50:00+00:00
2026-08-09,TBR,SEA,Rays at Mariners,04:10 PM,2026-08-09 16:10:00+00:00
2026-08-10,TBR,ATH,Rays at Athletics,09:40 PM,2026-08-10 21:40:00+00:00
2026-08-11,TBR,ATH,Rays at Athletics,09:40 PM,2026-08-11 21:40:00+00:00
2026-08-12,TBR,ATH,Rays at Athletics,03:05 PM,2026-08-12 15:05:00+00:00
2026-08-24,TBR,DET,Rays at Tigers,06:40 PM,2026-08-24 18:40:00+00:00
2026-08-25,TBR,DET,Rays at Tigers,06:40 PM,2026-08-25 18:40:00+00:00
2026-08-26,TBR,DET,Rays at Tigers,01:10 PM,2026-08-26 13:10:00+00:00
2026-08-28,SDP,TBR,Padres at Rays,07:10 PM,2026-08-28 19:10:00+00:00
2026-08-29,SDP,TBR,Padres at Rays,04:10 PM,2026-08-29 16:10:00+00:00
2026-08-30,SDP,TBR,Padres at Rays,01:40 PM,2026-08-30 13:40:00+00:00
2026-08-31,NYM,TBR,Mets at Rays,06:40 PM,2026-08-31 18:40:00+00:00
2026-09-01,NYM,TBR,Mets at Rays,06:40 PM,2026-09-01 18:40:00+00:00
2026-09-02,NYM,TBR,Mets at Rays,06:40 PM,2026-09-02 18:40:00+00:00
2026-09-03,TBR,TEX,Rays at Rangers,08:05 PM,2026-09-03 20:05:00+00:00
2026-09-04,TBR,TEX,Rays at Rangers,08:05 PM,2026-09-04 20:05:00+00:00
2026-09-05,TBR,TEX,Rays at Rangers,07:05 PM,2026-09-05 19:05:00+00:00
2026-09-06,TBR,TEX,Rays at Rangers,02:35 PM,2026-09-06 14:35:00+00:00
2026-09-08,TBR,ATL,Rays at Braves,07:15 PM,2026-09-08 19:15:00+00:00
2026-09-09,TBR,ATL,Rays at Braves,07:15 PM,2026-09-09 19:15:00+00:00
2026-09-10,TBR,ATL,Rays at Braves,12:15 PM,2026-09-10 12:15:00+00:00
2026-09-11,HOU,TBR,Astros at Rays,07:10 PM,2026-09-11 19:10:00+00:00
2026-09-12,HOU,TBR,Astros at Rays,06:10 PM,2026-09-12 18:10:00+00:00
2026-09-13,HOU,TBR,Astros at Rays,01:40 PM,2026-09-13 13:40:00+00:00
2026-09-15,ATH,TBR,Athletics at Rays,06:40 PM,2026-09-15 18:40:00+00:00
2026-09-16,ATH,TBR,Athletics at Rays,06:40 PM,2026-09-16 18:40:00+00:00
2026-09-17,ATH,TBR,Athletics at Rays,01:10 PM,2026-09-17 13:10:00+00:00
2026-09-18,BOS,TBR,Red Sox at Rays,07:10 PM,2026-09-18 19:10:00+00:00
2026-09-19,BOS,TBR,Red Sox at Rays,04:10 PM,2026-09-19 16:10:00+00:00
2026-09-20,BOS,TBR,Red Sox at Rays,01:40 PM,2026-09-20 13:40:00+00:00
2026-09-22,TBR,NYY,Rays at Yankees,07:05 PM,2026-09-22 19:05:00+00:00
2026-09-23,TBR,NYY,Rays at Yankees,07:05 PM,2026-09-23 19:05:00+00:00
2026-09-24,TBR,NYY,Rays at Yankees,07:05 PM,2026-09-24 19:05:00+00:00
2026-09-25,TBR,PHI,Rays at Phillies,06:40 PM,2026-09-25 18:40:00+00:00
2026-09-26,TBR,PHI,Rays at Phillies,06:05 PM,2026-09-26 18:05:00+00:00
2026-09-27,TBR,PHI,Rays at Phillies,03:05 PM,2026-09-27 15:05:00+00:00
2026-03-26,BOS,CIN,Red Sox at Reds,04:10 PM,2026-03-26 16:10:00+00:00
2026-03-28,BOS,CIN,Red Sox at Reds,04:10 PM,2026-03-28 16:10:00+00:00
2026-03-29,BOS,CIN,Red Sox at Reds,01:40 PM,2026-03-29 13:40:00+00:00
2026-03-30,BOS,HOU,Red Sox at Astros,08:10 PM,2026-03-30 20:10:00+00:00
2026-03-31,BOS,HOU,Red Sox at Astros,08:10 PM,2026-03-31 20:10:00+00:00
2026-04-01,BOS,HOU,Red Sox at Astros,02:10 PM,2026-04-01 14:10:00+00:00
2026-04-03,SDP,BOS,Padres at Red Sox,02:10 PM,2026-04-03 14:10:00+00:00
2026-04-04,SDP,BOS,Padres at Red Sox,04:10 PM,2026-04-04 16:10:00+00:00
2026-04-05,SDP,BOS,Padres at Red Sox,01:35 PM,2026-04-05 13:35:00+00:00
2026-04-06,MIL,BOS,Brewers at Red Sox,06:45 PM,2026-04-06 18:45:00+00:00
2026-04-07,MIL,BOS,Brewers at Red Sox,06:45 PM,2026-04-07 18:45:00+00:00
2026-04-08,MIL,BOS,Brewers at Red Sox,01:35 PM,2026-04-08 13:35:00+00:00
2026-04-10,BOS,STL,Red Sox at Cardinals,08:15 PM,2026-04-10 20:15:00+00:00
2026-04-11,BOS,STL,Red Sox at Cardinals,07:15 PM,2026-04-11 19:15:00+00:00
2026-04-12,BOS,STL,Red Sox at Cardinals,02:15 PM,2026-04-12 14:15:00+00:00
2026-04-13,BOS,MIN,Red Sox at Twins,07:40 PM,2026-04-13 19:40:00+00:00
2026-04-14,BOS,MIN,Red Sox at Twins,07:40 PM,2026-04-14 19:40:00+00:00
2026-04-15,BOS,MIN,Red Sox at Twins,01:40 PM,2026-04-15 13:40:00+00:00
2026-04-17,DET,BOS,Tigers at Red Sox,07:10 PM,2026-04-17 19:10:00+00:00
2026-04-18,DET,BOS,Tigers at Red Sox,04:10 PM,2026-04-18 16:10:00+00:00
2026-04-19,DET,BOS,Tigers at Red Sox,01:35 PM,2026-04-19 13:35:00+00:00
2026-04-20,DET,BOS,Tigers at Red Sox,11:10 AM,2026-04-20 11:10:00+00:00
2026-04-21,NYY,BOS,Yankees at Red Sox,06:45 PM,2026-04-21 18:45:00+00:00
2026-04-22,NYY,BOS,Yankees at Red Sox,06:45 PM,2026-04-22 18:45:00+00:00
2026-04-23,NYY,BOS,Yankees at Red Sox,06:10 PM,2026-04-23 18:10:00+00:00
2026-05-01,HOU,BOS,Astros at Red Sox,07:10 PM,2026-05-01 19:10:00+00:00
2026-05-02,HOU,BOS,Astros at Red Sox,04:10 PM,2026-05-02 16:10:00+00:00
2026-05-03,HOU,BOS,Astros at Red Sox,01:35 PM,2026-05-03 13:35:00+00:00
2026-05-04,BOS,DET,Red Sox at Tigers,06:40 PM,2026-05-04 18:40:00+00:00
2026-05-05,BOS,DET,Red Sox at Tigers,06:40 PM,2026-05-05 18:40:00+00:00
2026-05-06,BOS,DET,Red Sox at Tigers,06:40 PM,2026-05-06 18:40:00+00:00
2026-05-12,PHI,BOS,Phillies at Red Sox,06:45 PM,2026-05-12 18:45:00+00:00
2026-05-13,PHI,BOS,Phillies at Red Sox,06:45 PM,2026-05-13 18:45:00+00:00
2026-05-14,PHI,BOS,Phillies at Red Sox,06:45 PM,2026-05-14 18:45:00+00:00
2026-05-15,BOS,ATL,Red Sox at Braves,07:15 PM,2026-05-15 19:15:00+00:00
2026-05-16,BOS,ATL,Red Sox at Braves,07:15 PM,2026-05-16 19:15:00+00:00
2026-05-17,BOS,ATL,Red Sox at Braves,01:35 PM,2026-05-17 13:35:00+00:00
2026-05-18,BOS,KCR,Red Sox at Royals,07:40 PM,2026-05-18 19:40:00+00:00
2026-05-19,BOS,KCR,Red Sox at Royals,07:40 PM,2026-05-19 19:40:00+00:00
2026-05-20,BOS,KCR,Red Sox at Royals,07:40 PM,2026-05-20 19:40:00+00:00
2026-05-22,MIN,BOS,Twins at Red Sox,07:10 PM,2026-05-22 19:10:00+00:00
2026-05-23,MIN,BOS,Twins at Red Sox,04:10 PM,2026-05-23 16:10:00+00:00
2026-05-24,MIN,BOS,Twins at Red Sox,01:35 PM,2026-05-24 13:35:00+00:00
2026-05-26,ATL,BOS,Braves at Red Sox,06:45 PM,2026-05-26 18:45:00+00:00
2026-05-27,ATL,BOS,Braves at Red Sox,06:45 PM,2026-05-27 18:45:00+00:00
2026-05-28,ATL,BOS,Braves at Red Sox,04:10 PM,2026-05-28 16:10:00+00:00
2026-05-29,BOS,CLE,Red Sox at Guardians,07:10 PM,2026-05-29 19:10:00+00:00
2026-05-30,BOS,CLE,Red Sox at Guardians,04:10 PM,2026-05-30 16:10:00+00:00
2026-05-31,BOS,CLE,Red Sox at Guardians,01:40 PM,2026-05-31 13:40:00+00:00
2026-06-05,BOS,NYY,Red Sox at Yankees,07:05 PM,2026-06-05 19:05:00+00:00
2026-06-06,BOS,NYY,Red Sox at Yankees,07:35 PM,2026-06-06 19:35:00+00:00
2026-06-07,BOS,NYY,Red Sox at Yankees,01:35 PM,2026-06-07 13:35:00+00:00
2026-06-12,TEX,BOS,Rangers at Red Sox,07:10 PM,2026-06-12 19:10:00+00:00
2026-06-13,TEX,BOS,Rangers at Red Sox,04:10 PM,2026-06-13 16:10:00+00:00
2026-06-14,TEX,BOS,Rangers at Red Sox,07:20 PM,2026-06-14 19:20:00+00:00
2026-06-20,BOS,SEA,Red Sox at Mariners,04:10 PM,2026-06-20 16:10:00+00:00
2026-06-20,BOS,SEA,Red Sox at Mariners,10:15 PM,2026-06-20 22:15:00+00:00
2026-06-21,BOS,SEA,Red Sox at Mariners,04:10 PM,2026-06-21 16:10:00+00:00
2026-06-22,BOS,COL,Red Sox at Rockies,08:40 PM,2026-06-22 20:40:00+00:00
2026-06-23,BOS,COL,Red Sox at Rockies,08:40 PM,2026-06-23 20:40:00+00:00
2026-06-24,BOS,COL,Red Sox at Rockies,03:10 PM,2026-06-24 15:10:00+00:00
2026-06-25,NYY,BOS,Yankees at Red Sox,07:10 PM,2026-06-25 19:10:00+00:00
2026-06-26,NYY,BOS,Yankees at Red Sox,07:10 PM,2026-06-26 19:10:00+00:00
2026-06-27,NYY,BOS,Yankees at Red Sox,01:10 PM,2026-06-27 13:10:00+00:00
2026-06-28,NYY,BOS,Yankees at Red Sox,07:20 PM,2026-06-28 19:20:00+00:00
2026-06-29,WSN,BOS,Nationals at Red Sox,07:10 PM,2026-06-29 19:10:00+00:00
2026-06-30,WSN,BOS,Nationals at Red Sox,07:10 PM,2026-06-30 19:10:00+00:00
2026-07-01,WSN,BOS,Nationals at Red Sox,01:35 PM,2026-07-01 13:35:00+00:00
2026-07-03,BOS,LAA,Red Sox at Angels,09:38 PM,2026-07-03 21:38:00+00:00
2026-07-04,BOS,LAA,Red Sox at Angels,09:38 PM,2026-07-04 21:38:00+00:00
2026-07-05,BOS,LAA,Red Sox at Angels,09:30 PM,2026-07-05 21:30:00+00:00
2026-07-07,BOS,CHW,Red Sox at White Sox,07:40 PM,2026-07-07 19:40:00+00:00
2026-07-08,BOS,CHW,Red Sox at White Sox,07:40 PM,2026-07-08 19:40:00+00:00
2026-07-09,BOS,CHW,Red Sox at White Sox,02:10 PM,2026-07-09 14:10:00+00:00
2026-07-10,BOS,NYM,Red Sox at Mets,07:10 PM,2026-07-10 19:10:00+00:00
2026-07-11,BOS,NYM,Red Sox at Mets,04:10 PM,2026-07-11 16:10:00+00:00
2026-07-12,BOS,NYM,Red Sox at Mets,01:40 PM,2026-07-12 13:40:00+00:00
2026-07-27,BOS,ATH,Red Sox at Athletics,09:40 PM,2026-07-27 21:40:00+00:00
2026-07-28,BOS,ATH,Red Sox at Athletics,09:40 PM,2026-07-28 21:40:00+00:00
2026-07-29,BOS,ATH,Red Sox at Athletics,09:40 PM,2026-07-29 21:40:00+00:00
2026-07-30,BOS,ATH,Red Sox at Athletics,09:40 PM,2026-07-30 21:40:00+00:00
2026-07-31,BOS,LAD,Red Sox at Dodgers,10:10 PM,2026-07-31 22:10:00+00:00
2026-08-01,BOS,LAD,Red Sox at Dodgers,09:10 PM,2026-08-01 21:10:00+00:00
2026-08-02,BOS,LAD,Red Sox at Dodgers,07:20 PM,2026-08-02 19:20:00+00:00
2026-08-04,CHW,BOS,White Sox at Red Sox,07:10 PM,2026-08-04 19:10:00+00:00
2026-08-05,CHW,BOS,White Sox at Red Sox,07:10 PM,2026-08-05 19:10:00+00:00
2026-08-06,CHW,BOS,White Sox at Red Sox,07:10 PM,2026-08-06 19:10:00+00:00
2026-08-07,ATH,BOS,Athletics at Red Sox,07:10 PM,2026-08-07 19:10:00+00:00
2026-08-08,ATH,BOS,Athletics at Red Sox,04:10 PM,2026-08-08 16:10:00+00:00
2026-08-09,ATH,BOS,Athletics at Red Sox,01:35 PM,2026-08-09 13:35:00+00:00
2026-08-14,BOS,PIT,Red Sox at Pirates,06:40 PM,2026-08-14 18:40:00+00:00
2026-08-15,BOS,PIT,Red Sox at Pirates,06:40 PM,2026-08-15 18:40:00+00:00
2026-08-16,BOS,PIT,Red Sox at Pirates,01:35 PM,2026-08-16 13:35:00+00:00
2026-08-17,ARI,BOS,D-backs at Red Sox,07:10 PM,2026-08-17 19:10:00+00:00
2026-08-18,ARI,BOS,D-backs at Red Sox,07:10 PM,2026-08-18 19:10:00+00:00
2026-08-19,ARI,BOS,D-backs at Red Sox,04:10 PM,2026-08-19 16:10:00+00:00
2026-08-21,SFG,BOS,Giants at Red Sox,07:10 PM,2026-08-21 19:10:00+00:00
2026-08-22,SFG,BOS,Giants at Red Sox,07:15 PM,2026-08-22 19:15:00+00:00
2026-08-23,SFG,BOS,Giants at Red Sox,03:10 PM,2026-08-23 15:10:00+00:00
2026-08-24,BOS,MIA,Red Sox at Marlins,06:40 PM,2026-08-24 18:40:00+00:00
2026-08-25,BOS,MIA,Red Sox at Marlins,06:40 PM,2026-08-25 18:40:00+00:00
2026-08-26,BOS,MIA,Red Sox at Marlins,06:40 PM,2026-08-26 18:40:00+00:00
2026-08-28,BOS,NYY,Red Sox at Yankees,07:05 PM,2026-08-28 19:05:00+00:00
2026-08-29,BOS,NYY,Red Sox at Yankees,07:15 PM,2026-08-29 19:15:00+00:00
2026-08-30,BOS,NYY,Red Sox at Yankees,01:35 PM,2026-08-30 13:35:00+00:00
2026-08-31,SEA,BOS,Mariners at Red Sox,06:45 PM,2026-08-31 18:45:00+00:00
2026-09-01,SEA,BOS,Mariners at Red Sox,06:45 PM,2026-09-01 18:45:00+00:00
2026-09-02,SEA,BOS,Mariners at Red Sox,04:10 PM,2026-09-02 16:10:00+00:00
2026-09-07,LAA,BOS,Angels at Red Sox,01:35 PM,2026-09-07 13:35:00+00:00
2026-09-08,LAA,BOS,Angels at Red Sox,06:45 PM,2026-09-08 18:45:00+00:00
2026-09-09,LAA,BOS,Angels at Red Sox,06:45 PM,2026-09-09 18:45:00+00:00
2026-09-11,KCR,BOS,Royals at Red Sox,07:10 PM,2026-09-11 19:10:00+00:00
2026-09-12,KCR,BOS,Royals at Red Sox,04:10 PM,2026-09-12 16:10:00+00:00
2026-09-13,KCR,BOS,Royals at Red Sox,01:35 PM,2026-09-13 13:35:00+00:00
2026-09-15,BOS,TEX,Red Sox at Rangers,08:05 PM,2026-09-15 20:05:00+00:00
2026-09-16,BOS,TEX,Red Sox at Rangers,08:05 PM,2026-09-16 20:05:00+00:00
2026-09-17,BOS,TEX,Red Sox at Rangers,08:05 PM,2026-09-17 20:05:00+00:00
2026-09-22,CLE,BOS,Guardians at Red Sox,06:45 PM,2026-09-22 18:45:00+00:00
2026-09-23,CLE,BOS,Guardians at Red Sox,07:10 PM,2026-09-23 19:10:00+00:00
2026-09-24,CLE,BOS,Guardians at Red Sox,06:45 PM,2026-09-24 18:45:00+00:00
2026-09-25,CHC,BOS,Cubs at Red Sox,07:10 PM,2026-09-25 19:10:00+00:00
2026-09-26,CHC,BOS,Cubs at Red Sox,07:15 PM,2026-09-26 19:15:00+00:00
2026-09-27,CHC,BOS,Cubs at Red Sox,03:05 PM,2026-09-27 15:05:00+00:00
2026-03-25,NYY,SFG,Yankees at Giants,08:05 PM,2026-03-25 20:05:00+00:00
2026-03-27,NYY,SFG,Yankees at Giants,04:35 PM,2026-03-27 16:35:00+00:00
2026-03-28,NYY,SFG,Yankees at Giants,07:15 PM,2026-03-28 19:15:00+00:00
2026-03-30,NYY,SEA,Yankees at Mariners,09:40 PM,2026-03-30 21:40:00+00:00
2026-03-31,NYY,SEA,Yankees at Mariners,09:40 PM,2026-03-31 21:40:00+00:00
2026-04-01,NYY,SEA,Yankees at Mariners,04:10 PM,2026-04-01 16:10:00+00:00
2026-04-03,MIA,NYY,Marlins at Yankees,01:35 PM,2026-04-03 13:35:00+00:00
2026-04-04,MIA,NYY,Marlins at Yankees,07:05 PM,2026-04-04 19:05:00+00:00
2026-04-05,MIA,NYY,Marlins at Yankees,01:35 PM,2026-04-05 13:35:00+00:00
2026-04-07,ATH,NYY,Athletics at Yankees,07:05 PM,2026-04-07 19:05:00+00:00
2026-04-08,ATH,NYY,Athletics at Yankees,07:05 PM,2026-04-08 19:05:00+00:00
2026-04-09,ATH,NYY,Athletics at Yankees,01:35 PM,2026-04-09 13:35:00+00:00
2026-04-13,LAA,NYY,Angels at Yankees,07:05 PM,2026-04-13 19:05:00+00:00
2026-04-14,LAA,NYY,Angels at Yankees,07:05 PM,2026-04-14 19:05:00+00:00
2026-04-15,LAA,NYY,Angels at Yankees,07:05 PM,2026-04-15 19:05:00+00:00
2026-04-16,LAA,NYY,Angels at Yankees,01:35 PM,2026-04-16 13:35:00+00:00
2026-04-17,KCR,NYY,Royals at Yankees,07:05 PM,2026-04-17 19:05:00+00:00
2026-04-18,KCR,NYY,Royals at Yankees,01:35 PM,2026-04-18 13:35:00+00:00
2026-04-19,KCR,NYY,Royals at Yankees,01:35 PM,2026-04-19 13:35:00+00:00
2026-04-24,NYY,HOU,Yankees at Astros,08:10 PM,2026-04-24 20:10:00+00:00
2026-04-25,NYY,HOU,Yankees at Astros,07:10 PM,2026-04-25 19:10:00+00:00
2026-04-26,NYY,HOU,Yankees at Astros,02:10 PM,2026-04-26 14:10:00+00:00
2026-04-27,NYY,TEX,Yankees at Rangers,08:05 PM,2026-04-27 20:05:00+00:00
2026-04-28,NYY,TEX,Yankees at Rangers,08:05 PM,2026-04-28 20:05:00+00:00
2026-04-29,NYY,TEX,Yankees at Rangers,02:35 PM,2026-04-29 14:35:00+00:00
2026-05-05,TEX,NYY,Rangers at Yankees,07:05 PM,2026-05-05 19:05:00+00:00
2026-05-06,TEX,NYY,Rangers at Yankees,07:05 PM,2026-05-06 19:05:00+00:00
2026-05-07,TEX,NYY,Rangers at Yankees,12:35 PM,2026-05-07 12:35:00+00:00
2026-05-08,NYY,MIL,Yankees at Brewers,07:40 PM,2026-05-08 19:40:00+00:00
2026-05-09,NYY,MIL,Yankees at Brewers,07:10 PM,2026-05-09 19:10:00+00:00
2026-05-10,NYY,MIL,Yankees at Brewers,02:10 PM,2026-05-10 14:10:00+00:00
2026-05-15,NYY,NYM,Yankees at Mets,07:10 PM,2026-05-15 19:10:00+00:00
2026-05-16,NYY,NYM,Yankees at Mets,07:15 PM,2026-05-16 19:15:00+00:00
2026-05-17,NYY,NYM,Yankees at Mets,01:40 PM,2026-05-17 13:40:00+00:00
2026-05-25,NYY,KCR,Yankees at Royals,03:40 PM,2026-05-25 15:40:00+00:00
2026-05-26,NYY,KCR,Yankees at Royals,07:40 PM,2026-05-26 19:40:00+00:00
2026-05-27,NYY,KCR,Yankees at Royals,07:40 PM,2026-05-27 19:40:00+00:00
2026-05-29,NYY,ATH,Yankees at Athletics,09:40 PM,2026-05-29 21:40:00+00:00
2026-05-30,NYY,ATH,Yankees at Athletics,10:05 PM,2026-05-30 22:05:00+00:00
2026-05-31,NYY,ATH,Yankees at Athletics,04:05 PM,2026-05-31 16:05:00+00:00
2026-06-02,CLE,NYY,Guardians at Yankees,07:05 PM,2026-06-02 19:05:00+00:00
2026-06-03,CLE,NYY,Guardians at Yankees,07:05 PM,2026-06-03 19:05:00+00:00
2026-06-04,CLE,NYY,Guardians at Yankees,01:35 PM,2026-06-04 13:35:00+00:00
2026-06-08,NYY,CLE,Yankees at Guardians,06:40 PM,2026-06-08 18:40:00+00:00
2026-06-09,NYY,CLE,Yankees at Guardians,06:40 PM,2026-06-09 18:40:00+00:00
2026-06-10,NYY,CLE,Yankees at Guardians,01:10 PM,2026-06-10 13:10:00+00:00
2026-06-16,CHW,NYY,White Sox at Yankees,07:05 PM,2026-06-16 19:05:00+00:00
2026-06-17,CHW,NYY,White Sox at Yankees,07:05 PM,2026-06-17 19:05:00+00:00
2026-06-18,CHW,NYY,White Sox at Yankees,07:05 PM,2026-06-18 19:05:00+00:00
2026-06-19,CIN,NYY,Reds at Yankees,07:05 PM,2026-06-19 19:05:00+00:00
2026-06-20,CIN,NYY,Reds at Yankees,01:35 PM,2026-06-20 13:35:00+00:00
2026-06-21,CIN,NYY,Reds at Yankees,01:35 PM,2026-06-21 13:35:00+00:00
2026-06-22,NYY,DET,Yankees at Tigers,06:40 PM,2026-06-22 18:40:00+00:00
2026-06-23,NYY,DET,Yankees at Tigers,06:40 PM,2026-06-23 18:40:00+00:00
2026-06-24,NYY,DET,Yankees at Tigers,06:40 PM,2026-06-24 18:40:00+00:00
2026-06-29,DET,NYY,Tigers at Yankees,07:05 PM,2026-06-29 19:05:00+00:00
2026-06-30,DET,NYY,Tigers at Yankees,07:05 PM,2026-06-30 19:05:00+00:00
2026-07-01,DET,NYY,Tigers at Yankees,01:35 PM,2026-07-01 13:35:00+00:00
2026-07-03,MIN,NYY,Twins at Yankees,07:05 PM,2026-07-03 19:05:00+00:00
2026-07-04,MIN,NYY,Twins at Yankees,01:35 PM,2026-07-04 13:35:00+00:00
2026-07-05,MIN,NYY,Twins at Yankees,01:35 PM,2026-07-05 13:35:00+00:00
2026-07-10,NYY,WSN,Yankees at Nationals,06:45 PM,2026-07-10 18:45:00+00:00
2026-07-11,NYY,WSN,Yankees at Nationals,04:05 PM,2026-07-11 16:05:00+00:00
2026-07-12,NYY,WSN,Yankees at Nationals,01:35 PM,2026-07-12 13:35:00+00:00
2026-07-17,LAD,NYY,Dodgers at Yankees,07:05 PM,2026-07-17 19:05:00+00:00
2026-07-18,LAD,NYY,Dodgers at Yankees,08:08 PM,2026-07-18 20:08:00+00:00
2026-07-19,LAD,NYY,Dodgers at Yankees,07:20 PM,2026-07-19 19:20:00+00:00
2026-07-20,PIT,NYY,Pirates at Yankees,07:05 PM,2026-07-20 19:05:00+00:00
2026-07-21,PIT,NYY,Pirates at Yankees,07:05 PM,2026-07-21 19:05:00+00:00
2026-07-22,PIT,NYY,Pirates at Yankees,01:35 PM,2026-07-22 13:35:00+00:00
2026-07-24,NYY,PHI,Yankees at Phillies,06:40 PM,2026-07-24 18:40:00+00:00
2026-07-25,NYY,PHI,Yankees at Phillies,06:05 PM,2026-07-25 18:05:00+00:00
2026-07-26,NYY,PHI,Yankees at Phillies,07:20 PM,2026-07-26 19:20:00+00:00
2026-07-27,NYY,CHW,Yankees at White Sox,07:40 PM,2026-07-27 19:40:00+00:00
2026-07-28,NYY,CHW,Yankees at White Sox,07:40 PM,2026-07-28 19:40:00+00:00
2026-07-29,NYY,CHW,Yankees at White Sox,07:40 PM,2026-07-29 19:40:00+00:00
2026-07-30,NYY,CHW,Yankees at White Sox,02:10 PM,2026-07-30 14:10:00+00:00
2026-07-31,NYY,CHC,Yankees at Cubs,02:20 PM,2026-07-31 14:20:00+00:00
2026-08-01,NYY,CHC,Yankees at Cubs,07:15 PM,2026-08-01 19:15:00+00:00
2026-08-02,NYY,CHC,Yankees at Cubs,02:20 PM,2026-08-02 14:20:00+00:00
2026-08-03,STL,NYY,Cardinals at Yankees,07:05 PM,2026-08-03 19:05:00+00:00
2026-08-04,STL,NYY,Cardinals at Yankees,07:05 PM,2026-08-04 19:05:00+00:00
2026-08-05,STL,NYY,Cardinals at Yankees,07:05 PM,2026-08-05 19:05:00+00:00
2026-08-07,ATL,NYY,Braves at Yankees,07:05 PM,2026-08-07 19:05:00+00:00
2026-08-08,ATL,NYY,Braves at Yankees,03:05 PM,2026-08-08 15:05:00+00:00
2026-08-09,ATL,NYY,Braves at Yankees,01:35 PM,2026-08-09 13:35:00+00:00
2026-08-11,SEA,NYY,Mariners at Yankees,07:05 PM,2026-08-11 19:05:00+00:00
2026-08-12,SEA,NYY,Mariners at Yankees,07:05 PM,2026-08-12 19:05:00+00:00
2026-08-13,SEA,NYY,Mariners at Yankees,01:35 PM,2026-08-13 13:35:00+00:00
2026-08-25,HOU,NYY,Astros at Yankees,07:05 PM,2026-08-25 19:05:00+00:00
2026-08-26,HOU,NYY,Astros at Yankees,07:05 PM,2026-08-26 19:05:00+00:00
2026-08-27,HOU,NYY,Astros at Yankees,07:05 PM,2026-08-27 19:05:00+00:00
2026-08-31,NYY,LAA,Yankees at Angels,09:38 PM,2026-08-31 21:38:00+00:00
2026-09-01,NYY,LAA,Yankees at Angels,09:38 PM,2026-09-01 21:38:00+00:00
2026-09-02,NYY,LAA,Yankees at Angels,09:38 PM,2026-09-02 21:38:00+00:00
2026-09-04,NYY,SDP,Yankees at Padres,09:40 PM,2026-09-04 21:40:00+00:00
2026-09-05,NYY,SDP,Yankees at Padres,08:40 PM,2026-09-05 20:40:00+00:00
2026-09-06,NYY,SDP,Yankees at Padres,04:10 PM,2026-09-06 16:10:00+00:00
2026-09-08,COL,NYY,Rockies at Yankees,07:05 PM,2026-09-08 19:05:00+00:00
2026-09-09,COL,NYY,Rockies at Yankees,07:05 PM,2026-09-09 19:05:00+00:00
2026-09-10,COL,NYY,Rockies at Yankees,07:05 PM,2026-09-10 19:05:00+00:00
2026-09-11,NYM,NYY,Mets at Yankees,07:05 PM,2026-09-11 19:05:00+00:00
2026-09-12,NYM,NYY,Mets at Yankees,01:35 PM,2026-09-12 13:35:00+00:00
2026-09-13,NYM,NYY,Mets at Yankees,01:35 PM,2026-09-13 13:35:00+00:00
2026-09-14,NYY,MIN,Yankees at Twins,07:40 PM,2026-09-14 19:40:00+00:00
2026-09-15,NYY,MIN,Yankees at Twins,07:40 PM,2026-09-15 19:40:00+00:00
2026-09-16,NYY,MIN,Yankees at Twins,01:40 PM,2026-09-16 13:40:00+00:00
2026-09-18,NYY,ARI,Yankees at D-backs,09:40 PM,2026-09-18 21:40:00+00:00
2026-09-19,NYY,ARI,Yankees at D-backs,08:10 PM,2026-09-19 20:10:00+00:00
2026-09-20,NYY,ARI,Yankees at D-backs,04:10 PM,2026-09-20 16:10:00+00:00
2026-03-26,CLE,SEA,Guardians at Mariners,10:10 PM,2026-03-26 22:10:00+00:00
2026-03-27,CLE,SEA,Guardians at Mariners,09:40 PM,2026-03-27 21:40:00+00:00
2026-03-28,CLE,SEA,Guardians at Mariners,09:40 PM,2026-03-28 21:40:00+00:00
2026-03-29,CLE,SEA,Guardians at Mariners,07:20 PM,2026-03-29 19:20:00+00:00
2026-03-30,CLE,LAD,Guardians at Dodgers,10:10 PM,2026-03-30 22:10:00+00:00
2026-03-31,CLE,LAD,Guardians at Dodgers,10:10 PM,2026-03-31 22:10:00+00:00
2026-04-01,CLE,LAD,Guardians at Dodgers,08:20 PM,2026-04-01 20:20:00+00:00
2026-04-03,CHC,CLE,Cubs at Guardians,04:10 PM,2026-04-03 16:10:00+00:00
2026-04-04,CHC,CLE,Cubs at Guardians,07:15 PM,2026-04-04 19:15:00+00:00
2026-04-05,CHC,CLE,Cubs at Guardians,01:40 PM,2026-04-05 13:40:00+00:00
2026-04-06,KCR,CLE,Royals at Guardians,06:10 PM,2026-04-06 18:10:00+00:00
2026-04-07,KCR,CLE,Royals at Guardians,06:10 PM,2026-04-07 18:10:00+00:00
2026-04-08,KCR,CLE,Royals at Guardians,01:10 PM,2026-04-08 13:10:00+00:00
2026-04-10,CLE,ATL,Guardians at Braves,07:15 PM,2026-04-10 19:15:00+00:00
2026-04-11,CLE,ATL,Guardians at Braves,07:15 PM,2026-04-11 19:15:00+00:00
2026-04-12,CLE,ATL,Guardians at Braves,07:20 PM,2026-04-12 19:20:00+00:00
2026-04-13,CLE,STL,Guardians at Cardinals,07:45 PM,2026-04-13 19:45:00+00:00
2026-04-14,CLE,STL,Guardians at Cardinals,07:45 PM,2026-04-14 19:45:00+00:00
2026-04-15,CLE,STL,Guardians at Cardinals,01:15 PM,2026-04-15 13:15:00+00:00
2026-04-20,HOU,CLE,Astros at Guardians,06:10 PM,2026-04-20 18:10:00+00:00
2026-04-21,HOU,CLE,Astros at Guardians,06:10 PM,2026-04-21 18:10:00+00:00
2026-04-22,HOU,CLE,Astros at Guardians,01:10 PM,2026-04-22 13:10:00+00:00
2026-05-01,CLE,ATH,Guardians at Athletics,09:40 PM,2026-05-01 21:40:00+00:00
2026-05-02,CLE,ATH,Guardians at Athletics,04:05 PM,2026-05-02 16:05:00+00:00
2026-05-03,CLE,ATH,Guardians at Athletics,04:05 PM,2026-05-03 16:05:00+00:00
2026-05-04,CLE,KCR,Guardians at Royals,07:40 PM,2026-05-04 19:40:00+00:00
2026-05-05,CLE,KCR,Guardians at Royals,07:40 PM,2026-05-05 19:40:00+00:00
2026-05-06,CLE,KCR,Guardians at Royals,07:40 PM,2026-05-06 19:40:00+00:00
2026-05-07,CLE,KCR,Guardians at Royals,02:10 PM,2026-05-07 14:10:00+00:00
2026-05-08,MIN,CLE,Twins at Guardians,07:10 PM,2026-05-08 19:10:00+00:00
2026-05-09,MIN,CLE,Twins at Guardians,06:10 PM,2026-05-09 18:10:00+00:00
2026-05-10,MIN,CLE,Twins at Guardians,01:40 PM,2026-05-10 13:40:00+00:00
2026-05-11,LAA,CLE,Angels at Guardians,06:10 PM,2026-05-11 18:10:00+00:00
2026-05-12,LAA,CLE,Angels at Guardians,06:10 PM,2026-05-12 18:10:00+00:00
2026-05-13,LAA,CLE,Angels at Guardians,01:10 PM,2026-05-13 13:10:00+00:00
2026-05-15,CIN,CLE,Reds at Guardians,07:10 PM,2026-05-15 19:10:00+00:00
2026-05-16,CIN,CLE,Reds at Guardians,06:10 PM,2026-05-16 18:10:00+00:00
2026-05-17,CIN,CLE,Reds at Guardians,01:40 PM,2026-05-17 13:40:00+00:00
2026-05-18,CLE,DET,Guardians at Tigers,06:40 PM,2026-05-18 18:40:00+00:00
2026-05-19,CLE,DET,Guardians at Tigers,06:40 PM,2026-05-19 18:40:00+00:00
2026-05-20,CLE,DET,Guardians at Tigers,06:40 PM,2026-05-20 18:40:00+00:00
2026-05-21,CLE,DET,Guardians at Tigers,01:10 PM,2026-05-21 13:10:00+00:00
2026-05-22,CLE,PHI,Guardians at Phillies,06:40 PM,2026-05-22 18:40:00+00:00
2026-05-23,CLE,PHI,Guardians at Phillies,04:05 PM,2026-05-23 16:05:00+00:00
2026-05-24,CLE,PHI,Guardians at Phillies,01:35 PM,2026-05-24 13:35:00+00:00
2026-05-25,WSN,CLE,Nationals at Guardians,06:10 PM,2026-05-25 18:10:00+00:00
2026-05-26,WSN,CLE,Nationals at Guardians,06:10 PM,2026-05-26 18:10:00+00:00
2026-05-27,WSN,CLE,Nationals at Guardians,01:10 PM,2026-05-27 13:10:00+00:00
2026-06-05,CLE,TEX,Guardians at Rangers,08:05 PM,2026-06-05 20:05:00+00:00
2026-06-06,CLE,TEX,Guardians at Rangers,07:35 PM,2026-06-06 19:35:00+00:00
2026-06-07,CLE,TEX,Guardians at Rangers,02:35 PM,2026-06-07 14:35:00+00:00
2026-06-12,DET,CLE,Tigers at Guardians,07:10 PM,2026-06-12 19:10:00+00:00
2026-06-13,DET,CLE,Tigers at Guardians,04:10 PM,2026-06-13 16:10:00+00:00
2026-06-14,DET,CLE,Tigers at Guardians,01:40 PM,2026-06-14 13:40:00+00:00
2026-06-16,CLE,MIL,Guardians at Brewers,07:40 PM,2026-06-16 19:40:00+00:00
2026-06-17,CLE,MIL,Guardians at Brewers,07:40 PM,2026-06-17 19:40:00+00:00
2026-06-18,CLE,MIL,Guardians at Brewers,02:10 PM,2026-06-18 14:10:00+00:00
2026-06-19,CLE,HOU,Guardians at Astros,08:10 PM,2026-06-19 20:10:00+00:00
2026-06-20,CLE,HOU,Guardians at Astros,07:15 PM,2026-06-20 19:15:00+00:00
2026-06-21,CLE,HOU,Guardians at Astros,02:10 PM,2026-06-21 14:10:00+00:00
2026-06-22,CLE,CHW,Guardians at White Sox,07:40 PM,2026-06-22 19:40:00+00:00
2026-06-23,CLE,CHW,Guardians at White Sox,07:40 PM,2026-06-23 19:40:00+00:00
2026-06-24,CLE,CHW,Guardians at White Sox,02:10 PM,2026-06-24 14:10:00+00:00
2026-06-26,SEA,CLE,Mariners at Guardians,07:10 PM,2026-06-26 19:10:00+00:00
2026-06-27,SEA,CLE,Mariners at Guardians,07:10 PM,2026-06-27 19:10:00+00:00
2026-06-28,SEA,CLE,Mariners at Guardians,01:40 PM,2026-06-28 13:40:00+00:00
2026-06-29,TEX,CLE,Rangers at Guardians,07:10 PM,2026-06-29 19:10:00+00:00
2026-06-30,TEX,CLE,Rangers at Guardians,06:40 PM,2026-06-30 18:40:00+00:00
2026-07-01,TEX,CLE,Rangers at Guardians,01:10 PM,2026-07-01 13:10:00+00:00
2026-07-02,CHW,CLE,White Sox at Guardians,06:40 PM,2026-07-02 18:40:00+00:00
2026-07-03,CHW,CLE,White Sox at Guardians,07:10 PM,2026-07-03 19:10:00+00:00
2026-07-04,CHW,CLE,White Sox at Guardians,07:10 PM,2026-07-04 19:10:00+00:00
2026-07-05,CHW,CLE,White Sox at Guardians,02:00 PM,2026-07-05 14:00:00+00:00
2026-07-07,CLE,MIN,Guardians at Twins,07:40 PM,2026-07-07 19:40:00+00:00
2026-07-08,CLE,MIN,Guardians at Twins,07:40 PM,2026-07-08 19:40:00+00:00
2026-07-09,CLE,MIN,Guardians at Twins,01:40 PM,2026-07-09 13:40:00+00:00
2026-07-10,CLE,MIA,Guardians at Marlins,07:10 PM,2026-07-10 19:10:00+00:00
2026-07-11,CLE,MIA,Guardians at Marlins,04:10 PM,2026-07-11 16:10:00+00:00
2026-07-12,CLE,MIA,Guardians at Marlins,01:40 PM,2026-07-12 13:40:00+00:00
2026-07-17,PIT,CLE,Pirates at Guardians,07:10 PM,2026-07-17 19:10:00+00:00
2026-07-18,PIT,CLE,Pirates at Guardians,04:10 PM,2026-07-18 16:10:00+00:00
2026-07-19,PIT,CLE,Pirates at Guardians,01:40 PM,2026-07-19 13:40:00+00:00
2026-07-20,MIN,CLE,Twins at Guardians,06:40 PM,2026-07-20 18:40:00+00:00
2026-07-21,MIN,CLE,Twins at Guardians,06:40 PM,2026-07-21 18:40:00+00:00
2026-07-22,MIN,CLE,Twins at Guardians,06:40 PM,2026-07-22 18:40:00+00:00
2026-07-23,MIN,CLE,Twins at Guardians,01:10 PM,2026-07-23 13:10:00+00:00
2026-07-27,CLE,CIN,Guardians at Reds,07:10 PM,2026-07-27 19:10:00+00:00
2026-07-28,CLE,CIN,Guardians at Reds,07:10 PM,2026-07-28 19:10:00+00:00
2026-07-29,CLE,CIN,Guardians at Reds,07:10 PM,2026-07-29 19:10:00+00:00
2026-07-31,ARI,CLE,D-backs at Guardians,07:10 PM,2026-07-31 19:10:00+00:00
2026-08-01,ARI,CLE,D-backs at Guardians,07:15 PM,2026-08-01 19:15:00+00:00
2026-08-02,ARI,CLE,D-backs at Guardians,01:40 PM,2026-08-02 13:40:00+00:00
2026-08-04,NYM,CLE,Mets at Guardians,06:40 PM,2026-08-04 18:40:00+00:00
2026-08-05,NYM,CLE,Mets at Guardians,06:40 PM,2026-08-05 18:40:00+00:00
2026-08-06,NYM,CLE,Mets at Guardians,01:10 PM,2026-08-06 13:10:00+00:00
2026-08-07,CLE,CHW,Guardians at White Sox,07:40 PM,2026-08-07 19:40:00+00:00
2026-08-08,CLE,CHW,Guardians at White Sox,07:10 PM,2026-08-08 19:10:00+00:00
2026-08-09,CLE,CHW,Guardians at White Sox,02:10 PM,2026-08-09 14:10:00+00:00
2026-08-11,CLE,DET,Guardians at Tigers,06:40 PM,2026-08-11 18:40:00+00:00
2026-08-12,CLE,DET,Guardians at Tigers,06:40 PM,2026-08-12 18:40:00+00:00
2026-08-13,CLE,DET,Guardians at Tigers,01:10 PM,2026-08-13 13:10:00+00:00
2026-08-14,SDP,CLE,Padres at Guardians,07:10 PM,2026-08-14 19:10:00+00:00
2026-08-15,SDP,CLE,Padres at Guardians,07:10 PM,2026-08-15 19:10:00+00:00
2026-08-16,SDP,CLE,Padres at Guardians,01:40 PM,2026-08-16 13:40:00+00:00
2026-08-18,SFG,CLE,Giants at Guardians,06:40 PM,2026-08-18 18:40:00+00:00
2026-08-19,SFG,CLE,Giants at Guardians,06:40 PM,2026-08-19 18:40:00+00:00
2026-08-20,SFG,CLE,Giants at Guardians,01:10 PM,2026-08-20 13:10:00+00:00
2026-08-21,CLE,COL,Guardians at Rockies,08:40 PM,2026-08-21 20:40:00+00:00
2026-08-22,CLE,COL,Guardians at Rockies,08:10 PM,2026-08-22 20:10:00+00:00
2026-08-23,CLE,COL,Guardians at Rockies,03:10 PM,2026-08-23 15:10:00+00:00
2026-08-24,CLE,LAA,Guardians at Angels,09:38 PM,2026-08-24 21:38:00+00:00
2026-08-25,CLE,LAA,Guardians at Angels,09:38 PM,2026-08-25 21:38:00+00:00
2026-08-26,CLE,LAA,Guardians at Angels,04:07 PM,2026-08-26 16:07:00+00:00
2026-08-28,KCR,CLE,Royals at Guardians,07:10 PM,2026-08-28 19:10:00+00:00
2026-08-29,KCR,CLE,Royals at Guardians,04:10 PM,2026-08-29 16:10:00+00:00
2026-08-30,KCR,CLE,Royals at Guardians,01:40 PM,2026-08-30 13:40:00+00:00
2026-09-04,DET,CLE,Tigers at Guardians,07:10 PM,2026-09-04 19:10:00+00:00
2026-09-05,DET,CLE,Tigers at Guardians,07:15 PM,2026-09-05 19:15:00+00:00
2026-09-06,DET,CLE,Tigers at Guardians,01:40 PM,2026-09-06 13:40:00+00:00
2026-09-11,CLE,MIN,Guardians at Twins,08:10 PM,2026-09-11 20:10:00+00:00
2026-09-12,CLE,MIN,Guardians at Twins,04:10 PM,2026-09-12 16:10:00+00:00
2026-09-13,CLE,MIN,Guardians at Twins,02:10 PM,2026-09-13 14:10:00+00:00
2026-09-14,CHW,CLE,White Sox at Guardians,06:40 PM,2026-09-14 18:40:00+00:00
2026-09-15,CHW,CLE,White Sox at Guardians,06:40 PM,2026-09-15 18:40:00+00:00
2026-09-16,CHW,CLE,White Sox at Guardians,01:10 PM,2026-09-16 13:10:00+00:00
2026-09-18,ATH,CLE,Athletics at Guardians,07:10 PM,2026-09-18 19:10:00+00:00
2026-09-19,ATH,CLE,Athletics at Guardians,06:10 PM,2026-09-19 18:10:00+00:00
2026-09-20,ATH,CLE,Athletics at Guardians,01:40 PM,2026-09-20 13:40:00+00:00
2026-09-25,CLE,KCR,Guardians at Royals,07:40 PM,2026-09-25 19:40:00+00:00
2026-09-26,CLE,KCR,Guardians at Royals,07:10 PM,2026-09-26 19:10:00+00:00
2026-09-27,CLE,KCR,Guardians at Royals,03:10 PM,2026-09-27 15:10:00+00:00
2026-03-27,KCR,ATL,Royals at Braves,07:15 PM,2026-03-27 19:15:00+00:00
2026-03-28,KCR,ATL,Royals at Braves,07:15 PM,2026-03-28 19:15:00+00:00
2026-03-29,KCR,ATL,Royals at Braves,01:35 PM,2026-03-29 13:35:00+00:00
2026-03-30,MIN,KCR,Twins at Royals,04:10 PM,2026-03-30 16:10:00+00:00
2026-04-01,MIN,KCR,Twins at Royals,07:40 PM,2026-04-01 19:40:00+00:00
2026-04-02,MIN,KCR,Twins at Royals,02:10 PM,2026-04-02 14:10:00+00:00
2026-04-03,MIL,KCR,Brewers at Royals,07:40 PM,2026-04-03 19:40:00+00:00
2026-04-04,MIL,KCR,Brewers at Royals,04:10 PM,2026-04-04 16:10:00+00:00
2026-04-05,MIL,KCR,Brewers at Royals,02:10 PM,2026-04-05 14:10:00+00:00
2026-04-09,CHW,KCR,White Sox at Royals,07:40 PM,2026-04-09 19:40:00+00:00
2026-04-10,CHW,KCR,White Sox at Royals,07:40 PM,2026-04-10 19:40:00+00:00
2026-04-11,CHW,KCR,White Sox at Royals,04:10 PM,2026-04-11 16:10:00+00:00
2026-04-12,CHW,KCR,White Sox at Royals,02:10 PM,2026-04-12 14:10:00+00:00
2026-04-14,KCR,DET,Royals at Tigers,06:40 PM,2026-04-14 18:40:00+00:00
2026-04-15,KCR,DET,Royals at Tigers,06:40 PM,2026-04-15 18:40:00+00:00
2026-04-16,KCR,DET,Royals at Tigers,01:10 PM,2026-04-16 13:10:00+00:00
2026-04-24,LAA,KCR,Angels at Royals,07:40 PM,2026-04-24 19:40:00+00:00
2026-04-25,LAA,KCR,Angels at Royals,07:10 PM,2026-04-25 19:10:00+00:00
2026-04-26,LAA,KCR,Angels at Royals,07:20 PM,2026-04-26 19:20:00+00:00
2026-04-28,KCR,ATH,Royals at Athletics,09:40 PM,2026-04-28 21:40:00+00:00
2026-04-29,KCR,ATH,Royals at Athletics,09:40 PM,2026-04-29 21:40:00+00:00
2026-04-30,KCR,ATH,Royals at Athletics,03:05 PM,2026-04-30 15:05:00+00:00
2026-05-01,KCR,SEA,Royals at Mariners,09:40 PM,2026-05-01 21:40:00+00:00
2026-05-02,KCR,SEA,Royals at Mariners,09:40 PM,2026-05-02 21:40:00+00:00
2026-05-03,KCR,SEA,Royals at Mariners,04:10 PM,2026-05-03 16:10:00+00:00
2026-05-08,DET,KCR,Tigers at Royals,07:40 PM,2026-05-08 19:40:00+00:00
2026-05-09,DET,KCR,Tigers at Royals,07:10 PM,2026-05-09 19:10:00+00:00
2026-05-10,DET,KCR,Tigers at Royals,07:20 PM,2026-05-10 19:20:00+00:00
2026-05-12,KCR,CHW,Royals at White Sox,07:40 PM,2026-05-12 19:40:00+00:00
2026-05-13,KCR,CHW,Royals at White Sox,07:40 PM,2026-05-13 19:40:00+00:00
2026-05-14,KCR,CHW,Royals at White Sox,07:40 PM,2026-05-14 19:40:00+00:00
2026-05-15,KCR,STL,Royals at Cardinals,08:15 PM,2026-05-15 20:15:00+00:00
2026-05-16,KCR,STL,Royals at Cardinals,02:15 PM,2026-05-16 14:15:00+00:00
2026-05-17,KCR,STL,Royals at Cardinals,02:15 PM,2026-05-17 14:15:00+00:00
2026-05-22,SEA,KCR,Mariners at Royals,07:40 PM,2026-05-22 19:40:00+00:00
2026-05-23,SEA,KCR,Mariners at Royals,04:10 PM,2026-05-23 16:10:00+00:00
2026-05-24,SEA,KCR,Mariners at Royals,02:10 PM,2026-05-24 14:10:00+00:00
2026-05-29,KCR,TEX,Royals at Rangers,08:05 PM,2026-05-29 20:05:00+00:00
2026-05-30,KCR,TEX,Royals at Rangers,04:05 PM,2026-05-30 16:05:00+00:00
2026-05-31,KCR,TEX,Royals at Rangers,02:35 PM,2026-05-31 14:35:00+00:00
2026-06-01,KCR,CIN,Royals at Reds,07:10 PM,2026-06-01 19:10:00+00:00
2026-06-02,KCR,CIN,Royals at Reds,07:10 PM,2026-06-02 19:10:00+00:00
2026-06-03,KCR,CIN,Royals at Reds,07:10 PM,2026-06-03 19:10:00+00:00
2026-06-04,KCR,MIN,Royals at Twins,07:40 PM,2026-06-04 19:40:00+00:00
2026-06-05,KCR,MIN,Royals at Twins,08:10 PM,2026-06-05 20:10:00+00:00
2026-06-06,KCR,MIN,Royals at Twins,02:10 PM,2026-06-06 14:10:00+00:00
2026-06-07,KCR,MIN,Royals at Twins,02:10 PM,2026-06-07 14:10:00+00:00
2026-06-09,TEX,KCR,Rangers at Royals,07:40 PM,2026-06-09 19:40:00+00:00
2026-06-10,TEX,KCR,Rangers at Royals,07:40 PM,2026-06-10 19:40:00+00:00
2026-06-11,TEX,KCR,Rangers at Royals,02:10 PM,2026-06-11 14:10:00+00:00
2026-06-12,HOU,KCR,Astros at Royals,08:10 PM,2026-06-12 20:10:00+00:00
2026-06-13,HOU,KCR,Astros at Royals,07:15 PM,2026-06-13 19:15:00+00:00
2026-06-14,HOU,KCR,Astros at Royals,02:10 PM,2026-06-14 14:10:00+00:00
2026-06-15,KCR,WSN,Royals at Nationals,06:45 PM,2026-06-15 18:45:00+00:00
2026-06-16,KCR,WSN,Royals at Nationals,06:45 PM,2026-06-16 18:45:00+00:00
2026-06-17,KCR,WSN,Royals at Nationals,01:05 PM,2026-06-17 13:05:00+00:00
2026-06-18,STL,KCR,Cardinals at Royals,07:40 PM,2026-06-18 19:40:00+00:00
2026-06-19,STL,KCR,Cardinals at Royals,08:10 PM,2026-06-19 20:10:00+00:00
2026-06-21,STL,KCR,Cardinals at Royals,02:10 PM,2026-06-21 14:10:00+00:00
2026-06-26,KCR,CHW,Royals at White Sox,07:40 PM,2026-06-26 19:40:00+00:00
2026-06-27,KCR,CHW,Royals at White Sox,04:10 PM,2026-06-27 16:10:00+00:00
2026-06-28,KCR,CHW,Royals at White Sox,02:10 PM,2026-06-28 14:10:00+00:00
2026-07-04,PHI,KCR,Phillies at Royals,08:10 PM,2026-07-04 20:10:00+00:00
2026-07-05,PHI,KCR,Phillies at Royals,03:00 PM,2026-07-05 15:00:00+00:00
2026-07-06,PHI,KCR,Phillies at Royals,02:10 PM,2026-07-06 14:10:00+00:00
2026-07-07,KCR,NYM,Royals at Mets,07:10 PM,2026-07-07 19:10:00+00:00
2026-07-08,KCR,NYM,Royals at Mets,07:10 PM,2026-07-08 19:10:00+00:00
2026-07-09,KCR,NYM,Royals at Mets,01:10 PM,2026-07-09 13:10:00+00:00
2026-07-17,SDP,KCR,Padres at Royals,08:10 PM,2026-07-17 20:10:00+00:00
2026-07-18,SDP,KCR,Padres at Royals,04:10 PM,2026-07-18 16:10:00+00:00
2026-07-19,SDP,KCR,Padres at Royals,02:10 PM,2026-07-19 14:10:00+00:00
2026-07-20,SFG,KCR,Giants at Royals,07:40 PM,2026-07-20 19:40:00+00:00
2026-07-21,SFG,KCR,Giants at Royals,07:40 PM,2026-07-21 19:40:00+00:00
2026-07-22,SFG,KCR,Giants at Royals,02:10 PM,2026-07-22 14:10:00+00:00
2026-07-23,KCR,DET,Royals at Tigers,06:40 PM,2026-07-23 18:40:00+00:00
2026-07-24,KCR,DET,Royals at Tigers,06:40 PM,2026-07-24 18:40:00+00:00
2026-07-25,KCR,DET,Royals at Tigers,01:10 PM,2026-07-25 13:10:00+00:00
2026-07-26,KCR,DET,Royals at Tigers,01:40 PM,2026-07-26 13:40:00+00:00
2026-07-28,KCR,MIN,Royals at Twins,07:40 PM,2026-07-28 19:40:00+00:00
2026-07-29,KCR,MIN,Royals at Twins,07:40 PM,2026-07-29 19:40:00+00:00
2026-07-30,KCR,MIN,Royals at Twins,01:40 PM,2026-07-30 13:40:00+00:00
2026-07-31,KCR,COL,Royals at Rockies,08:40 PM,2026-07-31 20:40:00+00:00
2026-08-01,KCR,COL,Royals at Rockies,08:10 PM,2026-08-01 20:10:00+00:00
2026-08-02,KCR,COL,Royals at Rockies,03:10 PM,2026-08-02 15:10:00+00:00
2026-08-04,MIN,KCR,Twins at Royals,07:40 PM,2026-08-04 19:40:00+00:00
2026-08-05,MIN,KCR,Twins at Royals,07:40 PM,2026-08-05 19:40:00+00:00
2026-08-06,MIN,KCR,Twins at Royals,07:40 PM,2026-08-06 19:40:00+00:00
2026-08-07,CHC,KCR,Cubs at Royals,08:10 PM,2026-08-07 20:10:00+00:00
2026-08-08,CHC,KCR,Cubs at Royals,07:10 PM,2026-08-08 19:10:00+00:00
2026-08-09,CHC,KCR,Cubs at Royals,02:10 PM,2026-08-09 14:10:00+00:00
2026-08-10,KCR,LAD,Royals at Dodgers,10:10 PM,2026-08-10 22:10:00+00:00
2026-08-11,KCR,LAD,Royals at Dodgers,10:10 PM,2026-08-11 22:10:00+00:00
2026-08-12,KCR,LAD,Royals at Dodgers,10:10 PM,2026-08-12 22:10:00+00:00
2026-08-14,KCR,LAA,Royals at Angels,09:38 PM,2026-08-14 21:38:00+00:00
2026-08-15,KCR,LAA,Royals at Angels,09:38 PM,2026-08-15 21:38:00+00:00
2026-08-16,KCR,LAA,Royals at Angels,04:07 PM,2026-08-16 16:07:00+00:00
2026-08-17,ATH,KCR,Athletics at Royals,07:40 PM,2026-08-17 19:40:00+00:00
2026-08-18,ATH,KCR,Athletics at Royals,07:40 PM,2026-08-18 19:40:00+00:00
2026-08-19,ATH,KCR,Athletics at Royals,07:40 PM,2026-08-19 19:40:00+00:00
2026-08-20,ATH,KCR,Athletics at Royals,02:10 PM,2026-08-20 14:10:00+00:00
2026-08-21,DET,KCR,Tigers at Royals,08:10 PM,2026-08-21 20:10:00+00:00
2026-08-22,DET,KCR,Tigers at Royals,07:15 PM,2026-08-22 19:15:00+00:00
2026-08-23,DET,KCR,Tigers at Royals,02:10 PM,2026-08-23 14:10:00+00:00
2026-09-01,MIA,KCR,Marlins at Royals,07:40 PM,2026-09-01 19:40:00+00:00
2026-09-02,MIA,KCR,Marlins at Royals,07:40 PM,2026-09-02 19:40:00+00:00
2026-09-03,MIA,KCR,Marlins at Royals,07:40 PM,2026-09-03 19:40:00+00:00
2026-09-07,ARI,KCR,D-backs at Royals,02:10 PM,2026-09-07 14:10:00+00:00
2026-09-08,ARI,KCR,D-backs at Royals,07:40 PM,2026-09-08 19:40:00+00:00
2026-09-09,ARI,KCR,D-backs at Royals,07:40 PM,2026-09-09 19:40:00+00:00
2026-09-15,KCR,HOU,Royals at Astros,08:10 PM,2026-09-15 20:10:00+00:00
2026-09-16,KCR,HOU,Royals at Astros,08:10 PM,2026-09-16 20:10:00+00:00
2026-09-17,KCR,HOU,Royals at Astros,07:15 PM,2026-09-17 19:15:00+00:00
2026-09-18,KCR,PIT,Royals at Pirates,06:40 PM,2026-09-18 18:40:00+00:00
2026-09-19,KCR,PIT,Royals at Pirates,06:40 PM,2026-09-19 18:40:00+00:00
2026-09-20,KCR,PIT,Royals at Pirates,01:35 PM,2026-09-20 13:35:00+00:00
2026-09-22,CHW,KCR,White Sox at Royals,07:40 PM,2026-09-22 19:40:00+00:00
2026-09-23,CHW,KCR,White Sox at Royals,07:40 PM,2026-09-23 19:40:00+00:00
2026-09-24,CHW,KCR,White Sox at Royals,02:10 PM,2026-09-24 14:10:00+00:00
2026-03-26,DET,SDP,Tigers at Padres,04:10 PM,2026-03-26 16:10:00+00:00
2026-03-27,DET,SDP,Tigers at Padres,09:40 PM,2026-03-27 21:40:00+00:00
2026-03-28,DET,SDP,Tigers at Padres,08:40 PM,2026-03-28 20:40:00+00:00
2026-03-30,DET,ARI,Tigers at D-backs,10:10 PM,2026-03-30 22:10:00+00:00
2026-03-31,DET,ARI,Tigers at D-backs,09:40 PM,2026-03-31 21:40:00+00:00
2026-04-01,DET,ARI,Tigers at D-backs,03:40 PM,2026-04-01 15:40:00+00:00
2026-04-03,STL,DET,Cardinals at Tigers,01:10 PM,2026-04-03 13:10:00+00:00
2026-04-04,STL,DET,Cardinals at Tigers,01:10 PM,2026-04-04 13:10:00+00:00
2026-04-05,STL,DET,Cardinals at Tigers,07:20 PM,2026-04-05 19:20:00+00:00
2026-04-06,DET,MIN,Tigers at Twins,07:40 PM,2026-04-06 19:40:00+00:00
2026-04-07,DET,MIN,Tigers at Twins,07:40 PM,2026-04-07 19:40:00+00:00
2026-04-08,DET,MIN,Tigers at Twins,07:40 PM,2026-04-08 19:40:00+00:00
2026-04-09,DET,MIN,Tigers at Twins,01:40 PM,2026-04-09 13:40:00+00:00
2026-04-10,MIA,DET,Marlins at Tigers,06:40 PM,2026-04-10 18:40:00+00:00
2026-04-11,MIA,DET,Marlins at Tigers,01:10 PM,2026-04-11 13:10:00+00:00
2026-04-12,MIA,DET,Marlins at Tigers,01:40 PM,2026-04-12 13:40:00+00:00
2026-04-21,MIL,DET,Brewers at Tigers,06:40 PM,2026-04-21 18:40:00+00:00
2026-04-22,MIL,DET,Brewers at Tigers,06:40 PM,2026-04-22 18:40:00+00:00
2026-04-23,MIL,DET,Brewers at Tigers,01:10 PM,2026-04-23 13:10:00+00:00
2026-04-24,DET,CIN,Tigers at Reds,06:40 PM,2026-04-24 18:40:00+00:00
2026-04-25,DET,CIN,Tigers at Reds,07:15 PM,2026-04-25 19:15:00+00:00
2026-04-26,DET,CIN,Tigers at Reds,01:40 PM,2026-04-26 13:40:00+00:00
2026-04-28,DET,ATL,Tigers at Braves,07:15 PM,2026-04-28 19:15:00+00:00
2026-04-29,DET,ATL,Tigers at Braves,07:15 PM,2026-04-29 19:15:00+00:00
2026-04-30,DET,ATL,Tigers at Braves,12:15 PM,2026-04-30 12:15:00+00:00
2026-05-01,TEX,DET,Rangers at Tigers,06:40 PM,2026-05-01 18:40:00+00:00
2026-05-02,TEX,DET,Rangers at Tigers,07:15 PM,2026-05-02 19:15:00+00:00
2026-05-03,TEX,DET,Rangers at Tigers,07:20 PM,2026-05-03 19:20:00+00:00
2026-05-12,DET,NYM,Tigers at Mets,07:10 PM,2026-05-12 19:10:00+00:00
2026-05-13,DET,NYM,Tigers at Mets,07:10 PM,2026-05-13 19:10:00+00:00
2026-05-14,DET,NYM,Tigers at Mets,01:10 PM,2026-05-14 13:10:00+00:00
2026-05-26,LAA,DET,Angels at Tigers,06:40 PM,2026-05-26 18:40:00+00:00
2026-05-27,LAA,DET,Angels at Tigers,06:40 PM,2026-05-27 18:40:00+00:00
2026-05-28,LAA,DET,Angels at Tigers,01:10 PM,2026-05-28 13:10:00+00:00
2026-05-29,DET,CHW,Tigers at White Sox,07:40 PM,2026-05-29 19:40:00+00:00
2026-05-30,DET,CHW,Tigers at White Sox,02:10 PM,2026-05-30 14:10:00+00:00
2026-05-31,DET,CHW,Tigers at White Sox,02:10 PM,2026-05-31 14:10:00+00:00
2026-06-05,SEA,DET,Mariners at Tigers,06:40 PM,2026-06-05 18:40:00+00:00
2026-06-06,SEA,DET,Mariners at Tigers,01:10 PM,2026-06-06 13:10:00+00:00
2026-06-07,SEA,DET,Mariners at Tigers,01:40 PM,2026-06-07 13:40:00+00:00
2026-06-09,MIN,DET,Twins at Tigers,06:40 PM,2026-06-09 18:40:00+00:00
2026-06-10,MIN,DET,Twins at Tigers,06:40 PM,2026-06-10 18:40:00+00:00
2026-06-11,MIN,DET,Twins at Tigers,01:10 PM,2026-06-11 13:10:00+00:00
2026-06-15,DET,HOU,Tigers at Astros,08:10 PM,2026-06-15 20:10:00+00:00
2026-06-16,DET,HOU,Tigers at Astros,08:10 PM,2026-06-16 20:10:00+00:00
2026-06-17,DET,HOU,Tigers at Astros,02:10 PM,2026-06-17 14:10:00+00:00
2026-06-19,CHW,DET,White Sox at Tigers,06:40 PM,2026-06-19 18:40:00+00:00
2026-06-20,CHW,DET,White Sox at Tigers,01:10 PM,2026-06-20 13:10:00+00:00
2026-06-21,CHW,DET,White Sox at Tigers,01:40 PM,2026-06-21 13:40:00+00:00
2026-06-25,HOU,DET,Astros at Tigers,06:40 PM,2026-06-25 18:40:00+00:00
2026-06-26,HOU,DET,Astros at Tigers,06:40 PM,2026-06-26 18:40:00+00:00
2026-06-27,HOU,DET,Astros at Tigers,01:10 PM,2026-06-27 13:10:00+00:00
2026-06-28,HOU,DET,Astros at Tigers,01:40 PM,2026-06-28 13:40:00+00:00
2026-07-02,DET,TEX,Tigers at Rangers,08:05 PM,2026-07-02 20:05:00+00:00
2026-07-04,DET,TEX,Tigers at Rangers,04:05 PM,2026-07-04 16:05:00+00:00
2026-07-05,DET,TEX,Tigers at Rangers,03:30 PM,2026-07-05 15:30:00+00:00
2026-07-07,ATH,DET,Athletics at Tigers,06:40 PM,2026-07-07 18:40:00+00:00
2026-07-08,ATH,DET,Athletics at Tigers,06:40 PM,2026-07-08 18:40:00+00:00
2026-07-09,ATH,DET,Athletics at Tigers,06:40 PM,2026-07-09 18:40:00+00:00
2026-07-10,PHI,DET,Phillies at Tigers,06:40 PM,2026-07-10 18:40:00+00:00
2026-07-11,PHI,DET,Phillies at Tigers,06:10 PM,2026-07-11 18:10:00+00:00
2026-07-12,PHI,DET,Phillies at Tigers,01:40 PM,2026-07-12 13:40:00+00:00
2026-07-17,DET,LAA,Tigers at Angels,09:38 PM,2026-07-17 21:38:00+00:00
2026-07-18,DET,LAA,Tigers at Angels,10:07 PM,2026-07-18 22:07:00+00:00
2026-07-19,DET,LAA,Tigers at Angels,04:07 PM,2026-07-19 16:07:00+00:00
2026-07-20,DET,CHC,Tigers at Cubs,08:05 PM,2026-07-20 20:05:00+00:00
2026-07-21,DET,CHC,Tigers at Cubs,08:05 PM,2026-07-21 20:05:00+00:00
2026-07-22,DET,CHC,Tigers at Cubs,08:05 PM,2026-07-22 20:05:00+00:00
2026-07-31,DET,ATH,Tigers at Athletics,09:40 PM,2026-07-31 21:40:00+00:00
2026-08-01,DET,ATH,Tigers at Athletics,09:40 PM,2026-08-01 21:40:00+00:00
2026-08-02,DET,ATH,Tigers at Athletics,04:05 PM,2026-08-02 16:05:00+00:00
2026-08-04,DET,SEA,Tigers at Mariners,09:40 PM,2026-08-04 21:40:00+00:00
2026-08-05,DET,SEA,Tigers at Mariners,09:40 PM,2026-08-05 21:40:00+00:00
2026-08-06,DET,SEA,Tigers at Mariners,04:10 PM,2026-08-06 16:10:00+00:00
2026-08-07,DET,SFG,Tigers at Giants,10:15 PM,2026-08-07 22:15:00+00:00
2026-08-08,DET,SFG,Tigers at Giants,07:15 PM,2026-08-08 19:15:00+00:00
2026-08-09,DET,SFG,Tigers at Giants,04:05 PM,2026-08-09 16:05:00+00:00
2026-08-14,CHW,DET,White Sox at Tigers,06:40 PM,2026-08-14 18:40:00+00:00
2026-08-15,CHW,DET,White Sox at Tigers,01:10 PM,2026-08-15 13:10:00+00:00
2026-08-16,CHW,DET,White Sox at Tigers,01:40 PM,2026-08-16 13:40:00+00:00
2026-08-17,DET,PIT,Tigers at Pirates,07:05 PM,2026-08-17 19:05:00+00:00
2026-08-18,DET,PIT,Tigers at Pirates,06:40 PM,2026-08-18 18:40:00+00:00
2026-08-19,DET,PIT,Tigers at Pirates,12:35 PM,2026-08-19 12:35:00+00:00
2026-08-28,LAD,DET,Dodgers at Tigers,06:40 PM,2026-08-28 18:40:00+00:00
2026-08-29,LAD,DET,Dodgers at Tigers,01:10 PM,2026-08-29 13:10:00+00:00
2026-08-30,LAD,DET,Dodgers at Tigers,01:40 PM,2026-08-30 13:40:00+00:00
2026-08-31,DET,MIN,Tigers at Twins,07:40 PM,2026-08-31 19:40:00+00:00
2026-09-01,DET,MIN,Tigers at Twins,07:40 PM,2026-09-01 19:40:00+00:00
2026-09-02,DET,MIN,Tigers at Twins,07:40 PM,2026-09-02 19:40:00+00:00
2026-09-07,MIN,DET,Twins at Tigers,01:10 PM,2026-09-07 13:10:00+00:00
2026-09-08,MIN,DET,Twins at Tigers,06:40 PM,2026-09-08 18:40:00+00:00
2026-09-09,MIN,DET,Twins at Tigers,01:10 PM,2026-09-09 13:10:00+00:00
2026-09-11,COL,DET,Rockies at Tigers,06:40 PM,2026-09-11 18:40:00+00:00
2026-09-12,COL,DET,Rockies at Tigers,01:10 PM,2026-09-12 13:10:00+00:00
2026-09-13,COL,DET,Rockies at Tigers,01:40 PM,2026-09-13 13:40:00+00:00
2026-09-17,DET,CHW,Tigers at White Sox,07:40 PM,2026-09-17 19:40:00+00:00
2026-09-18,DET,CHW,Tigers at White Sox,07:40 PM,2026-09-18 19:40:00+00:00
2026-09-19,DET,CHW,Tigers at White Sox,07:10 PM,2026-09-19 19:10:00+00:00
2026-09-20,DET,CHW,Tigers at White Sox,02:10 PM,2026-09-20 14:10:00+00:00
2026-09-21,WSN,DET,Nationals at Tigers,06:40 PM,2026-09-21 18:40:00+00:00
2026-09-22,WSN,DET,Nationals at Tigers,06:40 PM,2026-09-22 18:40:00+00:00
2026-09-23,WSN,DET,Nationals at Tigers,01:10 PM,2026-09-23 13:10:00+00:00
2026-09-25,PIT,DET,Pirates at Tigers,06:40 PM,2026-09-25 18:40:00+00:00
2026-09-26,PIT,DET,Pirates at Tigers,01:10 PM,2026-09-26 13:10:00+00:00
2026-09-27,PIT,DET,Pirates at Tigers,03:10 PM,2026-09-27 15:10:00+00:00
2026-04-17,CIN,MIN,Reds at Twins,08:10 PM,2026-04-17 20:10:00+00:00
2026-04-18,CIN,MIN,Reds at Twins,02:10 PM,2026-04-18 14:10:00+00:00
2026-04-19,CIN,MIN,Reds at Twins,02:10 PM,2026-04-19 14:10:00+00:00
2026-04-21,MIN,NYM,Twins at Mets,07:10 PM,2026-04-21 19:10:00+00:00
2026-04-22,MIN,NYM,Twins at Mets,07:10 PM,2026-04-22 19:10:00+00:00
2026-04-23,MIN,NYM,Twins at Mets,07:10 PM,2026-04-23 19:10:00+00:00
2026-04-27,SEA,MIN,Mariners at Twins,07:40 PM,2026-04-27 19:40:00+00:00
2026-04-28,SEA,MIN,Mariners at Twins,07:40 PM,2026-04-28 19:40:00+00:00
2026-04-29,SEA,MIN,Mariners at Twins,01:40 PM,2026-04-29 13:40:00+00:00
2026-05-05,MIN,WSN,Twins at Nationals,06:45 PM,2026-05-05 18:45:00+00:00
2026-05-06,MIN,WSN,Twins at Nationals,06:45 PM,2026-05-06 18:45:00+00:00
2026-05-07,MIN,WSN,Twins at Nationals,01:05 PM,2026-05-07 13:05:00+00:00
2026-05-12,MIA,MIN,Marlins at Twins,07:40 PM,2026-05-12 19:40:00+00:00
2026-05-13,MIA,MIN,Marlins at Twins,07:40 PM,2026-05-13 19:40:00+00:00
2026-05-14,MIA,MIN,Marlins at Twins,01:40 PM,2026-05-14 13:40:00+00:00
2026-05-15,MIL,MIN,Brewers at Twins,08:10 PM,2026-05-15 20:10:00+00:00
2026-05-16,MIL,MIN,Brewers at Twins,07:10 PM,2026-05-16 19:10:00+00:00
2026-05-17,MIL,MIN,Brewers at Twins,02:10 PM,2026-05-17 14:10:00+00:00
2026-05-18,HOU,MIN,Astros at Twins,07:40 PM,2026-05-18 19:40:00+00:00
2026-05-19,HOU,MIN,Astros at Twins,07:40 PM,2026-05-19 19:40:00+00:00
2026-05-20,HOU,MIN,Astros at Twins,01:40 PM,2026-05-20 13:40:00+00:00
2026-05-25,MIN,CHW,Twins at White Sox,02:10 PM,2026-05-25 14:10:00+00:00
2026-05-26,MIN,CHW,Twins at White Sox,07:40 PM,2026-05-26 19:40:00+00:00
2026-05-27,MIN,CHW,Twins at White Sox,07:40 PM,2026-05-27 19:40:00+00:00
2026-05-28,MIN,CHW,Twins at White Sox,02:10 PM,2026-05-28 14:10:00+00:00
2026-05-29,MIN,PIT,Twins at Pirates,06:40 PM,2026-05-29 18:40:00+00:00
2026-05-30,MIN,PIT,Twins at Pirates,04:05 PM,2026-05-30 16:05:00+00:00
2026-05-31,MIN,PIT,Twins at Pirates,01:35 PM,2026-05-31 13:35:00+00:00
2026-06-01,CHW,MIN,White Sox at Twins,07:40 PM,2026-06-01 19:40:00+00:00
2026-06-02,CHW,MIN,White Sox at Twins,07:40 PM,2026-06-02 19:40:00+00:00
2026-06-03,CHW,MIN,White Sox at Twins,01:40 PM,2026-06-03 13:40:00+00:00
2026-06-12,STL,MIN,Cardinals at Twins,08:10 PM,2026-06-12 20:10:00+00:00
2026-06-13,STL,MIN,Cardinals at Twins,02:10 PM,2026-06-13 14:10:00+00:00
2026-06-14,STL,MIN,Cardinals at Twins,02:10 PM,2026-06-14 14:10:00+00:00
2026-06-15,MIN,TEX,Twins at Rangers,08:05 PM,2026-06-15 20:05:00+00:00
2026-06-16,MIN,TEX,Twins at Rangers,08:05 PM,2026-06-16 20:05:00+00:00
2026-06-18,MIN,TEX,Twins at Rangers,02:35 PM,2026-06-18 14:35:00+00:00
2026-06-19,MIN,ARI,Twins at D-backs,09:40 PM,2026-06-19 21:40:00+00:00
2026-06-20,MIN,ARI,Twins at D-backs,10:10 PM,2026-06-20 22:10:00+00:00
2026-06-21,MIN,ARI,Twins at D-backs,03:15 PM,2026-06-21 15:15:00+00:00
2026-06-22,LAD,MIN,Dodgers at Twins,07:40 PM,2026-06-22 19:40:00+00:00
2026-06-23,LAD,MIN,Dodgers at Twins,07:40 PM,2026-06-23 19:40:00+00:00
2026-06-24,LAD,MIN,Dodgers at Twins,07:40 PM,2026-06-24 19:40:00+00:00
2026-06-26,COL,MIN,Rockies at Twins,08:10 PM,2026-06-26 20:10:00+00:00
2026-06-27,COL,MIN,Rockies at Twins,07:10 PM,2026-06-27 19:10:00+00:00
2026-06-28,COL,MIN,Rockies at Twins,02:10 PM,2026-06-28 14:10:00+00:00
2026-06-29,MIN,HOU,Twins at Astros,08:10 PM,2026-06-29 20:10:00+00:00
2026-06-30,MIN,HOU,Twins at Astros,08:10 PM,2026-06-30 20:10:00+00:00
2026-07-01,MIN,HOU,Twins at Astros,08:10 PM,2026-07-01 20:10:00+00:00
2026-07-10,LAA,MIN,Angels at Twins,08:10 PM,2026-07-10 20:10:00+00:00
2026-07-11,LAA,MIN,Angels at Twins,02:10 PM,2026-07-11 14:10:00+00:00
2026-07-12,LAA,MIN,Angels at Twins,02:10 PM,2026-07-12 14:10:00+00:00
2026-07-17,MIN,CHC,Twins at Cubs,08:05 PM,2026-07-17 20:05:00+00:00
2026-07-18,MIN,CHC,Twins at Cubs,02:20 PM,2026-07-18 14:20:00+00:00
2026-07-19,MIN,CHC,Twins at Cubs,02:20 PM,2026-07-19 14:20:00+00:00
2026-07-24,ATH,MIN,Athletics at Twins,08:10 PM,2026-07-24 20:10:00+00:00
2026-07-25,ATH,MIN,Athletics at Twins,07:10 PM,2026-07-25 19:10:00+00:00
2026-07-26,ATH,MIN,Athletics at Twins,02:10 PM,2026-07-26 14:10:00+00:00
2026-07-31,MIN,SEA,Twins at Mariners,10:10 PM,2026-07-31 22:10:00+00:00
2026-08-01,MIN,SEA,Twins at Mariners,04:10 PM,2026-08-01 16:10:00+00:00
2026-08-02,MIN,SEA,Twins at Mariners,04:10 PM,2026-08-02 16:10:00+00:00
2026-08-07,MIN,MIL,Twins at Brewers,07:40 PM,2026-08-07 19:40:00+00:00
2026-08-08,MIN,MIL,Twins at Brewers,07:10 PM,2026-08-08 19:10:00+00:00
2026-08-09,MIN,MIL,Twins at Brewers,02:10 PM,2026-08-09 14:10:00+00:00
2026-08-13,PHI,MIN,Phillies at Twins,07:30 PM,2026-08-13 19:30:00+00:00
2026-08-15,PHI,MIN,Phillies at Twins,07:10 PM,2026-08-15 19:10:00+00:00
2026-08-16,PHI,MIN,Phillies at Twins,02:10 PM,2026-08-16 14:10:00+00:00
2026-08-17,ATL,MIN,Braves at Twins,07:40 PM,2026-08-17 19:40:00+00:00
2026-08-18,ATL,MIN,Braves at Twins,07:40 PM,2026-08-18 19:40:00+00:00
2026-08-19,ATL,MIN,Braves at Twins,01:40 PM,2026-08-19 13:40:00+00:00
2026-08-21,MIN,SDP,Twins at Padres,09:40 PM,2026-08-21 21:40:00+00:00
2026-08-22,MIN,SDP,Twins at Padres,08:40 PM,2026-08-22 20:40:00+00:00
2026-08-23,MIN,SDP,Twins at Padres,04:10 PM,2026-08-23 16:10:00+00:00
2026-08-24,MIN,ATH,Twins at Athletics,09:40 PM,2026-08-24 21:40:00+00:00
2026-08-25,MIN,ATH,Twins at Athletics,09:40 PM,2026-08-25 21:40:00+00:00
2026-08-26,MIN,ATH,Twins at Athletics,09:05 PM,2026-08-26 21:05:00+00:00
2026-08-28,CHW,MIN,White Sox at Twins,08:10 PM,2026-08-28 20:10:00+00:00
2026-08-29,CHW,MIN,White Sox at Twins,02:10 PM,2026-08-29 14:10:00+00:00
2026-08-30,CHW,MIN,White Sox at Twins,02:10 PM,2026-08-30 14:10:00+00:00
2026-09-04,MIN,CHW,Twins at White Sox,07:40 PM,2026-09-04 19:40:00+00:00
2026-09-05,MIN,CHW,Twins at White Sox,07:10 PM,2026-09-05 19:10:00+00:00
2026-09-06,MIN,CHW,Twins at White Sox,02:10 PM,2026-09-06 14:10:00+00:00
2026-09-17,MIN,LAA,Twins at Angels,09:38 PM,2026-09-17 21:38:00+00:00
2026-09-18,MIN,LAA,Twins at Angels,09:38 PM,2026-09-18 21:38:00+00:00
2026-09-19,MIN,LAA,Twins at Angels,09:38 PM,2026-09-19 21:38:00+00:00
2026-09-20,MIN,LAA,Twins at Angels,04:07 PM,2026-09-20 16:07:00+00:00
2026-09-21,MIN,SFG,Twins at Giants,09:45 PM,2026-09-21 21:45:00+00:00
2026-09-22,MIN,SFG,Twins at Giants,09:45 PM,2026-09-22 21:45:00+00:00
2026-09-23,MIN,SFG,Twins at Giants,03:45 PM,2026-09-23 15:45:00+00:00
2026-09-25,TEX,MIN,Rangers at Twins,08:10 PM,2026-09-25 20:10:00+00:00
2026-09-26,TEX,MIN,Rangers at Twins,04:10 PM,2026-09-26 16:10:00+00:00
2026-09-27,TEX,MIN,Rangers at Twins,03:10 PM,2026-09-27 15:10:00+00:00
2026-03-26,CHW,MIL,White Sox at Brewers,02:10 PM,2026-03-26 14:10:00+00:00
2026-03-28,CHW,MIL,White Sox at Brewers,07:10 PM,2026-03-28 19:10:00+00:00
2026-03-29,CHW,MIL,White Sox at Brewers,02:10 PM,2026-03-29 14:10:00+00:00
2026-03-30,CHW,MIA,White Sox at Marlins,06:40 PM,2026-03-30 18:40:00+00:00
2026-03-31,CHW,MIA,White Sox at Marlins,06:40 PM,2026-03-31 18:40:00+00:00
2026-04-01,CHW,MIA,White Sox at Marlins,01:10 PM,2026-04-01 13:10:00+00:00
2026-04-17,CHW,ATH,White Sox at Athletics,09:40 PM,2026-04-17 21:40:00+00:00
2026-04-18,CHW,ATH,White Sox at Athletics,04:05 PM,2026-04-18 16:05:00+00:00
2026-04-19,CHW,ATH,White Sox at Athletics,04:05 PM,2026-04-19 16:05:00+00:00
2026-04-21,CHW,ARI,White Sox at D-backs,09:40 PM,2026-04-21 21:40:00+00:00
2026-04-22,CHW,ARI,White Sox at D-backs,09:40 PM,2026-04-22 21:40:00+00:00
2026-04-23,CHW,ARI,White Sox at D-backs,03:40 PM,2026-04-23 15:40:00+00:00
2026-04-24,WSN,CHW,Nationals at White Sox,07:40 PM,2026-04-24 19:40:00+00:00
2026-04-25,WSN,CHW,Nationals at White Sox,04:10 PM,2026-04-25 16:10:00+00:00
2026-04-26,WSN,CHW,Nationals at White Sox,02:10 PM,2026-04-26 14:10:00+00:00
2026-04-27,LAA,CHW,Angels at White Sox,07:40 PM,2026-04-27 19:40:00+00:00
2026-04-28,LAA,CHW,Angels at White Sox,07:40 PM,2026-04-28 19:40:00+00:00
2026-04-29,LAA,CHW,Angels at White Sox,01:10 PM,2026-04-29 13:10:00+00:00
2026-05-01,CHW,SDP,White Sox at Padres,09:40 PM,2026-05-01 21:40:00+00:00
2026-05-02,CHW,SDP,White Sox at Padres,08:40 PM,2026-05-02 20:40:00+00:00
2026-05-03,CHW,SDP,White Sox at Padres,04:10 PM,2026-05-03 16:10:00+00:00
2026-05-04,CHW,LAA,White Sox at Angels,09:38 PM,2026-05-04 21:38:00+00:00
2026-05-05,CHW,LAA,White Sox at Angels,09:38 PM,2026-05-05 21:38:00+00:00
2026-05-06,CHW,LAA,White Sox at Angels,04:07 PM,2026-05-06 16:07:00+00:00
2026-05-08,SEA,CHW,Mariners at White Sox,07:40 PM,2026-05-08 19:40:00+00:00
2026-05-09,SEA,CHW,Mariners at White Sox,07:10 PM,2026-05-09 19:10:00+00:00
2026-05-10,SEA,CHW,Mariners at White Sox,02:10 PM,2026-05-10 14:10:00+00:00
2026-05-15,CHC,CHW,Cubs at White Sox,07:40 PM,2026-05-15 19:40:00+00:00
2026-05-16,CHC,CHW,Cubs at White Sox,07:10 PM,2026-05-16 19:10:00+00:00
2026-05-17,CHC,CHW,Cubs at White Sox,02:10 PM,2026-05-17 14:10:00+00:00
2026-05-18,CHW,SEA,White Sox at Mariners,09:40 PM,2026-05-18 21:40:00+00:00
2026-05-19,CHW,SEA,White Sox at Mariners,09:40 PM,2026-05-19 21:40:00+00:00
2026-05-20,CHW,SEA,White Sox at Mariners,04:10 PM,2026-05-20 16:10:00+00:00
2026-05-22,CHW,SFG,White Sox at Giants,10:15 PM,2026-05-22 22:15:00+00:00
2026-05-23,CHW,SFG,White Sox at Giants,04:05 PM,2026-05-23 16:05:00+00:00
2026-05-24,CHW,SFG,White Sox at Giants,04:05 PM,2026-05-24 16:05:00+00:00
2026-06-05,CHW,PHI,White Sox at Phillies,06:40 PM,2026-06-05 18:40:00+00:00
2026-06-06,CHW,PHI,White Sox at Phillies,04:05 PM,2026-06-06 16:05:00+00:00
2026-06-07,CHW,PHI,White Sox at Phillies,01:35 PM,2026-06-07 13:35:00+00:00
2026-06-09,ATL,CHW,Braves at White Sox,07:40 PM,2026-06-09 19:40:00+00:00
2026-06-10,ATL,CHW,Braves at White Sox,07:40 PM,2026-06-10 19:40:00+00:00
2026-06-11,ATL,CHW,Braves at White Sox,07:40 PM,2026-06-11 19:40:00+00:00
2026-06-12,LAD,CHW,Dodgers at White Sox,07:40 PM,2026-06-12 19:40:00+00:00
2026-06-13,LAD,CHW,Dodgers at White Sox,04:10 PM,2026-06-13 16:10:00+00:00
2026-06-14,LAD,CHW,Dodgers at White Sox,02:10 PM,2026-06-14 14:10:00+00:00
2026-07-10,ATH,CHW,Athletics at White Sox,07:40 PM,2026-07-10 19:40:00+00:00
2026-07-11,ATH,CHW,Athletics at White Sox,04:10 PM,2026-07-11 16:10:00+00:00
2026-07-12,ATH,CHW,Athletics at White Sox,02:10 PM,2026-07-12 14:10:00+00:00
2026-07-20,CHW,TEX,White Sox at Rangers,08:05 PM,2026-07-20 20:05:00+00:00
2026-07-21,CHW,TEX,White Sox at Rangers,08:05 PM,2026-07-21 20:05:00+00:00
2026-07-22,CHW,TEX,White Sox at Rangers,08:05 PM,2026-07-22 20:05:00+00:00
2026-07-24,HOU,CHW,Astros at White Sox,07:40 PM,2026-07-24 19:40:00+00:00
2026-07-25,HOU,CHW,Astros at White Sox,07:10 PM,2026-07-25 19:10:00+00:00
2026-07-26,HOU,CHW,Astros at White Sox,02:10 PM,2026-07-26 14:10:00+00:00
2026-08-11,CIN,CHW,Reds at White Sox,07:40 PM,2026-08-11 19:40:00+00:00
2026-08-12,CIN,CHW,Reds at White Sox,07:40 PM,2026-08-12 19:40:00+00:00
2026-08-13,CIN,CHW,Reds at White Sox,02:10 PM,2026-08-13 14:10:00+00:00
2026-08-17,CHW,CHC,White Sox at Cubs,08:05 PM,2026-08-17 20:05:00+00:00
2026-08-18,CHW,CHC,White Sox at Cubs,08:05 PM,2026-08-18 20:05:00+00:00
2026-08-19,CHW,CHC,White Sox at Cubs,02:20 PM,2026-08-19 14:20:00+00:00
2026-08-21,NYM,CHW,Mets at White Sox,07:40 PM,2026-08-21 19:40:00+00:00
2026-08-22,NYM,CHW,Mets at White Sox,07:10 PM,2026-08-22 19:10:00+00:00
2026-08-23,NYM,CHW,Mets at White Sox,02:10 PM,2026-08-23 14:10:00+00:00
2026-08-24,TEX,CHW,Rangers at White Sox,07:40 PM,2026-08-24 19:40:00+00:00
2026-08-25,TEX,CHW,Rangers at White Sox,07:40 PM,2026-08-25 19:40:00+00:00
2026-08-26,TEX,CHW,Rangers at White Sox,07:40 PM,2026-08-26 19:40:00+00:00
2026-08-31,CHW,HOU,White Sox at Astros,08:10 PM,2026-08-31 20:10:00+00:00
2026-09-01,CHW,HOU,White Sox at Astros,08:10 PM,2026-09-01 20:10:00+00:00
2026-09-02,CHW,HOU,White Sox at Astros,08:10 PM,2026-09-02 20:10:00+00:00
2026-09-03,CHW,HOU,White Sox at Astros,02:10 PM,2026-09-03 14:10:00+00:00
2026-09-08,PIT,CHW,Pirates at White Sox,07:40 PM,2026-09-08 19:40:00+00:00
2026-09-09,PIT,CHW,Pirates at White Sox,07:40 PM,2026-09-09 19:40:00+00:00
2026-09-10,PIT,CHW,Pirates at White Sox,07:40 PM,2026-09-10 19:40:00+00:00
2026-09-11,CHW,STL,White Sox at Cardinals,08:15 PM,2026-09-11 20:15:00+00:00
2026-09-12,CHW,STL,White Sox at Cardinals,07:15 PM,2026-09-12 19:15:00+00:00
2026-09-13,CHW,STL,White Sox at Cardinals,02:15 PM,2026-09-13 14:15:00+00:00
2026-09-25,COL,CHW,Rockies at White Sox,07:40 PM,2026-09-25 19:40:00+00:00
2026-09-26,COL,CHW,Rockies at White Sox,07:10 PM,2026-09-26 19:10:00+00:00
2026-09-27,COL,CHW,Rockies at White Sox,03:10 PM,2026-09-27 15:10:00+00:00
2026-03-26,LAA,HOU,Angels at Astros,04:10 PM,2026-03-26 16:10:00+00:00
2026-03-27,LAA,HOU,Angels at Astros,08:10 PM,2026-03-27 20:10:00+00:00
2026-03-28,LAA,HOU,Angels at Astros,07:10 PM,2026-03-28 19:10:00+00:00
2026-03-29,LAA,HOU,Angels at Astros,02:10 PM,2026-03-29 14:10:00+00:00
2026-03-30,LAA,CHC,Angels at Cubs,07:40 PM,2026-03-30 19:40:00+00:00
2026-03-31,LAA,CHC,Angels at Cubs,07:40 PM,2026-03-31 19:40:00+00:00
2026-04-01,LAA,CHC,Angels at Cubs,02:20 PM,2026-04-01 14:20:00+00:00
2026-04-03,SEA,LAA,Mariners at Angels,09:38 PM,2026-04-03 21:38:00+00:00
2026-04-04,SEA,LAA,Mariners at Angels,09:38 PM,2026-04-04 21:38:00+00:00
2026-04-05,SEA,LAA,Mariners at Angels,04:07 PM,2026-04-05 16:07:00+00:00
2026-04-06,ATL,LAA,Braves at Angels,09:38 PM,2026-04-06 21:38:00+00:00
2026-04-07,ATL,LAA,Braves at Angels,09:38 PM,2026-04-07 21:38:00+00:00
2026-04-08,ATL,LAA,Braves at Angels,04:07 PM,2026-04-08 16:07:00+00:00
2026-04-10,LAA,CIN,Angels at Reds,06:40 PM,2026-04-10 18:40:00+00:00
2026-04-11,LAA,CIN,Angels at Reds,04:10 PM,2026-04-11 16:10:00+00:00
2026-04-12,LAA,CIN,Angels at Reds,01:40 PM,2026-04-12 13:40:00+00:00
2026-04-17,SDP,LAA,Padres at Angels,09:38 PM,2026-04-17 21:38:00+00:00
2026-04-18,SDP,LAA,Padres at Angels,09:38 PM,2026-04-18 21:38:00+00:00
2026-04-19,SDP,LAA,Padres at Angels,04:07 PM,2026-04-19 16:07:00+00:00
2026-05-01,NYM,LAA,Mets at Angels,09:38 PM,2026-05-01 21:38:00+00:00
2026-05-02,NYM,LAA,Mets at Angels,09:38 PM,2026-05-02 21:38:00+00:00
2026-05-03,NYM,LAA,Mets at Angels,04:07 PM,2026-05-03 16:07:00+00:00
2026-05-15,LAD,LAA,Dodgers at Angels,09:38 PM,2026-05-15 21:38:00+00:00
2026-05-16,LAD,LAA,Dodgers at Angels,09:38 PM,2026-05-16 21:38:00+00:00
2026-05-17,LAD,LAA,Dodgers at Angels,04:07 PM,2026-05-17 16:07:00+00:00
2026-05-18,ATH,LAA,Athletics at Angels,09:38 PM,2026-05-18 21:38:00+00:00
2026-05-19,ATH,LAA,Athletics at Angels,09:38 PM,2026-05-19 21:38:00+00:00
2026-05-20,ATH,LAA,Athletics at Angels,09:38 PM,2026-05-20 21:38:00+00:00
2026-05-21,ATH,LAA,Athletics at Angels,09:38 PM,2026-05-21 21:38:00+00:00
2026-05-22,TEX,LAA,Rangers at Angels,09:38 PM,2026-05-22 21:38:00+00:00
2026-05-23,TEX,LAA,Rangers at Angels,10:05 PM,2026-05-23 22:05:00+00:00
2026-05-24,TEX,LAA,Rangers at Angels,07:20 PM,2026-05-24 19:20:00+00:00
2026-06-01,COL,LAA,Rockies at Angels,09:38 PM,2026-06-01 21:38:00+00:00
2026-06-02,COL,LAA,Rockies at Angels,09:38 PM,2026-06-02 21:38:00+00:00
2026-06-03,COL,LAA,Rockies at Angels,09:38 PM,2026-06-03 21:38:00+00:00
2026-06-05,LAA,LAD,Angels at Dodgers,10:10 PM,2026-06-05 22:10:00+00:00
2026-06-06,LAA,LAD,Angels at Dodgers,10:10 PM,2026-06-06 22:10:00+00:00
2026-06-07,LAA,LAD,Angels at Dodgers,04:10 PM,2026-06-07 16:10:00+00:00
2026-06-08,HOU,LAA,Astros at Angels,09:38 PM,2026-06-08 21:38:00+00:00
2026-06-09,HOU,LAA,Astros at Angels,09:38 PM,2026-06-09 21:38:00+00:00
2026-06-10,HOU,LAA,Astros at Angels,09:38 PM,2026-06-10 21:38:00+00:00
2026-06-15,LAA,ARI,Angels at D-backs,09:40 PM,2026-06-15 21:40:00+00:00
2026-06-16,LAA,ARI,Angels at D-backs,09:40 PM,2026-06-16 21:40:00+00:00
2026-06-17,LAA,ARI,Angels at D-backs,03:40 PM,2026-06-17 15:40:00+00:00
2026-06-18,LAA,ATH,Angels at Athletics,09:40 PM,2026-06-18 21:40:00+00:00
2026-06-19,LAA,ATH,Angels at Athletics,09:40 PM,2026-06-19 21:40:00+00:00
2026-06-20,LAA,ATH,Angels at Athletics,10:05 PM,2026-06-20 22:05:00+00:00
2026-06-21,LAA,ATH,Angels at Athletics,04:05 PM,2026-06-21 16:05:00+00:00
2026-06-26,ATH,LAA,Athletics at Angels,09:38 PM,2026-06-26 21:38:00+00:00
2026-06-27,ATH,LAA,Athletics at Angels,09:38 PM,2026-06-27 21:38:00+00:00
2026-06-28,ATH,LAA,Athletics at Angels,03:15 PM,2026-06-28 15:15:00+00:00
2026-06-29,LAA,SEA,Angels at Mariners,09:40 PM,2026-06-29 21:40:00+00:00
2026-06-30,LAA,SEA,Angels at Mariners,09:40 PM,2026-06-30 21:40:00+00:00
2026-07-02,LAA,SEA,Angels at Mariners,09:40 PM,2026-07-02 21:40:00+00:00
2026-07-07,LAA,TEX,Angels at Rangers,08:05 PM,2026-07-07 20:05:00+00:00
2026-07-08,LAA,TEX,Angels at Rangers,08:05 PM,2026-07-08 20:05:00+00:00
2026-07-09,LAA,TEX,Angels at Rangers,08:05 PM,2026-07-09 20:05:00+00:00
2026-07-20,STL,LAA,Cardinals at Angels,10:10 PM,2026-07-20 22:10:00+00:00
2026-07-21,STL,LAA,Cardinals at Angels,09:38 PM,2026-07-21 21:38:00+00:00
2026-07-22,STL,LAA,Cardinals at Angels,04:07 PM,2026-07-22 16:07:00+00:00
2026-07-24,LAA,SFG,Angels at Giants,10:15 PM,2026-07-24 22:15:00+00:00
2026-07-25,LAA,SFG,Angels at Giants,04:05 PM,2026-07-25 16:05:00+00:00
2026-07-26,LAA,SFG,Angels at Giants,04:05 PM,2026-07-26 16:05:00+00:00
2026-07-27,HOU,LAA,Astros at Angels,09:38 PM,2026-07-27 21:38:00+00:00
2026-07-28,HOU,LAA,Astros at Angels,09:38 PM,2026-07-28 21:38:00+00:00
2026-07-29,HOU,LAA,Astros at Angels,09:38 PM,2026-07-29 21:38:00+00:00
2026-07-31,MIL,LAA,Brewers at Angels,09:38 PM,2026-07-31 21:38:00+00:00
2026-08-01,MIL,LAA,Brewers at Angels,09:38 PM,2026-08-01 21:38:00+00:00
2026-08-02,MIL,LAA,Brewers at Angels,03:15 PM,2026-08-02 15:15:00+00:00
2026-08-07,LAA,MIA,Angels at Marlins,07:10 PM,2026-08-07 19:10:00+00:00
2026-08-08,LAA,MIA,Angels at Marlins,04:10 PM,2026-08-08 16:10:00+00:00
2026-08-09,LAA,MIA,Angels at Marlins,01:40 PM,2026-08-09 13:40:00+00:00
2026-08-10,TEX,LAA,Rangers at Angels,09:38 PM,2026-08-10 21:38:00+00:00
2026-08-11,TEX,LAA,Rangers at Angels,09:38 PM,2026-08-11 21:38:00+00:00
2026-08-12,TEX,LAA,Rangers at Angels,10:10 PM,2026-08-12 22:10:00+00:00
2026-08-13,TEX,LAA,Rangers at Angels,10:07 PM,2026-08-13 22:07:00+00:00
2026-08-18,LAA,HOU,Angels at Astros,08:10 PM,2026-08-18 20:10:00+00:00
2026-08-19,LAA,HOU,Angels at Astros,08:10 PM,2026-08-19 20:10:00+00:00
2026-08-20,LAA,HOU,Angels at Astros,08:10 PM,2026-08-20 20:10:00+00:00
2026-08-21,LAA,TEX,Angels at Rangers,08:05 PM,2026-08-21 20:05:00+00:00
2026-08-22,LAA,TEX,Angels at Rangers,07:05 PM,2026-08-22 19:05:00+00:00
2026-08-23,LAA,TEX,Angels at Rangers,02:35 PM,2026-08-23 14:35:00+00:00
2026-08-28,PHI,LAA,Phillies at Angels,09:38 PM,2026-08-28 21:38:00+00:00
2026-08-29,PHI,LAA,Phillies at Angels,10:07 PM,2026-08-29 22:07:00+00:00
2026-08-30,PHI,LAA,Phillies at Angels,04:07 PM,2026-08-30 16:07:00+00:00
2026-09-04,LAA,PIT,Angels at Pirates,06:40 PM,2026-09-04 18:40:00+00:00
2026-09-05,LAA,PIT,Angels at Pirates,06:40 PM,2026-09-05 18:40:00+00:00
2026-09-06,LAA,PIT,Angels at Pirates,01:35 PM,2026-09-06 13:35:00+00:00
2026-09-11,LAA,WSN,Angels at Nationals,06:45 PM,2026-09-11 18:45:00+00:00
2026-09-12,LAA,WSN,Angels at Nationals,04:05 PM,2026-09-12 16:05:00+00:00
2026-09-13,LAA,WSN,Angels at Nationals,01:35 PM,2026-09-13 13:35:00+00:00
2026-09-14,SEA,LAA,Mariners at Angels,09:38 PM,2026-09-14 21:38:00+00:00
2026-09-15,SEA,LAA,Mariners at Angels,09:38 PM,2026-09-15 21:38:00+00:00
2026-09-16,SEA,LAA,Mariners at Angels,09:38 PM,2026-09-16 21:38:00+00:00
2026-09-22,LAA,ATH,Angels at Athletics,09:40 PM,2026-09-22 21:40:00+00:00
2026-09-23,LAA,ATH,Angels at Athletics,09:40 PM,2026-09-23 21:40:00+00:00
2026-09-24,LAA,SEA,Angels at Mariners,09:40 PM,2026-09-24 21:40:00+00:00
2026-09-25,LAA,SEA,Angels at Mariners,10:10 PM,2026-09-25 22:10:00+00:00
2026-09-26,LAA,SEA,Angels at Mariners,09:40 PM,2026-09-26 21:40:00+00:00
2026-09-27,LAA,SEA,Angels at Mariners,03:10 PM,2026-09-27 15:10:00+00:00
2026-04-03,HOU,ATH,Astros at Athletics,09:40 PM,2026-04-03 21:40:00+00:00
2026-04-04,HOU,ATH,Astros at Athletics,04:05 PM,2026-04-04 16:05:00+00:00
2026-04-05,HOU,ATH,Astros at Athletics,04:05 PM,2026-04-05 16:05:00+00:00
2026-04-06,HOU,COL,Astros at Rockies,08:40 PM,2026-04-06 20:40:00+00:00
2026-04-07,HOU,COL,Astros at Rockies,08:40 PM,2026-04-07 20:40:00+00:00
2026-04-08,HOU,COL,Astros at Rockies,03:10 PM,2026-04-08 15:10:00+00:00
2026-04-10,HOU,SEA,Astros at Mariners,09:40 PM,2026-04-10 21:40:00+00:00
2026-04-11,HOU,SEA,Astros at Mariners,09:40 PM,2026-04-11 21:40:00+00:00
2026-04-12,HOU,SEA,Astros at Mariners,04:10 PM,2026-04-12 16:10:00+00:00
2026-04-13,HOU,SEA,Astros at Mariners,04:10 PM,2026-04-13 16:10:00+00:00
2026-04-14,COL,HOU,Rockies at Astros,08:10 PM,2026-04-14 20:10:00+00:00
2026-04-15,COL,HOU,Rockies at Astros,08:10 PM,2026-04-15 20:10:00+00:00
2026-04-16,COL,HOU,Rockies at Astros,08:10 PM,2026-04-16 20:10:00+00:00
2026-04-17,STL,HOU,Cardinals at Astros,08:10 PM,2026-04-17 20:10:00+00:00
2026-04-18,STL,HOU,Cardinals at Astros,07:10 PM,2026-04-18 19:10:00+00:00
2026-04-19,STL,HOU,Cardinals at Astros,02:10 PM,2026-04-19 14:10:00+00:00
2026-05-04,LAD,HOU,Dodgers at Astros,08:10 PM,2026-05-04 20:10:00+00:00
2026-05-05,LAD,HOU,Dodgers at Astros,08:10 PM,2026-05-05 20:10:00+00:00
2026-05-06,LAD,HOU,Dodgers at Astros,02:10 PM,2026-05-06 14:10:00+00:00
2026-05-08,HOU,CIN,Astros at Reds,06:40 PM,2026-05-08 18:40:00+00:00
2026-05-09,HOU,CIN,Astros at Reds,04:10 PM,2026-05-09 16:10:00+00:00
2026-05-10,HOU,CIN,Astros at Reds,01:40 PM,2026-05-10 13:40:00+00:00
2026-05-11,SEA,HOU,Mariners at Astros,08:10 PM,2026-05-11 20:10:00+00:00
2026-05-12,SEA,HOU,Mariners at Astros,08:10 PM,2026-05-12 20:10:00+00:00
2026-05-13,SEA,HOU,Mariners at Astros,08:10 PM,2026-05-13 20:10:00+00:00
2026-05-14,SEA,HOU,Mariners at Astros,02:10 PM,2026-05-14 14:10:00+00:00
2026-05-15,TEX,HOU,Rangers at Astros,08:10 PM,2026-05-15 20:10:00+00:00
2026-05-16,TEX,HOU,Rangers at Astros,07:10 PM,2026-05-16 19:10:00+00:00
2026-05-17,TEX,HOU,Rangers at Astros,02:10 PM,2026-05-17 14:10:00+00:00
2026-05-22,HOU,CHC,Astros at Cubs,02:20 PM,2026-05-22 14:20:00+00:00
2026-05-23,HOU,CHC,Astros at Cubs,02:20 PM,2026-05-23 14:20:00+00:00
2026-05-24,HOU,CHC,Astros at Cubs,02:20 PM,2026-05-24 14:20:00+00:00
2026-05-25,HOU,TEX,Astros at Rangers,07:05 PM,2026-05-25 19:05:00+00:00
2026-05-26,HOU,TEX,Astros at Rangers,08:05 PM,2026-05-26 20:05:00+00:00
2026-05-27,HOU,TEX,Astros at Rangers,08:05 PM,2026-05-27 20:05:00+00:00
2026-05-28,HOU,TEX,Astros at Rangers,08:05 PM,2026-05-28 20:05:00+00:00
2026-05-29,MIL,HOU,Brewers at Astros,08:10 PM,2026-05-29 20:10:00+00:00
2026-05-30,MIL,HOU,Brewers at Astros,04:10 PM,2026-05-30 16:10:00+00:00
2026-05-31,MIL,HOU,Brewers at Astros,02:10 PM,2026-05-31 14:10:00+00:00
2026-06-02,PIT,HOU,Pirates at Astros,08:10 PM,2026-06-02 20:10:00+00:00
2026-06-03,PIT,HOU,Pirates at Astros,08:10 PM,2026-06-03 20:10:00+00:00
2026-06-04,PIT,HOU,Pirates at Astros,08:10 PM,2026-06-04 20:10:00+00:00
2026-06-05,ATH,HOU,Athletics at Astros,08:10 PM,2026-06-05 20:10:00+00:00
2026-06-06,ATH,HOU,Athletics at Astros,04:10 PM,2026-06-06 16:10:00+00:00
2026-06-07,ATH,HOU,Athletics at Astros,02:10 PM,2026-06-07 14:10:00+00:00
2026-07-06,HOU,WSN,Astros at Nationals,07:05 PM,2026-07-06 19:05:00+00:00
2026-07-07,HOU,WSN,Astros at Nationals,06:45 PM,2026-07-07 18:45:00+00:00
2026-07-08,HOU,WSN,Astros at Nationals,06:45 PM,2026-07-08 18:45:00+00:00
2026-07-10,HOU,TEX,Astros at Rangers,08:05 PM,2026-07-10 20:05:00+00:00
2026-07-11,HOU,TEX,Astros at Rangers,07:05 PM,2026-07-11 19:05:00+00:00
2026-07-12,HOU,TEX,Astros at Rangers,02:35 PM,2026-07-12 14:35:00+00:00
2026-07-20,MIA,HOU,Marlins at Astros,08:10 PM,2026-07-20 20:10:00+00:00
2026-07-21,MIA,HOU,Marlins at Astros,08:10 PM,2026-07-21 20:10:00+00:00
2026-07-22,MIA,HOU,Marlins at Astros,08:10 PM,2026-07-22 20:10:00+00:00
2026-07-31,TEX,HOU,Rangers at Astros,08:10 PM,2026-07-31 20:10:00+00:00
2026-08-01,TEX,HOU,Rangers at Astros,07:10 PM,2026-08-01 19:10:00+00:00
2026-08-02,TEX,HOU,Rangers at Astros,02:10 PM,2026-08-02 14:10:00+00:00
2026-08-07,HOU,SDP,Astros at Padres,09:40 PM,2026-08-07 21:40:00+00:00
2026-08-08,HOU,SDP,Astros at Padres,07:15 PM,2026-08-08 19:15:00+00:00
2026-08-09,HOU,SDP,Astros at Padres,08:20 PM,2026-08-09 20:20:00+00:00
2026-08-10,HOU,SFG,Astros at Giants,09:45 PM,2026-08-10 21:45:00+00:00
2026-08-11,HOU,SFG,Astros at Giants,09:45 PM,2026-08-11 21:45:00+00:00
2026-08-12,HOU,SFG,Astros at Giants,03:45 PM,2026-08-12 15:45:00+00:00
2026-08-14,SEA,HOU,Mariners at Astros,08:10 PM,2026-08-14 20:10:00+00:00
2026-08-15,SEA,HOU,Mariners at Astros,07:10 PM,2026-08-15 19:10:00+00:00
2026-08-16,SEA,HOU,Mariners at Astros,07:20 PM,2026-08-16 19:20:00+00:00
2026-08-21,ATH,HOU,Athletics at Astros,08:10 PM,2026-08-21 20:10:00+00:00
2026-08-22,ATH,HOU,Athletics at Astros,07:10 PM,2026-08-22 19:10:00+00:00
2026-08-23,ATH,HOU,Athletics at Astros,02:10 PM,2026-08-23 14:10:00+00:00
2026-08-28,HOU,NYM,Astros at Mets,07:10 PM,2026-08-28 19:10:00+00:00
2026-08-29,HOU,NYM,Astros at Mets,04:10 PM,2026-08-29 16:10:00+00:00
2026-08-30,HOU,NYM,Astros at Mets,07:20 PM,2026-08-30 19:20:00+00:00
2026-09-04,ARI,HOU,D-backs at Astros,08:10 PM,2026-09-04 20:10:00+00:00
2026-09-05,ARI,HOU,D-backs at Astros,07:15 PM,2026-09-05 19:15:00+00:00
2026-09-06,ARI,HOU,D-backs at Astros,02:10 PM,2026-09-06 14:10:00+00:00
2026-09-08,HOU,PHI,Astros at Phillies,06:40 PM,2026-09-08 18:40:00+00:00
2026-09-09,HOU,PHI,Astros at Phillies,06:40 PM,2026-09-09 18:40:00+00:00
2026-09-10,HOU,PHI,Astros at Phillies,01:05 PM,2026-09-10 13:05:00+00:00
2026-09-18,ATL,HOU,Braves at Astros,08:10 PM,2026-09-18 20:10:00+00:00
2026-09-19,ATL,HOU,Braves at Astros,07:10 PM,2026-09-19 19:10:00+00:00
2026-09-20,ATL,HOU,Braves at Astros,02:10 PM,2026-09-20 14:10:00+00:00
2026-09-22,HOU,SEA,Astros at Mariners,09:40 PM,2026-09-22 21:40:00+00:00
2026-09-23,HOU,SEA,Astros at Mariners,10:10 PM,2026-09-23 22:10:00+00:00
2026-09-24,HOU,ATH,Astros at Athletics,09:40 PM,2026-09-24 21:40:00+00:00
2026-09-25,HOU,ATH,Astros at Athletics,09:40 PM,2026-09-25 21:40:00+00:00
2026-09-26,HOU,ATH,Astros at Athletics,09:40 PM,2026-09-26 21:40:00+00:00
2026-09-27,HOU,ATH,Astros at Athletics,03:05 PM,2026-09-27 15:05:00+00:00
2026-03-30,ATH,ATL,Athletics at Braves,07:15 PM,2026-03-30 19:15:00+00:00
2026-03-31,ATH,ATL,Athletics at Braves,07:15 PM,2026-03-31 19:15:00+00:00
2026-04-01,ATH,ATL,Athletics at Braves,12:15 PM,2026-04-01 12:15:00+00:00
2026-04-10,ATH,NYM,Athletics at Mets,07:10 PM,2026-04-10 19:10:00+00:00
2026-04-11,ATH,NYM,Athletics at Mets,04:10 PM,2026-04-11 16:10:00+00:00
2026-04-12,ATH,NYM,Athletics at Mets,01:40 PM,2026-04-12 13:40:00+00:00
2026-04-13,TEX,ATH,Rangers at Athletics,09:40 PM,2026-04-13 21:40:00+00:00
2026-04-14,TEX,ATH,Rangers at Athletics,09:40 PM,2026-04-14 21:40:00+00:00
2026-04-15,TEX,ATH,Rangers at Athletics,09:40 PM,2026-04-15 21:40:00+00:00
2026-04-16,TEX,ATH,Rangers at Athletics,03:05 PM,2026-04-16 15:05:00+00:00
2026-04-20,ATH,SEA,Athletics at Mariners,09:40 PM,2026-04-20 21:40:00+00:00
2026-04-21,ATH,SEA,Athletics at Mariners,09:40 PM,2026-04-21 21:40:00+00:00
2026-04-22,ATH,SEA,Athletics at Mariners,04:10 PM,2026-04-22 16:10:00+00:00
2026-04-24,ATH,TEX,Athletics at Rangers,08:05 PM,2026-04-24 20:05:00+00:00
2026-04-25,ATH,TEX,Athletics at Rangers,07:05 PM,2026-04-25 19:05:00+00:00
2026-04-26,ATH,TEX,Athletics at Rangers,02:35 PM,2026-04-26 14:35:00+00:00
2026-05-05,ATH,PHI,Athletics at Phillies,06:40 PM,2026-05-05 18:40:00+00:00
2026-05-06,ATH,PHI,Athletics at Phillies,06:40 PM,2026-05-06 18:40:00+00:00
2026-05-07,ATH,PHI,Athletics at Phillies,06:40 PM,2026-05-07 18:40:00+00:00
2026-05-12,STL,ATH,Cardinals at Athletics,09:40 PM,2026-05-12 21:40:00+00:00
2026-05-13,STL,ATH,Cardinals at Athletics,09:40 PM,2026-05-13 21:40:00+00:00
2026-05-14,STL,ATH,Cardinals at Athletics,03:05 PM,2026-05-14 15:05:00+00:00
2026-05-15,SFG,ATH,Giants at Athletics,09:40 PM,2026-05-15 21:40:00+00:00
2026-05-16,SFG,ATH,Giants at Athletics,09:40 PM,2026-05-16 21:40:00+00:00
2026-05-17,SFG,ATH,Giants at Athletics,04:05 PM,2026-05-17 16:05:00+00:00
2026-05-22,ATH,SDP,Athletics at Padres,09:40 PM,2026-05-22 21:40:00+00:00
2026-05-23,ATH,SDP,Athletics at Padres,09:40 PM,2026-05-23 21:40:00+00:00
2026-05-24,ATH,SDP,Athletics at Padres,04:10 PM,2026-05-24 16:10:00+00:00
2026-05-25,SEA,ATH,Mariners at Athletics,09:40 PM,2026-05-25 21:40:00+00:00
2026-05-26,SEA,ATH,Mariners at Athletics,09:40 PM,2026-05-26 21:40:00+00:00
2026-05-27,SEA,ATH,Mariners at Athletics,03:05 PM,2026-05-27 15:05:00+00:00
2026-06-02,ATH,CHC,Athletics at Cubs,08:05 PM,2026-06-02 20:05:00+00:00
2026-06-03,ATH,CHC,Athletics at Cubs,08:05 PM,2026-06-03 20:05:00+00:00
2026-06-04,ATH,CHC,Athletics at Cubs,08:05 PM,2026-06-04 20:05:00+00:00
2026-06-08,MIL,ATH,Brewers at Athletics,10:05 PM,2026-06-08 22:05:00+00:00
2026-06-09,MIL,ATH,Brewers at Athletics,10:05 PM,2026-06-09 22:05:00+00:00
2026-06-10,MIL,ATH,Brewers at Athletics,09:05 PM,2026-06-10 21:05:00+00:00
2026-06-12,COL,ATH,Rockies at Athletics,10:05 PM,2026-06-12 22:05:00+00:00
2026-06-13,COL,ATH,Rockies at Athletics,10:05 PM,2026-06-13 22:05:00+00:00
2026-06-14,COL,ATH,Rockies at Athletics,03:05 PM,2026-06-14 15:05:00+00:00
2026-06-15,PIT,ATH,Pirates at Athletics,09:40 PM,2026-06-15 21:40:00+00:00
2026-06-16,PIT,ATH,Pirates at Athletics,09:40 PM,2026-06-16 21:40:00+00:00
2026-06-17,PIT,ATH,Pirates at Athletics,09:40 PM,2026-06-17 21:40:00+00:00
2026-06-23,ATH,SFG,Athletics at Giants,09:45 PM,2026-06-23 21:45:00+00:00
2026-06-24,ATH,SFG,Athletics at Giants,09:45 PM,2026-06-24 21:45:00+00:00
2026-06-25,ATH,SFG,Athletics at Giants,03:45 PM,2026-06-25 15:45:00+00:00
2026-06-29,LAD,ATH,Dodgers at Athletics,09:40 PM,2026-06-29 21:40:00+00:00
2026-06-30,LAD,ATH,Dodgers at Athletics,09:40 PM,2026-06-30 21:40:00+00:00
2026-07-01,LAD,ATH,Dodgers at Athletics,09:40 PM,2026-07-01 21:40:00+00:00
2026-07-03,MIA,ATH,Marlins at Athletics,09:40 PM,2026-07-03 21:40:00+00:00
2026-07-04,MIA,ATH,Marlins at Athletics,09:40 PM,2026-07-04 21:40:00+00:00
2026-07-05,MIA,ATH,Marlins at Athletics,04:30 PM,2026-07-05 16:30:00+00:00
2026-07-17,WSN,ATH,Nationals at Athletics,09:40 PM,2026-07-17 21:40:00+00:00
2026-07-18,WSN,ATH,Nationals at Athletics,10:05 PM,2026-07-18 22:05:00+00:00
2026-07-19,WSN,ATH,Nationals at Athletics,04:05 PM,2026-07-19 16:05:00+00:00
2026-07-20,ATH,ARI,Athletics at D-backs,09:40 PM,2026-07-20 21:40:00+00:00
2026-07-21,ATH,ARI,Athletics at D-backs,09:40 PM,2026-07-21 21:40:00+00:00
2026-07-22,ATH,ARI,Athletics at D-backs,03:40 PM,2026-07-22 15:40:00+00:00
2026-08-04,ATH,CIN,Athletics at Reds,06:40 PM,2026-08-04 18:40:00+00:00
2026-08-05,ATH,CIN,Athletics at Reds,06:40 PM,2026-08-05 18:40:00+00:00
2026-08-06,ATH,CIN,Athletics at Reds,12:40 PM,2026-08-06 12:40:00+00:00
2026-08-14,TEX,ATH,Rangers at Athletics,09:40 PM,2026-08-14 21:40:00+00:00
2026-08-15,TEX,ATH,Rangers at Athletics,09:40 PM,2026-08-15 21:40:00+00:00
2026-08-16,TEX,ATH,Rangers at Athletics,04:05 PM,2026-08-16 16:05:00+00:00
2026-08-31,ATH,TEX,Athletics at Rangers,08:05 PM,2026-08-31 20:05:00+00:00
2026-09-01,ATH,TEX,Athletics at Rangers,08:05 PM,2026-09-01 20:05:00+00:00
2026-09-02,ATH,TEX,Athletics at Rangers,02:35 PM,2026-09-02 14:35:00+00:00
2026-09-03,ATH,SEA,Athletics at Mariners,09:40 PM,2026-09-03 21:40:00+00:00
2026-09-04,ATH,SEA,Athletics at Mariners,10:10 PM,2026-09-04 22:10:00+00:00
2026-09-05,ATH,SEA,Athletics at Mariners,09:40 PM,2026-09-05 21:40:00+00:00
2026-09-06,ATH,SEA,Athletics at Mariners,04:10 PM,2026-09-06 16:10:00+00:00
2026-09-11,SEA,ATH,Mariners at Athletics,09:40 PM,2026-09-11 21:40:00+00:00
2026-09-12,SEA,ATH,Mariners at Athletics,09:40 PM,2026-09-12 21:40:00+00:00
2026-09-13,SEA,ATH,Mariners at Athletics,04:05 PM,2026-09-13 16:05:00+00:00
2026-04-06,SEA,TEX,Mariners at Rangers,08:05 PM,2026-04-06 20:05:00+00:00
2026-04-07,SEA,TEX,Mariners at Rangers,08:05 PM,2026-04-07 20:05:00+00:00
2026-04-08,SEA,TEX,Mariners at Rangers,02:35 PM,2026-04-08 14:35:00+00:00
2026-04-14,SEA,SDP,Mariners at Padres,09:40 PM,2026-04-14 21:40:00+00:00
2026-04-15,SEA,SDP,Mariners at Padres,09:40 PM,2026-04-15 21:40:00+00:00
2026-04-16,SEA,SDP,Mariners at Padres,08:40 PM,2026-04-16 20:40:00+00:00
2026-04-17,TEX,SEA,Rangers at Mariners,09:40 PM,2026-04-17 21:40:00+00:00
2026-04-18,TEX,SEA,Rangers at Mariners,07:15 PM,2026-04-18 19:15:00+00:00
2026-04-19,TEX,SEA,Rangers at Mariners,04:10 PM,2026-04-19 16:10:00+00:00
2026-04-24,SEA,STL,Mariners at Cardinals,08:15 PM,2026-04-24 20:15:00+00:00
2026-04-25,SEA,STL,Mariners at Cardinals,02:15 PM,2026-04-25 14:15:00+00:00
2026-04-26,SEA,STL,Mariners at Cardinals,02:15 PM,2026-04-26 14:15:00+00:00
2026-05-04,ATL,SEA,Braves at Mariners,09:40 PM,2026-05-04 21:40:00+00:00
2026-05-05,ATL,SEA,Braves at Mariners,09:40 PM,2026-05-05 21:40:00+00:00
2026-05-06,ATL,SEA,Braves at Mariners,04:10 PM,2026-05-06 16:10:00+00:00
2026-05-15,SDP,SEA,Padres at Mariners,09:40 PM,2026-05-15 21:40:00+00:00
2026-05-16,SDP,SEA,Padres at Mariners,07:15 PM,2026-05-16 19:15:00+00:00
2026-05-17,SDP,SEA,Padres at Mariners,07:20 PM,2026-05-17 19:20:00+00:00
2026-05-29,ARI,SEA,D-backs at Mariners,10:10 PM,2026-05-29 22:10:00+00:00
2026-05-30,ARI,SEA,D-backs at Mariners,10:10 PM,2026-05-30 22:10:00+00:00
2026-05-31,ARI,SEA,D-backs at Mariners,04:10 PM,2026-05-31 16:10:00+00:00
2026-06-01,NYM,SEA,Mets at Mariners,09:40 PM,2026-06-01 21:40:00+00:00
2026-06-02,NYM,SEA,Mets at Mariners,09:40 PM,2026-06-02 21:40:00+00:00
2026-06-03,NYM,SEA,Mets at Mariners,03:40 PM,2026-06-03 15:40:00+00:00
2026-06-12,SEA,WSN,Mariners at Nationals,06:45 PM,2026-06-12 18:45:00+00:00
2026-06-13,SEA,WSN,Mariners at Nationals,04:05 PM,2026-06-13 16:05:00+00:00
2026-06-14,SEA,WSN,Mariners at Nationals,01:35 PM,2026-06-14 13:35:00+00:00
2026-06-23,SEA,PIT,Mariners at Pirates,06:40 PM,2026-06-23 18:40:00+00:00
2026-06-24,SEA,PIT,Mariners at Pirates,06:40 PM,2026-06-24 18:40:00+00:00
2026-06-25,SEA,PIT,Mariners at Pirates,12:35 PM,2026-06-25 12:35:00+00:00
2026-07-07,SEA,MIA,Mariners at Marlins,06:40 PM,2026-07-07 18:40:00+00:00
2026-07-08,SEA,MIA,Mariners at Marlins,06:40 PM,2026-07-08 18:40:00+00:00
2026-07-09,SEA,MIA,Mariners at Marlins,06:40 PM,2026-07-09 18:40:00+00:00
2026-07-17,SFG,SEA,Giants at Mariners,10:10 PM,2026-07-17 22:10:00+00:00
2026-07-18,SFG,SEA,Giants at Mariners,08:08 PM,2026-07-18 20:08:00+00:00
2026-07-19,SFG,SEA,Giants at Mariners,04:10 PM,2026-07-19 16:10:00+00:00
2026-07-20,CIN,SEA,Reds at Mariners,09:40 PM,2026-07-20 21:40:00+00:00
2026-07-21,CIN,SEA,Reds at Mariners,09:40 PM,2026-07-21 21:40:00+00:00
2026-07-22,CIN,SEA,Reds at Mariners,03:40 PM,2026-07-22 15:40:00+00:00
2026-07-24,SEA,TEX,Mariners at Rangers,08:05 PM,2026-07-24 20:05:00+00:00
2026-07-25,SEA,TEX,Mariners at Rangers,07:15 PM,2026-07-25 19:15:00+00:00
2026-07-26,SEA,TEX,Mariners at Rangers,02:35 PM,2026-07-26 14:35:00+00:00
2026-07-27,SEA,TEX,Mariners at Rangers,02:35 PM,2026-07-27 14:35:00+00:00
2026-07-28,SEA,LAD,Mariners at Dodgers,10:10 PM,2026-07-28 22:10:00+00:00
2026-07-29,SEA,LAD,Mariners at Dodgers,10:10 PM,2026-07-29 22:10:00+00:00
2026-07-30,SEA,LAD,Mariners at Dodgers,10:10 PM,2026-07-30 22:10:00+00:00
2026-08-18,SEA,MIL,Mariners at Brewers,07:40 PM,2026-08-18 19:40:00+00:00
2026-08-19,SEA,MIL,Mariners at Brewers,07:40 PM,2026-08-19 19:40:00+00:00
2026-08-20,SEA,MIL,Mariners at Brewers,02:10 PM,2026-08-20 14:10:00+00:00
2026-08-21,CHC,SEA,Cubs at Mariners,10:10 PM,2026-08-21 22:10:00+00:00
2026-08-22,CHC,SEA,Cubs at Mariners,09:40 PM,2026-08-22 21:40:00+00:00
2026-08-23,CHC,SEA,Cubs at Mariners,04:10 PM,2026-08-23 16:10:00+00:00
2026-08-24,PHI,SEA,Phillies at Mariners,09:40 PM,2026-08-24 21:40:00+00:00
2026-08-25,PHI,SEA,Phillies at Mariners,09:40 PM,2026-08-25 21:40:00+00:00
2026-08-26,PHI,SEA,Phillies at Mariners,04:10 PM,2026-08-26 16:10:00+00:00
2026-09-08,TEX,SEA,Rangers at Mariners,09:40 PM,2026-09-08 21:40:00+00:00
2026-09-09,TEX,SEA,Rangers at Mariners,09:40 PM,2026-09-09 21:40:00+00:00
2026-09-10,TEX,SEA,Rangers at Mariners,04:10 PM,2026-09-10 16:10:00+00:00
2026-09-18,SEA,COL,Mariners at Rockies,08:10 PM,2026-09-18 20:10:00+00:00
2026-09-19,SEA,COL,Mariners at Rockies,08:10 PM,2026-09-19 20:10:00+00:00
2026-09-20,SEA,COL,Mariners at Rockies,03:10 PM,2026-09-20 15:10:00+00:00
2026-03-26,TEX,PHI,Rangers at Phillies,04:15 PM,2026-03-26 16:15:00+00:00
2026-03-28,TEX,PHI,Rangers at Phillies,04:05 PM,2026-03-28 16:05:00+00:00
2026-03-29,TEX,PHI,Rangers at Phillies,01:35 PM,2026-03-29 13:35:00+00:00
2026-04-03,CIN,TEX,Reds at Rangers,04:05 PM,2026-04-03 16:05:00+00:00
2026-04-04,CIN,TEX,Reds at Rangers,07:05 PM,2026-04-04 19:05:00+00:00
2026-04-05,CIN,TEX,Reds at Rangers,02:35 PM,2026-04-05 14:35:00+00:00
2026-04-10,TEX,LAD,Rangers at Dodgers,10:10 PM,2026-04-10 22:10:00+00:00
2026-04-11,TEX,LAD,Rangers at Dodgers,09:10 PM,2026-04-11 21:10:00+00:00
2026-04-12,TEX,LAD,Rangers at Dodgers,04:10 PM,2026-04-12 16:10:00+00:00
2026-04-21,PIT,TEX,Pirates at Rangers,08:05 PM,2026-04-21 20:05:00+00:00
2026-04-22,PIT,TEX,Pirates at Rangers,08:05 PM,2026-04-22 20:05:00+00:00
2026-04-23,PIT,TEX,Pirates at Rangers,08:05 PM,2026-04-23 20:05:00+00:00
2026-05-08,CHC,TEX,Cubs at Rangers,08:05 PM,2026-05-08 20:05:00+00:00
2026-05-09,CHC,TEX,Cubs at Rangers,07:05 PM,2026-05-09 19:05:00+00:00
2026-05-10,CHC,TEX,Cubs at Rangers,02:35 PM,2026-05-10 14:35:00+00:00
2026-05-11,ARI,TEX,D-backs at Rangers,08:05 PM,2026-05-11 20:05:00+00:00
2026-05-12,ARI,TEX,D-backs at Rangers,08:05 PM,2026-05-12 20:05:00+00:00
2026-05-13,ARI,TEX,D-backs at Rangers,08:05 PM,2026-05-13 20:05:00+00:00
2026-05-18,TEX,COL,Rangers at Rockies,08:40 PM,2026-05-18 20:40:00+00:00
2026-05-19,TEX,COL,Rangers at Rockies,08:40 PM,2026-05-19 20:40:00+00:00
2026-05-20,TEX,COL,Rangers at Rockies,03:10 PM,2026-05-20 15:10:00+00:00
2026-06-01,TEX,STL,Rangers at Cardinals,07:45 PM,2026-06-01 19:45:00+00:00
2026-06-02,TEX,STL,Rangers at Cardinals,07:45 PM,2026-06-02 19:45:00+00:00
2026-06-03,TEX,STL,Rangers at Cardinals,07:45 PM,2026-06-03 19:45:00+00:00
2026-06-19,SDP,TEX,Padres at Rangers,08:05 PM,2026-06-19 20:05:00+00:00
2026-06-20,SDP,TEX,Padres at Rangers,04:05 PM,2026-06-20 16:05:00+00:00
2026-06-21,SDP,TEX,Padres at Rangers,02:35 PM,2026-06-21 14:35:00+00:00
2026-06-22,TEX,MIA,Rangers at Marlins,06:40 PM,2026-06-22 18:40:00+00:00
2026-06-23,TEX,MIA,Rangers at Marlins,06:40 PM,2026-06-23 18:40:00+00:00
2026-06-24,TEX,MIA,Rangers at Marlins,12:10 PM,2026-06-24 12:10:00+00:00
2026-07-17,TEX,ATL,Rangers at Braves,07:15 PM,2026-07-17 19:15:00+00:00
2026-07-18,TEX,ATL,Rangers at Braves,04:10 PM,2026-07-18 16:10:00+00:00
2026-07-19,TEX,ATL,Rangers at Braves,01:35 PM,2026-07-19 13:35:00+00:00
2026-08-03,SFG,TEX,Giants at Rangers,08:05 PM,2026-08-03 20:05:00+00:00
2026-08-04,SFG,TEX,Giants at Rangers,08:05 PM,2026-08-04 20:05:00+00:00
2026-08-05,SFG,TEX,Giants at Rangers,02:35 PM,2026-08-05 14:35:00+00:00
2026-08-18,WSN,TEX,Nationals at Rangers,08:05 PM,2026-08-18 20:05:00+00:00
2026-08-19,WSN,TEX,Nationals at Rangers,08:05 PM,2026-08-19 20:05:00+00:00
2026-08-20,WSN,TEX,Nationals at Rangers,08:05 PM,2026-08-20 20:05:00+00:00
2026-08-28,TEX,MIL,Rangers at Brewers,07:40 PM,2026-08-28 19:40:00+00:00
2026-08-29,TEX,MIL,Rangers at Brewers,07:15 PM,2026-08-29 19:15:00+00:00
2026-08-30,TEX,MIL,Rangers at Brewers,02:10 PM,2026-08-30 14:10:00+00:00
2026-09-11,TEX,ARI,Rangers at D-backs,09:40 PM,2026-09-11 21:40:00+00:00
2026-09-12,TEX,ARI,Rangers at D-backs,08:10 PM,2026-09-12 20:10:00+00:00
2026-09-13,TEX,ARI,Rangers at D-backs,04:10 PM,2026-09-13 16:10:00+00:00
2026-09-22,NYM,TEX,Mets at Rangers,08:05 PM,2026-09-22 20:05:00+00:00
2026-09-23,NYM,TEX,Mets at Rangers,08:05 PM,2026-09-23 20:05:00+00:00
2026-09-24,NYM,TEX,Mets at Rangers,02:35 PM,2026-09-24 14:35:00+00:00
2026-04-02,ATL,ARI,Braves at D-backs,09:40 PM,2026-04-02 21:40:00+00:00
2026-04-03,ATL,ARI,Braves at D-backs,09:40 PM,2026-04-03 21:40:00+00:00
2026-04-04,ATL,ARI,Braves at D-backs,07:15 PM,2026-04-04 19:15:00+00:00
2026-04-05,ATL,ARI,Braves at D-backs,04:10 PM,2026-04-05 16:10:00+00:00
2026-04-13,MIA,ATL,Marlins at Braves,07:15 PM,2026-04-13 19:15:00+00:00
2026-04-14,MIA,ATL,Marlins at Braves,07:15 PM,2026-04-14 19:15:00+00:00
2026-04-15,MIA,ATL,Marlins at Braves,07:15 PM,2026-04-15 19:15:00+00:00
2026-04-17,ATL,PHI,Braves at Phillies,06:40 PM,2026-04-17 18:40:00+00:00
2026-04-18,ATL,PHI,Braves at Phillies,07:15 PM,2026-04-18 19:15:00+00:00
2026-04-19,ATL,PHI,Braves at Phillies,07:20 PM,2026-04-19 19:20:00+00:00
2026-04-20,ATL,WSN,Braves at Nationals,06:45 PM,2026-04-20 18:45:00+00:00
2026-04-21,ATL,WSN,Braves at Nationals,06:45 PM,2026-04-21 18:45:00+00:00
2026-04-22,ATL,WSN,Braves at Nationals,06:45 PM,2026-04-22 18:45:00+00:00
2026-04-23,ATL,WSN,Braves at Nationals,01:05 PM,2026-04-23 13:05:00+00:00
2026-04-24,PHI,ATL,Phillies at Braves,07:15 PM,2026-04-24 19:15:00+00:00
2026-04-25,PHI,ATL,Phillies at Braves,07:15 PM,2026-04-25 19:15:00+00:00
2026-04-26,PHI,ATL,Phillies at Braves,01:35 PM,2026-04-26 13:35:00+00:00
2026-05-01,ATL,COL,Braves at Rockies,08:40 PM,2026-05-01 20:40:00+00:00
2026-05-02,ATL,COL,Braves at Rockies,08:10 PM,2026-05-02 20:10:00+00:00
2026-05-03,ATL,COL,Braves at Rockies,03:10 PM,2026-05-03 15:10:00+00:00
2026-05-08,ATL,LAD,Braves at Dodgers,10:10 PM,2026-05-08 22:10:00+00:00
2026-05-09,ATL,LAD,Braves at Dodgers,09:10 PM,2026-05-09 21:10:00+00:00
2026-05-10,ATL,LAD,Braves at Dodgers,04:10 PM,2026-05-10 16:10:00+00:00
2026-05-12,CHC,ATL,Cubs at Braves,07:15 PM,2026-05-12 19:15:00+00:00
2026-05-13,CHC,ATL,Cubs at Braves,07:15 PM,2026-05-13 19:15:00+00:00
2026-05-14,CHC,ATL,Cubs at Braves,07:15 PM,2026-05-14 19:15:00+00:00
2026-05-18,ATL,MIA,Braves at Marlins,06:40 PM,2026-05-18 18:40:00+00:00
2026-05-19,ATL,MIA,Braves at Marlins,04:10 PM,2026-05-19 16:10:00+00:00
2026-05-20,ATL,MIA,Braves at Marlins,06:40 PM,2026-05-20 18:40:00+00:00
2026-05-21,ATL,MIA,Braves at Marlins,06:40 PM,2026-05-21 18:40:00+00:00
2026-05-22,WSN,ATL,Nationals at Braves,07:15 PM,2026-05-22 19:15:00+00:00
2026-05-23,WSN,ATL,Nationals at Braves,04:10 PM,2026-05-23 16:10:00+00:00
2026-05-24,WSN,ATL,Nationals at Braves,04:10 PM,2026-05-24 16:10:00+00:00
2026-05-29,ATL,CIN,Braves at Reds,06:40 PM,2026-05-29 18:40:00+00:00
2026-05-30,ATL,CIN,Braves at Reds,07:15 PM,2026-05-30 19:15:00+00:00
2026-05-31,ATL,CIN,Braves at Reds,01:40 PM,2026-05-31 13:40:00+00:00
2026-06-05,PIT,ATL,Pirates at Braves,07:15 PM,2026-06-05 19:15:00+00:00
2026-06-06,PIT,ATL,Pirates at Braves,04:10 PM,2026-06-06 16:10:00+00:00
2026-06-07,PIT,ATL,Pirates at Braves,01:35 PM,2026-06-07 13:35:00+00:00
2026-06-12,ATL,NYM,Braves at Mets,07:10 PM,2026-06-12 19:10:00+00:00
2026-06-13,ATL,NYM,Braves at Mets,04:10 PM,2026-06-13 16:10:00+00:00
2026-06-14,ATL,NYM,Braves at Mets,01:40 PM,2026-06-14 13:40:00+00:00
2026-06-16,SFG,ATL,Giants at Braves,07:15 PM,2026-06-16 19:15:00+00:00
2026-06-17,SFG,ATL,Giants at Braves,07:15 PM,2026-06-17 19:15:00+00:00
2026-06-18,SFG,ATL,Giants at Braves,07:15 PM,2026-06-18 19:15:00+00:00
2026-06-19,MIL,ATL,Brewers at Braves,07:15 PM,2026-06-19 19:15:00+00:00
2026-06-20,MIL,ATL,Brewers at Braves,04:10 PM,2026-06-20 16:10:00+00:00
2026-06-21,MIL,ATL,Brewers at Braves,01:35 PM,2026-06-21 13:35:00+00:00
2026-06-22,ATL,SDP,Braves at Padres,10:10 PM,2026-06-22 22:10:00+00:00
2026-06-23,ATL,SDP,Braves at Padres,09:40 PM,2026-06-23 21:40:00+00:00
2026-06-24,ATL,SDP,Braves at Padres,08:40 PM,2026-06-24 20:40:00+00:00
2026-06-26,ATL,SFG,Braves at Giants,10:15 PM,2026-06-26 22:15:00+00:00
2026-06-27,ATL,SFG,Braves at Giants,09:05 PM,2026-06-27 21:05:00+00:00
2026-06-28,ATL,SFG,Braves at Giants,04:05 PM,2026-06-28 16:05:00+00:00
2026-06-30,STL,ATL,Cardinals at Braves,07:15 PM,2026-06-30 19:15:00+00:00
2026-07-01,STL,ATL,Cardinals at Braves,07:15 PM,2026-07-01 19:15:00+00:00
2026-07-02,STL,ATL,Cardinals at Braves,07:15 PM,2026-07-02 19:15:00+00:00
2026-07-03,NYM,ATL,Mets at Braves,07:15 PM,2026-07-03 19:15:00+00:00
2026-07-04,NYM,ATL,Mets at Braves,08:08 PM,2026-07-04 20:08:00+00:00
2026-07-05,NYM,ATL,Mets at Braves,12:30 PM,2026-07-05 12:30:00+00:00
2026-07-06,NYM,ATL,Mets at Braves,07:15 PM,2026-07-06 19:15:00+00:00
2026-07-07,ATL,PIT,Braves at Pirates,06:40 PM,2026-07-07 18:40:00+00:00
2026-07-08,ATL,PIT,Braves at Pirates,06:40 PM,2026-07-08 18:40:00+00:00
2026-07-09,ATL,PIT,Braves at Pirates,12:35 PM,2026-07-09 12:35:00+00:00
2026-07-10,ATL,STL,Braves at Cardinals,08:15 PM,2026-07-10 20:15:00+00:00
2026-07-11,ATL,STL,Braves at Cardinals,07:15 PM,2026-07-11 19:15:00+00:00
2026-07-12,ATL,STL,Braves at Cardinals,02:15 PM,2026-07-12 14:15:00+00:00
2026-07-20,SDP,ATL,Padres at Braves,07:15 PM,2026-07-20 19:15:00+00:00
2026-07-21,SDP,ATL,Padres at Braves,07:15 PM,2026-07-21 19:15:00+00:00
2026-07-22,SDP,ATL,Padres at Braves,07:15 PM,2026-07-22 19:15:00+00:00
2026-07-23,SDP,ATL,Padres at Braves,12:15 PM,2026-07-23 12:15:00+00:00
2026-07-27,ATL,NYM,Braves at Mets,07:10 PM,2026-07-27 19:10:00+00:00
2026-07-28,ATL,NYM,Braves at Mets,07:10 PM,2026-07-28 19:10:00+00:00
2026-07-29,ATL,NYM,Braves at Mets,01:10 PM,2026-07-29 13:10:00+00:00
2026-07-30,WSN,ATL,Nationals at Braves,07:15 PM,2026-07-30 19:15:00+00:00
2026-07-31,WSN,ATL,Nationals at Braves,07:15 PM,2026-07-31 19:15:00+00:00
2026-08-01,WSN,ATL,Nationals at Braves,07:15 PM,2026-08-01 19:15:00+00:00
2026-08-02,WSN,ATL,Nationals at Braves,01:35 PM,2026-08-02 13:35:00+00:00
2026-08-04,MIA,ATL,Marlins at Braves,07:15 PM,2026-08-04 19:15:00+00:00
2026-08-05,MIA,ATL,Marlins at Braves,07:15 PM,2026-08-05 19:15:00+00:00
2026-08-06,MIA,ATL,Marlins at Braves,07:15 PM,2026-08-06 19:15:00+00:00
2026-08-10,NYM,ATL,Mets at Braves,07:15 PM,2026-08-10 19:15:00+00:00
2026-08-11,NYM,ATL,Mets at Braves,07:15 PM,2026-08-11 19:15:00+00:00
2026-08-12,NYM,ATL,Mets at Braves,07:15 PM,2026-08-12 19:15:00+00:00
2026-08-14,ARI,ATL,D-backs at Braves,07:15 PM,2026-08-14 19:15:00+00:00
2026-08-15,ARI,ATL,D-backs at Braves,07:15 PM,2026-08-15 19:15:00+00:00
2026-08-16,ARI,ATL,D-backs at Braves,01:35 PM,2026-08-16 13:35:00+00:00
2026-08-21,ATL,MIL,Braves at Brewers,04:10 PM,2026-08-21 16:10:00+00:00
2026-08-22,ATL,MIL,Braves at Brewers,02:10 PM,2026-08-22 14:10:00+00:00
2026-08-23,ATL,MIL,Braves at Brewers,07:10 PM,2026-08-23 19:10:00+00:00
2026-08-25,LAD,ATL,Dodgers at Braves,07:15 PM,2026-08-25 19:15:00+00:00
2026-08-26,LAD,ATL,Dodgers at Braves,07:15 PM,2026-08-26 19:15:00+00:00
2026-08-27,LAD,ATL,Dodgers at Braves,07:15 PM,2026-08-27 19:15:00+00:00
2026-08-28,COL,ATL,Rockies at Braves,07:15 PM,2026-08-28 19:15:00+00:00
2026-08-29,COL,ATL,Rockies at Braves,04:10 PM,2026-08-29 16:10:00+00:00
2026-08-30,COL,ATL,Rockies at Braves,01:35 PM,2026-08-30 13:35:00+00:00
2026-09-01,ATL,WSN,Braves at Nationals,06:45 PM,2026-09-01 18:45:00+00:00
2026-09-02,ATL,WSN,Braves at Nationals,01:05 PM,2026-09-02 13:05:00+00:00
2026-09-04,ATL,PHI,Braves at Phillies,06:40 PM,2026-09-04 18:40:00+00:00
2026-09-05,ATL,PHI,Braves at Phillies,06:05 PM,2026-09-05 18:05:00+00:00
2026-09-06,ATL,PHI,Braves at Phillies,03:10 PM,2026-09-06 15:10:00+00:00
2026-09-07,ATL,PHI,Braves at Phillies,01:05 PM,2026-09-07 13:05:00+00:00
2026-09-11,PHI,ATL,Phillies at Braves,07:15 PM,2026-09-11 19:15:00+00:00
2026-09-12,PHI,ATL,Phillies at Braves,07:15 PM,2026-09-12 19:15:00+00:00
2026-09-13,PHI,ATL,Phillies at Braves,01:35 PM,2026-09-13 13:35:00+00:00
2026-09-14,ATL,CHC,Braves at Cubs,07:40 PM,2026-09-14 19:40:00+00:00
2026-09-15,ATL,CHC,Braves at Cubs,07:40 PM,2026-09-15 19:40:00+00:00
2026-09-16,ATL,CHC,Braves at Cubs,07:40 PM,2026-09-16 19:40:00+00:00
2026-09-22,CIN,ATL,Reds at Braves,07:15 PM,2026-09-22 19:15:00+00:00
2026-09-23,CIN,ATL,Reds at Braves,07:15 PM,2026-09-23 19:15:00+00:00
2026-09-24,CIN,ATL,Reds at Braves,07:15 PM,2026-09-24 19:15:00+00:00
2026-09-25,ATL,MIA,Braves at Marlins,07:10 PM,2026-09-25 19:10:00+00:00
2026-09-26,ATL,MIA,Braves at Marlins,04:10 PM,2026-09-26 16:10:00+00:00
2026-09-27,ATL,MIA,Braves at Marlins,03:10 PM,2026-09-27 15:10:00+00:00
2026-03-27,COL,MIA,Rockies at Marlins,07:10 PM,2026-03-27 19:10:00+00:00
2026-03-28,COL,MIA,Rockies at Marlins,04:10 PM,2026-03-28 16:10:00+00:00
2026-03-29,COL,MIA,Rockies at Marlins,01:40 PM,2026-03-29 13:40:00+00:00
2026-04-06,CIN,MIA,Reds at Marlins,06:40 PM,2026-04-06 18:40:00+00:00
2026-04-07,CIN,MIA,Reds at Marlins,06:40 PM,2026-04-07 18:40:00+00:00
2026-04-08,CIN,MIA,Reds at Marlins,06:40 PM,2026-04-08 18:40:00+00:00
2026-04-09,CIN,MIA,Reds at Marlins,12:10 PM,2026-04-09 12:10:00+00:00
2026-04-17,MIL,MIA,Brewers at Marlins,07:10 PM,2026-04-17 19:10:00+00:00
2026-04-18,MIL,MIA,Brewers at Marlins,04:10 PM,2026-04-18 16:10:00+00:00
2026-04-19,MIL,MIA,Brewers at Marlins,01:40 PM,2026-04-19 13:40:00+00:00
2026-04-20,STL,MIA,Cardinals at Marlins,06:40 PM,2026-04-20 18:40:00+00:00
2026-04-21,STL,MIA,Cardinals at Marlins,06:40 PM,2026-04-21 18:40:00+00:00
2026-04-22,STL,MIA,Cardinals at Marlins,12:10 PM,2026-04-22 12:10:00+00:00
2026-04-24,MIA,SFG,Marlins at Giants,10:15 PM,2026-04-24 22:15:00+00:00
2026-04-25,MIA,SFG,Marlins at Giants,04:05 PM,2026-04-25 16:05:00+00:00
2026-04-26,MIA,SFG,Marlins at Giants,04:05 PM,2026-04-26 16:05:00+00:00
2026-04-27,MIA,LAD,Marlins at Dodgers,10:10 PM,2026-04-27 22:10:00+00:00
2026-04-28,MIA,LAD,Marlins at Dodgers,10:10 PM,2026-04-28 22:10:00+00:00
2026-04-29,MIA,LAD,Marlins at Dodgers,03:10 PM,2026-04-29 15:10:00+00:00
2026-05-01,PHI,MIA,Phillies at Marlins,07:10 PM,2026-05-01 19:10:00+00:00
2026-05-02,PHI,MIA,Phillies at Marlins,04:10 PM,2026-05-02 16:10:00+00:00
2026-05-03,PHI,MIA,Phillies at Marlins,01:40 PM,2026-05-03 13:40:00+00:00
2026-05-04,PHI,MIA,Phillies at Marlins,06:40 PM,2026-05-04 18:40:00+00:00
2026-05-08,WSN,MIA,Nationals at Marlins,07:10 PM,2026-05-08 19:10:00+00:00
2026-05-09,WSN,MIA,Nationals at Marlins,04:10 PM,2026-05-09 16:10:00+00:00
2026-05-10,WSN,MIA,Nationals at Marlins,12:15 PM,2026-05-10 12:15:00+00:00
2026-05-22,NYM,MIA,Mets at Marlins,07:10 PM,2026-05-22 19:10:00+00:00
2026-05-23,NYM,MIA,Mets at Marlins,04:10 PM,2026-05-23 16:10:00+00:00
2026-05-24,NYM,MIA,Mets at Marlins,01:40 PM,2026-05-24 13:40:00+00:00
2026-05-29,MIA,NYM,Marlins at Mets,07:10 PM,2026-05-29 19:10:00+00:00
2026-05-30,MIA,NYM,Marlins at Mets,04:10 PM,2026-05-30 16:10:00+00:00
2026-05-31,MIA,NYM,Marlins at Mets,01:40 PM,2026-05-31 13:40:00+00:00
2026-06-01,MIA,WSN,Marlins at Nationals,06:45 PM,2026-06-01 18:45:00+00:00
2026-06-02,MIA,WSN,Marlins at Nationals,06:45 PM,2026-06-02 18:45:00+00:00
2026-06-03,MIA,WSN,Marlins at Nationals,01:05 PM,2026-06-03 13:05:00+00:00
2026-06-09,ARI,MIA,D-backs at Marlins,06:40 PM,2026-06-09 18:40:00+00:00
2026-06-10,ARI,MIA,D-backs at Marlins,06:40 PM,2026-06-10 18:40:00+00:00
2026-06-11,ARI,MIA,D-backs at Marlins,01:10 PM,2026-06-11 13:10:00+00:00
2026-06-12,MIA,PIT,Marlins at Pirates,06:40 PM,2026-06-12 18:40:00+00:00
2026-06-13,MIA,PIT,Marlins at Pirates,04:05 PM,2026-06-13 16:05:00+00:00
2026-06-14,MIA,PIT,Marlins at Pirates,12:15 PM,2026-06-14 12:15:00+00:00
2026-06-15,MIA,PHI,Marlins at Phillies,06:40 PM,2026-06-15 18:40:00+00:00
2026-06-16,MIA,PHI,Marlins at Phillies,06:40 PM,2026-06-16 18:40:00+00:00
2026-06-17,MIA,PHI,Marlins at Phillies,01:05 PM,2026-06-17 13:05:00+00:00
2026-06-19,SFG,MIA,Giants at Marlins,07:10 PM,2026-06-19 19:10:00+00:00
2026-06-20,SFG,MIA,Giants at Marlins,04:10 PM,2026-06-20 16:10:00+00:00
2026-06-21,SFG,MIA,Giants at Marlins,01:40 PM,2026-06-21 13:40:00+00:00
2026-06-26,MIA,STL,Marlins at Cardinals,08:15 PM,2026-06-26 20:15:00+00:00
2026-06-27,MIA,STL,Marlins at Cardinals,07:15 PM,2026-06-27 19:15:00+00:00
2026-06-28,MIA,STL,Marlins at Cardinals,02:15 PM,2026-06-28 14:15:00+00:00
2026-06-29,MIA,COL,Marlins at Rockies,08:40 PM,2026-06-29 20:40:00+00:00
2026-06-30,MIA,COL,Marlins at Rockies,08:40 PM,2026-06-30 20:40:00+00:00
2026-07-01,MIA,COL,Marlins at Rockies,08:40 PM,2026-07-01 20:40:00+00:00
2026-07-02,MIA,COL,Marlins at Rockies,03:10 PM,2026-07-02 15:10:00+00:00
2026-07-17,MIA,MIL,Marlins at Brewers,07:40 PM,2026-07-17 19:40:00+00:00
2026-07-18,MIA,MIL,Marlins at Brewers,04:10 PM,2026-07-18 16:10:00+00:00
2026-07-19,MIA,MIL,Marlins at Brewers,02:10 PM,2026-07-19 14:10:00+00:00
2026-07-24,SDP,MIA,Padres at Marlins,07:10 PM,2026-07-24 19:10:00+00:00
2026-07-25,SDP,MIA,Padres at Marlins,04:10 PM,2026-07-25 16:10:00+00:00
2026-07-26,SDP,MIA,Padres at Marlins,01:40 PM,2026-07-26 13:40:00+00:00
2026-07-27,PHI,MIA,Phillies at Marlins,06:40 PM,2026-07-27 18:40:00+00:00
2026-07-28,PHI,MIA,Phillies at Marlins,06:40 PM,2026-07-28 18:40:00+00:00
2026-07-29,PHI,MIA,Phillies at Marlins,12:10 PM,2026-07-29 12:10:00+00:00
2026-07-30,MIA,NYM,Marlins at Mets,07:10 PM,2026-07-30 19:10:00+00:00
2026-07-31,MIA,NYM,Marlins at Mets,07:10 PM,2026-07-31 19:10:00+00:00
2026-08-01,MIA,NYM,Marlins at Mets,04:10 PM,2026-08-01 16:10:00+00:00
2026-08-02,MIA,NYM,Marlins at Mets,01:40 PM,2026-08-02 13:40:00+00:00
2026-08-11,PIT,MIA,Pirates at Marlins,06:40 PM,2026-08-11 18:40:00+00:00
2026-08-12,PIT,MIA,Pirates at Marlins,06:40 PM,2026-08-12 18:40:00+00:00
2026-08-13,PIT,MIA,Pirates at Marlins,01:10 PM,2026-08-13 13:10:00+00:00
2026-08-14,MIA,CIN,Marlins at Reds,06:10 PM,2026-08-14 18:10:00+00:00
2026-08-15,MIA,CIN,Marlins at Reds,06:40 PM,2026-08-15 18:40:00+00:00
2026-08-16,MIA,CIN,Marlins at Reds,01:40 PM,2026-08-16 13:40:00+00:00
2026-08-17,MIA,PHI,Marlins at Phillies,06:40 PM,2026-08-17 18:40:00+00:00
2026-08-18,MIA,PHI,Marlins at Phillies,06:40 PM,2026-08-18 18:40:00+00:00
2026-08-19,MIA,PHI,Marlins at Phillies,06:05 PM,2026-08-19 18:05:00+00:00
2026-08-21,WSN,MIA,Nationals at Marlins,07:10 PM,2026-08-21 19:10:00+00:00
2026-08-22,WSN,MIA,Nationals at Marlins,04:10 PM,2026-08-22 16:10:00+00:00
2026-08-23,WSN,MIA,Nationals at Marlins,01:40 PM,2026-08-23 13:40:00+00:00
2026-08-28,MIA,WSN,Marlins at Nationals,06:45 PM,2026-08-28 18:45:00+00:00
2026-08-29,MIA,WSN,Marlins at Nationals,04:05 PM,2026-08-29 16:05:00+00:00
2026-08-30,MIA,WSN,Marlins at Nationals,12:15 PM,2026-08-30 12:15:00+00:00
2026-08-31,MIA,WSN,Marlins at Nationals,06:45 PM,2026-08-31 18:45:00+00:00
2026-09-04,CHC,MIA,Cubs at Marlins,07:10 PM,2026-09-04 19:10:00+00:00
2026-09-05,CHC,MIA,Cubs at Marlins,04:10 PM,2026-09-05 16:10:00+00:00
2026-09-06,CHC,MIA,Cubs at Marlins,01:40 PM,2026-09-06 13:40:00+00:00
2026-09-07,NYM,MIA,Mets at Marlins,01:10 PM,2026-09-07 13:10:00+00:00
2026-09-08,NYM,MIA,Mets at Marlins,06:40 PM,2026-09-08 18:40:00+00:00
2026-09-09,NYM,MIA,Mets at Marlins,06:40 PM,2026-09-09 18:40:00+00:00
2026-09-11,LAD,MIA,Dodgers at Marlins,07:10 PM,2026-09-11 19:10:00+00:00
2026-09-12,LAD,MIA,Dodgers at Marlins,04:10 PM,2026-09-12 16:10:00+00:00
2026-09-13,LAD,MIA,Dodgers at Marlins,01:40 PM,2026-09-13 13:40:00+00:00
2026-09-14,MIA,ARI,Marlins at D-backs,09:40 PM,2026-09-14 21:40:00+00:00
2026-09-15,MIA,ARI,Marlins at D-backs,09:40 PM,2026-09-15 21:40:00+00:00
2026-09-16,MIA,ARI,Marlins at D-backs,09:40 PM,2026-09-16 21:40:00+00:00
2026-09-18,MIA,SDP,Marlins at Padres,09:40 PM,2026-09-18 21:40:00+00:00
2026-09-19,MIA,SDP,Marlins at Padres,08:40 PM,2026-09-19 20:40:00+00:00
2026-09-20,MIA,SDP,Marlins at Padres,04:10 PM,2026-09-20 16:10:00+00:00
2026-09-22,MIA,CHC,Marlins at Cubs,07:40 PM,2026-09-22 19:40:00+00:00
2026-09-23,MIA,CHC,Marlins at Cubs,07:40 PM,2026-09-23 19:40:00+00:00
2026-09-24,MIA,CHC,Marlins at Cubs,02:20 PM,2026-09-24 14:20:00+00:00
2026-03-26,PIT,NYM,Pirates at Mets,01:15 PM,2026-03-26 13:15:00+00:00
2026-03-28,PIT,NYM,Pirates at Mets,04:10 PM,2026-03-28 16:10:00+00:00
2026-03-29,PIT,NYM,Pirates at Mets,01:40 PM,2026-03-29 13:40:00+00:00
2026-03-30,NYM,STL,Mets at Cardinals,07:45 PM,2026-03-30 19:45:00+00:00
2026-03-31,NYM,STL,Mets at Cardinals,07:45 PM,2026-03-31 19:45:00+00:00
2026-04-01,NYM,STL,Mets at Cardinals,01:15 PM,2026-04-01 13:15:00+00:00
2026-04-02,NYM,SFG,Mets at Giants,09:45 PM,2026-04-02 21:45:00+00:00
2026-04-03,NYM,SFG,Mets at Giants,10:15 PM,2026-04-03 22:15:00+00:00
2026-04-04,NYM,SFG,Mets at Giants,09:05 PM,2026-04-04 21:05:00+00:00
2026-04-05,NYM,SFG,Mets at Giants,04:05 PM,2026-04-05 16:05:00+00:00
2026-04-07,ARI,NYM,D-backs at Mets,07:10 PM,2026-04-07 19:10:00+00:00
2026-04-08,ARI,NYM,D-backs at Mets,07:10 PM,2026-04-08 19:10:00+00:00
2026-04-09,ARI,NYM,D-backs at Mets,07:10 PM,2026-04-09 19:10:00+00:00
2026-04-13,NYM,LAD,Mets at Dodgers,10:10 PM,2026-04-13 22:10:00+00:00
2026-04-14,NYM,LAD,Mets at Dodgers,10:10 PM,2026-04-14 22:10:00+00:00
2026-04-15,NYM,LAD,Mets at Dodgers,10:10 PM,2026-04-15 22:10:00+00:00
2026-04-17,NYM,CHC,Mets at Cubs,02:20 PM,2026-04-17 14:20:00+00:00
2026-04-18,NYM,CHC,Mets at Cubs,02:20 PM,2026-04-18 14:20:00+00:00
2026-04-19,NYM,CHC,Mets at Cubs,02:20 PM,2026-04-19 14:20:00+00:00
2026-04-24,COL,NYM,Rockies at Mets,07:10 PM,2026-04-24 19:10:00+00:00
2026-04-25,COL,NYM,Rockies at Mets,04:10 PM,2026-04-25 16:10:00+00:00
2026-04-26,COL,NYM,Rockies at Mets,01:40 PM,2026-04-26 13:40:00+00:00
2026-04-28,WSN,NYM,Nationals at Mets,07:10 PM,2026-04-28 19:10:00+00:00
2026-04-29,WSN,NYM,Nationals at Mets,07:10 PM,2026-04-29 19:10:00+00:00
2026-04-30,WSN,NYM,Nationals at Mets,01:10 PM,2026-04-30 13:10:00+00:00
2026-05-04,NYM,COL,Mets at Rockies,08:40 PM,2026-05-04 20:40:00+00:00
2026-05-05,NYM,COL,Mets at Rockies,08:40 PM,2026-05-05 20:40:00+00:00
2026-05-06,NYM,COL,Mets at Rockies,03:10 PM,2026-05-06 15:10:00+00:00
2026-05-08,NYM,ARI,Mets at D-backs,09:40 PM,2026-05-08 21:40:00+00:00
2026-05-09,NYM,ARI,Mets at D-backs,07:15 PM,2026-05-09 19:15:00+00:00
2026-05-10,NYM,ARI,Mets at D-backs,04:10 PM,2026-05-10 16:10:00+00:00
2026-05-18,NYM,WSN,Mets at Nationals,06:45 PM,2026-05-18 18:45:00+00:00
2026-05-19,NYM,WSN,Mets at Nationals,06:45 PM,2026-05-19 18:45:00+00:00
2026-05-20,NYM,WSN,Mets at Nationals,06:45 PM,2026-05-20 18:45:00+00:00
2026-05-21,NYM,WSN,Mets at Nationals,04:05 PM,2026-05-21 16:05:00+00:00
2026-05-25,CIN,NYM,Reds at Mets,04:10 PM,2026-05-25 16:10:00+00:00
2026-05-26,CIN,NYM,Reds at Mets,07:10 PM,2026-05-26 19:10:00+00:00
2026-05-27,CIN,NYM,Reds at Mets,07:10 PM,2026-05-27 19:10:00+00:00
2026-06-05,NYM,SDP,Mets at Padres,09:40 PM,2026-06-05 21:40:00+00:00
2026-06-06,NYM,SDP,Mets at Padres,10:10 PM,2026-06-06 22:10:00+00:00
2026-06-07,NYM,SDP,Mets at Padres,04:10 PM,2026-06-07 16:10:00+00:00
2026-06-09,STL,NYM,Cardinals at Mets,07:10 PM,2026-06-09 19:10:00+00:00
2026-06-10,STL,NYM,Cardinals at Mets,07:10 PM,2026-06-10 19:10:00+00:00
2026-06-11,STL,NYM,Cardinals at Mets,01:10 PM,2026-06-11 13:10:00+00:00
2026-06-15,NYM,CIN,Mets at Reds,07:10 PM,2026-06-15 19:10:00+00:00
2026-06-16,NYM,CIN,Mets at Reds,07:10 PM,2026-06-16 19:10:00+00:00
2026-06-17,NYM,CIN,Mets at Reds,12:40 PM,2026-06-17 12:40:00+00:00
2026-06-18,NYM,PHI,Mets at Phillies,06:40 PM,2026-06-18 18:40:00+00:00
2026-06-20,NYM,PHI,Mets at Phillies,07:15 PM,2026-06-20 19:15:00+00:00
2026-06-21,NYM,PHI,Mets at Phillies,07:20 PM,2026-06-21 19:20:00+00:00
2026-06-22,CHC,NYM,Cubs at Mets,07:10 PM,2026-06-22 19:10:00+00:00
2026-06-23,CHC,NYM,Cubs at Mets,07:10 PM,2026-06-23 19:10:00+00:00
2026-06-24,CHC,NYM,Cubs at Mets,07:10 PM,2026-06-24 19:10:00+00:00
2026-06-25,CHC,NYM,Cubs at Mets,07:10 PM,2026-06-25 19:10:00+00:00
2026-06-26,PHI,NYM,Phillies at Mets,07:10 PM,2026-06-26 19:10:00+00:00
2026-06-27,PHI,NYM,Phillies at Mets,04:10 PM,2026-06-27 16:10:00+00:00
2026-06-28,PHI,NYM,Phillies at Mets,01:40 PM,2026-06-28 13:40:00+00:00
2026-07-16,NYM,PHI,Mets at Phillies,07:10 PM,2026-07-16 19:10:00+00:00
2026-07-18,NYM,PHI,Mets at Phillies,04:05 PM,2026-07-18 16:05:00+00:00
2026-07-19,NYM,PHI,Mets at Phillies,01:35 PM,2026-07-19 13:35:00+00:00
2026-07-20,NYM,MIL,Mets at Brewers,07:40 PM,2026-07-20 19:40:00+00:00
2026-07-21,NYM,MIL,Mets at Brewers,07:40 PM,2026-07-21 19:40:00+00:00
2026-07-22,NYM,MIL,Mets at Brewers,02:10 PM,2026-07-22 14:10:00+00:00
2026-07-24,LAD,NYM,Dodgers at Mets,07:10 PM,2026-07-24 19:10:00+00:00
2026-07-25,LAD,NYM,Dodgers at Mets,07:15 PM,2026-07-25 19:15:00+00:00
2026-07-26,LAD,NYM,Dodgers at Mets,01:40 PM,2026-07-26 13:40:00+00:00
2026-08-07,NYM,PIT,Mets at Pirates,06:40 PM,2026-08-07 18:40:00+00:00
2026-08-08,NYM,PIT,Mets at Pirates,06:40 PM,2026-08-08 18:40:00+00:00
2026-08-09,NYM,PIT,Mets at Pirates,01:35 PM,2026-08-09 13:35:00+00:00
2026-08-14,WSN,NYM,Nationals at Mets,07:10 PM,2026-08-14 19:10:00+00:00
2026-08-15,WSN,NYM,Nationals at Mets,04:10 PM,2026-08-15 16:10:00+00:00
2026-08-16,WSN,NYM,Nationals at Mets,01:40 PM,2026-08-16 13:40:00+00:00
2026-08-17,SDP,NYM,Padres at Mets,07:10 PM,2026-08-17 19:10:00+00:00
2026-08-18,SDP,NYM,Padres at Mets,07:10 PM,2026-08-18 19:10:00+00:00
2026-08-19,SDP,NYM,Padres at Mets,01:10 PM,2026-08-19 13:10:00+00:00
2026-08-25,MIL,NYM,Brewers at Mets,07:10 PM,2026-08-25 19:10:00+00:00
2026-08-26,MIL,NYM,Brewers at Mets,07:10 PM,2026-08-26 19:10:00+00:00
2026-08-27,MIL,NYM,Brewers at Mets,07:10 PM,2026-08-27 19:10:00+00:00
2026-09-04,SFG,NYM,Giants at Mets,07:10 PM,2026-09-04 19:10:00+00:00
2026-09-05,SFG,NYM,Giants at Mets,04:10 PM,2026-09-05 16:10:00+00:00
2026-09-06,SFG,NYM,Giants at Mets,01:40 PM,2026-09-06 13:40:00+00:00
2026-09-17,PHI,NYM,Phillies at Mets,07:15 PM,2026-09-17 19:15:00+00:00
2026-09-18,PHI,NYM,Phillies at Mets,07:10 PM,2026-09-18 19:10:00+00:00
2026-09-19,PHI,NYM,Phillies at Mets,04:10 PM,2026-09-19 16:10:00+00:00
2026-09-20,PHI,NYM,Phillies at Mets,01:40 PM,2026-09-20 13:40:00+00:00
2026-09-25,NYM,WSN,Mets at Nationals,06:45 PM,2026-09-25 18:45:00+00:00
2026-09-26,NYM,WSN,Mets at Nationals,04:05 PM,2026-09-26 16:05:00+00:00
2026-09-27,NYM,WSN,Mets at Nationals,03:05 PM,2026-09-27 15:05:00+00:00
2026-03-26,WSN,CHC,Nationals at Cubs,02:20 PM,2026-03-26 14:20:00+00:00
2026-03-28,WSN,CHC,Nationals at Cubs,02:20 PM,2026-03-28 14:20:00+00:00
2026-03-29,WSN,CHC,Nationals at Cubs,02:20 PM,2026-03-29 14:20:00+00:00
2026-03-30,WSN,PHI,Nationals at Phillies,06:40 PM,2026-03-30 18:40:00+00:00
2026-03-31,WSN,PHI,Nationals at Phillies,06:40 PM,2026-03-31 18:40:00+00:00
2026-04-01,WSN,PHI,Nationals at Phillies,01:05 PM,2026-04-01 13:05:00+00:00
2026-04-03,LAD,WSN,Dodgers at Nationals,01:05 PM,2026-04-03 13:05:00+00:00
2026-04-04,LAD,WSN,Dodgers at Nationals,04:05 PM,2026-04-04 16:05:00+00:00
2026-04-05,LAD,WSN,Dodgers at Nationals,01:35 PM,2026-04-05 13:35:00+00:00
2026-04-06,STL,WSN,Cardinals at Nationals,06:45 PM,2026-04-06 18:45:00+00:00
2026-04-07,STL,WSN,Cardinals at Nationals,06:45 PM,2026-04-07 18:45:00+00:00
2026-04-08,STL,WSN,Cardinals at Nationals,04:05 PM,2026-04-08 16:05:00+00:00
2026-04-10,WSN,MIL,Nationals at Brewers,07:40 PM,2026-04-10 19:40:00+00:00
2026-04-11,WSN,MIL,Nationals at Brewers,07:10 PM,2026-04-11 19:10:00+00:00
2026-04-12,WSN,MIL,Nationals at Brewers,02:10 PM,2026-04-12 14:10:00+00:00
2026-04-13,WSN,PIT,Nationals at Pirates,06:40 PM,2026-04-13 18:40:00+00:00
2026-04-14,WSN,PIT,Nationals at Pirates,06:40 PM,2026-04-14 18:40:00+00:00
2026-04-15,WSN,PIT,Nationals at Pirates,06:40 PM,2026-04-15 18:40:00+00:00
2026-04-16,WSN,PIT,Nationals at Pirates,12:35 PM,2026-04-16 12:35:00+00:00
2026-04-17,SFG,WSN,Giants at Nationals,06:45 PM,2026-04-17 18:45:00+00:00
2026-04-18,SFG,WSN,Giants at Nationals,04:05 PM,2026-04-18 16:05:00+00:00
2026-04-19,SFG,WSN,Giants at Nationals,01:35 PM,2026-04-19 13:35:00+00:00
2026-05-01,MIL,WSN,Brewers at Nationals,06:45 PM,2026-05-01 18:45:00+00:00
2026-05-02,MIL,WSN,Brewers at Nationals,04:05 PM,2026-05-02 16:05:00+00:00
2026-05-03,MIL,WSN,Brewers at Nationals,01:35 PM,2026-05-03 13:35:00+00:00
2026-05-12,WSN,CIN,Nationals at Reds,06:40 PM,2026-05-12 18:40:00+00:00
2026-05-13,WSN,CIN,Nationals at Reds,06:40 PM,2026-05-13 18:40:00+00:00
2026-05-14,WSN,CIN,Nationals at Reds,12:40 PM,2026-05-14 12:40:00+00:00
2026-05-29,SDP,WSN,Padres at Nationals,06:45 PM,2026-05-29 18:45:00+00:00
2026-05-30,SDP,WSN,Padres at Nationals,04:05 PM,2026-05-30 16:05:00+00:00
2026-05-31,SDP,WSN,Padres at Nationals,01:35 PM,2026-05-31 13:35:00+00:00
2026-06-05,WSN,ARI,Nationals at D-backs,09:40 PM,2026-06-05 21:40:00+00:00
2026-06-06,WSN,ARI,Nationals at D-backs,04:10 PM,2026-06-06 16:10:00+00:00
2026-06-07,WSN,ARI,Nationals at D-backs,03:15 PM,2026-06-07 15:15:00+00:00
2026-06-08,WSN,SFG,Nationals at Giants,09:45 PM,2026-06-08 21:45:00+00:00
2026-06-09,WSN,SFG,Nationals at Giants,09:45 PM,2026-06-09 21:45:00+00:00
2026-06-10,WSN,SFG,Nationals at Giants,03:45 PM,2026-06-10 15:45:00+00:00
2026-06-22,PHI,WSN,Phillies at Nationals,06:45 PM,2026-06-22 18:45:00+00:00
2026-06-23,PHI,WSN,Phillies at Nationals,06:45 PM,2026-06-23 18:45:00+00:00
2026-06-24,PHI,WSN,Phillies at Nationals,06:45 PM,2026-06-24 18:45:00+00:00
2026-06-25,PHI,WSN,Phillies at Nationals,06:45 PM,2026-06-25 18:45:00+00:00
2026-07-03,PIT,WSN,Pirates at Nationals,06:45 PM,2026-07-03 18:45:00+00:00
2026-07-04,PIT,WSN,Pirates at Nationals,11:05 AM,2026-07-04 11:05:00+00:00
2026-07-05,PIT,WSN,Pirates at Nationals,01:00 PM,2026-07-05 13:00:00+00:00
2026-07-20,WSN,COL,Nationals at Rockies,08:40 PM,2026-07-20 20:40:00+00:00
2026-07-21,WSN,COL,Nationals at Rockies,08:40 PM,2026-07-21 20:40:00+00:00
2026-07-22,WSN,COL,Nationals at Rockies,03:10 PM,2026-07-22 15:10:00+00:00
2026-07-24,ARI,WSN,D-backs at Nationals,06:45 PM,2026-07-24 18:45:00+00:00
2026-07-25,ARI,WSN,D-backs at Nationals,04:05 PM,2026-07-25 16:05:00+00:00
2026-07-26,ARI,WSN,D-backs at Nationals,01:35 PM,2026-07-26 13:35:00+00:00
2026-08-03,WSN,PHI,Nationals at Phillies,06:40 PM,2026-08-03 18:40:00+00:00
2026-08-04,WSN,PHI,Nationals at Phillies,06:40 PM,2026-08-04 18:40:00+00:00
2026-08-05,WSN,PHI,Nationals at Phillies,06:40 PM,2026-08-05 18:40:00+00:00
2026-08-06,WSN,PHI,Nationals at Phillies,06:05 PM,2026-08-06 18:05:00+00:00
2026-08-07,CIN,WSN,Reds at Nationals,06:45 PM,2026-08-07 18:45:00+00:00
2026-08-08,CIN,WSN,Reds at Nationals,06:45 PM,2026-08-08 18:45:00+00:00
2026-08-09,CIN,WSN,Reds at Nationals,12:15 PM,2026-08-09 12:15:00+00:00
2026-08-11,CHC,WSN,Cubs at Nationals,06:45 PM,2026-08-11 18:45:00+00:00
2026-08-12,CHC,WSN,Cubs at Nationals,06:45 PM,2026-08-12 18:45:00+00:00
2026-08-13,CHC,WSN,Cubs at Nationals,04:05 PM,2026-08-13 16:05:00+00:00
2026-08-24,COL,WSN,Rockies at Nationals,06:45 PM,2026-08-24 18:45:00+00:00
2026-08-25,COL,WSN,Rockies at Nationals,06:45 PM,2026-08-25 18:45:00+00:00
2026-08-26,COL,WSN,Rockies at Nationals,06:45 PM,2026-08-26 18:45:00+00:00
2026-08-27,COL,WSN,Rockies at Nationals,01:05 PM,2026-08-27 13:05:00+00:00
2026-09-04,WSN,LAD,Nationals at Dodgers,10:10 PM,2026-09-04 22:10:00+00:00
2026-09-05,WSN,LAD,Nationals at Dodgers,09:10 PM,2026-09-05 21:10:00+00:00
2026-09-06,WSN,LAD,Nationals at Dodgers,10:10 PM,2026-09-06 22:10:00+00:00
2026-09-07,WSN,SDP,Nationals at Padres,05:10 PM,2026-09-07 17:10:00+00:00
2026-09-08,WSN,SDP,Nationals at Padres,09:40 PM,2026-09-08 21:40:00+00:00
2026-09-09,WSN,SDP,Nationals at Padres,04:10 PM,2026-09-09 16:10:00+00:00
2026-09-15,PHI,WSN,Phillies at Nationals,06:45 PM,2026-09-15 18:45:00+00:00
2026-09-16,PHI,WSN,Phillies at Nationals,06:45 PM,2026-09-16 18:45:00+00:00
2026-09-18,WSN,STL,Nationals at Cardinals,08:15 PM,2026-09-18 20:15:00+00:00
2026-09-19,WSN,STL,Nationals at Cardinals,07:15 PM,2026-09-19 19:15:00+00:00
2026-09-20,WSN,STL,Nationals at Cardinals,02:15 PM,2026-09-20 14:15:00+00:00
2026-04-03,PHI,COL,Phillies at Rockies,04:10 PM,2026-04-03 16:10:00+00:00
2026-04-04,PHI,COL,Phillies at Rockies,08:10 PM,2026-04-04 20:10:00+00:00
2026-04-05,PHI,COL,Phillies at Rockies,03:10 PM,2026-04-05 15:10:00+00:00
2026-04-06,PHI,SFG,Phillies at Giants,09:45 PM,2026-04-06 21:45:00+00:00
2026-04-07,PHI,SFG,Phillies at Giants,09:45 PM,2026-04-07 21:45:00+00:00
2026-04-08,PHI,SFG,Phillies at Giants,03:45 PM,2026-04-08 15:45:00+00:00
2026-04-10,ARI,PHI,D-backs at Phillies,06:40 PM,2026-04-10 18:40:00+00:00
2026-04-11,ARI,PHI,D-backs at Phillies,01:05 PM,2026-04-11 13:05:00+00:00
2026-04-12,ARI,PHI,D-backs at Phillies,01:35 PM,2026-04-12 13:35:00+00:00
2026-04-13,CHC,PHI,Cubs at Phillies,06:40 PM,2026-04-13 18:40:00+00:00
2026-04-14,CHC,PHI,Cubs at Phillies,06:40 PM,2026-04-14 18:40:00+00:00
2026-04-15,CHC,PHI,Cubs at Phillies,06:40 PM,2026-04-15 18:40:00+00:00
2026-04-20,PHI,CHC,Phillies at Cubs,07:40 PM,2026-04-20 19:40:00+00:00
2026-04-21,PHI,CHC,Phillies at Cubs,07:40 PM,2026-04-21 19:40:00+00:00
2026-04-22,PHI,CHC,Phillies at Cubs,07:40 PM,2026-04-22 19:40:00+00:00
2026-04-23,PHI,CHC,Phillies at Cubs,02:20 PM,2026-04-23 14:20:00+00:00
2026-04-28,SFG,PHI,Giants at Phillies,06:40 PM,2026-04-28 18:40:00+00:00
2026-04-29,SFG,PHI,Giants at Phillies,06:40 PM,2026-04-29 18:40:00+00:00
2026-04-30,SFG,PHI,Giants at Phillies,01:05 PM,2026-04-30 13:05:00+00:00
2026-05-08,COL,PHI,Rockies at Phillies,06:40 PM,2026-05-08 18:40:00+00:00
2026-05-09,COL,PHI,Rockies at Phillies,06:05 PM,2026-05-09 18:05:00+00:00
2026-05-10,COL,PHI,Rockies at Phillies,01:35 PM,2026-05-10 13:35:00+00:00
2026-05-15,PHI,PIT,Phillies at Pirates,06:40 PM,2026-05-15 18:40:00+00:00
2026-05-16,PHI,PIT,Phillies at Pirates,04:05 PM,2026-05-16 16:05:00+00:00
2026-05-17,PHI,PIT,Phillies at Pirates,01:35 PM,2026-05-17 13:35:00+00:00
2026-05-18,CIN,PHI,Reds at Phillies,06:40 PM,2026-05-18 18:40:00+00:00
2026-05-19,CIN,PHI,Reds at Phillies,06:40 PM,2026-05-19 18:40:00+00:00
2026-05-20,CIN,PHI,Reds at Phillies,01:05 PM,2026-05-20 13:05:00+00:00
2026-05-25,PHI,SDP,Phillies at Padres,06:40 PM,2026-05-25 18:40:00+00:00
2026-05-26,PHI,SDP,Phillies at Padres,09:40 PM,2026-05-26 21:40:00+00:00
2026-05-27,PHI,SDP,Phillies at Padres,04:10 PM,2026-05-27 16:10:00+00:00
2026-05-29,PHI,LAD,Phillies at Dodgers,10:10 PM,2026-05-29 22:10:00+00:00
2026-05-30,PHI,LAD,Phillies at Dodgers,10:10 PM,2026-05-30 22:10:00+00:00
2026-05-31,PHI,LAD,Phillies at Dodgers,04:10 PM,2026-05-31 16:10:00+00:00
2026-06-02,SDP,PHI,Padres at Phillies,06:40 PM,2026-06-02 18:40:00+00:00
2026-06-03,SDP,PHI,Padres at Phillies,06:40 PM,2026-06-03 18:40:00+00:00
2026-06-04,SDP,PHI,Padres at Phillies,01:05 PM,2026-06-04 13:05:00+00:00
2026-06-12,PHI,MIL,Phillies at Brewers,07:40 PM,2026-06-12 19:40:00+00:00
2026-06-13,PHI,MIL,Phillies at Brewers,07:15 PM,2026-06-13 19:15:00+00:00
2026-06-14,PHI,MIL,Phillies at Brewers,02:10 PM,2026-06-14 14:10:00+00:00
2026-06-29,PIT,PHI,Pirates at Phillies,06:40 PM,2026-06-29 18:40:00+00:00
2026-06-30,PIT,PHI,Pirates at Phillies,06:40 PM,2026-06-30 18:40:00+00:00
2026-07-01,PIT,PHI,Pirates at Phillies,06:40 PM,2026-07-01 18:40:00+00:00
2026-07-02,PIT,PHI,Pirates at Phillies,12:35 PM,2026-07-02 12:35:00+00:00
2026-07-07,PHI,CIN,Phillies at Reds,07:10 PM,2026-07-07 19:10:00+00:00
2026-07-08,PHI,CIN,Phillies at Reds,07:10 PM,2026-07-08 19:10:00+00:00
2026-07-09,PHI,CIN,Phillies at Reds,07:10 PM,2026-07-09 19:10:00+00:00
2026-07-20,LAD,PHI,Dodgers at Phillies,07:10 PM,2026-07-20 19:10:00+00:00
2026-07-21,LAD,PHI,Dodgers at Phillies,06:40 PM,2026-07-21 18:40:00+00:00
2026-07-22,LAD,PHI,Dodgers at Phillies,06:40 PM,2026-07-22 18:40:00+00:00
2026-08-10,PHI,STL,Phillies at Cardinals,07:45 PM,2026-08-10 19:45:00+00:00
2026-08-11,PHI,STL,Phillies at Cardinals,07:45 PM,2026-08-11 19:45:00+00:00
2026-08-12,PHI,STL,Phillies at Cardinals,02:15 PM,2026-08-12 14:15:00+00:00
2026-08-21,STL,PHI,Cardinals at Phillies,06:40 PM,2026-08-21 18:40:00+00:00
2026-08-22,STL,PHI,Cardinals at Phillies,06:05 PM,2026-08-22 18:05:00+00:00
2026-08-23,STL,PHI,Cardinals at Phillies,01:35 PM,2026-08-23 13:35:00+00:00
2026-08-31,PHI,ARI,Phillies at D-backs,09:40 PM,2026-08-31 21:40:00+00:00
2026-09-01,PHI,ARI,Phillies at D-backs,09:40 PM,2026-09-01 21:40:00+00:00
2026-09-02,PHI,ARI,Phillies at D-backs,03:40 PM,2026-09-02 15:40:00+00:00
2026-09-22,MIL,PHI,Brewers at Phillies,06:40 PM,2026-09-22 18:40:00+00:00
2026-09-23,MIL,PHI,Brewers at Phillies,06:40 PM,2026-09-23 18:40:00+00:00
2026-09-24,MIL,PHI,Brewers at Phillies,06:05 PM,2026-09-24 18:05:00+00:00
2026-04-24,PIT,MIL,Pirates at Brewers,07:40 PM,2026-04-24 19:40:00+00:00
2026-04-25,PIT,MIL,Pirates at Brewers,07:10 PM,2026-04-25 19:10:00+00:00
2026-04-26,PIT,MIL,Pirates at Brewers,02:10 PM,2026-04-26 14:10:00+00:00
2026-04-28,ARI,MIL,D-backs at Brewers,07:40 PM,2026-04-28 19:40:00+00:00
2026-04-29,ARI,MIL,D-backs at Brewers,07:40 PM,2026-04-29 19:40:00+00:00
2026-04-30,ARI,MIL,D-backs at Brewers,01:40 PM,2026-04-30 13:40:00+00:00
2026-05-04,MIL,STL,Brewers at Cardinals,07:45 PM,2026-05-04 19:45:00+00:00
2026-05-05,MIL,STL,Brewers at Cardinals,07:45 PM,2026-05-05 19:45:00+00:00
2026-05-06,MIL,STL,Brewers at Cardinals,01:15 PM,2026-05-06 13:15:00+00:00
2026-05-12,SDP,MIL,Padres at Brewers,07:40 PM,2026-05-12 19:40:00+00:00
2026-05-13,SDP,MIL,Padres at Brewers,07:40 PM,2026-05-13 19:40:00+00:00
2026-05-14,SDP,MIL,Padres at Brewers,01:40 PM,2026-05-14 13:40:00+00:00
2026-05-18,MIL,CHC,Brewers at Cubs,07:40 PM,2026-05-18 19:40:00+00:00
2026-05-19,MIL,CHC,Brewers at Cubs,07:40 PM,2026-05-19 19:40:00+00:00
2026-05-20,MIL,CHC,Brewers at Cubs,07:40 PM,2026-05-20 19:40:00+00:00
2026-05-22,LAD,MIL,Dodgers at Brewers,07:40 PM,2026-05-22 19:40:00+00:00
2026-05-23,LAD,MIL,Dodgers at Brewers,07:15 PM,2026-05-23 19:15:00+00:00
2026-05-24,LAD,MIL,Dodgers at Brewers,02:10 PM,2026-05-24 14:10:00+00:00
2026-05-25,STL,MIL,Cardinals at Brewers,02:10 PM,2026-05-25 14:10:00+00:00
2026-05-26,STL,MIL,Cardinals at Brewers,07:40 PM,2026-05-26 19:40:00+00:00
2026-05-27,STL,MIL,Cardinals at Brewers,01:40 PM,2026-05-27 13:40:00+00:00
2026-06-01,SFG,MIL,Giants at Brewers,07:40 PM,2026-06-01 19:40:00+00:00
2026-06-02,SFG,MIL,Giants at Brewers,07:40 PM,2026-06-02 19:40:00+00:00
2026-06-03,SFG,MIL,Giants at Brewers,07:40 PM,2026-06-03 19:40:00+00:00
2026-06-04,SFG,MIL,Giants at Brewers,02:10 PM,2026-06-04 14:10:00+00:00
2026-06-05,MIL,COL,Brewers at Rockies,08:40 PM,2026-06-05 20:40:00+00:00
2026-06-06,MIL,COL,Brewers at Rockies,09:10 PM,2026-06-06 21:10:00+00:00
2026-06-07,MIL,COL,Brewers at Rockies,03:10 PM,2026-06-07 15:10:00+00:00
2026-06-22,MIL,CIN,Brewers at Reds,07:10 PM,2026-06-22 19:10:00+00:00
2026-06-23,MIL,CIN,Brewers at Reds,07:10 PM,2026-06-23 19:10:00+00:00
2026-06-24,MIL,CIN,Brewers at Reds,07:10 PM,2026-06-24 19:10:00+00:00
2026-06-26,CHC,MIL,Cubs at Brewers,07:40 PM,2026-06-26 19:40:00+00:00
2026-06-27,CHC,MIL,Cubs at Brewers,07:10 PM,2026-06-27 19:10:00+00:00
2026-06-28,CHC,MIL,Cubs at Brewers,02:10 PM,2026-06-28 14:10:00+00:00
2026-06-29,CIN,MIL,Reds at Brewers,07:40 PM,2026-06-29 19:40:00+00:00
2026-06-30,CIN,MIL,Reds at Brewers,07:40 PM,2026-06-30 19:40:00+00:00
2026-07-01,CIN,MIL,Reds at Brewers,08:10 PM,2026-07-01 20:10:00+00:00
2026-07-02,CIN,MIL,Reds at Brewers,02:10 PM,2026-07-02 14:10:00+00:00
2026-07-03,MIL,ARI,Brewers at D-backs,09:40 PM,2026-07-03 21:40:00+00:00
2026-07-04,MIL,ARI,Brewers at D-backs,09:40 PM,2026-07-04 21:40:00+00:00
2026-07-05,MIL,ARI,Brewers at D-backs,04:10 PM,2026-07-05 16:10:00+00:00
2026-07-06,MIL,STL,Brewers at Cardinals,07:45 PM,2026-07-06 19:45:00+00:00
2026-07-07,MIL,STL,Brewers at Cardinals,07:45 PM,2026-07-07 19:45:00+00:00
2026-07-08,MIL,STL,Brewers at Cardinals,07:45 PM,2026-07-08 19:45:00+00:00
2026-07-09,MIL,STL,Brewers at Cardinals,07:45 PM,2026-07-09 19:45:00+00:00
2026-07-10,MIL,PIT,Brewers at Pirates,06:40 PM,2026-07-10 18:40:00+00:00
2026-07-11,MIL,PIT,Brewers at Pirates,04:05 PM,2026-07-11 16:05:00+00:00
2026-07-12,MIL,PIT,Brewers at Pirates,12:15 PM,2026-07-12 12:15:00+00:00
2026-07-24,COL,MIL,Rockies at Brewers,04:10 PM,2026-07-24 16:10:00+00:00
2026-07-25,COL,MIL,Rockies at Brewers,07:10 PM,2026-07-25 19:10:00+00:00
2026-07-26,COL,MIL,Rockies at Brewers,02:10 PM,2026-07-26 14:10:00+00:00
2026-07-27,MIL,SFG,Brewers at Giants,09:45 PM,2026-07-27 21:45:00+00:00
2026-07-28,MIL,SFG,Brewers at Giants,09:45 PM,2026-07-28 21:45:00+00:00
2026-07-29,MIL,SFG,Brewers at Giants,03:45 PM,2026-07-29 15:45:00+00:00
2026-08-03,PIT,MIL,Pirates at Brewers,07:40 PM,2026-08-03 19:40:00+00:00
2026-08-04,PIT,MIL,Pirates at Brewers,07:40 PM,2026-08-04 19:40:00+00:00
2026-08-05,PIT,MIL,Pirates at Brewers,07:40 PM,2026-08-05 19:40:00+00:00
2026-08-06,PIT,MIL,Pirates at Brewers,02:10 PM,2026-08-06 14:10:00+00:00
2026-08-10,MIL,SDP,Brewers at Padres,09:40 PM,2026-08-10 21:40:00+00:00
2026-08-11,MIL,SDP,Brewers at Padres,09:40 PM,2026-08-11 21:40:00+00:00
2026-08-12,MIL,SDP,Brewers at Padres,04:10 PM,2026-08-12 16:10:00+00:00
2026-08-13,MIL,LAD,Brewers at Dodgers,10:10 PM,2026-08-13 22:10:00+00:00
2026-08-14,MIL,LAD,Brewers at Dodgers,10:10 PM,2026-08-14 22:10:00+00:00
2026-08-15,MIL,LAD,Brewers at Dodgers,07:15 PM,2026-08-15 19:15:00+00:00
2026-08-16,MIL,LAD,Brewers at Dodgers,04:10 PM,2026-08-16 16:10:00+00:00
2026-08-31,MIL,CHC,Brewers at Cubs,07:40 PM,2026-08-31 19:40:00+00:00
2026-09-01,MIL,CHC,Brewers at Cubs,07:40 PM,2026-09-01 19:40:00+00:00
2026-09-02,MIL,CHC,Brewers at Cubs,07:40 PM,2026-09-02 19:40:00+00:00
2026-09-03,MIL,CHC,Brewers at Cubs,07:40 PM,2026-09-03 19:40:00+00:00
2026-09-04,MIL,CIN,Brewers at Reds,06:40 PM,2026-09-04 18:40:00+00:00
2026-09-05,MIL,CIN,Brewers at Reds,06:40 PM,2026-09-05 18:40:00+00:00
2026-09-06,MIL,CIN,Brewers at Reds,12:10 PM,2026-09-06 12:10:00+00:00
2026-09-07,CHC,MIL,Cubs at Brewers,02:10 PM,2026-09-07 14:10:00+00:00
2026-09-08,CHC,MIL,Cubs at Brewers,07:40 PM,2026-09-08 19:40:00+00:00
2026-09-09,CHC,MIL,Cubs at Brewers,07:40 PM,2026-09-09 19:40:00+00:00
2026-09-11,CIN,MIL,Reds at Brewers,07:40 PM,2026-09-11 19:40:00+00:00
2026-09-12,CIN,MIL,Reds at Brewers,07:10 PM,2026-09-12 19:10:00+00:00
2026-09-13,CIN,MIL,Reds at Brewers,02:10 PM,2026-09-13 14:10:00+00:00
2026-09-15,MIL,PIT,Brewers at Pirates,06:40 PM,2026-09-15 18:40:00+00:00
2026-09-16,MIL,PIT,Brewers at Pirates,06:40 PM,2026-09-16 18:40:00+00:00
2026-09-17,MIL,PIT,Brewers at Pirates,12:35 PM,2026-09-17 12:35:00+00:00
2026-09-25,STL,MIL,Cardinals at Brewers,07:40 PM,2026-09-25 19:40:00+00:00
2026-09-26,STL,MIL,Cardinals at Brewers,07:10 PM,2026-09-26 19:10:00+00:00
2026-09-27,STL,MIL,Cardinals at Brewers,03:10 PM,2026-09-27 15:10:00+00:00
2026-04-27,STL,PIT,Cardinals at Pirates,06:40 PM,2026-04-27 18:40:00+00:00
2026-04-28,STL,PIT,Cardinals at Pirates,06:40 PM,2026-04-28 18:40:00+00:00
2026-04-29,STL,PIT,Cardinals at Pirates,06:40 PM,2026-04-29 18:40:00+00:00
2026-04-30,STL,PIT,Cardinals at Pirates,12:35 PM,2026-04-30 12:35:00+00:00
2026-05-01,LAD,STL,Dodgers at Cardinals,08:15 PM,2026-05-01 20:15:00+00:00
2026-05-02,LAD,STL,Dodgers at Cardinals,07:15 PM,2026-05-02 19:15:00+00:00
2026-05-03,LAD,STL,Dodgers at Cardinals,02:15 PM,2026-05-03 14:15:00+00:00
2026-05-07,STL,SDP,Cardinals at Padres,10:10 PM,2026-05-07 22:10:00+00:00
2026-05-08,STL,SDP,Cardinals at Padres,09:40 PM,2026-05-08 21:40:00+00:00
2026-05-09,STL,SDP,Cardinals at Padres,07:15 PM,2026-05-09 19:15:00+00:00
2026-05-10,STL,SDP,Cardinals at Padres,04:10 PM,2026-05-10 16:10:00+00:00
2026-05-19,PIT,STL,Pirates at Cardinals,07:45 PM,2026-05-19 19:45:00+00:00
2026-05-20,PIT,STL,Pirates at Cardinals,07:45 PM,2026-05-20 19:45:00+00:00
2026-05-21,PIT,STL,Pirates at Cardinals,01:15 PM,2026-05-21 13:15:00+00:00
2026-05-22,STL,CIN,Cardinals at Reds,06:40 PM,2026-05-22 18:40:00+00:00
2026-05-23,STL,CIN,Cardinals at Reds,07:15 PM,2026-05-23 19:15:00+00:00
2026-05-24,STL,CIN,Cardinals at Reds,01:40 PM,2026-05-24 13:40:00+00:00
2026-05-29,CHC,STL,Cubs at Cardinals,08:15 PM,2026-05-29 20:15:00+00:00
2026-05-30,CHC,STL,Cubs at Cardinals,07:15 PM,2026-05-30 19:15:00+00:00
2026-05-31,CHC,STL,Cubs at Cardinals,07:20 PM,2026-05-31 19:20:00+00:00
2026-06-05,CIN,STL,Reds at Cardinals,08:15 PM,2026-06-05 20:15:00+00:00
2026-06-06,CIN,STL,Reds at Cardinals,02:15 PM,2026-06-06 14:15:00+00:00
2026-06-07,CIN,STL,Reds at Cardinals,02:15 PM,2026-06-07 14:15:00+00:00
2026-06-15,SDP,STL,Padres at Cardinals,07:45 PM,2026-06-15 19:45:00+00:00
2026-06-16,SDP,STL,Padres at Cardinals,07:45 PM,2026-06-16 19:45:00+00:00
2026-06-17,SDP,STL,Padres at Cardinals,02:15 PM,2026-06-17 14:15:00+00:00
2026-06-22,ARI,STL,D-backs at Cardinals,07:45 PM,2026-06-22 19:45:00+00:00
2026-06-23,ARI,STL,D-backs at Cardinals,07:45 PM,2026-06-23 19:45:00+00:00
2026-06-24,ARI,STL,D-backs at Cardinals,07:45 PM,2026-06-24 19:45:00+00:00
2026-06-25,ARI,STL,D-backs at Cardinals,07:45 PM,2026-06-25 19:45:00+00:00
2026-07-03,STL,CHC,Cardinals at Cubs,04:05 PM,2026-07-03 16:05:00+00:00
2026-07-04,STL,CHC,Cardinals at Cubs,08:08 PM,2026-07-04 20:08:00+00:00
2026-07-05,STL,CHC,Cardinals at Cubs,02:30 PM,2026-07-05 14:30:00+00:00
2026-07-17,STL,ARI,Cardinals at D-backs,09:40 PM,2026-07-17 21:40:00+00:00
2026-07-18,STL,ARI,Cardinals at D-backs,04:10 PM,2026-07-18 16:10:00+00:00
2026-07-19,STL,ARI,Cardinals at D-backs,04:10 PM,2026-07-19 16:10:00+00:00
2026-07-24,CIN,STL,Reds at Cardinals,08:15 PM,2026-07-24 20:15:00+00:00
2026-07-25,CIN,STL,Reds at Cardinals,07:15 PM,2026-07-25 19:15:00+00:00
2026-07-26,CIN,STL,Reds at Cardinals,02:15 PM,2026-07-26 14:15:00+00:00
2026-07-27,CHC,STL,Cubs at Cardinals,07:45 PM,2026-07-27 19:45:00+00:00
2026-07-28,CHC,STL,Cubs at Cardinals,07:45 PM,2026-07-28 19:45:00+00:00
2026-07-29,CHC,STL,Cubs at Cardinals,07:45 PM,2026-07-29 19:45:00+00:00
2026-07-30,CHC,STL,Cubs at Cardinals,02:15 PM,2026-07-30 14:15:00+00:00
2026-08-07,COL,STL,Rockies at Cardinals,08:15 PM,2026-08-07 20:15:00+00:00
2026-08-08,COL,STL,Rockies at Cardinals,07:15 PM,2026-08-08 19:15:00+00:00
2026-08-09,COL,STL,Rockies at Cardinals,02:15 PM,2026-08-09 14:15:00+00:00
2026-08-14,STL,CHC,Cardinals at Cubs,02:20 PM,2026-08-14 14:20:00+00:00
2026-08-15,STL,CHC,Cardinals at Cubs,02:20 PM,2026-08-15 14:20:00+00:00
2026-08-16,STL,CHC,Cardinals at Cubs,03:10 PM,2026-08-16 15:10:00+00:00
2026-08-17,STL,CIN,Cardinals at Reds,06:40 PM,2026-08-17 18:40:00+00:00
2026-08-18,STL,CIN,Cardinals at Reds,06:40 PM,2026-08-18 18:40:00+00:00
2026-08-19,STL,CIN,Cardinals at Reds,06:40 PM,2026-08-19 18:40:00+00:00
2026-08-20,STL,CIN,Cardinals at Reds,12:40 PM,2026-08-20 12:40:00+00:00
2026-08-28,PIT,STL,Pirates at Cardinals,08:15 PM,2026-08-28 20:15:00+00:00
2026-08-29,PIT,STL,Pirates at Cardinals,02:15 PM,2026-08-29 14:15:00+00:00
2026-08-30,PIT,STL,Pirates at Cardinals,02:15 PM,2026-08-30 14:15:00+00:00
2026-09-01,STL,LAD,Cardinals at Dodgers,10:10 PM,2026-09-01 22:10:00+00:00
2026-09-02,STL,LAD,Cardinals at Dodgers,10:10 PM,2026-09-02 22:10:00+00:00
2026-09-03,STL,LAD,Cardinals at Dodgers,10:10 PM,2026-09-03 22:10:00+00:00
2026-09-04,STL,COL,Cardinals at Rockies,08:40 PM,2026-09-04 20:40:00+00:00
2026-09-05,STL,COL,Cardinals at Rockies,08:10 PM,2026-09-05 20:10:00+00:00
2026-09-06,STL,COL,Cardinals at Rockies,03:10 PM,2026-09-06 15:10:00+00:00
2026-09-07,STL,SFG,Cardinals at Giants,08:10 PM,2026-09-07 20:10:00+00:00
2026-09-08,STL,SFG,Cardinals at Giants,09:45 PM,2026-09-08 21:45:00+00:00
2026-09-09,STL,SFG,Cardinals at Giants,03:45 PM,2026-09-09 15:45:00+00:00
2026-09-14,SFG,STL,Giants at Cardinals,07:45 PM,2026-09-14 19:45:00+00:00
2026-09-15,SFG,STL,Giants at Cardinals,07:45 PM,2026-09-15 19:45:00+00:00
2026-09-16,SFG,STL,Giants at Cardinals,01:15 PM,2026-09-16 13:15:00+00:00
2026-09-22,STL,PIT,Cardinals at Pirates,06:40 PM,2026-09-22 18:40:00+00:00
2026-09-23,STL,PIT,Cardinals at Pirates,06:40 PM,2026-09-23 18:40:00+00:00
2026-09-24,STL,PIT,Cardinals at Pirates,12:35 PM,2026-09-24 12:35:00+00:00
2026-04-10,PIT,CHC,Pirates at Cubs,02:20 PM,2026-04-10 14:20:00+00:00
2026-04-11,PIT,CHC,Pirates at Cubs,02:20 PM,2026-04-11 14:20:00+00:00
2026-04-12,PIT,CHC,Pirates at Cubs,02:20 PM,2026-04-12 14:20:00+00:00
2026-04-24,CHC,LAD,Cubs at Dodgers,10:10 PM,2026-04-24 22:10:00+00:00
2026-04-25,CHC,LAD,Cubs at Dodgers,07:15 PM,2026-04-25 19:15:00+00:00
2026-04-26,CHC,LAD,Cubs at Dodgers,04:10 PM,2026-04-26 16:10:00+00:00
2026-04-27,CHC,SDP,Cubs at Padres,09:40 PM,2026-04-27 21:40:00+00:00
2026-04-28,CHC,SDP,Cubs at Padres,09:40 PM,2026-04-28 21:40:00+00:00
2026-04-29,CHC,SDP,Cubs at Padres,04:10 PM,2026-04-29 16:10:00+00:00
2026-05-01,ARI,CHC,D-backs at Cubs,02:20 PM,2026-05-01 14:20:00+00:00
2026-05-02,ARI,CHC,D-backs at Cubs,02:20 PM,2026-05-02 14:20:00+00:00
2026-05-03,ARI,CHC,D-backs at Cubs,02:20 PM,2026-05-03 14:20:00+00:00
2026-05-04,CIN,CHC,Reds at Cubs,07:40 PM,2026-05-04 19:40:00+00:00
2026-05-05,CIN,CHC,Reds at Cubs,07:40 PM,2026-05-05 19:40:00+00:00
2026-05-06,CIN,CHC,Reds at Cubs,07:40 PM,2026-05-06 19:40:00+00:00
2026-05-07,CIN,CHC,Reds at Cubs,02:20 PM,2026-05-07 14:20:00+00:00
2026-05-25,CHC,PIT,Cubs at Pirates,06:40 PM,2026-05-25 18:40:00+00:00
2026-05-26,CHC,PIT,Cubs at Pirates,06:40 PM,2026-05-26 18:40:00+00:00
2026-05-27,CHC,PIT,Cubs at Pirates,06:40 PM,2026-05-27 18:40:00+00:00
2026-05-28,CHC,PIT,Cubs at Pirates,06:40 PM,2026-05-28 18:40:00+00:00
2026-06-05,SFG,CHC,Giants at Cubs,02:20 PM,2026-06-05 14:20:00+00:00
2026-06-06,SFG,CHC,Giants at Cubs,02:20 PM,2026-06-06 14:20:00+00:00
2026-06-07,SFG,CHC,Giants at Cubs,08:20 PM,2026-06-07 20:20:00+00:00
2026-06-09,CHC,COL,Cubs at Rockies,08:40 PM,2026-06-09 20:40:00+00:00
2026-06-10,CHC,COL,Cubs at Rockies,08:40 PM,2026-06-10 20:40:00+00:00
2026-06-11,CHC,COL,Cubs at Rockies,03:10 PM,2026-06-11 15:10:00+00:00
2026-06-12,CHC,SFG,Cubs at Giants,10:15 PM,2026-06-12 22:15:00+00:00
2026-06-13,CHC,SFG,Cubs at Giants,10:05 PM,2026-06-13 22:05:00+00:00
2026-06-14,CHC,SFG,Cubs at Giants,03:10 PM,2026-06-14 15:10:00+00:00
2026-06-15,COL,CHC,Rockies at Cubs,08:05 PM,2026-06-15 20:05:00+00:00
2026-06-16,COL,CHC,Rockies at Cubs,08:05 PM,2026-06-16 20:05:00+00:00
2026-06-17,COL,CHC,Rockies at Cubs,08:05 PM,2026-06-17 20:05:00+00:00
2026-06-29,SDP,CHC,Padres at Cubs,08:05 PM,2026-06-29 20:05:00+00:00
2026-06-30,SDP,CHC,Padres at Cubs,08:05 PM,2026-06-30 20:05:00+00:00
2026-07-01,SDP,CHC,Padres at Cubs,02:20 PM,2026-07-01 14:20:00+00:00
2026-07-10,CHC,CIN,Cubs at Reds,07:10 PM,2026-07-10 19:10:00+00:00
2026-07-11,CHC,CIN,Cubs at Reds,07:10 PM,2026-07-11 19:10:00+00:00
2026-07-12,CHC,CIN,Cubs at Reds,01:40 PM,2026-07-12 13:40:00+00:00
2026-07-24,CHC,PIT,Cubs at Pirates,06:40 PM,2026-07-24 18:40:00+00:00
2026-07-25,CHC,PIT,Cubs at Pirates,06:40 PM,2026-07-25 18:40:00+00:00
2026-07-26,CHC,PIT,Cubs at Pirates,01:35 PM,2026-07-26 13:35:00+00:00
2026-08-03,LAD,CHC,Dodgers at Cubs,08:05 PM,2026-08-03 20:05:00+00:00
2026-08-04,LAD,CHC,Dodgers at Cubs,08:05 PM,2026-08-04 20:05:00+00:00
2026-08-05,LAD,CHC,Dodgers at Cubs,02:20 PM,2026-08-05 14:20:00+00:00
2026-08-24,CHC,ARI,Cubs at D-backs,09:40 PM,2026-08-24 21:40:00+00:00
2026-08-25,CHC,ARI,Cubs at D-backs,09:40 PM,2026-08-25 21:40:00+00:00
2026-08-26,CHC,ARI,Cubs at D-backs,03:40 PM,2026-08-26 15:40:00+00:00
2026-08-28,CIN,CHC,Reds at Cubs,02:20 PM,2026-08-28 14:20:00+00:00
2026-08-29,CIN,CHC,Reds at Cubs,02:20 PM,2026-08-29 14:20:00+00:00
2026-08-30,CIN,CHC,Reds at Cubs,03:10 PM,2026-08-30 15:10:00+00:00
2026-09-11,PIT,CHC,Pirates at Cubs,02:20 PM,2026-09-11 14:20:00+00:00
2026-09-12,PIT,CHC,Pirates at Cubs,02:20 PM,2026-09-12 14:20:00+00:00
2026-09-13,PIT,CHC,Pirates at Cubs,02:20 PM,2026-09-13 14:20:00+00:00
2026-09-18,CHC,CIN,Cubs at Reds,06:40 PM,2026-09-18 18:40:00+00:00
2026-09-19,CHC,CIN,Cubs at Reds,06:40 PM,2026-09-19 18:40:00+00:00
2026-09-20,CHC,CIN,Cubs at Reds,01:40 PM,2026-09-20 13:40:00+00:00
2026-03-30,PIT,CIN,Pirates at Reds,06:40 PM,2026-03-30 18:40:00+00:00
2026-03-31,PIT,CIN,Pirates at Reds,06:40 PM,2026-03-31 18:40:00+00:00
2026-04-01,PIT,CIN,Pirates at Reds,12:40 PM,2026-04-01 12:40:00+00:00
2026-04-06,SDP,PIT,Padres at Pirates,06:40 PM,2026-04-06 18:40:00+00:00
2026-04-07,SDP,PIT,Padres at Pirates,06:40 PM,2026-04-07 18:40:00+00:00
2026-04-08,SDP,PIT,Padres at Pirates,12:35 PM,2026-04-08 12:35:00+00:00
2026-05-01,CIN,PIT,Reds at Pirates,06:40 PM,2026-05-01 18:40:00+00:00
2026-05-02,CIN,PIT,Reds at Pirates,04:05 PM,2026-05-02 16:05:00+00:00
2026-05-03,CIN,PIT,Reds at Pirates,01:35 PM,2026-05-03 13:35:00+00:00
2026-05-05,PIT,ARI,Pirates at D-backs,09:40 PM,2026-05-05 21:40:00+00:00
2026-05-06,PIT,ARI,Pirates at D-backs,09:40 PM,2026-05-06 21:40:00+00:00
2026-05-07,PIT,ARI,Pirates at D-backs,03:40 PM,2026-05-07 15:40:00+00:00
2026-05-08,PIT,SFG,Pirates at Giants,10:15 PM,2026-05-08 22:15:00+00:00
2026-05-09,PIT,SFG,Pirates at Giants,09:05 PM,2026-05-09 21:05:00+00:00
2026-05-10,PIT,SFG,Pirates at Giants,04:05 PM,2026-05-10 16:05:00+00:00
2026-05-12,COL,PIT,Rockies at Pirates,06:40 PM,2026-05-12 18:40:00+00:00
2026-05-13,COL,PIT,Rockies at Pirates,06:40 PM,2026-05-13 18:40:00+00:00
2026-05-14,COL,PIT,Rockies at Pirates,12:35 PM,2026-05-14 12:35:00+00:00
2026-06-09,LAD,PIT,Dodgers at Pirates,06:40 PM,2026-06-09 18:40:00+00:00
2026-06-10,LAD,PIT,Dodgers at Pirates,06:40 PM,2026-06-10 18:40:00+00:00
2026-06-11,LAD,PIT,Dodgers at Pirates,06:40 PM,2026-06-11 18:40:00+00:00
2026-06-19,PIT,COL,Pirates at Rockies,08:40 PM,2026-06-19 20:40:00+00:00
2026-06-20,PIT,COL,Pirates at Rockies,09:10 PM,2026-06-20 21:10:00+00:00
2026-06-21,PIT,COL,Pirates at Rockies,03:10 PM,2026-06-21 15:10:00+00:00
2026-06-26,CIN,PIT,Reds at Pirates,06:40 PM,2026-06-26 18:40:00+00:00
2026-06-27,CIN,PIT,Reds at Pirates,04:05 PM,2026-06-27 16:05:00+00:00
2026-06-28,CIN,PIT,Reds at Pirates,01:35 PM,2026-06-28 13:35:00+00:00
2026-07-27,ARI,PIT,D-backs at Pirates,06:40 PM,2026-07-27 18:40:00+00:00
2026-07-28,ARI,PIT,D-backs at Pirates,06:40 PM,2026-07-28 18:40:00+00:00
2026-07-29,ARI,PIT,D-backs at Pirates,12:35 PM,2026-07-29 12:35:00+00:00
2026-07-30,PIT,CIN,Pirates at Reds,07:10 PM,2026-07-30 19:10:00+00:00
2026-07-31,PIT,CIN,Pirates at Reds,06:10 PM,2026-07-31 18:10:00+00:00
2026-08-01,PIT,CIN,Pirates at Reds,06:40 PM,2026-08-01 18:40:00+00:00
2026-08-02,PIT,CIN,Pirates at Reds,01:40 PM,2026-08-02 13:40:00+00:00
2026-08-21,PIT,LAD,Pirates at Dodgers,10:10 PM,2026-08-21 22:10:00+00:00
2026-08-22,PIT,LAD,Pirates at Dodgers,09:10 PM,2026-08-22 21:10:00+00:00
2026-08-23,PIT,LAD,Pirates at Dodgers,04:10 PM,2026-08-23 16:10:00+00:00
2026-08-24,PIT,SDP,Pirates at Padres,09:40 PM,2026-08-24 21:40:00+00:00
2026-08-25,PIT,SDP,Pirates at Padres,09:40 PM,2026-08-25 21:40:00+00:00
2026-08-26,PIT,SDP,Pirates at Padres,04:10 PM,2026-08-26 16:10:00+00:00
2026-09-01,SFG,PIT,Giants at Pirates,06:40 PM,2026-09-01 18:40:00+00:00
2026-09-02,SFG,PIT,Giants at Pirates,06:40 PM,2026-09-02 18:40:00+00:00
2026-09-03,SFG,PIT,Giants at Pirates,12:35 PM,2026-09-03 12:35:00+00:00
2026-04-14,SFG,CIN,Giants at Reds,06:40 PM,2026-04-14 18:40:00+00:00
2026-04-15,SFG,CIN,Giants at Reds,06:40 PM,2026-04-15 18:40:00+00:00
2026-04-16,SFG,CIN,Giants at Reds,12:40 PM,2026-04-16 12:40:00+00:00
2026-04-28,COL,CIN,Rockies at Reds,06:40 PM,2026-04-28 18:40:00+00:00
2026-04-29,COL,CIN,Rockies at Reds,06:40 PM,2026-04-29 18:40:00+00:00
2026-04-30,COL,CIN,Rockies at Reds,12:40 PM,2026-04-30 12:40:00+00:00
2026-06-08,CIN,SDP,Reds at Padres,09:40 PM,2026-06-08 21:40:00+00:00
2026-06-09,CIN,SDP,Reds at Padres,09:40 PM,2026-06-09 21:40:00+00:00
2026-06-10,CIN,SDP,Reds at Padres,04:10 PM,2026-06-10 16:10:00+00:00
2026-06-12,ARI,CIN,D-backs at Reds,07:10 PM,2026-06-12 19:10:00+00:00
2026-06-13,ARI,CIN,D-backs at Reds,04:10 PM,2026-06-13 16:10:00+00:00
2026-06-14,ARI,CIN,D-backs at Reds,01:40 PM,2026-06-14 13:40:00+00:00
2026-07-17,CIN,COL,Reds at Rockies,08:40 PM,2026-07-17 20:40:00+00:00
2026-07-18,CIN,COL,Reds at Rockies,03:10 PM,2026-07-18 15:10:00+00:00
2026-07-19,CIN,COL,Reds at Rockies,03:10 PM,2026-07-19 15:10:00+00:00
2026-08-21,CIN,ARI,Reds at D-backs,09:40 PM,2026-08-21 21:40:00+00:00
2026-08-22,CIN,ARI,Reds at D-backs,08:10 PM,2026-08-22 20:10:00+00:00
2026-08-23,CIN,ARI,Reds at D-backs,04:15 PM,2026-08-23 16:15:00+00:00
2026-08-24,CIN,SFG,Reds at Giants,09:45 PM,2026-08-24 21:45:00+00:00
2026-08-25,CIN,SFG,Reds at Giants,09:45 PM,2026-08-25 21:45:00+00:00
2026-08-26,CIN,SFG,Reds at Giants,03:45 PM,2026-08-26 15:45:00+00:00
2026-08-31,SDP,CIN,Padres at Reds,06:40 PM,2026-08-31 18:40:00+00:00
2026-09-01,SDP,CIN,Padres at Reds,06:40 PM,2026-09-01 18:40:00+00:00
2026-09-02,SDP,CIN,Padres at Reds,12:40 PM,2026-09-02 12:40:00+00:00
2026-09-07,CIN,LAD,Reds at Dodgers,09:10 PM,2026-09-07 21:10:00+00:00
2026-09-08,CIN,LAD,Reds at Dodgers,10:10 PM,2026-09-08 22:10:00+00:00
2026-09-09,CIN,LAD,Reds at Dodgers,10:10 PM,2026-09-09 22:10:00+00:00
2026-09-14,LAD,CIN,Dodgers at Reds,06:40 PM,2026-09-14 18:40:00+00:00
2026-09-15,LAD,CIN,Dodgers at Reds,06:40 PM,2026-09-15 18:40:00+00:00
2026-09-16,LAD,CIN,Dodgers at Reds,06:40 PM,2026-09-16 18:40:00+00:00
2026-09-17,LAD,CIN,Dodgers at Reds,12:40 PM,2026-09-17 12:40:00+00:00
2026-03-26,ARI,LAD,D-backs at Dodgers,08:30 PM,2026-03-26 20:30:00+00:00
2026-03-27,ARI,LAD,D-backs at Dodgers,10:10 PM,2026-03-27 22:10:00+00:00
2026-03-28,ARI,LAD,D-backs at Dodgers,09:10 PM,2026-03-28 21:10:00+00:00
2026-04-25,SDP,ARI,Padres at D-backs,06:05 PM,2026-04-25 18:05:00+00:00
2026-04-26,SDP,ARI,Padres at D-backs,04:05 PM,2026-04-26 16:05:00+00:00
2026-05-15,ARI,COL,D-backs at Rockies,08:40 PM,2026-05-15 20:40:00+00:00
2026-05-16,ARI,COL,D-backs at Rockies,03:10 PM,2026-05-16 15:10:00+00:00
2026-05-17,ARI,COL,D-backs at Rockies,03:10 PM,2026-05-17 15:10:00+00:00
2026-05-18,SFG,ARI,Giants at D-backs,09:40 PM,2026-05-18 21:40:00+00:00
2026-05-19,SFG,ARI,Giants at D-backs,09:40 PM,2026-05-19 21:40:00+00:00
2026-05-20,SFG,ARI,Giants at D-backs,03:40 PM,2026-05-20 15:40:00+00:00
2026-05-21,COL,ARI,Rockies at D-backs,09:40 PM,2026-05-21 21:40:00+00:00
2026-05-22,COL,ARI,Rockies at D-backs,09:40 PM,2026-05-22 21:40:00+00:00
2026-05-23,COL,ARI,Rockies at D-backs,10:10 PM,2026-05-23 22:10:00+00:00
2026-05-24,COL,ARI,Rockies at D-backs,04:10 PM,2026-05-24 16:10:00+00:00
2026-05-25,ARI,SFG,D-backs at Giants,05:05 PM,2026-05-25 17:05:00+00:00
2026-05-26,ARI,SFG,D-backs at Giants,09:45 PM,2026-05-26 21:45:00+00:00
2026-05-27,ARI,SFG,D-backs at Giants,03:45 PM,2026-05-27 15:45:00+00:00
2026-06-01,LAD,ARI,Dodgers at D-backs,09:40 PM,2026-06-01 21:40:00+00:00
2026-06-02,LAD,ARI,Dodgers at D-backs,09:40 PM,2026-06-02 21:40:00+00:00
2026-06-03,LAD,ARI,Dodgers at D-backs,09:40 PM,2026-06-03 21:40:00+00:00
2026-06-04,LAD,ARI,Dodgers at D-backs,09:40 PM,2026-06-04 21:40:00+00:00
2026-06-29,SFG,ARI,Giants at D-backs,09:40 PM,2026-06-29 21:40:00+00:00
2026-06-30,SFG,ARI,Giants at D-backs,09:40 PM,2026-06-30 21:40:00+00:00
2026-07-01,SFG,ARI,Giants at D-backs,09:40 PM,2026-07-01 21:40:00+00:00
2026-07-06,ARI,SDP,D-backs at Padres,09:40 PM,2026-07-06 21:40:00+00:00
2026-07-07,ARI,SDP,D-backs at Padres,09:40 PM,2026-07-07 21:40:00+00:00
2026-07-08,ARI,SDP,D-backs at Padres,10:10 PM,2026-07-08 22:10:00+00:00
2026-07-09,ARI,SDP,D-backs at Padres,09:40 PM,2026-07-09 21:40:00+00:00
2026-07-10,ARI,LAD,D-backs at Dodgers,10:10 PM,2026-07-10 22:10:00+00:00
2026-07-11,ARI,LAD,D-backs at Dodgers,09:10 PM,2026-07-11 21:10:00+00:00
2026-07-12,ARI,LAD,D-backs at Dodgers,04:10 PM,2026-07-12 16:10:00+00:00
2026-08-03,SDP,ARI,Padres at D-backs,09:40 PM,2026-08-03 21:40:00+00:00
2026-08-04,SDP,ARI,Padres at D-backs,09:40 PM,2026-08-04 21:40:00+00:00
2026-08-05,SDP,ARI,Padres at D-backs,09:40 PM,2026-08-05 21:40:00+00:00
2026-08-06,SDP,ARI,Padres at D-backs,09:40 PM,2026-08-06 21:40:00+00:00
2026-08-07,LAD,ARI,Dodgers at D-backs,09:40 PM,2026-08-07 21:40:00+00:00
2026-08-08,LAD,ARI,Dodgers at D-backs,08:10 PM,2026-08-08 20:10:00+00:00
2026-08-09,LAD,ARI,Dodgers at D-backs,04:10 PM,2026-08-09 16:10:00+00:00
2026-08-10,COL,ARI,Rockies at D-backs,09:40 PM,2026-08-10 21:40:00+00:00
2026-08-11,COL,ARI,Rockies at D-backs,09:40 PM,2026-08-11 21:40:00+00:00
2026-08-12,COL,ARI,Rockies at D-backs,03:40 PM,2026-08-12 15:40:00+00:00
2026-08-27,ARI,SFG,D-backs at Giants,09:45 PM,2026-08-27 21:45:00+00:00
2026-08-28,ARI,SFG,D-backs at Giants,10:15 PM,2026-08-28 22:15:00+00:00
2026-08-29,ARI,SFG,D-backs at Giants,10:05 PM,2026-08-29 22:05:00+00:00
2026-08-30,ARI,SFG,D-backs at Giants,04:05 PM,2026-08-30 16:05:00+00:00
2026-09-22,ARI,COL,D-backs at Rockies,08:40 PM,2026-09-22 20:40:00+00:00
2026-09-23,ARI,COL,D-backs at Rockies,08:40 PM,2026-09-23 20:40:00+00:00
2026-09-24,ARI,COL,D-backs at Rockies,03:10 PM,2026-09-24 15:10:00+00:00
2026-09-25,ARI,SDP,D-backs at Padres,09:40 PM,2026-09-25 21:40:00+00:00
2026-09-26,ARI,SDP,D-backs at Padres,08:40 PM,2026-09-26 20:40:00+00:00
2026-09-27,ARI,SDP,D-backs at Padres,03:10 PM,2026-09-27 15:10:00+00:00
2026-04-17,LAD,COL,Dodgers at Rockies,08:40 PM,2026-04-17 20:40:00+00:00
2026-04-18,LAD,COL,Dodgers at Rockies,08:10 PM,2026-04-18 20:10:00+00:00
2026-04-19,LAD,COL,Dodgers at Rockies,03:10 PM,2026-04-19 15:10:00+00:00
2026-04-20,LAD,COL,Dodgers at Rockies,08:40 PM,2026-04-20 20:40:00+00:00
2026-04-21,LAD,SFG,Dodgers at Giants,09:45 PM,2026-04-21 21:45:00+00:00
2026-04-22,LAD,SFG,Dodgers at Giants,09:45 PM,2026-04-22 21:45:00+00:00
2026-04-23,LAD,SFG,Dodgers at Giants,03:45 PM,2026-04-23 15:45:00+00:00
2026-05-11,SFG,LAD,Giants at Dodgers,10:10 PM,2026-05-11 22:10:00+00:00
2026-05-12,SFG,LAD,Giants at Dodgers,10:10 PM,2026-05-12 22:10:00+00:00
2026-05-13,SFG,LAD,Giants at Dodgers,10:10 PM,2026-05-13 22:10:00+00:00
2026-05-14,SFG,LAD,Giants at Dodgers,10:10 PM,2026-05-14 22:10:00+00:00
2026-05-18,LAD,SDP,Dodgers at Padres,09:40 PM,2026-05-18 21:40:00+00:00
2026-05-19,LAD,SDP,Dodgers at Padres,09:40 PM,2026-05-19 21:40:00+00:00
2026-05-20,LAD,SDP,Dodgers at Padres,08:40 PM,2026-05-20 20:40:00+00:00
2026-05-25,COL,LAD,Rockies at Dodgers,09:10 PM,2026-05-25 21:10:00+00:00
2026-05-26,COL,LAD,Rockies at Dodgers,10:10 PM,2026-05-26 22:10:00+00:00
2026-05-27,COL,LAD,Rockies at Dodgers,10:10 PM,2026-05-27 22:10:00+00:00
2026-06-26,LAD,SDP,Dodgers at Padres,09:40 PM,2026-06-26 21:40:00+00:00
2026-06-27,LAD,SDP,Dodgers at Padres,08:40 PM,2026-06-27 20:40:00+00:00
2026-06-28,LAD,SDP,Dodgers at Padres,04:10 PM,2026-06-28 16:10:00+00:00
2026-07-02,SDP,LAD,Padres at Dodgers,10:10 PM,2026-07-02 22:10:00+00:00
2026-07-03,SDP,LAD,Padres at Dodgers,10:10 PM,2026-07-03 22:10:00+00:00
2026-07-04,SDP,LAD,Padres at Dodgers,10:10 PM,2026-07-04 22:10:00+00:00
2026-07-05,SDP,LAD,Padres at Dodgers,07:20 PM,2026-07-05 19:20:00+00:00
2026-07-06,COL,LAD,Rockies at Dodgers,10:10 PM,2026-07-06 22:10:00+00:00
2026-07-07,COL,LAD,Rockies at Dodgers,10:10 PM,2026-07-07 22:10:00+00:00
2026-07-08,COL,LAD,Rockies at Dodgers,10:10 PM,2026-07-08 22:10:00+00:00
2026-08-17,LAD,COL,Dodgers at Rockies,08:40 PM,2026-08-17 20:40:00+00:00
2026-08-18,LAD,COL,Dodgers at Rockies,08:40 PM,2026-08-18 20:40:00+00:00
2026-08-19,LAD,COL,Dodgers at Rockies,08:40 PM,2026-08-19 20:40:00+00:00
2026-09-18,SFG,LAD,Giants at Dodgers,10:10 PM,2026-09-18 22:10:00+00:00
2026-09-19,SFG,LAD,Giants at Dodgers,09:10 PM,2026-09-19 21:10:00+00:00
2026-09-20,SFG,LAD,Giants at Dodgers,04:10 PM,2026-09-20 16:10:00+00:00
2026-09-22,SDP,LAD,Padres at Dodgers,10:10 PM,2026-09-22 22:10:00+00:00
2026-09-23,SDP,LAD,Padres at Dodgers,10:10 PM,2026-09-23 22:10:00+00:00
2026-09-24,SDP,LAD,Padres at Dodgers,10:10 PM,2026-09-24 22:10:00+00:00
2026-09-25,LAD,SFG,Dodgers at Giants,10:15 PM,2026-09-25 22:15:00+00:00
2026-09-26,LAD,SFG,Dodgers at Giants,04:05 PM,2026-09-26 16:05:00+00:00
2026-09-27,LAD,SFG,Dodgers at Giants,03:05 PM,2026-09-27 15:05:00+00:00
2026-03-30,SFG,SDP,Giants at Padres,09:40 PM,2026-03-30 21:40:00+00:00
2026-03-31,SFG,SDP,Giants at Padres,09:40 PM,2026-03-31 21:40:00+00:00
2026-04-01,SFG,SDP,Giants at Padres,04:10 PM,2026-04-01 16:10:00+00:00
2026-05-04,SDP,SFG,Padres at Giants,09:45 PM,2026-05-04 21:45:00+00:00
2026-05-05,SDP,SFG,Padres at Giants,09:45 PM,2026-05-05 21:45:00+00:00
2026-05-06,SDP,SFG,Padres at Giants,03:45 PM,2026-05-06 15:45:00+00:00
2026-05-29,SFG,COL,Giants at Rockies,08:40 PM,2026-05-29 20:40:00+00:00
2026-05-30,SFG,COL,Giants at Rockies,09:10 PM,2026-05-30 21:10:00+00:00
2026-05-31,SFG,COL,Giants at Rockies,03:10 PM,2026-05-31 15:10:00+00:00
2026-07-03,SFG,COL,Giants at Rockies,08:10 PM,2026-07-03 20:10:00+00:00
2026-07-04,SFG,COL,Giants at Rockies,08:10 PM,2026-07-04 20:10:00+00:00
2026-07-05,SFG,COL,Giants at Rockies,04:00 PM,2026-07-05 16:00:00+00:00
2026-07-09,COL,SFG,Rockies at Giants,09:45 PM,2026-07-09 21:45:00+00:00
2026-07-10,COL,SFG,Rockies at Giants,10:15 PM,2026-07-10 22:15:00+00:00
2026-07-11,COL,SFG,Rockies at Giants,04:05 PM,2026-07-11 16:05:00+00:00
2026-07-12,COL,SFG,Rockies at Giants,04:05 PM,2026-07-12 16:05:00+00:00
2026-07-30,SFG,SDP,Giants at Padres,09:40 PM,2026-07-30 21:40:00+00:00
2026-07-31,SFG,SDP,Giants at Padres,09:40 PM,2026-07-31 21:40:00+00:00
2026-08-01,SFG,SDP,Giants at Padres,08:40 PM,2026-08-01 20:40:00+00:00
2026-08-02,SFG,SDP,Giants at Padres,04:10 PM,2026-08-02 16:10:00+00:00
2026-08-14,COL,SFG,Rockies at Giants,10:15 PM,2026-08-14 22:15:00+00:00
2026-08-15,COL,SFG,Rockies at Giants,04:05 PM,2026-08-15 16:05:00+00:00
2026-08-16,COL,SFG,Rockies at Giants,04:05 PM,2026-08-16 16:05:00+00:00
2026-09-11,SDP,SFG,Padres at Giants,10:15 PM,2026-09-11 22:15:00+00:00
2026-09-12,SDP,SFG,Padres at Giants,04:05 PM,2026-09-12 16:05:00+00:00
2026-09-13,SDP,SFG,Padres at Giants,07:20 PM,2026-09-13 19:20:00+00:00
2026-04-09,COL,SDP,Rockies at Padres,09:40 PM,2026-04-09 21:40:00+00:00
2026-04-10,COL,SDP,Rockies at Padres,09:40 PM,2026-04-10 21:40:00+00:00
2026-04-11,COL,SDP,Rockies at Padres,08:40 PM,2026-04-11 20:40:00+00:00
2026-04-12,COL,SDP,Rockies at Padres,04:10 PM,2026-04-12 16:10:00+00:00
2026-04-21,SDP,COL,Padres at Rockies,08:40 PM,2026-04-21 20:40:00+00:00
2026-04-22,SDP,COL,Padres at Rockies,08:40 PM,2026-04-22 20:40:00+00:00
2026-04-23,SDP,COL,Padres at Rockies,03:10 PM,2026-04-23 15:10:00+00:00
2026-07-28,COL,SDP,Rockies at Padres,09:40 PM,2026-07-28 21:40:00+00:00
2026-07-29,COL,SDP,Rockies at Padres,04:10 PM,2026-07-29 16:10:00+00:00
2026-09-14,SDP,COL,Padres at Rockies,08:40 PM,2026-09-14 20:40:00+00:00
2026-09-15,SDP,COL,Padres at Rockies,08:40 PM,2026-09-15 20:40:00+00:00
2026-09-16,SDP,COL,Padres at Rockies,08:40 PM,2026-09-16 20:40:00+00:00
2026-09-17,SDP,COL,Padres at Rockies,03:10 PM,2026-09-17 15:10:00+00:00
